  0
SECTION
  2
HEADER
  9
$ACADVER
  1
AC1018
  9
$ACADMAINTVER
 70
     0
  9
$DWGCODEPAGE
  3
ANSI_1252
  9
$LASTSAVEDBY
  1
Franco
  9
$INSBASE
 10
0.0
 20
0.0
 30
0.0
  9
$EXTMIN
 10
265.572
 20
-9426.1711
 30
0.0
  9
$EXTMAX
 10
315.5719
 20
-9374.5227
 30
0.0
  9
$LIMMIN
 10
0.0
 20
0.0
  9
$LIMMAX
 10
12.0
 20
9.0
  9
$ORTHOMODE
 70
     0
  9
$REGENMODE
 70
     1
  9
$FILLMODE
 70
     1
  9
$QTEXTMODE
 70
     0
  9
$MIRRTEXT
 70
     1
  9
$LTSCALE
 40
1.0
  9
$ATTMODE
 70
     1
  9
$TEXTSIZE
 40
0.2
  9
$TRACEWID
 40
0.05
  9
$TEXTSTYLE
  7
Standard
  9
$CLAYER
  8
0
  9
$CELTYPE
  6
ByLayer
  9
$CECOLOR
 62
   256
  9
$CELTSCALE
 40
1.0
  9
$DISPSILH
 70
     0
  9
$DIMSCALE
 40
1.0
  9
$DIMASZ
 40
0.18
  9
$DIMEXO
 40
0.0625
  9
$DIMDLI
 40
0.38
  9
$DIMRND
 40
0.0
  9
$DIMDLE
 40
0.0
  9
$DIMEXE
 40
0.18
  9
$DIMTP
 40
0.0
  9
$DIMTM
 40
0.0
  9
$DIMTXT
 40
0.18
  9
$DIMCEN
 40
0.09
  9
$DIMTSZ
 40
0.0
  9
$DIMTOL
 70
     0
  9
$DIMLIM
 70
     0
  9
$DIMTIH
 70
     1
  9
$DIMTOH
 70
     1
  9
$DIMSE1
 70
     0
  9
$DIMSE2
 70
     0
  9
$DIMTAD
 70
     0
  9
$DIMZIN
 70
     0
  9
$DIMBLK
  1

  9
$DIMASO
 70
     1
  9
$DIMSHO
 70
     1
  9
$DIMPOST
  1

  9
$DIMAPOST
  1

  9
$DIMALT
 70
     0
  9
$DIMALTD
 70
     2
  9
$DIMALTF
 40
25.4
  9
$DIMLFAC
 40
1.0
  9
$DIMTOFL
 70
     0
  9
$DIMTVP
 40
0.0
  9
$DIMTIX
 70
     0
  9
$DIMSOXD
 70
     0
  9
$DIMSAH
 70
     0
  9
$DIMBLK1
  1

  9
$DIMBLK2
  1

  9
$DIMSTYLE
  2
Standard
  9
$DIMCLRD
 70
     0
  9
$DIMCLRE
 70
     0
  9
$DIMCLRT
 70
     0
  9
$DIMTFAC
 40
1.0
  9
$DIMGAP
 40
0.09
  9
$DIMJUST
 70
     0
  9
$DIMSD1
 70
     0
  9
$DIMSD2
 70
     0
  9
$DIMTOLJ
 70
     1
  9
$DIMTZIN
 70
     0
  9
$DIMALTZ
 70
     0
  9
$DIMALTTZ
 70
     0
  9
$DIMUPT
 70
     0
  9
$DIMDEC
 70
     4
  9
$DIMTDEC
 70
     4
  9
$DIMALTU
 70
     2
  9
$DIMALTTD
 70
     2
  9
$DIMTXSTY
  7
Standard
  9
$DIMAUNIT
 70
     0
  9
$DIMADEC
 70
     0
  9
$DIMALTRND
 40
0.0
  9
$DIMAZIN
 70
     0
  9
$DIMDSEP
 70
    46
  9
$DIMATFIT
 70
     3
  9
$DIMFRAC
 70
     0
  9
$DIMLDRBLK
  1

  9
$DIMLUNIT
 70
     2
  9
$DIMLWD
 70
    -2
  9
$DIMLWE
 70
    -2
  9
$DIMTMOVE
 70
     0
  9
$LUNITS
 70
     2
  9
$LUPREC
 70
     4
  9
$SKETCHINC
 40
0.1
  9
$FILLETRAD
 40
0.0
  9
$AUNITS
 70
     0
  9
$AUPREC
 70
     0
  9
$MENU
  1
.
  9
$ELEVATION
 40
0.0
  9
$PELEVATION
 40
0.0
  9
$THICKNESS
 40
0.0
  9
$LIMCHECK
 70
     0
  9
$CHAMFERA
 40
0.0
  9
$CHAMFERB
 40
0.0
  9
$CHAMFERC
 40
0.0
  9
$CHAMFERD
 40
0.0
  9
$SKPOLY
 70
     0
  9
$TDCREATE
 40
2461255.959466158
  9
$TDUCREATE
 40
2461256.084466158
  9
$TDUPDATE
 40
2461255.959466331
  9
$TDUUPDATE
 40
2461256.084466331
  9
$TDINDWG
 40
0.0000000116
  9
$TDUSRTIMER
 40
0.0000000116
  9
$USRTIMER
 70
     1
  9
$ANGBASE
 50
0.0
  9
$ANGDIR
 70
     0
  9
$PDMODE
 70
     0
  9
$PDSIZE
 40
0.0
  9
$PLINEWID
 40
0.0
  9
$SPLFRAME
 70
     0
  9
$SPLINETYPE
 70
     6
  9
$SPLINESEGS
 70
     8
  9
$HANDSEED
  5
F8
  9
$SURFTAB1
 70
     6
  9
$SURFTAB2
 70
     6
  9
$SURFTYPE
 70
     6
  9
$SURFU
 70
     6
  9
$SURFV
 70
     6
  9
$UCSBASE
  2

  9
$UCSNAME
  2

  9
$UCSORG
 10
0.0
 20
0.0
 30
0.0
  9
$UCSXDIR
 10
1.0
 20
0.0
 30
0.0
  9
$UCSYDIR
 10
0.0
 20
1.0
 30
0.0
  9
$UCSORTHOREF
  2

  9
$UCSORTHOVIEW
 70
     0
  9
$UCSORGTOP
 10
0.0
 20
0.0
 30
0.0
  9
$UCSORGBOTTOM
 10
0.0
 20
0.0
 30
0.0
  9
$UCSORGLEFT
 10
0.0
 20
0.0
 30
0.0
  9
$UCSORGRIGHT
 10
0.0
 20
0.0
 30
0.0
  9
$UCSORGFRONT
 10
0.0
 20
0.0
 30
0.0
  9
$UCSORGBACK
 10
0.0
 20
0.0
 30
0.0
  9
$PUCSBASE
  2

  9
$PUCSNAME
  2

  9
$PUCSORG
 10
0.0
 20
0.0
 30
0.0
  9
$PUCSXDIR
 10
1.0
 20
0.0
 30
0.0
  9
$PUCSYDIR
 10
0.0
 20
1.0
 30
0.0
  9
$PUCSORTHOREF
  2

  9
$PUCSORTHOVIEW
 70
     0
  9
$PUCSORGTOP
 10
0.0
 20
0.0
 30
0.0
  9
$PUCSORGBOTTOM
 10
0.0
 20
0.0
 30
0.0
  9
$PUCSORGLEFT
 10
0.0
 20
0.0
 30
0.0
  9
$PUCSORGRIGHT
 10
0.0
 20
0.0
 30
0.0
  9
$PUCSORGFRONT
 10
0.0
 20
0.0
 30
0.0
  9
$PUCSORGBACK
 10
0.0
 20
0.0
 30
0.0
  9
$USERI1
 70
     0
  9
$USERI2
 70
     0
  9
$USERI3
 70
     0
  9
$USERI4
 70
     0
  9
$USERI5
 70
     0
  9
$USERR1
 40
0.0
  9
$USERR2
 40
0.0
  9
$USERR3
 40
0.0
  9
$USERR4
 40
0.0
  9
$USERR5
 40
0.0
  9
$WORLDVIEW
 70
     1
  9
$SHADEDGE
 70
     3
  9
$SHADEDIF
 70
    70
  9
$TILEMODE
 70
     1
  9
$MAXACTVP
 70
    64
  9
$PINSBASE
 10
0.0
 20
0.0
 30
0.0
  9
$PLIMCHECK
 70
     0
  9
$PEXTMIN
 10
1.000000000000000E+20
 20
1.000000000000000E+20
 30
1.000000000000000E+20
  9
$PEXTMAX
 10
-1.000000000000000E+20
 20
-1.000000000000000E+20
 30
-1.000000000000000E+20
  9
$PLIMMIN
 10
0.0
 20
0.0
  9
$PLIMMAX
 10
12.0
 20
9.0
  9
$UNITMODE
 70
     0
  9
$VISRETAIN
 70
     1
  9
$PLINEGEN
 70
     0
  9
$PSLTSCALE
 70
     1
  9
$TREEDEPTH
 70
  3020
  9
$CMLSTYLE
  2
Standard
  9
$CMLJUST
 70
     0
  9
$CMLSCALE
 40
1.0
  9
$PROXYGRAPHICS
 70
     1
  9
$MEASUREMENT
 70
     0
  9
$CELWEIGHT
370
    -1
  9
$ENDCAPS
280
     0
  9
$JOINSTYLE
280
     0
  9
$LWDISPLAY
290
     0
  9
$INSUNITS
 70
     4
  9
$HYPERLINKBASE
  1

  9
$STYLESHEET
  1

  9
$XEDIT
290
     1
  9
$CEPSNTYPE
380
     0
  9
$PSTYLEMODE
290
     1
  9
$FINGERPRINTGUID
  2
{9c5bfad9-8f04-42df-8456-e9e509952383}
  9
$VERSIONGUID
  2
{FAEB1C32-E019-11D5-929B-00C0DF256EC4}
  9
$EXTNAMES
290
     1
  9
$PSVPSCALE
 40
0.0
  9
$OLESTARTUP
290
     0
  9
$SORTENTS
280
   127
  9
$INDEXCTL
280
     0
  9
$HIDETEXT
280
     1
  9
$XCLIPFRAME
290
     0
  9
$HALOGAP
280
     0
  9
$OBSCOLOR
 70
   257
  9
$OBSLTYPE
280
     0
  9
$INTERSECTIONDISPLAY
280
     0
  9
$INTERSECTIONCOLOR
 70
   257
  9
$DIMASSOC
280
     2
  9
$PROJECTNAME
  1

  0
ENDSEC
  0
SECTION
  2
CLASSES
  0
CLASS
  1
ACDBDICTIONARYWDFLT
  2
AcDbDictionaryWithDefault
  3
ObjectDBX Classes
 90
        0
 91
        3
280
     0
281
     0
  0
CLASS
  1
VISUALSTYLE
  2
AcDbVisualStyle
  3
ObjectDBX Classes
 90
     4095
 91
        3
280
     0
281
     0
  0
CLASS
  1
MATERIAL
  2
AcDbMaterial
  3
ObjectDBX Classes
 90
     1153
 91
        3
280
     0
281
     0
  0
CLASS
  1
SCALE
  2
AcDbScale
  3
ObjectDBX Classes
 90
     1153
 91
        3
280
     0
281
     0
  0
CLASS
  1
TABLESTYLE
  2
AcDbTableStyle
  3
ObjectDBX Classes
 90
     4095
 91
        3
280
     0
281
     0
  0
CLASS
  1
MLEADERSTYLE
  2
AcDbMLeaderStyle
  3
ACDB_MLEADERSTYLE_CLASS
 90
     4095
 91
        3
280
     0
281
     0
  0
CLASS
  1
SUN
  2
AcDbSun
  3
SCENEOE
 90
     1153
 91
        3
280
     0
281
     0
  0
CLASS
  1
DICTIONARYVAR
  2
AcDbDictionaryVar
  3
ObjectDBX Classes
 90
        0
 91
        3
280
     0
281
     0
  0
CLASS
  1
CELLSTYLEMAP
  2
AcDbCellStyleMap
  3
ObjectDBX Classes
 90
     1152
 91
        3
280
     0
281
     0
  0
ENDSEC
  0
SECTION
  2
TABLES
  0
TABLE
  2
VPORT
  5
8
102
{ACAD_XDICTIONARY
360
B1
102
}
330
0
100
AcDbSymbolTable
 70
     1
  0
VPORT
  5
29
330
8
100
AcDbSymbolTableRecord
100
AcDbViewportTableRecord
  2
*Active
 70
     0
 10
0.0
 20
0.0
 11
1.0
 21
1.0
 12
10.42990654205607
 22
4.5
 13
0.0
 23
0.0
 14
0.5
 24
0.5
 15
0.5
 25
0.5
 16
0.0
 26
0.0
 36
1.0
 17
0.0
 27
0.0
 37
0.0
 40
9.0
 41
1.972972972850329
 42
50.0
 43
0.0
 44
0.0
 50
0.0
 51
0.0
 71
     0
 72
   100
 73
     1
 74
     3
 75
     0
 76
     0
 77
     0
 78
     0
281
     0
 65
     1
110
0.0
120
0.0
130
0.0
111
1.0
121
0.0
131
0.0
112
0.0
122
1.0
132
0.0
 79
     0
146
0.0
  0
ENDTAB
  0
TABLE
  2
LTYPE
  5
5
330
0
100
AcDbSymbolTable
 70
     1
  0
LTYPE
  5
14
330
5
100
AcDbSymbolTableRecord
100
AcDbLinetypeTableRecord
  2
ByBlock
 70
     0
  3

 72
    65
 73
     0
 40
0.0
  0
LTYPE
  5
15
330
5
100
AcDbSymbolTableRecord
100
AcDbLinetypeTableRecord
  2
ByLayer
 70
     0
  3

 72
    65
 73
     0
 40
0.0
  0
LTYPE
  5
16
330
5
100
AcDbSymbolTableRecord
100
AcDbLinetypeTableRecord
  2
Continuous
 70
     0
  3
Solid line
 72
    65
 73
     0
 40
0.0
  0
ENDTAB
  0
TABLE
  2
LAYER
  5
2
330
0
100
AcDbSymbolTable
 70
     2
  0
LAYER
  5
10
330
2
100
AcDbSymbolTableRecord
100
AcDbLayerTableRecord
  2
0
 70
     0
 62
     7
  6
Continuous
370
    -3
390
F
  0
LAYER
  5
5F
330
2
100
AcDbSymbolTableRecord
100
AcDbLayerTableRecord
  2
Capa 1
 70
     0
 62
     7
  6
Continuous
370
    -3
390
F
  0
ENDTAB
  0
TABLE
  2
STYLE
  5
3
330
0
100
AcDbSymbolTable
 70
     1
  0
STYLE
  5
11
330
3
100
AcDbSymbolTableRecord
100
AcDbTextStyleTableRecord
  2
Standard
 70
     0
 40
0.0
 41
1.0
 50
0.0
 71
     0
 42
0.2
  3
txt
  4

  0
ENDTAB
  0
TABLE
  2
VIEW
  5
6
330
0
100
AcDbSymbolTable
 70
     0
  0
ENDTAB
  0
TABLE
  2
UCS
  5
7
330
0
100
AcDbSymbolTable
 70
     0
  0
ENDTAB
  0
TABLE
  2
APPID
  5
9
330
0
100
AcDbSymbolTable
 70
     3
  0
APPID
  5
12
330
9
100
AcDbSymbolTableRecord
100
AcDbRegAppTableRecord
  2
ACAD
 70
     0
  0
APPID
  5
5E
330
9
100
AcDbSymbolTableRecord
100
AcDbRegAppTableRecord
  2
ODA
 70
     0
  0
APPID
  5
F0
330
9
100
AcDbSymbolTableRecord
100
AcDbRegAppTableRecord
  2
ACAD_MLEADERVER
 70
     0
  0
ENDTAB
  0
TABLE
  2
DIMSTYLE
  5
A
330
0
100
AcDbSymbolTable
 70
     1
100
AcDbDimStyleTable
  0
DIMSTYLE
105
27
330
A
100
AcDbSymbolTableRecord
100
AcDbDimStyleTableRecord
  2
Standard
 70
     0
178
     0
340
11
  0
ENDTAB
  0
TABLE
  2
BLOCK_RECORD
  5
1
330
0
100
AcDbSymbolTable
 70
     1
  0
BLOCK_RECORD
  5
1F
330
1
100
AcDbSymbolTableRecord
100
AcDbBlockTableRecord
  2
*Model_Space
340
22
  0
BLOCK_RECORD
  5
1B
330
1
100
AcDbSymbolTableRecord
100
AcDbBlockTableRecord
  2
*Paper_Space
340
1E
  0
BLOCK_RECORD
  5
23
330
1
100
AcDbSymbolTableRecord
100
AcDbBlockTableRecord
  2
*Paper_Space0
340
26
  0
ENDTAB
  0
ENDSEC
  0
SECTION
  2
BLOCKS
  0
BLOCK
  5
20
330
1F
100
AcDbEntity
  8
0
100
AcDbBlockBegin
  2
*Model_Space
 70
     0
 10
0.0
 20
0.0
 30
0.0
  3
*Model_Space
  1

  0
ENDBLK
  5
21
330
1F
100
AcDbEntity
  8
0
100
AcDbBlockEnd
  0
BLOCK
  5
1C
330
1B
100
AcDbEntity
 67
     1
  8
0
100
AcDbBlockBegin
  2
*Paper_Space
 70
     0
 10
0.0
 20
0.0
 30
0.0
  3
*Paper_Space
  1

  0
ENDBLK
  5
1D
330
1B
100
AcDbEntity
 67
     1
  8
0
100
AcDbBlockEnd
  0
BLOCK
  5
24
330
23
100
AcDbEntity
  8
0
100
AcDbBlockBegin
  2
*Paper_Space0
 70
     0
 10
0.0
 20
0.0
 30
0.0
  3
*Paper_Space0
  1

  0
ENDBLK
  5
25
330
23
100
AcDbEntity
  8
0
100
AcDbBlockEnd
  0
ENDSEC
  0
SECTION
  2
ENTITIES
  0
LWPOLYLINE
  5
60
330
1F
100
AcDbEntity
  8
Capa 1
 62
    28
100
AcDbPolyline
 90
      419
 70
     1
 43
0.0
 10
299.9716
 20
-9383.497
 10
299.9771
 20
-9383.4924
 10
299.9097
 20
-9383.3467
 10
299.8096
 20
-9383.204
 10
299.6815
 20
-9383.0675
 10
299.5303
 20
-9382.9402
 10
299.3605
 20
-9382.8251
 10
299.1771
 20
-9382.7252
 10
298.9849
 20
-9382.6437
 10
298.7885
 20
-9382.5835
 10
298.5153
 20
-9382.5392
 10
298.3391
 20
-9382.5313
 10
298.2638
 20
-9382.5195
 10
298.1846
 20
-9382.4909
 10
298.0921
 20
-9382.437
 10
297.9769
 20
-9382.3491
 10
297.2946
 20
-9381.9764
 10
296.812
 20
-9381.8693
 10
296.3939
 20
-9381.8647
 10
296.0335
 20
-9381.9356
 10
295.724
 20
-9382.0546
 10
295.4588
 20
-9382.1947
 10
295.2311
 20
-9382.3285
 10
295.0342
 20
-9382.4289
 10
294.8613
 20
-9382.4687
 10
294.5322
 20
-9382.3381
 10
294.146
 20
-9382.1442
 10
293.8896
 20
-9382.072
 10
293.6671
 20
-9382.0444
 10
293.4592
 20
-9382.0291
 10
293.2469
 20
-9381.9939
 10
293.1568
 20
-9381.9535
 10
293.1228
 20
-9381.9252
 10
293.0935
 20
-9381.8926
 10
293.0665
 20
-9381.8566
 10
293.0398
 20
-9381.8181
 10
293.0111
 20
-9381.7781
 10
292.9786
 20
-9381.7374
 10
292.4648
 20
-9381.2559
 10
291.8939
 20
-9380.9173
 10
291.2874
 20
-9380.7227
 10
290.6668
 20
-9380.6737
 10
290.0538
 20
-9380.7717
 10
289.47
 20
-9381.0182
 10
288.937
 20
-9381.4147
 10
288.4762
 20
-9381.9626
 10
288.2712
 20
-9381.9727
 10
288.102
 20
-9381.9821
 10
287.827
 20
-9382.0098
 10
287.564
 20
-9382.0658
 10
287.226
 20
-9382.1708
 10
287.0812
 20
-9382.1805
 10
286.9053
 20
-9382.1375
 10
286.6928
 20
-9382.0657
 10
286.4385
 20
-9381.9892
 10
286.137
 20
-9381.932
 10
285.7828
 20
-9381.9179
 10
285.3708
 20
-9381.971
 10
284.8954
 20
-9382.1153
 10
284.6384
 20
-9382.2494
 10
284.4152
 20
-9382.3978
 10
284.3021
 20
-9382.4636
 10
284.1805
 20
-9382.5166
 10
284.0448
 20
-9382.5512
 10
283.8894
 20
-9382.5619
 10
283.6355
 20
-9382.3014
 10
283.4025
 20
-9382.1093
 10
283.1784
 20
-9381.9742
 10
282.9516
 20
-9381.8845
 10
282.7102
 20
-9381.8287
 10
282.4424
 20
-9381.7956
 10
282.1365
 20
-9381.7734
 10
281.7805
 20
-9381.7509
 10
281.6768
 20
-9381.6026
 10
281.5526
 20
-9381.4582
 10
281.4086
 20
-9381.3197
 10
281.246
 20
-9381.1892
 10
281.0654
 20
-9381.0687
 10
280.868
 20
-9380.9602
 10
280.6545
 20
-9380.8658
 10
280.4259
 20
-9380.7875
 10
280.0929
 20
-9380.7077
 10
279.8067
 20
-9380.6747
 10
279.5548
 20
-9380.6789
 10
279.325
 20
-9380.7111
 10
278.8815
 20
-9380.821
 10
278.377
 20
-9380.9287
 10
277.9781
 20
-9380.6163
 10
277.555
 20
-9380.3416
 10
277.3164
 20
-9380.228
 10
277.0501
 20
-9380.1357
 10
276.749
 20
-9380.0683
 10
276.4058
 20
-9380.0298
 10
276.0926
 20
-9380.0293
 10
275.7803
 20
-9380.0635
 10
275.4745
 20
-9380.128
 10
275.1808
 20
-9380.2186
 10
274.9046
 20
-9380.331
 10
274.6516
 20
-9380.4607
 10
274.4273
 20
-9380.6035
 10
274.2373
 20
-9380.7551
 10
273.9437
 20
-9381.0394
 10
273.7505
 20
-9381.2593
 10
273.6286
 20
-9381.4239
 10
273.549
 20
-9381.5419
 10
273.4827
 20
-9381.6223
 10
273.4005
 20
-9381.6738
 10
273.2735
 20
-9381.7053
 10
273.0727
 20
-9381.7257
 10
272.3904
 20
-9381.8471
 10
271.8729
 20
-9382.0762
 10
271.4937
 20
-9382.378
 10
271.2263
 20
-9382.7175
 10
270.9208
 20
-9383.3691
 10
270.7446
 20
-9383.7506
 10
270.5659
 20
-9383.8795
 10
270.3989
 20
-9383.9636
 10
270.237
 20
-9384.0188
 10
270.0734
 20
-9384.0611
 10
269.9014
 20
-9384.1067
 10
269.7144
 20
-9384.1714
 10
269.5055
 20
-9384.2714
 10
269.2682
 20
-9384.4226
 10
268.8674
 20
-9384.8293
 10
268.604
 20
-9385.3448
 10
268.4541
 20
-9385.9403
 10
268.3938
 20
-9386.5871
 10
268.3992
 20
-9387.2566
 10
268.4464
 20
-9387.9201
 10
268.5116
 20
-9388.549
 10
268.5707
 20
-9389.1145
 10
268.6417
 20
-9389.7307
 10
268.7348
 20
-9390.4803
 10
268.8076
 20
-9391.213
 10
268.8179
 20
-9391.7787
 10
268.4852
 20
-9391.9793
 10
268.2296
 20
-9392.1978
 10
268.0548
 20
-9392.4817
 10
267.9374
 20
-9392.7877
 10
267.8669
 20
-9393.1115
 10
267.8328
 20
-9393.4488
 10
267.8314
 20
-9394.1468
 10
267.8489
 20
-9394.8476
 10
267.86
 20
-9395.7095
 10
267.8773
 20
-9396.976
 10
267.8748
 20
-9398.1896
 10
267.8266
 20
-9398.8927
 10
267.4346
 20
-9399.0364
 10
266.9183
 20
-9399.2554
 10
266.6528
 20
-9399.4458
 10
266.4033
 20
-9399.7183
 10
266.1854
 20
-9400.0939
 10
266.0149
 20
-9400.5937
 10
265.9492
 20
-9400.9689
 10
265.93
 20
-9401.3674
 10
265.9581
 20
-9401.7674
 10
266.0344
 20
-9402.1469
 10
266.1579
 20
-9402.509
 10
266.2999
 20
-9402.8021
 10
266.4609
 20
-9403.069
 10
266.6412
 20
-9403.3531
 10
266.6089
 20
-9403.4796
 10
266.5218
 20
-9403.7451
 10
266.4251
 20
-9404.1245
 10
266.3638
 20
-9404.5927
 10
266.3831
 20
-9405.1246
 10
266.5282
 20
-9405.6949
 10
266.8442
 20
-9406.2786
 10
267.3763
 20
-9406.8505
 10
267.2555
 20
-9407.2244
 10
266.8154
 20
-9407.2715
 10
266.4099
 20
-9407.3607
 10
266.2253
 20
-9407.4452
 10
266.0553
 20
-9407.569
 10
265.902
 20
-9407.742
 10
265.7674
 20
-9407.9736
 10
265.6373
 20
-9408.3704
 10
265.5783
 20
-9408.8294
 10
265.5795
 20
-9409.3297
 10
265.6303
 20
-9409.8502
 10
265.7198
 20
-9410.3701
 10
265.8373
 20
-9410.8682
 10
265.972
 20
-9411.3237
 10
266.1132
 20
-9411.7156
 10
266.4778
 20
-9412.4906
 10
266.7181
 20
-9412.8638
 10
266.9018
 20
-9413.2177
 10
266.659
 20
-9413.4034
 10
266.4565
 20
-9413.5392
 10
266.365
 20
-9413.6122
 10
266.2772
 20
-9413.7013
 10
266.1911
 20
-9413.8159
 10
266.1044
 20
-9413.9656
 10
266.0433
 20
-9414.1047
 10
265.9966
 20
-9414.2549
 10
265.9646
 20
-9414.4127
 10
265.9479
 20
-9414.5751
 10
265.9466
 20
-9414.7388
 10
265.9613
 20
-9414.9007
 10
265.9922
 20
-9415.0574
 10
266.0398
 20
-9415.2059
 10
266.1431
 20
-9415.4129
 10
266.2937
 20
-9415.6415
 10
266.4786
 20
-9415.8808
 10
266.685
 20
-9416.1196
 10
267.1105
 20
-9416.552
 10
267.4666
 20
-9416.8506
 10
268.3787
 20
-9417.3833
 10
269.208
 20
-9417.6745
 10
269.9507
 20
-9417.7768
 10
270.603
 20
-9417.7428
 10
271.1612
 20
-9417.6252
 10
271.6216
 20
-9417.4766
 10
271.9803
 20
-9417.3495
 10
272.2336
 20
-9417.2967
 10
272.4227
 20
-9417.9572
 10
272.5569
 20
-9418.5718
 10
272.6718
 20
-9418.9077
 10
272.8553
 20
-9419.2872
 10
273.1346
 20
-9419.7286
 10
273.5372
 20
-9420.2503
 10
273.7737
 20
-9420.4768
 10
273.9974
 20
-9420.6681
 10
274.0899
 20
-9420.9464
 10
274.1243
 20
-9421.467
 10
274.1215
 20
-9422.1556
 10
274.1025
 20
-9422.9376
 10
274.088
 20
-9423.7386
 10
274.0991
 20
-9424.4843
 10
274.1566
 20
-9425.1002
 10
274.2815
 20
-9425.5119
 10
274.5004
 20
-9425.7859
 10
274.7763
 20
-9425.9734
 10
275.0998
 20
-9426.0897
 10
275.4616
 20
-9426.1503
 10
276.2629
 20
-9426.1658
 10
277.1056
 20
-9426.1432
 10
304.6388
 20
-9426.1449
 10
305.4659
 20
-9426.1482
 10
306.1968
 20
-9426.1043
 10
306.5339
 20
-9426.0402
 10
306.8561
 20
-9425.9349
 10
307.1664
 20
-9425.7787
 10
307.4679
 20
-9425.5618
 10
307.8614
 20
-9425.1541
 10
308.1409
 20
-9424.7029
 10
308.3253
 20
-9424.2142
 10
308.4337
 20
-9423.6938
 10
308.4848
 20
-9423.1479
 10
308.4978
 20
-9422.5823
 10
308.4915
 20
-9422.0031
 10
308.485
 20
-9421.4163
 10
308.4766
 20
-9420.902
 10
308.4924
 20
-9420.6156
 10
308.5282
 20
-9420.5047
 10
308.5926
 20
-9420.387
 10
308.6931
 20
-9420.2412
 10
308.8372
 20
-9420.046
 10
308.9678
 20
-9419.8537
 10
309.0889
 20
-9419.6437
 10
309.2001
 20
-9419.4197
 10
309.3012
 20
-9419.1853
 10
309.4716
 20
-9418.7001
 10
309.5977
 20
-9418.2177
 10
309.7232
 20
-9417.4691
 10
310.8629
 20
-9417.6481
 10
311.1656
 20
-9417.6624
 10
311.468
 20
-9417.6546
 10
311.7687
 20
-9417.6252
 10
312.0662
 20
-9417.5747
 10
312.3591
 20
-9417.5035
 10
312.6458
 20
-9417.4122
 10
312.925
 20
-9417.3014
 10
313.1952
 20
-9417.1715
 10
314.0233
 20
-9416.5967
 10
314.3253
 20
-9416.3087
 10
314.6322
 20
-9415.956
 10
314.9125
 20
-9415.5555
 10
315.1347
 20
-9415.1244
 10
315.2675
 20
-9414.6794
 10
315.2793
 20
-9414.2378
 10
315.1388
 20
-9413.8165
 10
314.8144
 20
-9413.4324
 10
314.4945
 20
-9413.1965
 10
314.3803
 20
-9413.083
 10
314.4591
 20
-9412.9034
 10
314.7184
 20
-9412.4693
 10
315.0394
 20
-9411.7826
 10
315.1915
 20
-9411.3451
 10
315.3477
 20
-9410.7771
 10
315.48
 20
-9410.1289
 10
315.5602
 20
-9409.4509
 10
315.56
 20
-9408.7935
 10
315.4512
 20
-9408.2071
 10
315.2058
 20
-9407.742
 10
314.7955
 20
-9407.4486
 10
314.5898
 20
-9407.3887
 10
314.4889
 20
-9407.3514
 10
314.3793
 20
-9407.2566
 10
314.3717
 20
-9407.1415
 10
314.4448
 20
-9406.9995
 10
314.5772
 20
-9406.8241
 10
314.7477
 20
-9406.609
 10
314.9349
 20
-9406.3475
 10
315.1177
 20
-9406.0333
 10
315.2746
 20
-9405.6598
 10
315.3484
 20
-9405.3877
 10
315.393
 20
-9405.1008
 10
315.4091
 20
-9404.8062
 10
315.3974
 20
-9404.5111
 10
315.3586
 20
-9404.2227
 10
315.2934
 20
-9403.9482
 10
315.2025
 20
-9403.6948
 10
315.0867
 20
-9403.4696
 10
315.0281
 20
-9403.3068
 10
315.02
 20
-9403.1115
 10
315.0447
 20
-9402.8841
 10
315.0843
 20
-9402.6252
 10
315.1209
 20
-9402.3351
 10
315.1367
 20
-9402.0145
 10
315.1137
 20
-9401.6637
 10
315.0342
 20
-9401.2833
 10
314.9494
 20
-9401.0364
 10
314.8428
 20
-9400.8022
 10
314.7207
 20
-9400.5921
 10
314.5895
 20
-9400.4174
 10
313.8888
 20
-9399.8018
 10
313.898
 20
-9399.6456
 10
313.9783
 20
-9399.3315
 10
314.1087
 20
-9398.906
 10
314.2684
 20
-9398.416
 10
314.5923
 20
-9397.429
 10
314.7832
 20
-9396.7441
 10
314.82
 20
-9396.4314
 10
314.8258
 20
-9396.1155
 10
314.7994
 20
-9395.802
 10
314.7396
 20
-9395.4963
 10
314.6452
 20
-9395.2041
 10
314.515
 20
-9394.9308
 10
314.3478
 20
-9394.682
 10
314.1425
 20
-9394.4632
 10
313.8719
 20
-9394.2509
 10
313.547
 20
-9394.0638
 10
313.5292
 20
-9393.8514
 10
313.5199
 20
-9393.3617
 10
313.5171
 20
-9392.6815
 10
313.519
 20
-9391.8974
 10
313.5238
 20
-9391.096
 10
313.5296
 20
-9390.3641
 10
313.5344
 20
-9389.7881
 10
313.5365
 20
-9389.4549
 10
313.5344
 20
-9387.1336
 10
313.5123
 20
-9386.9145
 10
313.4652
 20
-9386.7192
 10
313.394
 20
-9386.5456
 10
313.2999
 20
-9386.3921
 10
313.1837
 20
-9386.2568
 10
313.0464
 20
-9386.1378
 10
312.889
 20
-9386.0332
 10
312.7126
 20
-9385.9413
 10
312.5976
 20
-9385.8754
 10
312.5296
 20
-9385.8055
 10
312.4954
 20
-9385.7242
 10
312.4816
 20
-9385.6241
 10
312.462
 20
-9385.3382
 10
312.3648
 20
-9384.889
 10
312.1888
 20
-9384.4709
 10
311.9655
 20
-9384.149
 10
311.712
 20
-9383.9078
 10
311.4453
 20
-9383.7321
 10
310.9401
 20
-9383.5152
 10
310.5859
 20
-9383.3753
 10
310.3277
 20
-9383.0965
 10
310.0746
 20
-9382.7912
 10
309.7058
 20
-9382.5288
 10
309.313
 20
-9382.3274
 10
308.9026
 20
-9382.1902
 10
308.4807
 20
-9382.1207
 10
308.0537
 20
-9382.1222
 10
307.6278
 20
-9382.1983
 10
307.2092
 20
-9382.3522
 10
306.8043
 20
-9382.5874
 10
306.6505
 20
-9382.7158
 10
306.4957
 20
-9382.8539
 10
306.4154
 20
-9382.913
 10
306.332
 20
-9382.9583
 10
306.2444
 20
-9382.9842
 10
306.1517
 20
-9382.9854
 10
305.693
 20
-9382.902
 10
305.396
 20
-9382.8887
 10
305.2424
 20
-9382.8821
 10
305.1007
 20
-9382.8291
 10
304.8394
 20
-9382.6764
 10
304.4569
 20
-9382.4898
 10
304.221
 20
-9382.4145
 10
303.9836
 20
-9382.3628
 10
303.7456
 20
-9382.3344
 10
303.508
 20
-9382.3288
 10
303.2716
 20
-9382.3455
 10
303.0373
 20
-9382.384
 10
302.8059
 20
-9382.4439
 10
302.5783
 20
-9382.5247
 10
302.4088
 20
-9382.6042
 10
302.2289
 20
-9382.7087
 10
302.0471
 20
-9382.8331
 10
301.8721
 20
-9382.9722
 10
301.7124
 20
-9383.1208
 10
301.5768
 20
-9383.2737
 10
301.4738
 20
-9383.4258
 10
301.412
 20
-9383.5719
 10
301.6489
 20
-9383.7549
 10
301.8353
 20
-9383.9661
 10
301.3862
 20
-9383.8055
 10
301.0148
 20
-9383.654
 10
300.8355
 20
-9383.6013
 10
300.6483
 20
-9383.5742
 10
300.444
 20
-9383.5808
 10
300.2136
 20
-9383.6288
 10
299.9716
 20
-9383.497
  0
LWPOLYLINE
  5
61
330
1F
100
AcDbEntity
  8
Capa 1
 62
    97
100
AcDbPolyline
 90
       39
 70
     1
 43
0.0
 10
309.0497
 20
-9415.2648
 10
309.0995
 20
-9415.3696
 10
309.1959
 20
-9415.4939
 10
309.3283
 20
-9415.63
 10
309.4861
 20
-9415.7699
 10
309.835
 20
-9416.0291
 10
310.1574
 20
-9416.208
 10
311.0308
 20
-9416.4361
 10
311.8202
 20
-9416.4012
 10
312.5144
 20
-9416.1707
 10
313.1021
 20
-9415.8121
 10
313.5719
 20
-9415.3929
 10
313.9128
 20
-9414.9804
 10
314.1134
 20
-9414.6421
 10
314.1624
 20
-9414.4454
 10
313.9686
 20
-9414.2824
 10
313.6881
 20
-9414.1303
 10
313.3737
 20
-9413.9988
 10
313.0785
 20
-9413.898
 10
312.5629
 20
-9413.7876
 10
312.025
 20
-9413.7562
 10
311.4836
 20
-9413.7954
 10
310.9573
 20
-9413.8967
 10
310.4647
 20
-9414.0518
 10
310.0244
 20
-9414.2522
 10
309.6552
 20
-9414.4896
 10
309.3757
 20
-9414.7556
 10
309.8547
 20
-9414.7853
 10
310.5172
 20
-9414.8354
 10
310.8517
 20
-9414.8696
 10
311.1535
 20
-9414.9106
 10
311.3961
 20
-9414.959
 10
311.5536
 20
-9415.0153
 10
311.3905
 20
-9415.0713
 10
311.1153
 20
-9415.1192
 10
310.7626
 20
-9415.1595
 10
310.367
 20
-9415.1927
 10
309.5861
 20
-9415.2399
 10
309.0497
 20
-9415.2648
  0
LWPOLYLINE
  5
62
330
1F
100
AcDbEntity
  8
Capa 1
 62
    97
100
AcDbPolyline
 90
      126
 70
     1
 43
0.0
 10
276.4801
 20
-9399.197
 10
276.4521
 20
-9398.9754
 10
276.4676
 20
-9398.65
 10
276.4614
 20
-9398.4619
 10
276.4297
 20
-9398.2641
 10
276.3603
 20
-9398.0621
 10
276.2412
 20
-9397.8613
 10
276.0596
 20
-9397.6557
 10
275.8297
 20
-9397.4767
 10
275.6955
 20
-9397.403
 10
275.5479
 20
-9397.3429
 10
275.3866
 20
-9397.2988
 10
275.2109
 20
-9397.273
 10
274.7323
 20
-9397.3005
 10
274.4462
 20
-9397.3593
 10
274.3745
 20
-9397.3424
 10
274.35
 20
-9397.2637
 10
274.3723
 20
-9397.1
 10
274.4412
 20
-9396.8281
 10
274.4781
 20
-9396.6616
 10
274.4991
 20
-9396.4899
 10
274.5045
 20
-9396.3157
 10
274.4947
 20
-9396.1415
 10
274.47
 20
-9395.9699
 10
274.4307
 20
-9395.8037
 10
274.3772
 20
-9395.6453
 10
274.3097
 20
-9395.4975
 10
274.0961
 20
-9395.1883
 10
273.8483
 20
-9394.9757
 10
273.5834
 20
-9394.8416
 10
273.3187
 20
-9394.7678
 10
272.8585
 20
-9394.728
 10
272.6051
 20
-9394.7107
 10
272.4765
 20
-9394.4482
 10
272.3904
 20
-9394.1278
 10
272.2413
 20
-9393.8616
 10
272.0504
 20
-9393.633
 10
271.9389
 20
-9393.5345
 10
271.8165
 20
-9393.4475
 10
271.6831
 20
-9393.3728
 10
271.5384
 20
-9393.311
 10
271.2783
 20
-9393.2346
 10
271.0632
 20
-9393.2068
 10
270.8827
 20
-9393.2149
 10
270.7262
 20
-9393.2464
 10
270.5829
 20
-9393.2887
 10
270.4424
 20
-9393.3291
 10
270.294
 20
-9393.3551
 10
270.1272
 20
-9393.3541
 10
270.0353
 20
-9393.2258
 10
269.9552
 20
-9393.1244
 10
269.8467
 20
-9393.0345
 10
269.6694
 20
-9392.9406
 10
269.4996
 20
-9392.893
 10
269.3379
 20
-9392.8991
 10
269.1947
 20
-9392.953
 10
269.0806
 20
-9393.0487
 10
269.0161
 20
-9393.1705
 10
268.9745
 20
-9393.3411
 10
268.9515
 20
-9393.5462
 10
268.9426
 20
-9393.7713
 10
268.9495
 20
-9394.2242
 10
268.9597
 20
-9394.5846
 10
268.9822
 20
-9399.4208
 10
269.2382
 20
-9399.2556
 10
269.685
 20
-9398.9074
 10
270.2032
 20
-9398.694
 10
270.7582
 20
-9398.6158
 10
271.3157
 20
-9398.6728
 10
271.8411
 20
-9398.8652
 10
272.3
 20
-9399.1933
 10
272.6579
 20
-9399.6571
 10
272.8805
 20
-9400.257
 10
273.2867
 20
-9400.3099
 10
273.65
 20
-9400.4266
 10
273.969
 20
-9400.6021
 10
274.2426
 20
-9400.8311
 10
274.4695
 20
-9401.1084
 10
274.6484
 20
-9401.4287
 10
274.7781
 20
-9401.7869
 10
274.8573
 20
-9402.1778
 10
275.193
 20
-9402.2335
 10
275.4897
 20
-9402.3275
 10
275.7537
 20
-9402.4587
 10
275.9912
 20
-9402.6262
 10
276.2203
 20
-9402.8326
 10
276.3613
 20
-9402.9938
 10
276.4405
 20
-9403.1153
 10
276.4848
 20
-9403.2026
 10
276.5205
 20
-9403.2613
 10
276.5743
 20
-9403.2969
 10
276.6728
 20
-9403.3148
 10
276.8425
 20
-9403.3207
 10
278.377
 20
-9403.3185
 10
279.1811
 20
-9403.3275
 10
279.6031
 20
-9403.2969
 10
279.7054
 20
-9403.2406
 10
279.7537
 20
-9403.1429
 10
279.7619
 20
-9402.9935
 10
279.7438
 20
-9402.7819
 10
279.6921
 20
-9402.4612
 10
279.612
 20
-9402.1951
 10
279.503
 20
-9401.9751
 10
279.3643
 20
-9401.7927
 10
279.1953
 20
-9401.6391
 10
278.9953
 20
-9401.5058
 10
278.7636
 20
-9401.3842
 10
278.4995
 20
-9401.2658
 10
278.4826
 20
-9401.024
 10
278.5027
 20
-9400.8037
 10
278.5126
 20
-9400.5698
 10
278.4651
 20
-9400.2874
 10
278.3936
 20
-9400.0647
 10
278.318
 20
-9399.8957
 10
278.2224
 20
-9399.752
 10
278.0908
 20
-9399.6057
 10
277.9619
 20
-9399.4814
 10
277.8184
 20
-9399.3687
 10
277.6473
 20
-9399.275
 10
277.436
 20
-9399.2077
 10
277.1788
 20
-9399.166
 10
277.0063
 20
-9399.1678
 10
276.8644
 20
-9399.1937
 10
276.6986
 20
-9399.2243
 10
276.5131
 20
-9399.2253
 10
276.4801
 20
-9399.197
  0
LWPOLYLINE
  5
63
330
1F
100
AcDbEntity
  8
Capa 1
 62
    97
100
AcDbPolyline
 90
      120
 70
     1
 43
0.0
 10
273.9349
 20
-9403.0963
 10
273.9765
 20
-9402.8171
 10
274.0233
 20
-9402.2921
 10
273.9884
 20
-9401.9934
 10
273.8825
 20
-9401.7004
 10
273.6814
 20
-9401.4355
 10
273.3611
 20
-9401.2211
 10
273.1758
 20
-9401.1446
 10
273.0215
 20
-9401.1024
 10
272.8894
 20
-9401.0891
 10
272.7706
 20
-9401.0994
 10
272.5377
 20
-9401.1695
 10
272.2522
 20
-9401.2701
 10
272.1303
 20
-9401.284
 10
272.0636
 20
-9401.2394
 10
272.0381
 20
-9401.1473
 10
272.04
 20
-9401.0183
 10
272.0702
 20
-9400.6928
 10
272.0432
 20
-9400.3494
 10
271.9502
 20
-9400.1174
 10
271.8127
 20
-9399.909
 10
271.6353
 20
-9399.7313
 10
271.4227
 20
-9399.5911
 10
271.1796
 20
-9399.4954
 10
270.9107
 20
-9399.4511
 10
270.6207
 20
-9399.4652
 10
270.3142
 20
-9399.5446
 10
269.9608
 20
-9399.7259
 10
269.7154
 20
-9399.9465
 10
269.549
 20
-9400.1785
 10
269.4323
 20
-9400.3938
 10
269.3362
 20
-9400.5646
 10
269.2316
 20
-9400.6628
 10
269.0893
 20
-9400.6607
 10
268.8801
 20
-9400.5301
 10
268.6927
 20
-9400.3921
 10
268.4631
 20
-9400.264
 10
268.3344
 20
-9400.2131
 10
268.1976
 20
-9400.1761
 10
268.0534
 20
-9400.1568
 10
267.9027
 20
-9400.1591
 10
267.7664
 20
-9400.1825
 10
267.6418
 20
-9400.225
 10
267.529
 20
-9400.2844
 10
267.4282
 20
-9400.3587
 10
267.3398
 20
-9400.4459
 10
267.2639
 20
-9400.5438
 10
267.2008
 20
-9400.6504
 10
267.1507
 20
-9400.7637
 10
267.0649
 20
-9401.0791
 10
267.043
 20
-9401.379
 10
267.0747
 20
-9401.6622
 10
267.1496
 20
-9401.9276
 10
267.2575
 20
-9402.174
 10
267.388
 20
-9402.4002
 10
267.531
 20
-9402.605
 10
267.6759
 20
-9402.7873
 10
267.8439
 20
-9402.9514
 10
268.0095
 20
-9403.1311
 10
268.0594
 20
-9403.2314
 10
268.0703
 20
-9403.3413
 10
268.0293
 20
-9403.4627
 10
267.9236
 20
-9403.5975
 10
267.6277
 20
-9404.0036
 10
267.5073
 20
-9404.3649
 10
267.4738
 20
-9404.7061
 10
267.5167
 20
-9405.0249
 10
267.6256
 20
-9405.3187
 10
267.7901
 20
-9405.5852
 10
267.9997
 20
-9405.8217
 10
268.2439
 20
-9406.0259
 10
268.5124
 20
-9406.1954
 10
268.8234
 20
-9405.9737
 10
269.2248
 20
-9405.6894
 10
269.445
 20
-9405.5892
 10
269.6941
 20
-9405.5114
 10
269.9582
 20
-9405.4634
 10
270.2233
 20
-9405.4527
 10
270.4994
 20
-9405.4816
 10
270.7589
 20
-9405.5424
 10
270.999
 20
-9405.6304
 10
271.2173
 20
-9405.7408
 10
271.4111
 20
-9405.8687
 10
271.578
 20
-9406.0095
 10
271.7153
 20
-9406.1583
 10
271.8205
 20
-9406.3103
 10
272.4419
 20
-9406.3527
 10
272.9394
 20
-9406.4869
 10
273.1815
 20
-9406.3367
 10
273.6838
 20
-9406.0794
 10
274.0244
 20
-9405.9949
 10
274.4202
 20
-9405.9847
 10
274.8681
 20
-9406.0825
 10
275.3648
 20
-9406.3221
 10
275.6626
 20
-9406.5384
 10
275.764
 20
-9406.6113
 10
275.9075
 20
-9406.5592
 10
276.3315
 20
-9406.4004
 10
276.9481
 20
-9406.2685
 10
276.9357
 20
-9405.8791
 10
276.8462
 20
-9405.5777
 10
276.7027
 20
-9405.3512
 10
276.5282
 20
-9405.1863
 10
276.1789
 20
-9404.9883
 10
275.9832
 20
-9404.8779
 10
275.9753
 20
-9404.6581
 10
275.993
 20
-9404.4515
 10
275.9955
 20
-9404.2261
 10
275.942
 20
-9403.9496
 10
275.8657
 20
-9403.7643
 10
275.7576
 20
-9403.5762
 10
275.6395
 20
-9403.4133
 10
275.533
 20
-9403.3038
 10
275.3821
 20
-9403.2027
 10
275.2004
 20
-9403.1143
 10
274.9957
 20
-9403.0479
 10
274.7758
 20
-9403.0129
 10
274.2526
 20
-9403.09
 10
273.9699
 20
-9403.1121
 10
273.9349
 20
-9403.0963
  0
LWPOLYLINE
  5
64
330
1F
100
AcDbEntity
  8
Capa 1
 62
    97
100
AcDbPolyline
 90
      108
 70
     1
 43
0.0
 10
312.9251
 20
-9406.8347
 10
313.0321
 20
-9406.7835
 10
313.1074
 20
-9406.7302
 10
313.1593
 20
-9406.6742
 10
313.1964
 20
-9406.6151
 10
313.2593
 20
-9406.4849
 10
313.3633
 20
-9406.335
 10
313.64
 20
-9406.1292
 10
313.8697
 20
-9405.9188
 10
314.0595
 20
-9405.6723
 10
314.204
 20
-9405.3977
 10
314.2975
 20
-9405.1034
 10
314.3347
 20
-9404.7974
 10
314.3099
 20
-9404.4879
 10
314.2179
 20
-9404.1831
 10
314.0529
 20
-9403.8912
 10
313.806
 20
-9403.6546
 10
313.6996
 20
-9403.5693
 10
313.646
 20
-9403.494
 10
313.6365
 20
-9403.4205
 10
313.6626
 20
-9403.3408
 10
313.7863
 20
-9403.1299
 10
313.9478
 20
-9402.7966
 10
314.0287
 20
-9402.5154
 10
314.0658
 20
-9402.222
 10
314.0577
 20
-9401.9293
 10
314.0034
 20
-9401.6502
 10
313.9016
 20
-9401.3976
 10
313.7509
 20
-9401.1846
 10
313.5503
 20
-9401.0239
 10
313.2984
 20
-9400.9286
 10
313.1653
 20
-9400.895
 10
313.0796
 20
-9400.8593
 10
313.0294
 20
-9400.8182
 10
313.0024
 20
-9400.7683
 10
312.9702
 20
-9400.6283
 10
312.8865
 20
-9400.4121
 10
312.6641
 20
-9400.1504
 10
312.4042
 20
-9399.9692
 10
312.2155
 20
-9399.8932
 10
312.0235
 20
-9399.8563
 10
311.8322
 20
-9399.8536
 10
311.6458
 20
-9399.8806
 10
311.4686
 20
-9399.9324
 10
311.3046
 20
-9400.0043
 10
311.1581
 20
-9400.0916
 10
311.0332
 20
-9400.1895
 10
310.8179
 20
-9400.4385
 10
310.6924
 20
-9400.6912
 10
310.63
 20
-9400.9345
 10
310.604
 20
-9401.1556
 10
310.5879
 20
-9401.3415
 10
310.5548
 20
-9401.4792
 10
310.4783
 20
-9401.5558
 10
310.3315
 20
-9401.5583
 10
310.1303
 20
-9401.5031
 10
309.6517
 20
-9401.5274
 10
309.457
 20
-9401.6149
 10
309.2943
 20
-9401.7367
 10
309.1588
 20
-9401.8875
 10
309.0459
 20
-9402.0617
 10
308.9229
 20
-9402.3569
 10
308.8778
 20
-9402.6376
 10
308.8893
 20
-9402.901
 10
308.9363
 20
-9403.1448
 10
308.9976
 20
-9403.3661
 10
309.0521
 20
-9403.5624
 10
309.0786
 20
-9403.7312
 10
309.0559
 20
-9403.8697
 10
308.7178
 20
-9403.9098
 10
308.3393
 20
-9403.939
 10
308.0077
 20
-9404.0986
 10
307.7872
 20
-9404.3276
 10
307.6555
 20
-9404.5999
 10
307.5905
 20
-9404.8895
 10
307.5717
 20
-9405.4165
 10
307.5532
 20
-9405.7001
 10
307.3838
 20
-9405.7859
 10
307.2305
 20
-9405.8206
 10
307.149
 20
-9405.8452
 10
307.0586
 20
-9405.8887
 10
306.9549
 20
-9405.9615
 10
306.8337
 20
-9406.0742
 10
306.7014
 20
-9406.2211
 10
306.6023
 20
-9406.3757
 10
306.57
 20
-9406.4616
 10
306.5517
 20
-9406.5563
 10
306.5492
 20
-9406.662
 10
306.5646
 20
-9406.7811
 10
306.8908
 20
-9406.8397
 10
307.4408
 20
-9406.8793
 10
308.0334
 20
-9406.9131
 10
308.4876
 20
-9406.9544
 10
308.7434
 20
-9407.0146
 10
308.9509
 20
-9407.0719
 10
309.0425
 20
-9407.0825
 10
309.1294
 20
-9407.072
 10
309.214
 20
-9407.0337
 10
309.2986
 20
-9406.9607
 10
309.5606
 20
-9406.6969
 10
310.1973
 20
-9406.3014
 10
310.7728
 20
-9406.112
 10
311.2869
 20
-9406.0845
 10
311.7393
 20
-9406.175
 10
312.1296
 20
-9406.3393
 10
312.4575
 20
-9406.5334
 10
312.7228
 20
-9406.7132
 10
312.9251
 20
-9406.8347
  0
LWPOLYLINE
  5
65
330
1F
100
AcDbEntity
  8
Capa 1
 62
    97
100
AcDbPolyline
 90
      101
 70
     1
 43
0.0
 10
304.7572
 20
-9384.1854
 10
304.6133
 20
-9384.0315
 10
304.4651
 20
-9383.8847
 10
304.3067
 20
-9383.7525
 10
304.1319
 20
-9383.6428
 10
303.9347
 20
-9383.5632
 10
303.7091
 20
-9383.5213
 10
303.449
 20
-9383.5249
 10
303.1485
 20
-9383.5816
 10
302.9521
 20
-9383.6549
 10
302.7624
 20
-9383.7653
 10
302.5853
 20
-9383.9067
 10
302.4264
 20
-9384.0732
 10
302.2915
 20
-9384.2585
 10
302.1863
 20
-9384.4565
 10
302.1166
 20
-9384.6613
 10
302.088
 20
-9384.8666
 10
302.3667
 20
-9384.9178
 10
302.6832
 20
-9384.9345
 10
303.0107
 20
-9384.9391
 10
303.3225
 20
-9384.9542
 10
303.5851
 20
-9385.0007
 10
303.8799
 20
-9385.0695
 10
304.1574
 20
-9385.12
 10
304.3682
 20
-9385.1115
 10
304.6617
 20
-9385.0341
 10
304.9506
 20
-9384.988
 10
305.2371
 20
-9384.9682
 10
305.5234
 20
-9384.9699
 10
306.1042
 20
-9385.0174
 10
306.7109
 20
-9385.0909
 10
307.2852
 20
-9385.1623
 10
307.8796
 20
-9385.2755
 10
308.1527
 20
-9385.3584
 10
308.3929
 20
-9385.4645
 10
308.5874
 20
-9385.5982
 10
308.7238
 20
-9385.7637
 10
308.8198
 20
-9386.0202
 10
308.8183
 20
-9386.2503
 10
308.7476
 20
-9386.4663
 10
308.6361
 20
-9386.6804
 10
308.5122
 20
-9386.9048
 10
308.4044
 20
-9387.1517
 10
308.3409
 20
-9387.4332
 10
308.3503
 20
-9387.7616
 10
308.6179
 20
-9387.722
 10
309.0581
 20
-9387.5856
 10
309.5104
 20
-9387.4252
 10
309.8148
 20
-9387.3135
 10
310.0151
 20
-9387.2255
 10
310.1487
 20
-9387.1328
 10
310.2394
 20
-9387.0343
 10
310.3112
 20
-9386.9285
 10
310.3878
 20
-9386.8142
 10
310.493
 20
-9386.6901
 10
310.6507
 20
-9386.5548
 10
310.8848
 20
-9386.407
 10
311.0882
 20
-9386.3191
 10
311.2223
 20
-9386.2651
 10
311.2686
 20
-9386.223
 10
311.3041
 20
-9386.156
 10
311.3308
 20
-9386.0529
 10
311.3509
 20
-9385.9028
 10
311.3538
 20
-9385.6773
 10
311.3215
 20
-9385.4575
 10
311.2597
 20
-9385.2522
 10
311.1739
 20
-9385.0703
 10
311.0104
 20
-9384.8497
 10
310.8284
 20
-9384.7041
 10
310.6364
 20
-9384.6158
 10
310.4426
 20
-9384.5669
 10
310.2555
 20
-9384.5396
 10
310.0833
 20
-9384.516
 10
309.9344
 20
-9384.4785
 10
309.8172
 20
-9384.4092
 10
309.694
 20
-9384.223
 10
309.5456
 20
-9383.9549
 10
309.437
 20
-9383.8076
 10
309.2922
 20
-9383.6608
 10
309.1013
 20
-9383.5214
 10
308.8543
 20
-9383.3964
 10
308.5588
 20
-9383.3118
 10
308.2624
 20
-9383.2958
 10
307.9716
 20
-9383.3407
 10
307.6935
 20
-9383.4387
 10
307.4348
 20
-9383.5822
 10
307.2022
 20
-9383.7634
 10
307.0026
 20
-9383.9747
 10
306.8428
 20
-9384.2082
 10
306.6947
 20
-9384.4385
 10
306.5808
 20
-9384.5451
 10
306.4837
 20
-9384.5544
 10
306.3859
 20
-9384.4927
 10
306.2699
 20
-9384.3865
 10
306.1181
 20
-9384.262
 10
305.9131
 20
-9384.1456
 10
305.6374
 20
-9384.0638
 10
305.372
 20
-9384.0495
 10
305.1669
 20
-9384.0903
 10
304.9769
 20
-9384.1483
 10
304.7572
 20
-9384.1854
  0
LWPOLYLINE
  5
66
330
1F
100
AcDbEntity
  8
Capa 1
 62
    97
100
AcDbPolyline
 90
       41
 70
     1
 43
0.0
 10
271.9801
 20
-9414.7676
 10
271.9113
 20
-9414.6907
 10
271.8378
 20
-9414.6277
 10
271.3807
 20
-9414.3194
 10
270.8902
 20
-9414.0803
 10
270.3746
 20
-9413.9117
 10
269.8423
 20
-9413.8149
 10
269.3016
 20
-9413.7913
 10
268.7609
 20
-9413.8422
 10
268.2285
 20
-9413.9688
 10
267.7129
 20
-9414.1725
 10
267.4472
 20
-9414.3141
 10
267.2793
 20
-9414.4389
 10
267.199
 20
-9414.5559
 10
267.1957
 20
-9414.6744
 10
267.2592
 20
-9414.8032
 10
267.3791
 20
-9414.9515
 10
267.5449
 20
-9415.1283
 10
267.7464
 20
-9415.3427
 10
267.9867
 20
-9415.5854
 10
268.323
 20
-9415.8791
 10
268.7062
 20
-9416.1214
 10
269.1267
 20
-9416.3062
 10
269.5745
 20
-9416.4273
 10
270.0399
 20
-9416.4784
 10
270.513
 20
-9416.4532
 10
270.9841
 20
-9416.3456
 10
271.4433
 20
-9416.1493
 10
271.7035
 20
-9415.9793
 10
272.0005
 20
-9415.7411
 10
272.2574
 20
-9415.4926
 10
272.3971
 20
-9415.2916
 10
271.9477
 20
-9415.2507
 10
271.1754
 20
-9415.1991
 10
270.3928
 20
-9415.1392
 10
269.9131
 20
-9415.0735
 10
269.7964
 20
-9415.0153
 10
270.2375
 20
-9414.9188
 10
270.8552
 20
-9414.848
 10
271.4894
 20
-9414.799
 10
271.9801
 20
-9414.7676
  0
LWPOLYLINE
  5
67
330
1F
100
AcDbEntity
  8
Capa 1
 62
    97
100
AcDbPolyline
 90
       46
 70
     1
 43
0.0
 10
269.6266
 20
-9386.2379
 10
270.0132
 20
-9386.2796
 10
270.5115
 20
-9386.2918
 10
270.7903
 20
-9386.3253
 10
271.0824
 20
-9386.3974
 10
271.3829
 20
-9386.5236
 10
271.6868
 20
-9386.7192
 10
272.1259
 20
-9387.1575
 10
272.5614
 20
-9387.3165
 10
273.4202
 20
-9387.5697
 10
274.3118
 20
-9387.812
 10
274.846
 20
-9387.9384
 10
274.8378
 20
-9387.6008
 10
274.7822
 20
-9387.2752
 10
274.6837
 20
-9386.9679
 10
274.5468
 20
-9386.6853
 10
274.3758
 20
-9386.4337
 10
274.1755
 20
-9386.2192
 10
273.9501
 20
-9386.0484
 10
273.7042
 20
-9385.9274
 10
273.4142
 20
-9385.8778
 10
273.1778
 20
-9385.8419
 10
273.0498
 20
-9385.6754
 10
272.9551
 20
-9385.4522
 10
272.8163
 20
-9385.2542
 10
272.6434
 20
-9385.0803
 10
272.4437
 20
-9384.9358
 10
272.2249
 20
-9384.8261
 10
271.9944
 20
-9384.7563
 10
271.7598
 20
-9384.7316
 10
271.5287
 20
-9384.7575
 10
271.3086
 20
-9384.8391
 10
271.1152
 20
-9385.0097
 10
270.9681
 20
-9385.1618
 10
270.7945
 20
-9385.1963
 10
270.5733
 20
-9385.1781
 10
270.4446
 20
-9385.1786
 10
270.3037
 20
-9385.2011
 10
270.1506
 20
-9385.2575
 10
269.9851
 20
-9385.3593
 10
269.8436
 20
-9385.5032
 10
269.7197
 20
-9385.7101
 10
269.6723
 20
-9385.8313
 10
269.6389
 20
-9385.9613
 10
269.6226
 20
-9386.0976
 10
269.6266
 20
-9386.2379
  0
LWPOLYLINE
  5
68
330
1F
100
AcDbEntity
  8
Capa 1
 62
    97
100
AcDbPolyline
 90
      131
 70
     1
 43
0.0
 10
309.8575
 20
-9400.5921
 10
310.0243
 20
-9400.2637
 10
310.2139
 20
-9399.8963
 10
310.4092
 20
-9399.6678
 10
310.633
 20
-9399.4651
 10
310.8813
 20
-9399.293
 10
311.1504
 20
-9399.1562
 10
311.4365
 20
-9399.0595
 10
311.7357
 20
-9399.0077
 10
312.0441
 20
-9399.0055
 10
312.358
 20
-9399.0577
 10
312.6246
 20
-9399.1299
 10
312.7746
 20
-9399.1395
 10
312.8246
 20
-9399.1069
 10
312.868
 20
-9399.0419
 10
312.9122
 20
-9398.9389
 10
312.9648
 20
-9398.7925
 10
313.1672
 20
-9398.2391
 10
313.3842
 20
-9397.6477
 10
313.5753
 20
-9397.058
 10
313.6998
 20
-9396.5095
 10
313.7193
 20
-9396.2725
 10
313.706
 20
-9396.0442
 10
313.6609
 20
-9395.8304
 10
313.5851
 20
-9395.6369
 10
313.4794
 20
-9395.4695
 10
313.3449
 20
-9395.3341
 10
313.1825
 20
-9395.2365
 10
312.9932
 20
-9395.1824
 10
312.8426
 20
-9395.1722
 10
312.7156
 20
-9395.186
 10
312.6082
 20
-9395.2167
 10
312.5164
 20
-9395.2572
 10
312.3632
 20
-9395.3397
 10
312.224
 20
-9395.377
 10
312.1225
 20
-9395.3497
 10
312.0472
 20
-9395.2879
 10
311.9872
 20
-9395.2113
 10
311.9318
 20
-9395.1397
 10
311.7564
 20
-9394.9879
 10
311.5483
 20
-9394.8774
 10
311.3163
 20
-9394.8102
 10
311.0693
 20
-9394.7881
 10
310.8162
 20
-9394.8129
 10
310.5659
 20
-9394.8867
 10
310.3273
 20
-9395.0113
 10
310.1093
 20
-9395.1886
 10
309.995
 20
-9395.3177
 10
309.8953
 20
-9395.4641
 10
309.8097
 20
-9395.6312
 10
309.7376
 20
-9395.8227
 10
309.6755
 20
-9396.083
 10
309.6569
 20
-9396.2993
 10
309.6616
 20
-9396.4733
 10
309.6695
 20
-9396.6068
 10
309.6605
 20
-9396.7014
 10
309.6144
 20
-9396.7589
 10
309.511
 20
-9396.781
 10
309.3302
 20
-9396.7694
 10
309.1893
 20
-9396.7609
 10
309.0577
 20
-9396.7707
 10
308.9345
 20
-9396.7983
 10
308.8189
 20
-9396.8428
 10
308.6069
 20
-9396.98
 10
308.4147
 20
-9397.1766
 10
308.2799
 20
-9397.3781
 10
308.207
 20
-9397.5694
 10
308.1813
 20
-9397.7521
 10
308.1879
 20
-9397.9276
 10
308.2396
 20
-9398.2637
 10
308.2442
 20
-9398.5902
 10
307.9604
 20
-9398.6651
 10
307.6886
 20
-9398.7745
 10
307.508
 20
-9398.9546
 10
307.357
 20
-9399.1472
 10
307.1572
 20
-9399.0901
 10
306.7923
 20
-9398.9804
 10
306.5653
 20
-9398.9661
 10
306.3179
 20
-9399.0112
 10
306.0571
 20
-9399.1396
 10
305.7897
 20
-9399.3756
 10
305.6059
 20
-9399.6291
 10
305.4963
 20
-9399.8822
 10
305.4437
 20
-9400.1283
 10
305.4306
 20
-9400.3611
 10
305.4538
 20
-9400.7608
 10
305.4273
 20
-9401.0294
 10
305.1902
 20
-9401.0735
 10
304.8978
 20
-9401.0722
 10
304.7374
 20
-9401.0919
 10
304.5711
 20
-9401.1451
 10
304.4015
 20
-9401.2467
 10
304.2312
 20
-9401.4117
 10
304.0738
 20
-9401.6344
 10
303.9454
 20
-9401.9055
 10
303.8988
 20
-9402.0567
 10
303.8675
 20
-9402.217
 10
303.8543
 20
-9402.3853
 10
303.8618
 20
-9402.5606
 10
304.0962
 20
-9402.7259
 10
304.2387
 20
-9402.7875
 10
304.4086
 20
-9402.7857
 10
304.7254
 20
-9402.7606
 10
304.9943
 20
-9402.7655
 10
305.2464
 20
-9402.8069
 10
305.4853
 20
-9402.8797
 10
305.7151
 20
-9402.9785
 10
306.0559
 20
-9403.1718
 10
306.2782
 20
-9403.3489
 10
306.4172
 20
-9403.5072
 10
306.5083
 20
-9403.644
 10
306.5867
 20
-9403.7566
 10
306.6877
 20
-9403.8424
 10
306.8465
 20
-9403.8987
 10
307.0985
 20
-9403.9228
 10
307.1756
 20
-9403.7851
 10
307.2654
 20
-9403.6622
 10
307.3683
 20
-9403.5522
 10
307.4849
 20
-9403.4533
 10
307.761
 20
-9403.2814
 10
308.0977
 20
-9403.1318
 10
308.1034
 20
-9402.7873
 10
308.1288
 20
-9402.4543
 10
308.1809
 20
-9402.1357
 10
308.2664
 20
-9401.8347
 10
308.3922
 20
-9401.5542
 10
308.565
 20
-9401.2973
 10
308.7918
 20
-9401.0669
 10
309.0794
 20
-9400.8662
 10
309.501
 20
-9400.7118
 10
309.8575
 20
-9400.5921
  0
LWPOLYLINE
  5
69
330
1F
100
AcDbEntity
  8
Capa 1
 62
    97
100
AcDbPolyline
 90
      139
 70
     1
 43
0.0
 10
299.1321
 20
-9384.1872
 10
299.12
 20
-9384.0667
 10
299.017
 20
-9384.1257
 10
298.8832
 20
-9383.9085
 10
298.6986
 20
-9383.7705
 10
298.4828
 20
-9383.6955
 10
298.2554
 20
-9383.6674
 10
297.8441
 20
-9383.6868
 10
297.6216
 20
-9383.6994
 10
297.4128
 20
-9383.4576
 10
297.1605
 20
-9383.2093
 10
296.9656
 20
-9383.1066
 10
296.7694
 20
-9383.0493
 10
296.5734
 20
-9383.0328
 10
296.3789
 20
-9383.0524
 10
296.1875
 20
-9383.1036
 10
296.0006
 20
-9383.1818
 10
295.8198
 20
-9383.2822
 10
295.6464
 20
-9383.4004
 10
295.5221
 20
-9383.518
 10
295.4154
 20
-9383.6611
 10
295.3185
 20
-9383.8179
 10
295.2234
 20
-9383.9764
 10
294.5059
 20
-9384.0083
 10
294.3734
 20
-9383.772
 10
294.2278
 20
-9383.5729
 10
294.0472
 20
-9383.407
 10
293.8098
 20
-9383.2704
 10
293.6072
 20
-9383.1975
 10
293.4239
 20
-9383.1637
 10
293.2579
 20
-9383.1587
 10
293.1074
 20
-9383.172
 10
292.8454
 20
-9383.2117
 10
292.6227
 20
-9383.1993
 10
292.4604
 20
-9382.952
 10
292.1688
 20
-9382.4986
 10
291.9422
 20
-9382.2635
 10
291.6444
 20
-9382.0597
 10
291.2625
 20
-9381.9147
 10
290.7835
 20
-9381.856
 10
290.542
 20
-9381.8699
 10
290.3099
 20
-9381.9157
 10
290.0896
 20
-9381.9908
 10
289.884
 20
-9382.0926
 10
289.6955
 20
-9382.2185
 10
289.5268
 20
-9382.366
 10
289.3806
 20
-9382.5323
 10
289.2594
 20
-9382.715
 10
289.1349
 20
-9382.9856
 10
289.0458
 20
-9383.1621
 10
288.955
 20
-9383.242
 10
288.8533
 20
-9383.2516
 10
288.7317
 20
-9383.2168
 10
288.5808
 20
-9383.1638
 10
288.3915
 20
-9383.1185
 10
288.1546
 20
-9383.1071
 10
287.861
 20
-9383.1557
 10
287.6743
 20
-9383.2223
 10
287.5201
 20
-9383.3056
 10
287.3914
 20
-9383.3963
 10
287.2811
 20
-9383.485
 10
287.1821
 20
-9383.5622
 10
287.0874
 20
-9383.6188
 10
286.9899
 20
-9383.6452
 10
286.8825
 20
-9383.6321
 10
286.6604
 20
-9383.4349
 10
286.3774
 20
-9383.2061
 10
286.1526
 20
-9383.1107
 10
285.9211
 20
-9383.0644
 10
285.6888
 20
-9383.0643
 10
285.4616
 20
-9383.1075
 10
285.2453
 20
-9383.191
 10
285.0458
 20
-9383.3119
 10
284.8691
 20
-9383.4674
 10
284.7209
 20
-9383.6544
 10
284.6327
 20
-9383.8205
 10
284.5193
 20
-9383.9439
 10
284.3035
 20
-9383.9637
 10
284.1063
 20
-9383.9577
 10
284.0215
 20
-9383.9787
 10
283.9496
 20
-9384.0336
 10
283.8933
 20
-9384.1358
 10
283.8554
 20
-9384.2988
 10
284.0304
 20
-9384.4578
 10
284.1858
 20
-9384.6548
 10
284.3303
 20
-9384.9133
 10
284.4153
 20
-9385.0681
 10
284.4909
 20
-9385.1448
 10
284.6075
 20
-9385.1691
 10
284.8151
 20
-9385.1664
 10
285.1639
 20
-9385.1623
 10
285.7041
 20
-9385.1826
 10
286.4858
 20
-9385.2528
 10
286.8331
 20
-9385.311
 10
287.1073
 20
-9385.3914
 10
287.3252
 20
-9385.484
 10
287.5034
 20
-9385.579
 10
287.6586
 20
-9385.6665
 10
287.8074
 20
-9385.7367
 10
287.9665
 20
-9385.7798
 10
288.1526
 20
-9385.7858
 10
288.679
 20
-9385.7599
 10
289.1614
 20
-9385.7812
 10
289.3924
 20
-9385.816
 10
289.62
 20
-9385.8702
 10
289.8468
 20
-9385.9464
 10
290.0752
 20
-9386.0471
 10
290.2303
 20
-9386.1008
 10
290.3627
 20
-9386.1
 10
290.4947
 20
-9386.0602
 10
290.6483
 20
-9385.9968
 10
290.8459
 20
-9385.9253
 10
291.1096
 20
-9385.861
 10
291.4617
 20
-9385.8193
 10
291.9244
 20
-9385.8158
 10
292.3867
 20
-9385.8273
 10
292.6943
 20
-9385.8191
 10
292.8908
 20
-9385.7926
 10
293.0201
 20
-9385.7493
 10
293.252
 20
-9385.6185
 10
293.7403
 20
-9385.4383
 10
294.0692
 20
-9385.3773
 10
294.5482
 20
-9385.3247
 10
295.1291
 20
-9385.2803
 10
295.7642
 20
-9385.2444
 10
297.005
 20
-9385.1973
 10
297.887
 20
-9385.1834
 10
298.1944
 20
-9385.1812
 10
298.3837
 20
-9385.1678
 10
298.4882
 20
-9385.138
 10
298.5415
 20
-9385.0866
 10
298.5769
 20
-9385.0084
 10
298.6279
 20
-9384.898
 10
298.728
 20
-9384.7504
 10
298.9106
 20
-9384.5603
 10
298.9997
 20
-9384.4883
 10
299.0683
 20
-9384.4264
 10
299.1134
 20
-9384.3383
 10
299.1321
 20
-9384.1872
  0
LWPOLYLINE
  5
6A
330
1F
100
AcDbEntity
  8
Capa 1
 62
    97
100
AcDbPolyline
 90
       97
 70
     1
 43
0.0
 10
272.0689
 20
-9383.8869
 10
272.3578
 20
-9384.0114
 10
272.6643
 20
-9384.1181
 10
272.9214
 20
-9384.2659
 10
273.131
 20
-9384.4352
 10
273.3082
 20
-9384.6119
 10
273.4686
 20
-9384.7818
 10
273.6274
 20
-9384.9307
 10
273.7999
 20
-9385.0444
 10
274.0014
 20
-9385.1088
 10
274.2474
 20
-9385.1097
 10
275.0629
 20
-9385.0183
 10
275.8654
 20
-9384.9592
 10
276.6721
 20
-9384.9314
 10
277.5001
 20
-9384.9338
 10
278.4361
 20
-9384.9436
 10
279.471
 20
-9384.9784
 10
279.9862
 20
-9385.0239
 10
280.4787
 20
-9385.0982
 10
280.933
 20
-9385.2088
 10
281.3331
 20
-9385.3632
 10
281.4274
 20
-9385.3983
 10
281.5101
 20
-9385.4084
 10
281.5844
 20
-9385.3983
 10
281.6533
 20
-9385.3728
 10
281.7878
 20
-9385.295
 10
281.9386
 20
-9385.2135
 10
282.1035
 20
-9385.1583
 10
282.2911
 20
-9385.1185
 10
282.4949
 20
-9385.0919
 10
282.7085
 20
-9385.0763
 10
283.1388
 20
-9385.0686
 10
283.5296
 20
-9385.0773
 10
283.4295
 20
-9384.9091
 10
283.2951
 20
-9384.7855
 10
283.1507
 20
-9384.6745
 10
283.0206
 20
-9384.5446
 10
283.0387
 20
-9384.326
 10
283.1077
 20
-9383.9997
 10
283.1114
 20
-9383.8054
 10
283.0679
 20
-9383.5953
 10
282.9575
 20
-9383.3732
 10
282.76
 20
-9383.1428
 10
282.5395
 20
-9382.975
 10
282.3311
 20
-9382.8871
 10
282.1329
 20
-9382.8598
 10
281.9429
 20
-9382.874
 10
281.7592
 20
-9382.9104
 10
281.5799
 20
-9382.95
 10
281.403
 20
-9382.9734
 10
281.2267
 20
-9382.9616
 10
281.1069
 20
-9382.8244
 10
280.9464
 20
-9382.5734
 10
280.8377
 20
-9382.4275
 10
280.7031
 20
-9382.28
 10
280.5372
 20
-9382.1397
 10
280.3348
 20
-9382.0156
 10
279.9228
 20
-9381.8646
 10
279.5463
 20
-9381.8278
 10
279.2094
 20
-9381.877
 10
278.9162
 20
-9381.9837
 10
278.4774
 20
-9382.2558
 10
278.2631
 20
-9382.4166
 10
278.1085
 20
-9382.4277
 10
277.9921
 20
-9382.3562
 10
277.8891
 20
-9382.2211
 10
277.7746
 20
-9382.0417
 10
277.6237
 20
-9381.8369
 10
277.4116
 20
-9381.626
 10
277.1134
 20
-9381.428
 10
276.7042
 20
-9381.262
 10
276.3107
 20
-9381.1969
 10
275.9297
 20
-9381.2304
 10
275.5684
 20
-9381.3436
 10
275.234
 20
-9381.5178
 10
274.9336
 20
-9381.7343
 10
274.6744
 20
-9381.9741
 10
274.4636
 20
-9382.2186
 10
274.3082
 20
-9382.4489
 10
274.2252
 20
-9382.6029
 10
274.1371
 20
-9382.738
 10
274.0813
 20
-9382.7933
 10
274.0124
 20
-9382.8376
 10
273.9263
 20
-9382.8688
 10
273.8192
 20
-9382.8849
 10
273.589
 20
-9382.8822
 10
273.3921
 20
-9382.862
 10
273.184
 20
-9382.8582
 10
272.9199
 20
-9382.9042
 10
272.7581
 20
-9382.9588
 10
272.602
 20
-9383.0347
 10
272.4567
 20
-9383.1311
 10
272.3273
 20
-9383.247
 10
272.2187
 20
-9383.3814
 10
272.1361
 20
-9383.5335
 10
272.0845
 20
-9383.7023
 10
272.0689
 20
-9383.8869
  0
LWPOLYLINE
  5
6B
330
1F
100
AcDbEntity
  8
Capa 1
 62
    97
100
AcDbPolyline
 90
       55
 70
     1
 43
0.0
 10
270.8112
 20
-9412.8923
 10
268.7443
 20
-9410.6804
 10
268.9667
 20
-9410.7854
 10
269.2468
 20
-9410.9584
 10
269.5234
 20
-9411.1453
 10
269.7354
 20
-9411.2922
 10
270.2046
 20
-9411.6364
 10
270.6287
 20
-9411.9915
 10
271.0356
 20
-9412.368
 10
271.453
 20
-9412.776
 10
271.8398
 20
-9413.1793
 10
272.2198
 20
-9413.5479
 10
272.2628
 20
-9413.2759
 10
272.2767
 20
-9412.9804
 10
272.2648
 20
-9412.6707
 10
272.2305
 20
-9412.3563
 10
272.1772
 20
-9412.0467
 10
272.1083
 20
-9411.7513
 10
272.0271
 20
-9411.4795
 10
271.9371
 20
-9411.2408
 10
271.7183
 20
-9410.804
 10
271.4522
 20
-9410.4027
 10
271.1434
 20
-9410.0378
 10
270.7963
 20
-9409.7104
 10
270.4155
 20
-9409.4215
 10
270.0054
 20
-9409.172
 10
269.5705
 20
-9408.963
 10
269.1154
 20
-9408.7953
 10
268.6136
 20
-9408.6659
 10
267.979
 20
-9408.5516
 10
267.6535
 20
-9408.5126
 10
267.3446
 20
-9408.4923
 10
267.0689
 20
-9408.4958
 10
266.8432
 20
-9408.528
 10
266.775
 20
-9408.7319
 10
266.7462
 20
-9408.9843
 10
266.7499
 20
-9409.2701
 10
266.7795
 20
-9409.5747
 10
266.8891
 20
-9410.1803
 10
267.021
 20
-9410.682
 10
267.1841
 20
-9411.1536
 10
267.3762
 20
-9411.5925
 10
267.5959
 20
-9411.994
 10
267.8421
 20
-9412.3531
 10
268.0851
 20
-9412.6503
 10
268.2939
 20
-9412.8657
 10
268.48
 20
-9413.0135
 10
268.6551
 20
-9413.1077
 10
269.018
 20
-9413.1918
 10
269.4749
 20
-9413.2306
 10
270.0422
 20
-9413.3115
 10
270.5016
 20
-9413.4194
 10
270.9381
 20
-9413.5476
 10
271.4364
 20
-9413.6896
 10
270.8112
 20
-9412.8923
  0
LWPOLYLINE
  5
6C
330
1F
100
AcDbEntity
  8
Capa 1
 62
    97
100
AcDbPolyline
 90
       58
 70
     1
 43
0.0
 10
309.9477
 20
-9413.6612
 10
310.4517
 20
-9413.5116
 10
310.9117
 20
-9413.3736
 10
311.3942
 20
-9413.259
 10
311.9659
 20
-9413.1793
 10
312.2772
 20
-9413.1464
 10
312.4993
 20
-9413.111
 10
312.6544
 20
-9413.0684
 10
312.765
 20
-9413.0137
 10
312.9419
 20
-9412.8495
 10
313.2086
 20
-9412.5805
 10
313.3744
 20
-9412.4048
 10
313.5362
 20
-9412.1851
 10
313.6911
 20
-9411.9317
 10
313.8362
 20
-9411.6551
 10
314.0855
 20
-9411.074
 10
314.2612
 20
-9410.525
 10
314.4285
 20
-9409.4578
 10
314.4535
 20
-9409.1538
 10
314.4499
 20
-9408.8732
 10
314.4183
 20
-9408.757
 10
314.3567
 20
-9408.6652
 10
314.2574
 20
-9408.6038
 10
314.1128
 20
-9408.579
 10
313.5701
 20
-9408.5976
 10
313.0351
 20
-9408.6759
 10
312.5158
 20
-9408.8048
 10
312.0203
 20
-9408.9755
 10
311.5565
 20
-9409.179
 10
311.1326
 20
-9409.4063
 10
310.7566
 20
-9409.6486
 10
310.4365
 20
-9409.8968
 10
310.1216
 20
-9410.2143
 10
309.8388
 20
-9410.5943
 10
309.5938
 20
-9411.0246
 10
309.3919
 20
-9411.4935
 10
309.2388
 20
-9411.9889
 10
309.1399
 20
-9412.4989
 10
309.1009
 20
-9413.0117
 10
309.1271
 20
-9413.5152
 10
309.2396
 20
-9413.4526
 10
309.3478
 20
-9413.3465
 10
309.447
 20
-9413.2243
 10
309.5327
 20
-9413.1133
 10
310.13
 20
-9412.5271
 10
310.3166
 20
-9412.3199
 10
310.7335
 20
-9411.9469
 10
311.0663
 20
-9411.6725
 10
311.6183
 20
-9411.2634
 10
311.9167
 20
-9411.057
 10
312.198
 20
-9410.8753
 10
312.4383
 20
-9410.7377
 10
312.6138
 20
-9410.6639
 10
310.8802
 20
-9412.489
 10
310.6607
 20
-9412.7491
 10
310.3805
 20
-9413.0771
 10
310.1171
 20
-9413.4041
 10
309.9477
 20
-9413.6612
  0
LWPOLYLINE
  5
6D
330
1F
100
AcDbEntity
  8
Capa 1
 62
   134
100
AcDbPolyline
 90
       25
 70
     1
 43
0.0
 10
297.8053
 20
-9406.8166
 10
297.9138
 20
-9406.6514
 10
298.2221
 20
-9406.5399
 10
298.6722
 20
-9406.4731
 10
299.2061
 20
-9406.4422
 10
300.2937
 20
-9406.4525
 10
301.0211
 20
-9406.4997
 10
301.279
 20
-9406.5199
 10
301.5791
 20
-9406.5578
 10
301.7143
 20
-9406.5931
 10
301.8231
 20
-9406.6445
 10
301.8933
 20
-9406.7159
 10
301.9126
 20
-9406.8112
 10
301.8305
 20
-9406.935
 10
301.633
 20
-9407.0248
 10
301.3528
 20
-9407.086
 10
301.0228
 20
-9407.1241
 10
300.3443
 20
-9407.1523
 10
299.8599
 20
-9407.1525
 10
299.4225
 20
-9407.1484
 10
298.7339
 20
-9407.1132
 10
298.3893
 20
-9407.0735
 10
298.0946
 20
-9407.0136
 10
297.8874
 20
-9406.9294
 10
297.8053
 20
-9406.8166
  0
LWPOLYLINE
  5
6E
330
1F
100
AcDbEntity
  8
Capa 1
 62
   134
100
AcDbPolyline
 90
       13
 70
     1
 43
0.0
 10
298.2009
 20
-9422.0371
 10
298.3302
 20
-9422.2621
 10
298.463
 20
-9422.6114
 10
298.5758
 20
-9422.9762
 10
298.645
 20
-9423.2475
 10
298.5955
 20
-9423.4551
 10
298.4039
 20
-9423.5489
 10
297.6815
 20
-9423.5592
 10
297.4851
 20
-9423.4684
 10
297.4331
 20
-9423.2584
 10
297.7816
 20
-9422.131
 10
297.9646
 20
-9421.9648
 10
298.2009
 20
-9422.0371
  0
LWPOLYLINE
  5
6F
330
1F
100
AcDbEntity
  8
Capa 1
 62
   134
100
AcDbPolyline
 90
       26
 70
     1
 43
0.0
 10
290.9521
 20
-9416.3882
 10
291.1517
 20
-9416.383
 10
291.3589
 20
-9416.3881
 10
291.5626
 20
-9416.4116
 10
291.7518
 20
-9416.4615
 10
291.9157
 20
-9416.5458
 10
292.0431
 20
-9416.6725
 10
292.1232
 20
-9416.8497
 10
292.1449
 20
-9417.0853
 10
292.1061
 20
-9417.3099
 10
292.0172
 20
-9417.4783
 10
291.8874
 20
-9417.5984
 10
291.7259
 20
-9417.6781
 10
291.5421
 20
-9417.7254
 10
291.3452
 20
-9417.7481
 10
291.1446
 20
-9417.7541
 10
290.9495
 20
-9417.7514
 10
290.8537
 20
-9417.7299
 10
290.7759
 20
-9417.6754
 10
290.7238
 20
-9417.5959
 10
290.7053
 20
-9417.4995
 10
290.7122
 20
-9416.636
 10
290.7314
 20
-9416.5418
 10
290.7826
 20
-9416.4641
 10
290.8585
 20
-9416.4104
 10
290.9521
 20
-9416.3882
  0
LWPOLYLINE
  5
70
330
1F
100
AcDbEntity
  8
Capa 1
 62
   134
100
AcDbPolyline
 90
       18
 70
     1
 43
0.0
 10
295.7674
 20
-9416.9618
 10
295.8552
 20
-9417.2396
 10
295.9578
 20
-9417.5435
 10
296.0456
 20
-9417.8468
 10
296.0889
 20
-9418.1229
 10
296.0171
 20
-9418.3095
 10
295.8316
 20
-9418.3839
 10
295.135
 20
-9418.363
 10
294.9509
 20
-9418.2737
 10
294.8951
 20
-9418.077
 10
294.9579
 20
-9417.7919
 10
295.0728
 20
-9417.4142
 10
295.1428
 20
-9417.2259
 10
295.2176
 20
-9417.0569
 10
295.2942
 20
-9416.9212
 10
295.3701
 20
-9416.8331
 10
295.6034
 20
-9416.7904
 10
295.7674
 20
-9416.9618
  0
LWPOLYLINE
  5
71
330
1F
100
AcDbEntity
  8
Capa 1
 62
   134
100
AcDbPolyline
 90
       18
 70
     1
 43
0.0
 10
287.4966
 20
-9416.9305
 10
287.6045
 20
-9417.1759
 10
287.7216
 20
-9417.5134
 10
287.8163
 20
-9417.8554
 10
287.8573
 20
-9418.1145
 10
287.8394
 20
-9418.212
 10
287.7873
 20
-9418.2924
 10
287.7088
 20
-9418.3476
 10
287.6121
 20
-9418.3692
 10
286.9221
 20
-9418.3824
 10
286.7289
 20
-9418.2967
 10
286.6703
 20
-9418.0936
 10
286.7315
 20
-9417.8377
 10
286.8424
 20
-9417.4723
 10
286.9698
 20
-9417.1181
 10
287.0805
 20
-9416.8958
 10
287.2979
 20
-9416.8011
 10
287.4966
 20
-9416.9305
  0
LWPOLYLINE
  5
72
330
1F
100
AcDbEntity
  8
Capa 1
 62
   134
100
AcDbPolyline
 90
       16
 70
     1
 43
0.0
 10
302.4876
 20
-9416.9553
 10
302.8657
 20
-9418.0332
 10
302.8362
 20
-9418.2571
 10
302.6382
 20
-9418.3659
 10
301.9091
 20
-9418.3905
 10
301.7014
 20
-9418.2915
 10
301.6625
 20
-9418.0648
 10
302.0135
 20
-9416.9623
 10
302.0488
 20
-9416.8913
 10
302.1022
 20
-9416.8367
 10
302.17
 20
-9416.8013
 10
302.2481
 20
-9416.7881
 10
302.3265
 20
-9416.799
 10
302.3953
 20
-9416.8324
 10
302.4503
 20
-9416.8854
 10
302.4876
 20
-9416.9553
  0
LWPOLYLINE
  5
73
330
1F
100
AcDbEntity
  8
Capa 1
 62
   134
100
AcDbPolyline
 90
       16
 70
     1
 43
0.0
 10
280.5153
 20
-9416.8915
 10
280.6249
 20
-9417.1197
 10
280.7526
 20
-9417.4824
 10
280.8614
 20
-9417.854
 10
280.9142
 20
-9418.109
 10
280.8498
 20
-9418.2974
 10
280.6682
 20
-9418.379
 10
279.9593
 20
-9418.3881
 10
279.7691
 20
-9418.304
 10
279.7083
 20
-9418.1052
 10
279.7705
 20
-9417.8205
 10
279.8675
 20
-9417.5307
 10
279.977
 20
-9417.243
 10
280.0762
 20
-9416.9643
 10
280.2735
 20
-9416.7936
 10
280.5153
 20
-9416.8915
  0
LWPOLYLINE
  5
74
330
1F
100
AcDbEntity
  8
Capa 1
 62
   134
100
AcDbPolyline
 90
       25
 70
     1
 43
0.0
 10
286.746
 20
-9424.7975
 10
286.9177
 20
-9424.8346
 10
287.1683
 20
-9424.8585
 10
287.4247
 20
-9424.8584
 10
287.614
 20
-9424.8232
 10
287.6723
 20
-9424.7769
 10
287.7112
 20
-9424.7021
 10
287.7341
 20
-9424.6058
 10
287.7448
 20
-9424.4951
 10
287.7437
 20
-9424.258
 10
287.7369
 20
-9424.0469
 10
287.7434
 20
-9423.3726
 10
287.7517
 20
-9422.4423
 10
287.7425
 20
-9421.53
 10
287.6969
 20
-9420.91
 10
287.4855
 20
-9420.8751
 10
287.2181
 20
-9420.8652
 10
286.9522
 20
-9420.8819
 10
286.7453
 20
-9420.9274
 10
286.7055
 20
-9421.1921
 10
286.6822
 20
-9421.6624
 10
286.6729
 20
-9422.2668
 10
286.675
 20
-9422.9338
 10
286.7032
 20
-9424.1695
 10
286.746
 20
-9424.7975
  0
LWPOLYLINE
  5
75
330
1F
100
AcDbEntity
  8
Capa 1
 62
   134
100
AcDbPolyline
 90
       33
 70
     1
 43
0.0
 10
275.3891
 20
-9424.7987
 10
275.6116
 20
-9424.8507
 10
275.8932
 20
-9424.8755
 10
276.2135
 20
-9424.8753
 10
276.5523
 20
-9424.8526
 10
276.8892
 20
-9424.8099
 10
277.204
 20
-9424.7494
 10
277.4764
 20
-9424.6736
 10
277.6861
 20
-9424.5849
 10
277.8707
 20
-9424.4635
 10
278.0387
 20
-9424.3119
 10
278.1877
 20
-9424.1317
 10
278.3151
 20
-9423.9247
 10
278.4187
 20
-9423.6926
 10
278.4958
 20
-9423.4371
 10
278.5443
 20
-9423.16
 10
278.5615
 20
-9422.8629
 10
278.4273
 20
-9422.0253
 10
278.0689
 20
-9421.4517
 10
277.561
 20
-9421.0953
 10
276.9782
 20
-9420.9091
 10
276.3948
 20
-9420.8461
 10
275.8856
 20
-9420.8595
 10
275.5251
 20
-9420.9022
 10
275.3879
 20
-9420.9274
 10
275.3532
 20
-9421.1511
 10
275.3288
 20
-9421.594
 10
275.3144
 20
-9422.1838
 10
275.31
 20
-9422.8479
 10
275.3154
 20
-9423.5139
 10
275.3305
 20
-9424.1093
 10
275.3551
 20
-9424.5617
 10
275.3891
 20
-9424.7987
  0
LWPOLYLINE
  5
76
330
1F
100
AcDbEntity
  8
Capa 1
 62
   134
100
AcDbPolyline
 90
       18
 70
     1
 43
0.0
 10
276.3567
 20
-9423.8726
 10
276.3513
 20
-9421.8559
 10
276.6233
 20
-9421.845
 10
276.8618
 20
-9421.873
 10
277.0659
 20
-9421.9401
 10
277.2349
 20
-9422.0462
 10
277.3679
 20
-9422.1916
 10
277.4643
 20
-9422.3761
 10
277.5232
 20
-9422.5999
 10
277.5439
 20
-9422.8631
 10
277.5243
 20
-9423.1242
 10
277.464
 20
-9423.3446
 10
277.365
 20
-9423.5253
 10
277.2292
 20
-9423.6676
 10
277.0586
 20
-9423.7724
 10
276.855
 20
-9423.8407
 10
276.6204
 20
-9423.8738
 10
276.3567
 20
-9423.8726
  0
LWPOLYLINE
  5
77
330
1F
100
AcDbEntity
  8
Capa 1
 62
   134
100
AcDbPolyline
 90
       37
 70
     1
 43
0.0
 10
283.2709
 20
-9420.9076
 10
283.083
 20
-9420.8826
 10
282.8135
 20
-9420.8665
 10
282.5463
 20
-9420.8772
 10
282.3653
 20
-9420.9324
 10
282.3167
 20
-9421.0709
 10
282.2869
 20
-9421.3638
 10
282.2721
 20
-9421.7619
 10
282.2685
 20
-9422.216
 10
282.2799
 20
-9423.0954
 10
282.2907
 20
-9423.6084
 10
282.2852
 20
-9424.3453
 10
282.3248
 20
-9424.7135
 10
282.3891
 20
-9424.799
 10
282.4978
 20
-9424.8398
 10
282.662
 20
-9424.8518
 10
282.8927
 20
-9424.8509
 10
283.3046
 20
-9424.8565
 10
283.8383
 20
-9424.8634
 10
284.3489
 20
-9424.8498
 10
284.6913
 20
-9424.7943
 10
284.7298
 20
-9424.6096
 10
284.7496
 20
-9424.3777
 10
284.7409
 20
-9424.1453
 10
284.6938
 20
-9423.9592
 10
284.5803
 20
-9423.9051
 10
284.4293
 20
-9423.8745
 10
284.2515
 20
-9423.8618
 10
284.0573
 20
-9423.8614
 10
283.6619
 20
-9423.8756
 10
283.3277
 20
-9423.8725
 10
283.2953
 20
-9423.173
 10
283.3202
 20
-9422.3225
 10
283.333
 20
-9421.8983
 10
283.3347
 20
-9421.5057
 10
283.3168
 20
-9421.1678
 10
283.2709
 20
-9420.9076
  0
LWPOLYLINE
  5
78
330
1F
100
AcDbEntity
  8
Capa 1
 62
   134
100
AcDbPolyline
 90
       48
 70
     1
 43
0.0
 10
301.0325
 20
-9423.2028
 10
300.7206
 20
-9423.6188
 10
300.4973
 20
-9423.9766
 10
300.4305
 20
-9424.1558
 10
300.3998
 20
-9424.347
 10
300.41
 20
-9424.5591
 10
300.4655
 20
-9424.8008
 10
300.9804
 20
-9424.8525
 10
301.88
 20
-9424.8697
 10
302.7774
 20
-9424.8518
 10
303.2859
 20
-9424.7982
 10
303.3265
 20
-9424.6118
 10
303.3496
 20
-9424.3733
 10
303.3396
 20
-9424.1387
 10
303.2807
 20
-9423.9641
 10
303.2233
 20
-9423.9112
 10
303.1563
 20
-9423.8875
 10
303.0642
 20
-9423.8815
 10
302.9315
 20
-9423.8816
 10
302.6433
 20
-9423.886
 10
302.3158
 20
-9423.8935
 10
302.0034
 20
-9423.8914
 10
301.7603
 20
-9423.8675
 10
302.0082
 20
-9423.4832
 10
302.4366
 20
-9422.8945
 10
302.8899
 20
-9422.2829
 10
303.2125
 20
-9421.8301
 10
303.2573
 20
-9421.7392
 10
303.2899
 20
-9421.6264
 10
303.3102
 20
-9421.499
 10
303.3184
 20
-9421.3644
 10
303.2981
 20
-9421.1024
 10
303.2292
 20
-9420.8988
 10
300.6138
 20
-9420.8926
 10
300.5542
 20
-9420.9249
 10
300.5129
 20
-9420.9703
 10
300.4866
 20
-9421.027
 10
300.4723
 20
-9421.0933
 10
300.4666
 20
-9421.2472
 10
300.4708
 20
-9421.4177
 10
300.4746
 20
-9421.6026
 10
300.4963
 20
-9421.728
 10
300.5533
 20
-9421.8048
 10
300.6629
 20
-9421.8439
 10
301.1102
 20
-9421.8532
 10
301.9776
 20
-9421.8435
 10
301.5039
 20
-9422.5343
 10
301.0325
 20
-9423.2028
  0
LWPOLYLINE
  5
79
330
1F
100
AcDbEntity
  8
Capa 1
 62
   134
100
AcDbPolyline
 90
       62
 70
     1
 43
0.0
 10
281.6332
 20
-9421.7783
 10
281.6911
 20
-9421.6293
 10
281.72
 20
-9421.3504
 10
281.7112
 20
-9421.149
 10
281.6696
 20
-9421.0127
 10
281.6
 20
-9420.9291
 10
281.5073
 20
-9420.8859
 10
281.3964
 20
-9420.8705
 10
281.272
 20
-9420.8705
 10
281.1391
 20
-9420.8736
 10
279.2221
 20
-9420.906
 10
279.1362
 20
-9421.0509
 10
279.1078
 20
-9421.1854
 10
279.1096
 20
-9421.3407
 10
279.1146
 20
-9421.5478
 10
279.1072
 20
-9422.2277
 10
279.1025
 20
-9423.2588
 10
279.1164
 20
-9424.2459
 10
279.1647
 20
-9424.7936
 10
279.3467
 20
-9424.8314
 10
279.6493
 20
-9424.8549
 10
280.0308
 20
-9424.866
 10
280.4497
 20
-9424.8664
 10
281.233
 20
-9424.8417
 10
281.6665
 20
-9424.7945
 10
281.7052
 20
-9424.6173
 10
281.7246
 20
-9424.3962
 10
281.7201
 20
-9424.1734
 10
281.6871
 20
-9423.991
 10
281.5691
 20
-9423.9118
 10
281.4498
 20
-9423.8871
 10
281.3122
 20
-9423.8914
 10
281.1391
 20
-9423.8987
 10
280.1466
 20
-9423.8603
 10
280.1465
 20
-9423.4423
 10
280.207
 20
-9423.3456
 10
280.3266
 20
-9423.3065
 10
280.4895
 20
-9423.3064
 10
280.6795
 20
-9423.3269
 10
280.8806
 20
-9423.3496
 10
281.0767
 20
-9423.356
 10
281.2519
 20
-9423.3276
 10
281.39
 20
-9423.2461
 10
281.4604
 20
-9423.0961
 10
281.4904
 20
-9422.8696
 10
281.4874
 20
-9422.7503
 10
281.4709
 20
-9422.639
 10
281.4396
 20
-9422.5448
 10
281.3925
 20
-9422.4768
 10
281.2984
 20
-9422.4257
 10
281.1624
 20
-9422.4002
 10
280.9968
 20
-9422.3933
 10
280.8138
 20
-9422.3978
 10
280.4441
 20
-9422.4129
 10
280.151
 20
-9422.3888
 10
280.1467
 20
-9421.8671
 10
280.4863
 20
-9421.8356
 10
280.9245
 20
-9421.8485
 10
281.1444
 20
-9421.8537
 10
281.3455
 20
-9421.8485
 10
281.5133
 20
-9421.8258
 10
281.6332
 20
-9421.7783
  0
LWPOLYLINE
  5
7A
330
1F
100
AcDbEntity
  8
Capa 1
 62
   134
100
AcDbPolyline
 90
       54
 70
     1
 43
0.0
 10
304.7972
 20
-9420.9518
 10
304.6605
 20
-9420.8838
 10
304.4451
 20
-9420.8561
 10
304.214
 20
-9420.8605
 10
304.0299
 20
-9420.8893
 10
303.9556
 20
-9420.9248
 10
303.9056
 20
-9420.9808
 10
303.8753
 20
-9421.0538
 10
303.8603
 20
-9421.1402
 10
303.8585
 20
-9421.3388
 10
303.8648
 20
-9421.5478
 10
303.8527
 20
-9422.124
 10
303.8439
 20
-9422.7077
 10
303.8672
 20
-9423.2727
 10
303.9513
 20
-9423.793
 10
304.125
 20
-9424.2426
 10
304.4171
 20
-9424.5956
 10
304.8564
 20
-9424.8258
 10
305.4717
 20
-9424.9073
 10
306.0924
 20
-9424.8235
 10
306.5342
 20
-9424.592
 10
306.8267
 20
-9424.2377
 10
306.9995
 20
-9423.7859
 10
307.0824
 20
-9423.2615
 10
307.1048
 20
-9422.6896
 10
307.0965
 20
-9422.0954
 10
307.087
 20
-9421.5039
 10
307.095
 20
-9421.2919
 10
307.0907
 20
-9421.1029
 10
307.0707
 20
-9421.0238
 10
307.0317
 20
-9420.9588
 10
306.9685
 20
-9420.9104
 10
306.8756
 20
-9420.8816
 10
306.1023
 20
-9420.9076
 10
306.0387
 20
-9421.3344
 10
306.0342
 20
-9421.8173
 10
306.0571
 20
-9422.3211
 10
306.0756
 20
-9422.8105
 10
306.058
 20
-9423.2503
 10
305.9727
 20
-9423.6055
 10
305.7879
 20
-9423.8406
 10
305.472
 20
-9423.9206
 10
305.2469
 20
-9423.8861
 10
305.0861
 20
-9423.8005
 10
304.979
 20
-9423.6724
 10
304.9152
 20
-9423.5101
 10
304.8749
 20
-9423.1167
 10
304.881
 20
-9422.6877
 10
304.8906
 20
-9422.3205
 10
304.899
 20
-9421.768
 10
304.8938
 20
-9421.4882
 10
304.8775
 20
-9421.2413
 10
304.8465
 20
-9421.0537
 10
304.7972
 20
-9420.9518
  0
LWPOLYLINE
  5
7B
330
1F
100
AcDbEntity
  8
Capa 1
 62
   134
100
AcDbPolyline
 90
       52
 70
     1
 43
0.0
 10
293.5679
 20
-9420.9134
 10
292.7602
 20
-9420.8844
 10
292.681
 20
-9420.9192
 10
292.6269
 20
-9420.9749
 10
292.5934
 20
-9421.0479
 10
292.5761
 20
-9421.1347
 10
292.5719
 20
-9421.3351
 10
292.5788
 20
-9421.5478
 10
292.5791
 20
-9423.2152
 10
292.6159
 20
-9423.5867
 10
292.6995
 20
-9423.9196
 10
292.8303
 20
-9424.2104
 10
293.0087
 20
-9424.4554
 10
293.2349
 20
-9424.6513
 10
293.5093
 20
-9424.7946
 10
293.8323
 20
-9424.8816
 10
294.2042
 20
-9424.909
 10
294.826
 20
-9424.8226
 10
295.2661
 20
-9424.5929
 10
295.5552
 20
-9424.2437
 10
295.7238
 20
-9423.7992
 10
295.8026
 20
-9423.2833
 10
295.8223
 20
-9422.7201
 10
295.8134
 20
-9422.1336
 10
295.8066
 20
-9421.5478
 10
295.8151
 20
-9421.3538
 10
295.8145
 20
-9421.1555
 10
295.7998
 20
-9421.0658
 10
295.7696
 20
-9420.9884
 10
295.7194
 20
-9420.9277
 10
295.645
 20
-9420.8882
 10
294.8737
 20
-9420.9058
 10
294.8184
 20
-9421.0474
 10
294.7846
 20
-9421.2392
 10
294.7678
 20
-9421.467
 10
294.7639
 20
-9421.7165
 10
294.7773
 20
-9422.2229
 10
294.7905
 20
-9422.6439
 10
294.794
 20
-9423.0758
 10
294.7491
 20
-9423.4878
 10
294.6843
 20
-9423.6611
 10
294.5782
 20
-9423.7993
 10
294.4214
 20
-9423.8922
 10
294.204
 20
-9423.9297
 10
293.8826
 20
-9423.8452
 10
293.6935
 20
-9423.5978
 10
293.6052
 20
-9423.2272
 10
293.5861
 20
-9422.7729
 10
293.6044
 20
-9422.2747
 10
293.6285
 20
-9421.7723
 10
293.6269
 20
-9421.3053
 10
293.5679
 20
-9420.9134
  0
LWPOLYLINE
  5
7C
330
1F
100
AcDbEntity
  8
Capa 1
 62
   134
100
AcDbPolyline
 90
       73
 70
     1
 43
0.0
 10
290.9405
 20
-9423.4178
 10
290.9007
 20
-9423.6362
 10
290.7393
 20
-9423.8066
 10
290.4952
 20
-9423.9118
 10
290.2074
 20
-9423.9349
 10
289.9148
 20
-9423.8586
 10
289.6563
 20
-9423.6659
 10
289.471
 20
-9423.3398
 10
289.3978
 20
-9422.8631
 10
289.4066
 20
-9422.6796
 10
289.4355
 20
-9422.5071
 10
289.4835
 20
-9422.3482
 10
289.55
 20
-9422.2053
 10
289.6341
 20
-9422.0809
 10
289.7352
 20
-9421.9775
 10
289.8524
 20
-9421.8975
 10
289.9849
 20
-9421.8436
 10
290.2174
 20
-9421.8031
 10
290.4126
 20
-9421.817
 10
290.574
 20
-9421.8719
 10
290.7051
 20
-9421.9542
 10
290.8901
 20
-9422.1472
 10
290.9953
 20
-9422.288
 10
291.2013
 20
-9422.2384
 10
291.4424
 20
-9422.146
 10
291.6686
 20
-9422.0376
 10
291.8298
 20
-9421.9406
 10
291.8176
 20
-9421.7826
 10
291.7615
 20
-9421.6257
 10
291.6704
 20
-9421.4739
 10
291.5529
 20
-9421.3315
 10
291.4176
 20
-9421.2028
 10
291.2734
 20
-9421.0921
 10
291.1288
 20
-9421.0035
 10
290.9926
 20
-9420.9414
 10
290.8122
 20
-9420.8839
 10
290.6238
 20
-9420.841
 10
290.4305
 20
-9420.814
 10
290.2352
 20
-9420.8039
 10
290.0408
 20
-9420.8117
 10
289.8503
 20
-9420.8387
 10
289.6666
 20
-9420.8859
 10
289.4928
 20
-9420.9544
 10
289.1886
 20
-9421.1234
 10
288.9406
 20
-9421.3217
 10
288.7353
 20
-9421.5648
 10
288.5596
 20
-9421.8686
 10
288.3844
 20
-9422.3888
 10
288.3389
 20
-9422.9372
 10
288.4197
 20
-9423.4793
 10
288.6235
 20
-9423.9803
 10
288.947
 20
-9424.4055
 10
289.3869
 20
-9424.7203
 10
289.94
 20
-9424.8899
 10
290.6029
 20
-9424.8797
 10
291.0182
 20
-9424.7655
 10
291.3576
 20
-9424.5742
 10
291.6234
 20
-9424.3207
 10
291.8179
 20
-9424.0196
 10
291.9435
 20
-9423.6857
 10
292.0026
 20
-9423.3339
 10
291.9973
 20
-9422.9787
 10
291.9302
 20
-9422.6351
 10
291.6052
 20
-9422.5935
 10
291.0933
 20
-9422.5809
 10
290.5836
 20
-9422.5983
 10
290.2649
 20
-9422.6469
 10
290.2229
 20
-9422.8178
 10
290.2095
 20
-9423.0085
 10
290.2177
 20
-9423.1983
 10
290.2407
 20
-9423.3668
 10
290.5717
 20
-9423.4138
 10
290.9405
 20
-9423.4178
  0
LWPOLYLINE
  5
7D
330
1F
100
AcDbEntity
  8
Capa 1
 62
   134
100
AcDbPolyline
 90
       45
 70
     1
 43
0.0
 10
296.232
 20
-9424.7833
 10
296.3903
 20
-9424.8473
 10
296.6337
 20
-9424.8736
 10
296.89
 20
-9424.8664
 10
297.0867
 20
-9424.8302
 10
297.1473
 20
-9424.7949
 10
297.1994
 20
-9424.7375
 10
297.2442
 20
-9424.663
 10
297.2828
 20
-9424.5768
 10
297.3456
 20
-9424.39
 10
297.3965
 20
-9424.2186
 10
298.6894
 20
-9424.2226
 10
298.8484
 20
-9424.7046
 10
298.9345
 20
-9424.7934
 10
299.0606
 20
-9424.8485
 10
299.2122
 20
-9424.8753
 10
299.3748
 20
-9424.8793
 10
299.6743
 20
-9424.8405
 10
299.8426
 20
-9424.7752
 10
299.8846
 20
-9424.6984
 10
299.8913
 20
-9424.5879
 10
299.8708
 20
-9424.4539
 10
299.8309
 20
-9424.3068
 10
299.7247
 20
-9424.0139
 10
299.6363
 20
-9423.7911
 10
298.6821
 20
-9421.1041
 10
298.6462
 20
-9421.0001
 10
298.6359
 20
-9420.966
 10
298.6148
 20
-9420.9548
 10
298.5463
 20
-9420.9195
 10
298.344
 20
-9420.8737
 10
298.0594
 20
-9420.8604
 10
297.7666
 20
-9420.872
 10
297.5398
 20
-9420.9011
 10
297.369
 20
-9421.2469
 10
297.1637
 20
-9421.7948
 10
296.9607
 20
-9422.3779
 10
296.7969
 20
-9422.8292
 10
296.2857
 20
-9424.2889
 10
296.223
 20
-9424.429
 10
296.1735
 20
-9424.5567
 10
296.163
 20
-9424.6166
 10
296.1668
 20
-9424.6742
 10
296.1886
 20
-9424.7296
 10
296.232
 20
-9424.7833
  0
LWPOLYLINE
  5
7E
330
1F
100
AcDbEntity
  8
Capa 1
 62
   134
100
AcDbPolyline
 90
       30
 70
     1
 43
0.0
 10
278.9031
 20
-9391.5527
 10
278.9558
 20
-9391.5183
 10
278.9922
 20
-9391.4756
 10
279.0157
 20
-9391.4235
 10
279.0291
 20
-9391.3604
 10
279.0386
 20
-9391.1958
 10
279.0453
 20
-9390.9707
 10
279.0709
 20
-9390.1469
 10
279.0629
 20
-9389.1386
 10
279.0393
 20
-9388.6298
 10
278.9992
 20
-9388.1522
 10
278.9396
 20
-9387.7317
 10
278.8578
 20
-9387.394
 10
278.7476
 20
-9387.1296
 10
278.5865
 20
-9386.8691
 10
278.4901
 20
-9386.7564
 10
278.385
 20
-9386.664
 10
278.2726
 20
-9386.5984
 10
278.154
 20
-9386.5659
 10
278.1817
 20
-9386.7435
 10
278.2687
 20
-9386.9438
 10
278.3816
 20
-9387.2218
 10
278.4872
 20
-9387.6321
 10
278.6276
 20
-9388.9417
 10
278.6582
 20
-9389.5043
 10
278.7094
 20
-9390.3246
 10
278.745
 20
-9390.7387
 10
278.7886
 20
-9391.1062
 10
278.8409
 20
-9391.3898
 10
278.9031
 20
-9391.5527
  0
LWPOLYLINE
  5
7F
330
1F
100
AcDbEntity
  8
Capa 1
 62
   134
100
AcDbPolyline
 90
       27
 70
     1
 43
0.0
 10
301.7905
 20
-9399.6265
 10
301.7855
 20
-9399.947
 10
301.7878
 20
-9400.3586
 10
301.8
 20
-9400.5608
 10
301.8239
 20
-9400.7404
 10
301.863
 20
-9400.8825
 10
301.9205
 20
-9400.9718
 10
301.9828
 20
-9400.8894
 10
302.0323
 20
-9400.743
 10
302.0706
 20
-9400.5518
 10
302.0995
 20
-9400.335
 10
302.1353
 20
-9399.9014
 10
302.1531
 20
-9399.5962
 10
302.245
 20
-9398.0325
 10
302.2757
 20
-9397.2486
 10
302.3089
 20
-9396.418
 10
302.3205
 20
-9395.5939
 10
302.2863
 20
-9394.8294
 10
302.2034
 20
-9394.838
 10
302.1695
 20
-9394.838
 10
302.152
 20
-9394.8758
 10
302.1182
 20
-9394.9979
 10
301.986
 20
-9395.8893
 10
301.8998
 20
-9396.808
 10
301.8384
 20
-9397.7562
 10
301.8019
 20
-9398.7052
 10
301.7905
 20
-9399.6265
  0
LWPOLYLINE
  5
80
330
1F
100
AcDbEntity
  8
Capa 1
 62
   134
100
AcDbPolyline
 90
       31
 70
     1
 43
0.0
 10
286.5317
 20
-9393.6568
 10
286.5964
 20
-9393.443
 10
286.6338
 20
-9393.0358
 10
286.6495
 20
-9392.4951
 10
286.6488
 20
-9391.881
 10
286.6208
 20
-9390.6728
 10
286.5937
 20
-9389.8917
 10
286.5754
 20
-9389.4573
 10
286.5432
 20
-9389.0119
 10
286.4938
 20
-9388.571
 10
286.4242
 20
-9388.1503
 10
286.3293
 20
-9387.7721
 10
286.1772
 20
-9387.3686
 10
286.0803
 20
-9387.1916
 10
285.9701
 20
-9387.0493
 10
285.8466
 20
-9386.9553
 10
285.7102
 20
-9386.9234
 10
285.7525
 20
-9387.1027
 10
285.8497
 20
-9387.4238
 10
285.9619
 20
-9387.8754
 10
286.049
 20
-9388.4461
 10
286.1318
 20
-9389.5268
 10
286.19
 20
-9390.6321
 10
286.2512
 20
-9391.7533
 10
286.343
 20
-9392.8818
 10
286.3634
 20
-9393.1419
 10
286.3856
 20
-9393.3719
 10
286.4049
 20
-9393.4689
 10
286.4336
 20
-9393.5505
 10
286.4749
 20
-9393.614
 10
286.5317
 20
-9393.6568
  0
LWPOLYLINE
  5
81
330
1F
100
AcDbEntity
  8
Capa 1
 62
   134
100
AcDbPolyline
 90
       29
 70
     1
 43
0.0
 10
280.576
 20
-9391.691
 10
280.5806
 20
-9392.6703
 10
280.5967
 20
-9393.7099
 10
280.6291
 20
-9394.7493
 10
280.6822
 20
-9395.728
 10
280.6932
 20
-9396.0195
 10
280.7119
 20
-9396.3783
 10
280.7322
 20
-9396.5518
 10
280.7642
 20
-9396.7049
 10
280.8111
 20
-9396.825
 10
280.876
 20
-9396.8997
 10
280.9777
 20
-9396.4985
 10
281.0274
 20
-9395.6318
 10
281.037
 20
-9394.4576
 10
281.0179
 20
-9393.1336
 10
280.982
 20
-9391.8179
 10
280.9407
 20
-9390.6684
 10
280.9059
 20
-9389.8429
 10
280.8891
 20
-9389.4995
 10
280.8335
 20
-9388.8851
 10
280.7986
 20
-9388.568
 10
280.7007
 20
-9388.297
 10
280.6524
 20
-9388.4061
 10
280.6196
 20
-9388.5968
 10
280.5994
 20
-9388.8427
 10
280.5891
 20
-9389.1173
 10
280.5865
 20
-9389.6468
 10
280.5891
 20
-9389.9738
 10
280.576
 20
-9391.691
  0
LWPOLYLINE
  5
82
330
1F
100
AcDbEntity
  8
Capa 1
 62
   134
100
AcDbPolyline
 90
       38
 70
     1
 43
0.0
 10
294.4169
 20
-9394.5846
 10
294.415
 20
-9395.175
 10
294.4202
 20
-9396.0027
 10
294.4311
 20
-9396.4211
 10
294.4505
 20
-9396.7975
 10
294.4806
 20
-9397.0982
 10
294.5237
 20
-9397.2893
 10
294.5787
 20
-9397.2753
 10
294.6169
 20
-9397.2572
 10
294.6419
 20
-9397.2299
 10
294.6573
 20
-9397.1883
 10
294.6731
 20
-9397.0415
 10
294.6927
 20
-9396.7757
 10
294.7616
 20
-9395.8087
 10
294.8177
 20
-9394.661
 10
294.8681
 20
-9393.4034
 10
294.9198
 20
-9392.1066
 10
294.9802
 20
-9390.8411
 10
295.0562
 20
-9389.6777
 10
295.1551
 20
-9388.6871
 10
295.284
 20
-9387.9399
 10
295.3918
 20
-9387.5968
 10
295.5155
 20
-9387.3059
 10
295.6222
 20
-9387.0775
 10
295.6794
 20
-9386.9218
 10
295.5111
 20
-9386.9375
 10
295.3525
 20
-9387.0251
 10
295.2057
 20
-9387.1689
 10
295.0731
 20
-9387.3529
 10
294.9566
 20
-9387.5614
 10
294.8585
 20
-9387.7785
 10
294.781
 20
-9387.9884
 10
294.7262
 20
-9388.1752
 10
294.6291
 20
-9388.6678
 10
294.5701
 20
-9389.1762
 10
294.535
 20
-9389.6899
 10
294.5097
 20
-9390.1983
 10
294.4169
 20
-9394.5846
  0
LWPOLYLINE
  5
83
330
1F
100
AcDbEntity
  8
Capa 1
 62
   134
100
AcDbPolyline
 90
       45
 70
     1
 43
0.0
 10
297.3471
 20
-9415.6633
 10
297.2982
 20
-9415.8815
 10
297.2821
 20
-9416.1569
 10
297.3022
 20
-9416.4279
 10
297.3623
 20
-9416.6333
 10
297.806
 20
-9416.6724
 10
298.2577
 20
-9416.6646
 10
298.2985
 20
-9416.919
 10
298.3108
 20
-9417.2884
 10
298.3045
 20
-9417.7321
 10
298.2893
 20
-9418.2099
 10
298.2751
 20
-9418.6813
 10
298.2716
 20
-9419.1058
 10
298.2886
 20
-9419.4431
 10
298.336
 20
-9419.6526
 10
298.5369
 20
-9419.7079
 10
298.8061
 20
-9419.7222
 10
299.0831
 20
-9419.7077
 10
299.3077
 20
-9419.6766
 10
299.3662
 20
-9419.4231
 10
299.3887
 20
-9419.0607
 10
299.3869
 20
-9418.6265
 10
299.3722
 20
-9418.1576
 10
299.3561
 20
-9417.6909
 10
299.35
 20
-9417.2635
 10
299.3654
 20
-9416.9124
 10
299.4138
 20
-9416.6748
 10
299.6372
 20
-9416.6682
 10
299.8861
 20
-9416.6769
 10
300.0077
 20
-9416.676
 10
300.1208
 20
-9416.6656
 10
300.2204
 20
-9416.6412
 10
300.3016
 20
-9416.5986
 10
300.3429
 20
-9416.5265
 10
300.3724
 20
-9416.4212
 10
300.3904
 20
-9416.2935
 10
300.3972
 20
-9416.1541
 10
300.3784
 20
-9415.8832
 10
300.3184
 20
-9415.6945
 10
300.1563
 20
-9415.6578
 10
299.8318
 20
-9415.6331
 10
299.3963
 20
-9415.6191
 10
298.901
 20
-9415.6145
 10
297.936
 20
-9415.6281
 10
297.3471
 20
-9415.6633
  0
LWPOLYLINE
  5
84
330
1F
100
AcDbEntity
  8
Capa 1
 62
   134
100
AcDbPolyline
 90
       50
 70
     1
 43
0.0
 10
285.2165
 20
-9415.6706
 10
284.7856
 20
-9415.6314
 10
284.0114
 20
-9415.6238
 10
283.2035
 20
-9415.632
 10
282.6717
 20
-9415.6399
 10
282.493
 20
-9415.6505
 10
282.3621
 20
-9415.6806
 10
282.2725
 20
-9415.7327
 10
282.2175
 20
-9415.8095
 10
282.1906
 20
-9415.9135
 10
282.1852
 20
-9416.0475
 10
282.1947
 20
-9416.214
 10
282.2126
 20
-9416.4157
 10
282.2506
 20
-9416.5438
 10
282.3306
 20
-9416.6214
 10
282.4437
 20
-9416.6602
 10
282.5813
 20
-9416.6719
 10
282.8946
 20
-9416.6606
 10
283.2007
 20
-9416.6813
 10
283.2297
 20
-9417.4186
 10
283.2095
 20
-9418.3835
 10
283.204
 20
-9418.8487
 10
283.2141
 20
-9419.2477
 10
283.249
 20
-9419.5395
 10
283.3179
 20
-9419.683
 10
283.5382
 20
-9419.7229
 10
283.8114
 20
-9419.7292
 10
283.9476
 20
-9419.7181
 10
284.0728
 20
-9419.6964
 10
284.179
 20
-9419.6636
 10
284.258
 20
-9419.6188
 10
284.3123
 20
-9419.3421
 10
284.3222
 20
-9418.9131
 10
284.3111
 20
-9418.4643
 10
284.3024
 20
-9418.1281
 10
284.3047
 20
-9416.8153
 10
284.3465
 20
-9416.7084
 10
284.4237
 20
-9416.6529
 10
284.5299
 20
-9416.6346
 10
284.6589
 20
-9416.6396
 10
284.8043
 20
-9416.6538
 10
284.9598
 20
-9416.6631
 10
285.1189
 20
-9416.6537
 10
285.2755
 20
-9416.6113
 10
285.3177
 20
-9416.3972
 10
285.3348
 20
-9416.1308
 10
285.328
 20
-9415.996
 10
285.3076
 20
-9415.8696
 10
285.2713
 20
-9415.7587
 10
285.2165
 20
-9415.6706
  0
LWPOLYLINE
  5
85
330
1F
100
AcDbEntity
  8
Capa 1
 62
   134
100
AcDbPolyline
 90
       38
 70
     1
 43
0.0
 10
300.2545
 20
-9390.7048
 10
300.2205
 20
-9392.5352
 10
300.7152
 20
-9392.4064
 10
300.9583
 20
-9392.1869
 10
301.3288
 20
-9391.8002
 10
301.6846
 20
-9391.5463
 10
301.6818
 20
-9390.949
 10
301.7187
 20
-9389.9805
 10
301.7688
 20
-9388.9798
 10
301.8058
 20
-9388.2859
 10
301.8286
 20
-9387.9079
 10
301.8647
 20
-9387.5133
 10
301.9202
 20
-9387.1265
 10
302.0015
 20
-9386.7716
 10
302.0869
 20
-9386.52
 10
302.1774
 20
-9386.3257
 10
302.2717
 20
-9386.1782
 10
302.3688
 20
-9386.0668
 10
302.5663
 20
-9385.9099
 10
302.7606
 20
-9385.7704
 10
302.1901
 20
-9385.7269
 10
301.7593
 20
-9385.7472
 10
301.4454
 20
-9385.8369
 10
301.2258
 20
-9386.0019
 10
301.0778
 20
-9386.248
 10
300.9786
 20
-9386.581
 10
300.9055
 20
-9387.0067
 10
300.8359
 20
-9387.531
 10
300.7573
 20
-9388.2516
 10
300.6457
 20
-9389.3048
 10
300.5835
 20
-9389.8349
 10
300.5204
 20
-9390.3025
 10
300.4587
 20
-9390.6593
 10
300.4009
 20
-9390.8566
 10
300.3331
 20
-9390.8426
 10
300.3119
 20
-9390.8434
 10
300.2986
 20
-9390.8128
 10
300.2545
 20
-9390.7048
  0
LWPOLYLINE
  5
86
330
1F
100
AcDbEntity
  8
Capa 1
 62
   134
100
AcDbPolyline
 90
       40
 70
     1
 43
0.0
 10
277.5513
 20
-9392.2337
 10
277.525
 20
-9391.6633
 10
277.5005
 20
-9390.9689
 10
277.47
 20
-9390.1971
 10
277.4256
 20
-9389.3943
 10
277.3594
 20
-9388.6072
 10
277.2637
 20
-9387.8822
 10
277.1305
 20
-9387.2658
 10
276.9521
 20
-9386.8045
 10
276.7977
 20
-9386.5653
 10
276.6237
 20
-9386.3659
 10
276.4288
 20
-9386.198
 10
276.2115
 20
-9386.0535
 10
276.044
 20
-9385.9601
 10
275.8999
 20
-9385.7957
 10
275.6524
 20
-9385.7908
 10
275.3891
 20
-9385.79
 10
275.1311
 20
-9385.8081
 10
274.8995
 20
-9385.8598
 10
275.1321
 20
-9386.213
 10
275.3147
 20
-9386.5703
 10
275.4401
 20
-9386.9259
 10
275.5211
 20
-9387.2701
 10
275.5708
 20
-9387.5931
 10
275.602
 20
-9387.8852
 10
275.6277
 20
-9388.1366
 10
275.6608
 20
-9388.3375
 10
275.7144
 20
-9388.4782
 10
275.9588
 20
-9388.8061
 10
276.0939
 20
-9389.1154
 10
276.1941
 20
-9389.4692
 10
276.2668
 20
-9389.8514
 10
276.3194
 20
-9390.2462
 10
276.3943
 20
-9391.0092
 10
276.4781
 20
-9391.6304
 10
276.5121
 20
-9391.7451
 10
276.5606
 20
-9391.812
 10
276.6377
 20
-9391.8572
 10
276.7572
 20
-9391.9063
 10
277.5513
 20
-9392.2337
  0
LWPOLYLINE
  5
87
330
1F
100
AcDbEntity
  8
Capa 1
 62
   134
100
AcDbPolyline
 90
       35
 70
     1
 43
0.0
 10
305.2884
 20
-9390.2317
 10
305.8884
 20
-9390.232
 10
306.1665
 20
-9390.2695
 10
306.3449
 20
-9390.3238
 10
306.6456
 20
-9390.3748
 10
306.7878
 20
-9389.7614
 10
306.922
 20
-9389.2555
 10
307.0066
 20
-9389.0288
 10
307.1138
 20
-9388.812
 10
307.2518
 20
-9388.5994
 10
307.4288
 20
-9388.3855
 10
307.531
 20
-9388.261
 10
307.5639
 20
-9388.1694
 10
307.564
 20
-9388.0476
 10
307.568
 20
-9387.8325
 10
307.6097
 20
-9387.4019
 10
307.6677
 20
-9387.0734
 10
307.7358
 20
-9386.8284
 10
307.8078
 20
-9386.6485
 10
307.9377
 20
-9386.4101
 10
308.007
 20
-9386.2106
 10
307.8704
 20
-9386.1271
 10
307.6747
 20
-9386.0558
 10
307.4369
 20
-9385.9961
 10
307.1741
 20
-9385.9477
 10
306.6415
 20
-9385.8828
 10
306.213
 20
-9385.8575
 10
306.1152
 20
-9385.9757
 10
305.9739
 20
-9386.0847
 10
305.8082
 20
-9386.2503
 10
305.6374
 20
-9386.5383
 10
305.4808
 20
-9387.0147
 10
305.3576
 20
-9387.7451
 10
305.287
 20
-9388.7955
 10
305.2884
 20
-9390.2317
  0
LWPOLYLINE
  5
88
330
1F
100
AcDbEntity
  8
Capa 1
 62
   134
100
AcDbPolyline
 90
       50
 70
     1
 43
0.0
 10
277.0617
 20
-9418.2013
 10
276.9515
 20
-9418.3444
 10
276.6912
 20
-9418.5851
 10
276.511
 20
-9418.6793
 10
276.3007
 20
-9418.7228
 10
276.0628
 20
-9418.6903
 10
275.7997
 20
-9418.5569
 10
275.5434
 20
-9418.2711
 10
275.4258
 20
-9417.9088
 10
275.4314
 20
-9417.5176
 10
275.5447
 20
-9417.1454
 10
275.7501
 20
-9416.8402
 10
276.032
 20
-9416.6497
 10
276.3749
 20
-9416.6217
 10
276.7632
 20
-9416.8042
 10
276.8975
 20
-9416.9508
 10
276.9799
 20
-9417.0771
 10
277.0274
 20
-9417.1174
 10
277.0929
 20
-9417.1342
 10
277.1866
 20
-9417.1214
 10
277.3188
 20
-9417.0728
 10
277.9146
 20
-9416.7524
 10
277.923
 20
-9416.6009
 10
277.8344
 20
-9416.3937
 10
277.6567
 20
-9416.1605
 10
277.3981
 20
-9415.9309
 10
277.0667
 20
-9415.7348
 10
276.6704
 20
-9415.6017
 10
276.2175
 20
-9415.5615
 10
275.7159
 20
-9415.6438
 10
275.0919
 20
-9415.9595
 10
274.6516
 20
-9416.4471
 10
274.3927
 20
-9417.0482
 10
274.313
 20
-9417.7045
 10
274.4102
 20
-9418.3576
 10
274.6819
 20
-9418.9493
 10
275.1258
 20
-9419.4212
 10
275.7397
 20
-9419.7149
 10
276.2366
 20
-9419.785
 10
276.6816
 20
-9419.7382
 10
277.0685
 20
-9419.6035
 10
277.3914
 20
-9419.4095
 10
277.6439
 20
-9419.1853
 10
277.8201
 20
-9418.9597
 10
277.9137
 20
-9418.7616
 10
277.9187
 20
-9418.6198
 10
277.7692
 20
-9418.4969
 10
277.5379
 20
-9418.3615
 10
277.2828
 20
-9418.2506
 10
277.0617
 20
-9418.2013
  0
LWPOLYLINE
  5
89
330
1F
100
AcDbEntity
  8
Capa 1
 62
   134
100
AcDbPolyline
 90
       40
 70
     1
 43
0.0
 10
293.6342
 20
-9419.6644
 10
293.8051
 20
-9419.7056
 10
294.0729
 20
-9419.7244
 10
294.3482
 20
-9419.7198
 10
294.5416
 20
-9419.6905
 10
294.603
 20
-9419.6542
 10
294.6489
 20
-9419.5967
 10
294.6839
 20
-9419.5232
 10
294.7128
 20
-9419.4383
 10
294.7712
 20
-9419.2542
 10
294.8618
 20
-9419.0836
 10
296.1333
 20
-9419.0802
 10
296.261
 20
-9419.3925
 10
296.4241
 20
-9419.7086
 10
297.3503
 20
-9419.6897
 10
297.3899
 20
-9419.5945
 10
297.4037
 20
-9419.4956
 10
297.3953
 20
-9419.3904
 10
297.3685
 20
-9419.2767
 10
297.2743
 20
-9419.0134
 10
297.1508
 20
-9418.6864
 10
296.9629
 20
-9418.1375
 10
296.617
 20
-9417.1373
 10
296.2666
 20
-9416.1635
 10
296.0652
 20
-9415.6937
 10
295.857
 20
-9415.6437
 10
295.5518
 20
-9415.622
 10
295.2354
 20
-9415.6284
 10
294.9934
 20
-9415.6622
 10
294.9055
 20
-9415.751
 10
294.8497
 20
-9415.8569
 10
294.8063
 20
-9415.9834
 10
294.7557
 20
-9416.1338
 10
293.8729
 20
-9418.6276
 10
293.7842
 20
-9418.8654
 10
293.6723
 20
-9419.1597
 10
293.6275
 20
-9419.3083
 10
293.6009
 20
-9419.4472
 10
293.6005
 20
-9419.5686
 10
293.6342
 20
-9419.6644
  0
LWPOLYLINE
  5
8A
330
1F
100
AcDbEntity
  8
Capa 1
 62
   134
100
AcDbPolyline
 90
       43
 70
     1
 43
0.0
 10
285.3712
 20
-9419.6834
 10
286.2999
 20
-9419.6928
 10
286.3605
 20
-9419.6559
 10
286.4133
 20
-9419.5932
 10
286.4589
 20
-9419.5119
 10
286.4978
 20
-9419.4195
 10
286.5578
 20
-9419.2308
 10
286.5975
 20
-9419.0859
 10
287.9509
 20
-9419.0862
 10
287.9982
 20
-9419.2709
 10
288.0602
 20
-9419.4604
 10
288.1016
 20
-9419.5451
 10
288.1524
 20
-9419.6167
 10
288.2147
 20
-9419.6705
 10
288.2904
 20
-9419.7018
 10
289.1715
 20
-9419.6745
 10
289.1898
 20
-9419.5583
 10
289.182
 20
-9419.4274
 10
289.1538
 20
-9419.2865
 10
289.111
 20
-9419.1406
 10
289.0042
 20
-9418.8526
 10
288.9074
 20
-9418.6017
 10
288.1923
 20
-9416.5964
 10
288.0738
 20
-9416.2545
 10
287.9874
 20
-9416.0015
 10
287.912
 20
-9415.8246
 10
287.8268
 20
-9415.7111
 10
287.7107
 20
-9415.6485
 10
287.5428
 20
-9415.624
 10
287.302
 20
-9415.625
 10
286.9674
 20
-9415.6389
 10
286.8508
 20
-9415.6495
 10
286.7676
 20
-9415.6706
 10
286.7108
 20
-9415.7029
 10
286.6729
 20
-9415.7471
 10
286.6249
 20
-9415.8741
 10
286.5655
 20
-9416.0572
 10
285.7023
 20
-9418.4434
 10
285.4988
 20
-9419.0622
 10
285.4282
 20
-9419.2305
 10
285.3734
 20
-9419.3671
 10
285.3493
 20
-9419.5066
 10
285.3712
 20
-9419.6834
  0
LWPOLYLINE
  5
8B
330
1F
100
AcDbEntity
  8
Capa 1
 62
   134
100
AcDbPolyline
 90
       43
 70
     1
 43
0.0
 10
300.3576
 20
-9419.6481
 10
300.5305
 20
-9419.6976
 10
300.7828
 20
-9419.7232
 10
301.0475
 20
-9419.7243
 10
301.2575
 20
-9419.7006
 10
301.3383
 20
-9419.6677
 10
301.3975
 20
-9419.6143
 10
301.4407
 20
-9419.5442
 10
301.4736
 20
-9419.4616
 10
301.5306
 20
-9419.2745
 10
301.6136
 20
-9419.085
 10
302.938
 20
-9419.0864
 10
303.1028
 20
-9419.5794
 10
303.1801
 20
-9419.6566
 10
303.2974
 20
-9419.7072
 10
303.4426
 20
-9419.7351
 10
303.6034
 20
-9419.7441
 10
303.9232
 20
-9419.7203
 10
304.1593
 20
-9419.6663
 10
304.1767
 20
-9419.562
 10
304.169
 20
-9419.4414
 10
304.1415
 20
-9419.3092
 10
304.0999
 20
-9419.1704
 10
303.996
 20
-9418.8922
 10
303.9014
 20
-9418.6459
 10
303.6726
 20
-9417.9773
 10
303.3479
 20
-9417.0379
 10
303.0291
 20
-9416.1565
 10
302.818
 20
-9415.6615
 10
302.0049
 20
-9415.6387
 10
301.8895
 20
-9415.6448
 10
301.8031
 20
-9415.6597
 10
301.7397
 20
-9415.6847
 10
301.6937
 20
-9415.7216
 10
301.6299
 20
-9415.8369
 10
301.5652
 20
-9416.0183
 10
300.7115
 20
-9418.4091
 10
300.605
 20
-9418.6818
 10
300.4697
 20
-9419.0413
 10
300.4104
 20
-9419.2244
 10
300.3669
 20
-9419.3944
 10
300.3467
 20
-9419.5395
 10
300.3576
 20
-9419.6481
  0
LWPOLYLINE
  5
8C
330
1F
100
AcDbEntity
  8
Capa 1
 62
   134
100
AcDbPolyline
 90
       38
 70
     1
 43
0.0
 10
278.6839
 20
-9419.7142
 10
278.9382
 20
-9419.7417
 10
279.1364
 20
-9419.7361
 10
279.2873
 20
-9419.6989
 10
279.3997
 20
-9419.6314
 10
279.4824
 20
-9419.5349
 10
279.5443
 20
-9419.4108
 10
279.5942
 20
-9419.2604
 10
279.6409
 20
-9419.0851
 10
280.9637
 20
-9419.0873
 10
281.0933
 20
-9419.3768
 10
281.2396
 20
-9419.6905
 10
281.4535
 20
-9419.7172
 10
281.7304
 20
-9419.7254
 10
281.9998
 20
-9419.7093
 10
282.1913
 20
-9419.6631
 10
282.217
 20
-9419.543
 10
282.1821
 20
-9419.3169
 10
282.1029
 20
-9419.0184
 10
281.9954
 20
-9418.6813
 10
281.7597
 20
-9418.0258
 10
281.6037
 20
-9417.6199
 10
281.4454
 20
-9417.1642
 10
281.2517
 20
-9416.5804
 10
281.0548
 20
-9416.0293
 10
280.887
 20
-9415.6717
 10
279.764
 20
-9415.6647
 10
279.6012
 20
-9416.0267
 10
279.3886
 20
-9416.5984
 10
279.1803
 20
-9417.1986
 10
279.0308
 20
-9417.6463
 10
278.8664
 20
-9418.0918
 10
278.6417
 20
-9418.6961
 10
278.538
 20
-9419.0031
 10
278.4567
 20
-9419.2841
 10
278.4102
 20
-9419.5172
 10
278.411
 20
-9419.6805
 10
278.6839
 20
-9419.7142
  0
LWPOLYLINE
  5
8D
330
1F
100
AcDbEntity
  8
Capa 1
 62
   134
100
AcDbPolyline
 90
       88
 70
     1
 43
0.0
 10
306.4614
 20
-9419.7587
 10
306.6627
 20
-9419.7062
 10
306.8457
 20
-9419.6372
 10
307.0102
 20
-9419.5511
 10
307.1555
 20
-9419.4472
 10
307.2815
 20
-9419.3248
 10
307.3877
 20
-9419.1834
 10
307.4737
 20
-9419.0221
 10
307.5391
 20
-9418.8405
 10
307.6026
 20
-9418.4167
 10
307.5414
 20
-9418.0775
 10
307.382
 20
-9417.8104
 10
307.1511
 20
-9417.6027
 10
306.8752
 20
-9417.4421
 10
306.581
 20
-9417.3158
 10
306.295
 20
-9417.2115
 10
306.0439
 20
-9417.1166
 10
305.9238
 20
-9417.0534
 10
305.8259
 20
-9416.9764
 10
305.7547
 20
-9416.8915
 10
305.7149
 20
-9416.8044
 10
305.7108
 20
-9416.7209
 10
305.7471
 20
-9416.6468
 10
305.8283
 20
-9416.5878
 10
305.9589
 20
-9416.5497
 10
306.1381
 20
-9416.5384
 10
306.2694
 20
-9416.5654
 10
306.3638
 20
-9416.6202
 10
306.4322
 20
-9416.6925
 10
306.5346
 20
-9416.8477
 10
306.6636
 20
-9416.9478
 10
306.8475
 20
-9416.9354
 10
307.0993
 20
-9416.8611
 10
307.3389
 20
-9416.766
 10
307.4864
 20
-9416.6913
 10
307.476
 20
-9416.4336
 10
307.3846
 20
-9416.204
 10
307.226
 20
-9416.0054
 10
307.014
 20
-9415.8405
 10
306.7625
 20
-9415.7121
 10
306.4852
 20
-9415.6232
 10
306.1958
 20
-9415.5765
 10
305.9083
 20
-9415.5749
 10
305.6325
 20
-9415.618
 10
305.3776
 20
-9415.7023
 10
305.15
 20
-9415.8261
 10
304.956
 20
-9415.9878
 10
304.8021
 20
-9416.1859
 10
304.6947
 20
-9416.4187
 10
304.6401
 20
-9416.6845
 10
304.6447
 20
-9416.9818
 10
304.7056
 20
-9417.2428
 10
304.8166
 20
-9417.4581
 10
304.9703
 20
-9417.6348
 10
305.159
 20
-9417.78
 10
305.6115
 20
-9418.005
 10
306.1134
 20
-9418.1905
 10
306.2497
 20
-9418.2397
 10
306.36
 20
-9418.2903
 10
306.4413
 20
-9418.3592
 10
306.4906
 20
-9418.4634
 10
306.495
 20
-9418.5872
 10
306.4476
 20
-9418.6888
 10
306.3593
 20
-9418.7645
 10
306.2412
 20
-9418.8112
 10
306.0388
 20
-9418.8333
 10
305.8737
 20
-9418.803
 10
305.742
 20
-9418.7347
 10
305.64
 20
-9418.6428
 10
305.5093
 20
-9418.4458
 10
305.4513
 20
-9418.3269
 10
304.7476
 20
-9418.4941
 10
304.5876
 20
-9418.6155
 10
304.5627
 20
-9418.7163
 10
304.5666
 20
-9418.8207
 10
304.5934
 20
-9418.9255
 10
304.6374
 20
-9419.0276
 10
304.7535
 20
-9419.2108
 10
304.8685
 20
-9419.3449
 10
304.9906
 20
-9419.4578
 10
305.1042
 20
-9419.5384
 10
305.2241
 20
-9419.6027
 10
305.3651
 20
-9419.6664
 10
305.5139
 20
-9419.7327
 10
305.6594
 20
-9419.7676
 10
305.8622
 20
-9419.791
 10
306.1277
 20
-9419.7917
 10
306.4614
 20
-9419.7587
  0
LWPOLYLINE
  5
8E
330
1F
100
AcDbEntity
  8
Capa 1
 62
   134
100
AcDbPolyline
 90
       15
 70
     1
 43
0.0
 10
305.4251
 20
-9420.0107
 10
305.2879
 20
-9420.2038
 10
305.1534
 20
-9420.3988
 10
305.1028
 20
-9420.491
 10
305.0719
 20
-9420.5765
 10
305.0669
 20
-9420.6528
 10
305.0941
 20
-9420.7176
 10
305.1753
 20
-9420.7664
 10
305.351
 20
-9420.8056
 10
305.4635
 20
-9420.7987
 10
305.5868
 20
-9420.7618
 10
305.7165
 20
-9420.6856
 10
305.8483
 20
-9420.5611
 10
306.1928
 20
-9420.0824
 10
305.4251
 20
-9420.0107
  0
LWPOLYLINE
  5
8F
330
1F
100
AcDbEntity
  8
Capa 1
 62
   134
100
AcDbPolyline
 90
       62
 70
     1
 43
0.0
 10
292.3418
 20
-9418.2158
 10
292.3673
 20
-9418.191
 10
292.6936
 20
-9417.8887
 10
292.8083
 20
-9417.7236
 10
292.8932
 20
-9417.5374
 10
292.9492
 20
-9417.3366
 10
292.9772
 20
-9417.128
 10
292.9782
 20
-9416.9184
 10
292.9531
 20
-9416.7143
 10
292.9029
 20
-9416.5226
 10
292.8284
 20
-9416.3499
 10
292.6841
 20
-9416.129
 10
292.5172
 20
-9415.9594
 10
292.3261
 20
-9415.8343
 10
292.1095
 20
-9415.747
 10
291.866
 20
-9415.6906
 10
291.5941
 20
-9415.6585
 10
291.2926
 20
-9415.6438
 10
290.9599
 20
-9415.6399
 10
290.6659
 20
-9415.6245
 10
290.3204
 20
-9415.6171
 10
290.1594
 20
-9415.6341
 10
290.0228
 20
-9415.6742
 10
289.923
 20
-9415.7446
 10
289.8724
 20
-9415.8522
 10
289.8555
 20
-9416.5152
 10
289.8555
 20
-9417.7946
 10
289.8754
 20
-9419.0527
 10
289.9184
 20
-9419.652
 10
290.1095
 20
-9419.7061
 10
290.3906
 20
-9419.7337
 10
290.5359
 20
-9419.7326
 10
290.6689
 20
-9419.7189
 10
290.7782
 20
-9419.6906
 10
290.8522
 20
-9419.6457
 10
290.9208
 20
-9419.5631
 10
290.9618
 20
-9419.4334
 10
290.981
 20
-9419.27
 10
290.9839
 20
-9419.0865
 10
290.9642
 20
-9418.7121
 10
290.9482
 20
-9418.4174
 10
291.0926
 20
-9418.4165
 10
291.1955
 20
-9418.4249
 10
291.272
 20
-9418.4542
 10
291.3371
 20
-9418.516
 10
291.493
 20
-9418.7843
 10
291.7832
 20
-9419.3232
 10
291.8655
 20
-9419.4884
 10
291.9342
 20
-9419.609
 10
291.9789
 20
-9419.6525
 10
292.0386
 20
-9419.6847
 10
292.1195
 20
-9419.7057
 10
292.2278
 20
-9419.7153
 10
292.6716
 20
-9419.7071
 10
292.886
 20
-9419.7012
 10
292.9774
 20
-9419.6758
 10
293.0335
 20
-9419.6392
 10
293.0597
 20
-9419.5929
 10
293.0613
 20
-9419.5384
 10
293.0127
 20
-9419.4114
 10
292.9311
 20
-9419.2706
 10
292.3418
 20
-9418.2158
  0
LWPOLYLINE
  5
90
330
1F
100
AcDbEntity
  8
Capa 1
 62
   134
100
AcDbPolyline
 90
       36
 70
     1
 43
0.0
 10
284.9224
 20
-9393.7206
 10
284.7166
 20
-9388.8868
 10
284.6756
 20
-9388.3285
 10
284.603
 20
-9387.8013
 10
284.544
 20
-9387.5537
 10
284.4643
 20
-9387.3191
 10
284.3595
 20
-9387.0992
 10
284.2254
 20
-9386.8958
 10
284.0558
 20
-9386.6961
 10
283.8848
 20
-9386.5372
 10
283.7052
 20
-9386.4138
 10
283.5096
 20
-9386.3205
 10
283.2909
 20
-9386.2517
 10
283.0416
 20
-9386.2022
 10
282.7545
 20
-9386.1664
 10
282.4224
 20
-9386.139
 10
282.5377
 20
-9386.4142
 10
282.6762
 20
-9386.6583
 10
282.7495
 20
-9386.8335
 10
282.8231
 20
-9387.0788
 10
282.8951
 20
-9387.4202
 10
282.9637
 20
-9387.8835
 10
283.1822
 20
-9391.1143
 10
283.2117
 20
-9391.501
 10
283.2628
 20
-9391.749
 10
283.3327
 20
-9391.9003
 10
283.4189
 20
-9391.9971
 10
283.5186
 20
-9392.0816
 10
283.6291
 20
-9392.1958
 10
283.7479
 20
-9392.3819
 10
283.8723
 20
-9392.6821
 10
283.935
 20
-9392.9389
 10
283.9732
 20
-9393.2081
 10
284.006
 20
-9393.455
 10
284.0525
 20
-9393.6448
 10
284.9224
 20
-9393.7206
  0
LWPOLYLINE
  5
91
330
1F
100
AcDbEntity
  8
Capa 1
 62
   134
100
AcDbPolyline
 90
       35
 70
     1
 43
0.0
 10
303.1385
 20
-9401.8858
 10
303.2225
 20
-9401.6989
 10
303.3001
 20
-9401.4767
 10
303.353
 20
-9401.3515
 10
303.4242
 20
-9401.2165
 10
303.5202
 20
-9401.0714
 10
303.6476
 20
-9400.9158
 10
304.0256
 20
-9400.5557
 10
304.2816
 20
-9400.3984
 10
304.4395
 20
-9400.3442
 10
304.5233
 20
-9400.2937
 10
304.5569
 20
-9400.1472
 10
304.5644
 20
-9399.8051
 10
304.5697
 20
-9399.1678
 10
304.5967
 20
-9398.1358
 10
304.7911
 20
-9393.9274
 10
304.8351
 20
-9393.4565
 10
304.8915
 20
-9393.1076
 10
304.9566
 20
-9392.8561
 10
305.0268
 20
-9392.6772
 10
305.1668
 20
-9392.439
 10
305.2814
 20
-9392.1958
 10
304.5712
 20
-9392.2823
 10
304.053
 20
-9392.5225
 10
303.6961
 20
-9392.8965
 10
303.4699
 20
-9393.3843
 10
303.3438
 20
-9393.966
 10
303.287
 20
-9394.6215
 10
303.2691
 20
-9395.3309
 10
303.2593
 20
-9396.0742
 10
303.1824
 20
-9398.9688
 10
303.1764
 20
-9399.6886
 10
303.1782
 20
-9400.4377
 10
303.171
 20
-9401.1815
 10
303.1385
 20
-9401.8858
  0
LWPOLYLINE
  5
92
330
1F
100
AcDbEntity
  8
Capa 1
 62
   134
100
AcDbPolyline
 90
       51
 70
     1
 43
0.0
 10
297.3947
 20
-9396.2512
 10
297.317
 20
-9396.2437
 10
297.2724
 20
-9396.1947
 10
297.2419
 20
-9396.0446
 10
297.2064
 20
-9395.7341
 10
297.1688
 20
-9395.0668
 10
297.167
 20
-9394.7291
 10
297.1762
 20
-9394.3937
 10
297.2037
 20
-9394.0609
 10
297.2568
 20
-9393.7307
 10
297.3495
 20
-9393.368
 10
297.4436
 20
-9393.1311
 10
297.5354
 20
-9392.9818
 10
297.6213
 20
-9392.882
 10
297.6977
 20
-9392.7938
 10
297.7611
 20
-9392.6791
 10
297.8079
 20
-9392.4998
 10
297.8344
 20
-9392.2178
 10
298.2248
 20
-9386.2847
 10
297.8829
 20
-9386.3623
 10
297.5847
 20
-9386.5037
 10
297.329
 20
-9386.702
 10
297.1147
 20
-9386.9502
 10
296.9404
 20
-9387.2415
 10
296.805
 20
-9387.5688
 10
296.7072
 20
-9387.9251
 10
296.6459
 20
-9388.3036
 10
296.5702
 20
-9389.1401
 10
296.5213
 20
-9389.9809
 10
296.4857
 20
-9390.8239
 10
296.4501
 20
-9391.6672
 10
296.4251
 20
-9392.1863
 10
296.3852
 20
-9393.0407
 10
296.3381
 20
-9394.1102
 10
296.2918
 20
-9395.2744
 10
296.2542
 20
-9396.413
 10
296.2332
 20
-9397.4058
 10
296.2366
 20
-9398.1324
 10
296.2724
 20
-9398.4724
 10
296.337
 20
-9398.4195
 10
296.3932
 20
-9398.3147
 10
296.4431
 20
-9398.1693
 10
296.4885
 20
-9397.9942
 10
296.5742
 20
-9397.5994
 10
296.6658
 20
-9397.2189
 10
296.7483
 20
-9396.9761
 10
296.8356
 20
-9396.7898
 10
296.9264
 20
-9396.649
 10
297.0197
 20
-9396.5431
 10
297.2091
 20
-9396.3924
 10
297.3947
 20
-9396.2512
  0
LWPOLYLINE
  5
93
330
1F
100
AcDbEntity
  8
Capa 1
 62
   134
100
AcDbPolyline
 90
       25
 70
     1
 43
0.0
 10
283.9541
 20
-9406.3783
 10
284.0486
 20
-9406.2129
 10
284.3323
 20
-9406.101
 10
284.7503
 20
-9406.0336
 10
285.2474
 20
-9406.0015
 10
286.2587
 20
-9406.0067
 10
286.926
 20
-9406.0436
 10
287.1524
 20
-9406.0608
 10
287.4221
 20
-9406.097
 10
287.5485
 20
-9406.1286
 10
287.6562
 20
-9406.1727
 10
287.7354
 20
-9406.2319
 10
287.7761
 20
-9406.3087
 10
287.7365
 20
-9406.4483
 10
287.5732
 20
-9406.5512
 10
287.3206
 20
-9406.623
 10
287.0129
 20
-9406.6693
 10
286.3696
 20
-9406.7076
 10
285.9179
 20
-9406.7106
 10
285.4607
 20
-9406.7035
 10
284.8098
 20
-9406.6637
 10
284.492
 20
-9406.6231
 10
284.222
 20
-9406.5643
 10
284.032
 20
-9406.4838
 10
283.9541
 20
-9406.3783
  0
LWPOLYLINE
  5
94
330
1F
100
AcDbEntity
  8
Capa 1
 62
   134
100
AcDbPolyline
 90
       33
 70
     1
 43
0.0
 10
296.6341
 20
-9405.7078
 10
296.6352
 20
-9405.8351
 10
296.5624
 20
-9405.9301
 10
296.4334
 20
-9405.9981
 10
296.2658
 20
-9406.0441
 10
295.8855
 20
-9406.0908
 10
295.5629
 20
-9406.1113
 10
294.7257
 20
-9406.1592
 10
293.7371
 20
-9406.1734
 10
293.2372
 20
-9406.1632
 10
292.761
 20
-9406.1391
 10
292.3289
 20
-9406.0992
 10
291.9614
 20
-9406.0417
 10
291.8283
 20
-9406.0038
 10
291.7261
 20
-9405.953
 10
291.6568
 20
-9405.8932
 10
291.6226
 20
-9405.8282
 10
291.6257
 20
-9405.7619
 10
291.6681
 20
-9405.6982
 10
291.752
 20
-9405.6409
 10
291.8796
 20
-9405.594
 10
292.2806
 20
-9405.5168
 10
292.7917
 20
-9405.4642
 10
293.3787
 20
-9405.4343
 10
294.0078
 20
-9405.4251
 10
294.6448
 20
-9405.4345
 10
295.2558
 20
-9405.4606
 10
295.8067
 20
-9405.5013
 10
296.2636
 20
-9405.5548
 10
296.3926
 20
-9405.5753
 10
296.4898
 20
-9405.6001
 10
296.5666
 20
-9405.6405
 10
296.6341
 20
-9405.7078
  0
LWPOLYLINE
  5
95
330
1F
100
AcDbEntity
  8
Capa 1
 62
   134
100
AcDbPolyline
 90
       25
 70
     1
 43
0.0
 10
281.6185
 20
-9404.8309
 10
281.9066
 20
-9404.724
 10
282.3853
 20
-9404.6438
 10
282.9902
 20
-9404.5923
 10
283.6569
 20
-9404.5715
 10
284.3208
 20
-9404.5834
 10
284.9176
 20
-9404.6298
 10
285.3828
 20
-9404.7129
 10
285.6519
 20
-9404.8346
 10
285.6404
 20
-9404.9804
 10
285.5933
 20
-9405.0692
 10
285.5025
 20
-9405.1215
 10
285.3596
 20
-9405.1578
 10
285.0415
 20
-9405.2107
 10
284.6869
 20
-9405.2488
 10
284.3075
 20
-9405.2734
 10
283.9155
 20
-9405.2856
 10
283.1408
 20
-9405.2775
 10
282.4582
 20
-9405.234
 10
282.1728
 20
-9405.2131
 10
281.8956
 20
-9405.1703
 10
281.7798
 20
-9405.1261
 10
281.6897
 20
-9405.0587
 10
281.6333
 20
-9404.9622
 10
281.6185
 20
-9404.8309
  0
LWPOLYLINE
  5
96
330
1F
100
AcDbEntity
  8
Capa 1
 62
   134
100
AcDbPolyline
 90
       27
 70
     1
 43
0.0
 10
287.6529
 20
-9404.4192
 10
288.1341
 20
-9404.407
 10
288.6646
 20
-9404.4187
 10
289.1884
 20
-9404.4598
 10
289.6497
 20
-9404.5359
 10
289.7885
 20
-9404.58
 10
289.8894
 20
-9404.6366
 10
289.9511
 20
-9404.7014
 10
289.9724
 20
-9404.7702
 10
289.9521
 20
-9404.8385
 10
289.8889
 20
-9404.9022
 10
289.7815
 20
-9404.9571
 10
289.6288
 20
-9404.9987
 10
288.681
 20
-9405.1018
 10
288.196
 20
-9405.1191
 10
287.6499
 20
-9405.1107
 10
287.1078
 20
-9405.0728
 10
286.6348
 20
-9405.0014
 10
286.4928
 20
-9404.958
 10
286.3959
 20
-9404.9015
 10
286.343
 20
-9404.8363
 10
286.3334
 20
-9404.7667
 10
286.3658
 20
-9404.697
 10
286.4394
 20
-9404.6316
 10
286.5533
 20
-9404.5748
 10
286.7063
 20
-9404.531
 10
287.6529
 20
-9404.4192
  0
LWPOLYLINE
  5
97
330
1F
100
AcDbEntity
  8
Capa 1
 62
   134
100
AcDbPolyline
 90
       92
 70
     1
 43
0.0
 10
300.1832
 20
-9404.3988
 10
294.818
 20
-9404.3979
 10
294.4252
 20
-9404.4077
 10
293.9567
 20
-9404.4095
 10
293.7313
 20
-9404.3921
 10
293.5317
 20
-9404.3543
 10
293.3727
 20
-9404.2901
 10
293.2694
 20
-9404.1933
 10
293.2412
 20
-9404.052
 10
293.2698
 20
-9403.9526
 10
293.3388
 20
-9403.8817
 10
293.4316
 20
-9403.826
 10
293.5316
 20
-9403.7724
 10
293.6222
 20
-9403.7076
 10
293.6869
 20
-9403.6182
 10
293.7091
 20
-9403.491
 10
293.5531
 20
-9403.425
 10
293.2988
 20
-9403.3833
 10
292.9757
 20
-9403.3612
 10
292.6131
 20
-9403.3538
 10
291.8867
 20
-9403.3642
 10
291.3544
 20
-9403.3759
 10
286.3564
 20
-9403.3741
 10
285.8403
 20
-9403.3847
 10
285.0772
 20
-9403.398
 10
284.6919
 20
-9403.3969
 10
284.3517
 20
-9403.386
 10
284.0921
 20
-9403.3618
 10
283.9486
 20
-9403.3207
 10
283.855
 20
-9403.4927
 10
283.7639
 20
-9403.6123
 10
283.7037
 20
-9403.6541
 10
283.6255
 20
-9403.6848
 10
283.523
 20
-9403.705
 10
283.3901
 20
-9403.7155
 10
280.5253
 20
-9403.763
 10
280.3933
 20
-9403.9209
 10
280.2204
 20
-9404.0588
 10
279.8859
 20
-9404.1084
 10
279.3349
 20
-9404.1231
 10
278.7744
 20
-9404.1181
 10
278.4116
 20
-9404.1086
 10
279.0204
 20
-9404.5076
 10
279.5135
 20
-9405.0217
 10
279.6495
 20
-9405.2339
 10
279.735
 20
-9405.3165
 10
279.8634
 20
-9405.351
 10
280.1277
 20
-9405.4188
 10
280.5305
 20
-9405.592
 10
280.9024
 20
-9405.8422
 10
281.2229
 20
-9406.145
 10
281.4714
 20
-9406.4757
 10
281.6274
 20
-9406.8097
 10
281.6703
 20
-9407.1222
 10
281.5796
 20
-9407.3888
 10
281.3348
 20
-9407.5847
 10
280.8827
 20
-9407.7061
 10
280.5466
 20
-9407.8458
 10
304.6826
 20
-9407.8389
 10
304.7839
 20
-9407.6147
 10
304.8482
 20
-9407.4569
 10
304.929
 20
-9407.305
 10
305.0254
 20
-9407.1673
 10
305.1367
 20
-9407.0519
 10
305.4353
 20
-9406.8478
 10
305.6138
 20
-9406.7753
 10
305.6671
 20
-9406.7457
 10
305.7013
 20
-9406.6976
 10
305.7199
 20
-9406.6139
 10
305.7265
 20
-9406.4776
 10
305.0106
 20
-9406.4255
 10
304.1953
 20
-9406.3831
 10
303.4041
 20
-9406.3374
 10
302.7601
 20
-9406.2753
 10
302.6139
 20
-9406.2435
 10
302.5099
 20
-9406.1976
 10
302.439
 20
-9406.1393
 10
302.3922
 20
-9406.0704
 10
302.3349
 20
-9405.9084
 10
302.266
 20
-9405.7261
 10
301.9621
 20
-9405.6482
 10
301.4963
 20
-9405.5925
 10
301.0076
 20
-9405.5514
 10
300.6349
 20
-9405.5176
 10
300.3709
 20
-9405.4669
 10
300.1897
 20
-9405.3903
 10
300.0794
 20
-9405.288
 10
300.0284
 20
-9405.1602
 10
300.025
 20
-9405.0072
 10
300.0575
 20
-9404.8291
 10
300.1141
 20
-9404.6263
 10
300.1832
 20
-9404.3988
  0
LWPOLYLINE
  5
98
330
1F
100
AcDbEntity
  8
Capa 1
 62
     7
100
AcDbPolyline
 90
       29
 70
     1
 43
0.0
 10
280.576
 20
-9391.691
 10
280.5891
 20
-9389.9738
 10
280.5865
 20
-9389.6468
 10
280.5891
 20
-9389.1173
 10
280.5994
 20
-9388.8427
 10
280.6196
 20
-9388.5968
 10
280.6524
 20
-9388.4061
 10
280.7007
 20
-9388.297
 10
280.7986
 20
-9388.568
 10
280.8335
 20
-9388.8851
 10
280.8891
 20
-9389.4995
 10
280.9059
 20
-9389.8429
 10
280.9407
 20
-9390.6684
 10
280.982
 20
-9391.8179
 10
281.0179
 20
-9393.1336
 10
281.037
 20
-9394.4576
 10
281.0274
 20
-9395.6318
 10
280.9777
 20
-9396.4985
 10
280.876
 20
-9396.8997
 10
280.8111
 20
-9396.825
 10
280.7642
 20
-9396.7049
 10
280.7322
 20
-9396.5518
 10
280.7119
 20
-9396.3783
 10
280.6932
 20
-9396.0195
 10
280.6822
 20
-9395.728
 10
280.6291
 20
-9394.7493
 10
280.5967
 20
-9393.7099
 10
280.5806
 20
-9392.6703
 10
280.576
 20
-9391.691
  0
LWPOLYLINE
  5
99
330
1F
100
AcDbEntity
  8
Capa 1
 62
     7
100
AcDbPolyline
 90
       27
 70
     1
 43
0.0
 10
287.6529
 20
-9404.4192
 10
286.7063
 20
-9404.531
 10
286.5533
 20
-9404.5748
 10
286.4394
 20
-9404.6316
 10
286.3658
 20
-9404.697
 10
286.3334
 20
-9404.7667
 10
286.343
 20
-9404.8363
 10
286.3959
 20
-9404.9015
 10
286.4928
 20
-9404.958
 10
286.6348
 20
-9405.0014
 10
287.1078
 20
-9405.0728
 10
287.6499
 20
-9405.1107
 10
288.196
 20
-9405.1191
 10
288.681
 20
-9405.1018
 10
289.6288
 20
-9404.9987
 10
289.7815
 20
-9404.9571
 10
289.8889
 20
-9404.9022
 10
289.9521
 20
-9404.8385
 10
289.9724
 20
-9404.7702
 10
289.9511
 20
-9404.7014
 10
289.8894
 20
-9404.6366
 10
289.7885
 20
-9404.58
 10
289.6497
 20
-9404.5359
 10
289.1884
 20
-9404.4598
 10
288.6646
 20
-9404.4187
 10
288.1341
 20
-9404.407
 10
287.6529
 20
-9404.4192
  0
LWPOLYLINE
  5
9A
330
1F
100
AcDbEntity
  8
Capa 1
 62
     7
100
AcDbPolyline
 90
       25
 70
     1
 43
0.0
 10
283.9541
 20
-9406.3783
 10
284.032
 20
-9406.4838
 10
284.222
 20
-9406.5643
 10
284.492
 20
-9406.6231
 10
284.8098
 20
-9406.6637
 10
285.4607
 20
-9406.7035
 10
285.9179
 20
-9406.7106
 10
286.3696
 20
-9406.7076
 10
287.0129
 20
-9406.6693
 10
287.3206
 20
-9406.623
 10
287.5732
 20
-9406.5512
 10
287.7365
 20
-9406.4483
 10
287.7761
 20
-9406.3087
 10
287.7354
 20
-9406.2319
 10
287.6562
 20
-9406.1727
 10
287.5485
 20
-9406.1286
 10
287.4221
 20
-9406.097
 10
287.1524
 20
-9406.0608
 10
286.926
 20
-9406.0436
 10
286.2587
 20
-9406.0067
 10
285.2474
 20
-9406.0015
 10
284.7503
 20
-9406.0336
 10
284.3323
 20
-9406.101
 10
284.0486
 20
-9406.2129
 10
283.9541
 20
-9406.3783
  0
LWPOLYLINE
  5
9B
330
1F
100
AcDbEntity
  8
Capa 1
 62
     7
100
AcDbPolyline
 90
       25
 70
     1
 43
0.0
 10
281.6185
 20
-9404.8309
 10
281.6333
 20
-9404.9622
 10
281.6897
 20
-9405.0587
 10
281.7798
 20
-9405.1261
 10
281.8956
 20
-9405.1703
 10
282.1728
 20
-9405.2131
 10
282.4582
 20
-9405.234
 10
283.1408
 20
-9405.2775
 10
283.9155
 20
-9405.2856
 10
284.3075
 20
-9405.2734
 10
284.6869
 20
-9405.2488
 10
285.0415
 20
-9405.2107
 10
285.3596
 20
-9405.1578
 10
285.5025
 20
-9405.1215
 10
285.5933
 20
-9405.0692
 10
285.6404
 20
-9404.9804
 10
285.6519
 20
-9404.8346
 10
285.3828
 20
-9404.7129
 10
284.9176
 20
-9404.6298
 10
284.3208
 20
-9404.5834
 10
283.6569
 20
-9404.5715
 10
282.9902
 20
-9404.5923
 10
282.3853
 20
-9404.6438
 10
281.9066
 20
-9404.724
 10
281.6185
 20
-9404.8309
  0
LWPOLYLINE
  5
9C
330
1F
100
AcDbEntity
  8
Capa 1
 62
     7
100
AcDbPolyline
 90
       25
 70
     1
 43
0.0
 10
297.8053
 20
-9406.8166
 10
297.8874
 20
-9406.9294
 10
298.0946
 20
-9407.0136
 10
298.3893
 20
-9407.0735
 10
298.7339
 20
-9407.1132
 10
299.4225
 20
-9407.1484
 10
299.8599
 20
-9407.1525
 10
300.3443
 20
-9407.1523
 10
301.0228
 20
-9407.1241
 10
301.3528
 20
-9407.086
 10
301.633
 20
-9407.0248
 10
301.8305
 20
-9406.935
 10
301.9126
 20
-9406.8112
 10
301.8933
 20
-9406.7159
 10
301.8231
 20
-9406.6445
 10
301.7143
 20
-9406.5931
 10
301.5791
 20
-9406.5578
 10
301.279
 20
-9406.5199
 10
301.0211
 20
-9406.4997
 10
300.2937
 20
-9406.4525
 10
299.2061
 20
-9406.4422
 10
298.6722
 20
-9406.4731
 10
298.2221
 20
-9406.5399
 10
297.9138
 20
-9406.6514
 10
297.8053
 20
-9406.8166
  0
LWPOLYLINE
  5
9D
330
1F
100
AcDbEntity
  8
Capa 1
 62
     7
100
AcDbPolyline
 90
       33
 70
     1
 43
0.0
 10
296.6341
 20
-9405.7078
 10
296.5666
 20
-9405.6405
 10
296.4898
 20
-9405.6001
 10
296.3926
 20
-9405.5753
 10
296.2636
 20
-9405.5548
 10
295.8067
 20
-9405.5013
 10
295.2558
 20
-9405.4606
 10
294.6448
 20
-9405.4345
 10
294.0078
 20
-9405.4251
 10
293.3787
 20
-9405.4343
 10
292.7917
 20
-9405.4642
 10
292.2806
 20
-9405.5168
 10
291.8796
 20
-9405.594
 10
291.752
 20
-9405.6409
 10
291.6681
 20
-9405.6982
 10
291.6257
 20
-9405.7619
 10
291.6226
 20
-9405.8282
 10
291.6568
 20
-9405.8932
 10
291.7261
 20
-9405.953
 10
291.8283
 20
-9406.0038
 10
291.9614
 20
-9406.0417
 10
292.3289
 20
-9406.0992
 10
292.761
 20
-9406.1391
 10
293.2372
 20
-9406.1632
 10
293.7371
 20
-9406.1734
 10
294.7257
 20
-9406.1592
 10
295.5629
 20
-9406.1113
 10
295.8855
 20
-9406.0908
 10
296.2658
 20
-9406.0441
 10
296.4334
 20
-9405.9981
 10
296.5624
 20
-9405.9301
 10
296.6352
 20
-9405.8351
 10
296.6341
 20
-9405.7078
  0
LWPOLYLINE
  5
9E
330
1F
100
AcDbEntity
  8
Capa 1
 62
     7
100
AcDbPolyline
 90
       26
 70
     1
 43
0.0
 10
288.33
 20
-9414.3576
 10
288.3665
 20
-9409.1447
 10
288.3357
 20
-9409.0531
 10
288.2857
 20
-9408.9899
 10
288.219
 20
-9408.95
 10
288.1378
 20
-9408.9286
 10
287.9414
 20
-9408.9212
 10
287.7156
 20
-9408.9281
 10
287.3843
 20
-9408.9216
 10
287.155
 20
-9408.9357
 10
287.0099
 20
-9409.025
 10
286.9312
 20
-9409.2444
 10
286.9022
 20
-9410.292
 10
286.9261
 20
-9412.5163
 10
286.9085
 20
-9413.6499
 10
286.9326
 20
-9414.2344
 10
286.9976
 20
-9414.3769
 10
287.1178
 20
-9414.4496
 10
287.3082
 20
-9414.4751
 10
287.5838
 20
-9414.4758
 10
287.7876
 20
-9414.481
 10
288.0022
 20
-9414.4822
 10
288.103
 20
-9414.4724
 10
288.1941
 20
-9414.4507
 10
288.2711
 20
-9414.4136
 10
288.33
 20
-9414.3576
  0
LWPOLYLINE
  5
9F
330
1F
100
AcDbEntity
  8
Capa 1
 62
     7
100
AcDbPolyline
 90
       34
 70
     1
 43
0.0
 10
281.461
 20
-9408.9881
 10
281.2385
 20
-9408.938
 10
280.9757
 20
-9408.9209
 10
280.699
 20
-9408.9219
 10
280.4344
 20
-9408.9259
 10
280.2777
 20
-9408.9391
 10
280.1678
 20
-9408.9767
 10
280.0967
 20
-9409.0371
 10
280.0565
 20
-9409.1186
 10
280.0367
 20
-9409.3384
 10
280.0445
 20
-9409.6226
 10
280.0453
 20
-9413.9197
 10
280.0454
 20
-9414.0931
 10
280.0519
 20
-9414.2264
 10
280.0708
 20
-9414.3249
 10
280.1083
 20
-9414.3936
 10
280.1706
 20
-9414.4377
 10
280.2638
 20
-9414.4624
 10
280.3942
 20
-9414.4728
 10
280.5678
 20
-9414.474
 10
280.836
 20
-9414.4807
 10
281.0826
 20
-9414.4842
 10
281.1952
 20
-9414.4748
 10
281.2995
 20
-9414.4527
 10
281.3943
 20
-9414.4138
 10
281.4788
 20
-9414.3542
 10
281.5061
 20
-9414.0292
 10
281.5241
 20
-9413.4
 10
281.5331
 20
-9412.5694
 10
281.5337
 20
-9411.6399
 10
281.5263
 20
-9410.7143
 10
281.5114
 20
-9409.8953
 10
281.4895
 20
-9409.2857
 10
281.461
 20
-9408.9881
  0
LWPOLYLINE
  5
A0
330
1F
100
AcDbEntity
  8
Capa 1
 62
     7
100
AcDbPolyline
 90
       79
 70
     1
 43
0.0
 10
304.3694
 20
-9412.9371
 10
304.3803
 20
-9413.3221
 10
304.5042
 20
-9413.6637
 10
304.7238
 20
-9413.9572
 10
305.0222
 20
-9414.1981
 10
305.3823
 20
-9414.3818
 10
305.787
 20
-9414.5038
 10
306.2194
 20
-9414.5593
 10
306.6622
 20
-9414.5439
 10
307.0497
 20
-9414.4635
 10
307.4083
 20
-9414.3192
 10
307.7252
 20
-9414.1151
 10
307.9874
 20
-9413.8554
 10
308.182
 20
-9413.544
 10
308.296
 20
-9413.1852
 10
308.3166
 20
-9412.7831
 10
308.2307
 20
-9412.3417
 10
308.0331
 20
-9411.9351
 10
307.7496
 20
-9411.6295
 10
307.41
 20
-9411.4036
 10
307.044
 20
-9411.2358
 10
306.6813
 20
-9411.1046
 10
306.3517
 20
-9410.9885
 10
306.0849
 20
-9410.866
 10
305.9106
 20
-9410.7156
 10
305.8321
 20
-9410.5265
 10
305.8554
 20
-9410.363
 10
305.958
 20
-9410.234
 10
306.117
 20
-9410.1485
 10
306.3099
 20
-9410.1156
 10
306.514
 20
-9410.1443
 10
306.7065
 20
-9410.2435
 10
306.8648
 20
-9410.4224
 10
306.92
 20
-9410.5352
 10
306.9538
 20
-9410.6178
 10
307.0015
 20
-9410.6724
 10
307.0983
 20
-9410.7015
 10
307.2895
 20
-9410.6704
 10
307.6413
 20
-9410.5834
 10
307.9915
 20
-9410.4711
 10
308.1774
 20
-9410.3647
 10
308.1881
 20
-9410.185
 10
308.1562
 20
-9410.0051
 10
308.0906
 20
-9409.8296
 10
308.0005
 20
-9409.6633
 10
307.7829
 20
-9409.377
 10
307.5761
 20
-9409.184
 10
307.1281
 20
-9408.9413
 10
306.6142
 20
-9408.8196
 10
306.0748
 20
-9408.8189
 10
305.5503
 20
-9408.9393
 10
305.0813
 20
-9409.1808
 10
304.7083
 20
-9409.5434
 10
304.4716
 20
-9410.0272
 10
304.4119
 20
-9410.6322
 10
304.5369
 20
-9411.183
 10
304.8023
 20
-9411.5939
 10
305.1633
 20
-9411.8936
 10
305.575
 20
-9412.1111
 10
305.9926
 20
-9412.2752
 10
306.3713
 20
-9412.4147
 10
306.6662
 20
-9412.5585
 10
306.8326
 20
-9412.7354
 10
306.8718
 20
-9412.9112
 10
306.8364
 20
-9413.0582
 10
306.7408
 20
-9413.1728
 10
306.599
 20
-9413.2517
 10
306.4254
 20
-9413.2915
 10
306.234
 20
-9413.2888
 10
306.0392
 20
-9413.2404
 10
305.855
 20
-9413.1427
 10
305.6435
 20
-9412.8799
 10
305.4854
 20
-9412.6275
 10
305.3791
 20
-9412.6182
 10
305.243
 20
-9412.6328
 10
305.0873
 20
-9412.6662
 10
304.9222
 20
-9412.7133
 10
304.604
 20
-9412.8283
 10
304.3694
 20
-9412.9371
  0
LWPOLYLINE
  5
A1
330
1F
100
AcDbEntity
  8
Capa 1
 62
     7
100
AcDbPolyline
 90
       80
 70
     1
 43
0.0
 10
283.3877
 20
-9412.6286
 10
283.1933
 20
-9412.6209
 10
282.9608
 20
-9412.6672
 10
282.7241
 20
-9412.7372
 10
282.5171
 20
-9412.8007
 10
282.3853
 20
-9412.8484
 10
282.292
 20
-9412.9072
 10
282.2337
 20
-9412.9776
 10
282.2064
 20
-9413.06
 10
282.2064
 20
-9413.1547
 10
282.23
 20
-9413.2623
 10
282.2733
 20
-9413.383
 10
282.3327
 20
-9413.5173
 10
282.6946
 20
-9414.0103
 10
283.2103
 20
-9414.3527
 10
283.8207
 20
-9414.54
 10
284.4666
 20
-9414.568
 10
285.0888
 20
-9414.4323
 10
285.6283
 20
-9414.1285
 10
286.0259
 20
-9413.6521
 10
286.2225
 20
-9412.999
 10
286.2032
 20
-9412.4612
 10
286.0435
 20
-9412.0391
 10
285.7766
 20
-9411.7133
 10
285.4353
 20
-9411.4645
 10
284.6617
 20
-9411.1203
 10
283.9863
 20
-9410.8517
 10
283.7887
 20
-9410.6967
 10
283.7215
 20
-9410.5286
 10
283.7607
 20
-9410.3661
 10
283.8824
 20
-9410.2282
 10
284.0626
 20
-9410.1338
 10
284.2772
 20
-9410.1018
 10
284.5024
 20
-9410.151
 10
284.7142
 20
-9410.3004
 10
284.8341
 20
-9410.4825
 10
284.9034
 20
-9410.6258
 10
284.953
 20
-9410.6712
 10
285.0307
 20
-9410.6931
 10
285.15
 20
-9410.6867
 10
285.3245
 20
-9410.6474
 10
285.9504
 20
-9410.4885
 10
286.11
 20
-9410.3685
 10
286.1596
 20
-9410.2023
 10
286.1237
 20
-9410.0069
 10
286.0266
 20
-9409.7995
 10
285.893
 20
-9409.5969
 10
285.7473
 20
-9409.4163
 10
285.614
 20
-9409.2748
 10
285.5176
 20
-9409.1892
 10
285.0685
 20
-9408.9473
 10
284.5533
 20
-9408.8213
 10
284.0118
 20
-9408.8125
 10
283.4836
 20
-9408.9225
 10
283.0085
 20
-9409.1529
 10
282.6264
 20
-9409.5051
 10
282.3768
 20
-9409.9808
 10
282.2996
 20
-9410.5813
 10
282.3509
 20
-9410.9617
 10
282.4711
 20
-9411.2805
 10
282.6513
 20
-9411.5461
 10
282.8824
 20
-9411.7668
 10
283.1554
 20
-9411.9509
 10
283.4614
 20
-9412.1067
 10
283.7915
 20
-9412.2425
 10
284.1365
 20
-9412.3667
 10
284.4865
 20
-9412.5173
 10
284.6948
 20
-9412.6678
 10
284.7882
 20
-9412.8128
 10
284.7935
 20
-9412.9467
 10
284.7374
 20
-9413.0641
 10
284.6468
 20
-9413.1593
 10
284.5484
 20
-9413.2271
 10
284.4691
 20
-9413.2617
 10
284.1905
 20
-9413.3023
 10
283.9698
 20
-9413.2708
 10
283.7984
 20
-9413.1862
 10
283.668
 20
-9413.0673
 10
283.4965
 20
-9412.8027
 10
283.3877
 20
-9412.6286
  0
LWPOLYLINE
  5
A2
330
1F
100
AcDbEntity
  8
Capa 1
 62
     7
100
AcDbPolyline
 90
       81
 70
     1
 43
0.0
 10
303.7594
 20
-9410.1939
 10
303.7941
 20
-9409.9717
 10
303.8163
 20
-9409.6393
 10
303.8149
 20
-9409.3052
 10
303.7785
 20
-9409.0775
 10
303.7193
 20
-9409.0017
 10
303.6233
 20
-9408.9524
 10
303.4998
 20
-9408.9245
 10
303.3582
 20
-9408.9128
 10
303.0581
 20
-9408.9184
 10
302.7974
 20
-9408.9289
 10
301.4821
 20
-9408.9283
 10
300.8809
 20
-9408.9195
 10
300.5162
 20
-9408.9469
 10
300.4062
 20
-9409.0004
 10
300.3356
 20
-9409.0946
 10
300.298
 20
-9409.24
 10
300.2868
 20
-9409.4472
 10
300.2867
 20
-9412.3408
 10
300.2817
 20
-9413.09
 10
300.274
 20
-9413.6405
 10
300.2793
 20
-9414.0228
 10
300.313
 20
-9414.2672
 10
300.3908
 20
-9414.4042
 10
300.5281
 20
-9414.4644
 10
300.7406
 20
-9414.4781
 10
301.0437
 20
-9414.4758
 10
301.606
 20
-9414.4839
 10
302.4604
 20
-9414.4915
 10
302.8978
 20
-9414.4872
 10
303.289
 20
-9414.4734
 10
303.5943
 20
-9414.4469
 10
303.7739
 20
-9414.4045
 10
303.816
 20
-9414.0068
 10
303.8177
 20
-9413.6882
 10
303.801
 20
-9413.4588
 10
303.7646
 20
-9413.3041
 10
303.7069
 20
-9413.2098
 10
303.6267
 20
-9413.1614
 10
303.5223
 20
-9413.1446
 10
303.3926
 20
-9413.145
 10
303.2359
 20
-9413.1481
 10
302.3105
 20
-9413.1688
 10
301.8474
 20
-9413.1387
 10
301.7434
 20
-9413.0597
 10
301.7001
 20
-9412.9142
 10
301.6992
 20
-9412.6842
 10
301.7224
 20
-9412.3519
 10
302.0959
 20
-9412.3393
 10
302.5758
 20
-9412.3381
 10
302.9301
 20
-9412.3406
 10
303.1777
 20
-9412.3311
 10
303.3377
 20
-9412.2937
 10
303.4292
 20
-9412.2129
 10
303.471
 20
-9412.0727
 10
303.4824
 20
-9411.8576
 10
303.4823
 20
-9411.5517
 10
303.4807
 20
-9411.3627
 10
303.4665
 20
-9411.228
 10
303.4271
 20
-9411.1384
 10
303.3495
 20
-9411.0851
 10
303.0291
 20
-9411.0513
 10
302.4028
 20
-9411.0546
 10
302.1369
 20
-9411.0613
 10
301.9294
 20
-9411.0593
 10
301.8493
 20
-9411.0441
 10
301.7858
 20
-9411.0135
 10
301.7397
 20
-9410.9632
 10
301.7117
 20
-9410.8887
 10
301.6947
 20
-9410.7517
 10
301.6946
 20
-9410.5924
 10
301.7139
 20
-9410.4439
 10
301.7552
 20
-9410.3396
 10
301.8726
 20
-9410.2845
 10
302.0813
 20
-9410.2613
 10
302.3547
 20
-9410.2594
 10
302.6661
 20
-9410.268
 10
302.9889
 20
-9410.2765
 10
303.2965
 20
-9410.2741
 10
303.5622
 20
-9410.2501
 10
303.7594
 20
-9410.1939
  0
LWPOLYLINE
  5
A3
330
1F
100
AcDbEntity
  8
Capa 1
 62
     7
100
AcDbPolyline
 90
       67
 70
     1
 43
0.0
 10
302.7606
 20
-9385.7704
 10
302.5663
 20
-9385.9099
 10
302.3688
 20
-9386.0668
 10
302.2717
 20
-9386.1782
 10
302.1774
 20
-9386.3257
 10
302.0869
 20
-9386.52
 10
302.0015
 20
-9386.7716
 10
301.9202
 20
-9387.1265
 10
301.8647
 20
-9387.5133
 10
301.8286
 20
-9387.9079
 10
301.8058
 20
-9388.2859
 10
301.7688
 20
-9388.9798
 10
301.7187
 20
-9389.9805
 10
301.6818
 20
-9390.949
 10
301.6846
 20
-9391.5463
 10
301.8575
 20
-9391.492
 10
302.0279
 20
-9391.4185
 10
302.2745
 20
-9391.3392
 10
302.6759
 20
-9391.2681
 10
303.5584
 20
-9391.1933
 10
303.8537
 20
-9391.193
 10
303.9238
 20
-9391.1214
 10
304.1304
 20
-9390.8329
 10
304.4485
 20
-9390.5348
 10
304.6279
 20
-9390.426
 10
304.8348
 20
-9390.3359
 10
305.0585
 20
-9390.2694
 10
305.2884
 20
-9390.2317
 10
305.287
 20
-9388.7955
 10
305.3576
 20
-9387.7451
 10
305.4808
 20
-9387.0147
 10
305.6374
 20
-9386.5383
 10
305.8082
 20
-9386.2503
 10
305.9739
 20
-9386.0847
 10
306.1152
 20
-9385.9757
 10
306.213
 20
-9385.8575
 10
305.9061
 20
-9385.7937
 10
305.5122
 20
-9385.7529
 10
305.1152
 20
-9385.7507
 10
304.7992
 20
-9385.803
 10
304.532
 20
-9385.9453
 10
304.3216
 20
-9386.1576
 10
304.1601
 20
-9386.4247
 10
304.0393
 20
-9386.7315
 10
303.9512
 20
-9387.0628
 10
303.8877
 20
-9387.4034
 10
303.8407
 20
-9387.7381
 10
303.8021
 20
-9388.0517
 10
303.7699
 20
-9388.4447
 10
303.7374
 20
-9388.8681
 10
303.7109
 20
-9389.0596
 10
303.6723
 20
-9389.2209
 10
303.6176
 20
-9389.3392
 10
303.5427
 20
-9389.4021
 10
303.4555
 20
-9389.2257
 10
303.4011
 20
-9388.9261
 10
303.375
 20
-9388.5399
 10
303.3722
 20
-9388.104
 10
303.4182
 20
-9387.2294
 10
303.5011
 20
-9386.5958
 10
303.707
 20
-9385.8738
 10
303.6052
 20
-9385.8223
 10
303.4942
 20
-9385.7887
 10
303.3762
 20
-9385.7696
 10
303.2535
 20
-9385.7615
 10
303.003
 20
-9385.7645
 10
302.7606
 20
-9385.7704
  0
LWPOLYLINE
  5
A4
330
1F
100
AcDbEntity
  8
Capa 1
 62
     7
100
AcDbPolyline
 90
       17
 70
     1
 43
0.0
 10
290.6237
 20
-9411.8148
 10
290.6806
 20
-9411.1405
 10
290.9072
 20
-9410.6458
 10
291.25
 20
-9410.3332
 10
291.6557
 20
-9410.2054
 10
292.0707
 20
-9410.265
 10
292.4417
 20
-9410.5146
 10
292.7153
 20
-9410.9567
 10
292.8381
 20
-9411.5941
 10
292.7703
 20
-9412.2434
 10
292.5416
 20
-9412.7257
 10
292.2028
 20
-9413.0357
 10
291.8042
 20
-9413.168
 10
291.3965
 20
-9413.1173
 10
291.0301
 20
-9412.8784
 10
290.7557
 20
-9412.446
 10
290.6237
 20
-9411.8148
  0
LWPOLYLINE
  5
A5
330
1F
100
AcDbEntity
  8
Capa 1
 62
     7
100
AcDbPolyline
 90
       25
 70
     1
 43
0.0
 10
289.142
 20
-9411.8586
 10
289.2129
 20
-9412.4271
 10
289.3685
 20
-9412.9545
 10
289.6054
 20
-9413.4284
 10
289.9197
 20
-9413.8362
 10
290.3079
 20
-9414.1656
 10
290.7663
 20
-9414.4042
 10
291.2913
 20
-9414.5394
 10
291.8792
 20
-9414.5588
 10
292.4267
 20
-9414.465
 10
292.9166
 20
-9414.2694
 10
293.3427
 20
-9413.9818
 10
293.6991
 20
-9413.6119
 10
293.9797
 20
-9413.1696
 10
294.1785
 20
-9412.6646
 10
294.2893
 20
-9412.1069
 10
294.3063
 20
-9411.5061
 10
294.0208
 20
-9410.2741
 10
293.3913
 20
-9409.416
 10
292.5385
 20
-9408.9271
 10
291.5827
 20
-9408.8028
 10
290.6447
 20
-9409.0384
 10
289.8449
 20
-9409.6294
 10
289.3038
 20
-9410.571
 10
289.142
 20
-9411.8586
  0
LWPOLYLINE
  5
A6
330
1F
100
AcDbEntity
  8
Capa 1
 62
     7
100
AcDbPolyline
 90
       69
 70
     1
 43
0.0
 10
297.9893
 20
-9411.6891
 10
297.9112
 20
-9411.6175
 10
296.5004
 20
-9409.2539
 10
296.3754
 20
-9409.0513
 10
296.269
 20
-9408.9553
 10
296.11
 20
-9408.9272
 10
295.8269
 20
-9408.9279
 10
295.6003
 20
-9408.9205
 10
295.3473
 20
-9408.9157
 10
295.2275
 20
-9408.9235
 10
295.121
 20
-9408.9432
 10
295.0345
 20
-9408.9785
 10
294.9747
 20
-9409.033
 10
294.9424
 20
-9409.2571
 10
294.9227
 20
-9409.757
 10
294.913
 20
-9410.4483
 10
294.9107
 20
-9411.247
 10
294.9132
 20
-9412.0689
 10
294.9179
 20
-9412.8298
 10
294.9224
 20
-9413.4454
 10
294.9239
 20
-9413.8317
 10
294.9191
 20
-9414.0606
 10
294.9358
 20
-9414.2621
 10
294.9662
 20
-9414.3443
 10
295.0188
 20
-9414.4097
 10
295.0991
 20
-9414.455
 10
295.2128
 20
-9414.4769
 10
295.6373
 20
-9414.4972
 10
295.9394
 20
-9414.4883
 10
296.1392
 20
-9414.4465
 10
296.2572
 20
-9414.3681
 10
296.3137
 20
-9414.2492
 10
296.3288
 20
-9414.0861
 10
296.323
 20
-9413.8751
 10
296.3166
 20
-9413.6123
 10
296.3128
 20
-9411.6805
 10
296.5214
 20
-9411.9568
 10
296.8599
 20
-9412.5072
 10
297.2017
 20
-9413.0901
 10
297.4207
 20
-9413.4643
 10
297.7718
 20
-9414.0672
 10
297.9745
 20
-9414.3689
 10
298.0713
 20
-9414.4386
 10
298.1922
 20
-9414.4713
 10
298.3578
 20
-9414.4796
 10
298.5883
 20
-9414.4762
 10
299.2524
 20
-9414.447
 10
299.3329
 20
-9414.3757
 10
299.3843
 20
-9414.2514
 10
299.4122
 20
-9414.088
 10
299.4223
 20
-9413.8994
 10
299.412
 20
-9413.5029
 10
299.3988
 20
-9413.1739
 10
299.4003
 20
-9410.2803
 10
299.4089
 20
-9409.8118
 10
299.4201
 20
-9409.4627
 10
299.4121
 20
-9409.2161
 10
299.3631
 20
-9409.055
 10
299.2513
 20
-9408.9623
 10
299.0552
 20
-9408.9213
 10
298.7528
 20
-9408.9148
 10
298.3224
 20
-9408.9258
 10
298.184
 20
-9408.9436
 10
298.089
 20
-9408.9863
 10
298.0297
 20
-9409.0513
 10
297.9984
 20
-9409.136
 10
297.9888
 20
-9409.3549
 10
297.9986
 20
-9409.6225
 10
297.9893
 20
-9411.6891
  0
LWPOLYLINE
  5
A7
330
1F
100
AcDbEntity
  8
Capa 1
 62
     7
100
AcDbPolyline
 90
       27
 70
     1
 43
0.0
 10
301.7905
 20
-9399.6265
 10
301.8019
 20
-9398.7052
 10
301.8384
 20
-9397.7562
 10
301.8998
 20
-9396.808
 10
301.986
 20
-9395.8893
 10
302.1182
 20
-9394.9979
 10
302.152
 20
-9394.8758
 10
302.1695
 20
-9394.838
 10
302.2034
 20
-9394.838
 10
302.2863
 20
-9394.8294
 10
302.3205
 20
-9395.5939
 10
302.3089
 20
-9396.418
 10
302.2757
 20
-9397.2486
 10
302.245
 20
-9398.0325
 10
302.1531
 20
-9399.5962
 10
302.1353
 20
-9399.9014
 10
302.0995
 20
-9400.335
 10
302.0706
 20
-9400.5518
 10
302.0323
 20
-9400.743
 10
301.9828
 20
-9400.8894
 10
301.9205
 20
-9400.9718
 10
301.863
 20
-9400.8825
 10
301.8239
 20
-9400.7404
 10
301.8
 20
-9400.5608
 10
301.7878
 20
-9400.3586
 10
301.7855
 20
-9399.947
 10
301.7905
 20
-9399.6265
  0
LWPOLYLINE
  5
A8
330
1F
100
AcDbEntity
  8
Capa 1
 62
     7
100
AcDbPolyline
 90
       54
 70
     1
 43
0.0
 10
303.1385
 20
-9401.8858
 10
303.171
 20
-9401.1815
 10
303.1782
 20
-9400.4377
 10
303.1764
 20
-9399.6886
 10
303.1824
 20
-9398.9688
 10
303.2593
 20
-9396.0742
 10
303.2691
 20
-9395.3309
 10
303.287
 20
-9394.6215
 10
303.3438
 20
-9393.966
 10
303.4699
 20
-9393.3843
 10
303.6961
 20
-9392.8965
 10
304.053
 20
-9392.5225
 10
304.5712
 20
-9392.2823
 10
305.2814
 20
-9392.1958
 10
305.3437
 20
-9392.1647
 10
305.3723
 20
-9392.1517
 10
305.3882
 20
-9392.1248
 10
305.4125
 20
-9392.0521
 10
305.1779
 20
-9391.9834
 10
304.8073
 20
-9391.9483
 10
304.3447
 20
-9391.9421
 10
303.8342
 20
-9391.9602
 10
303.3198
 20
-9391.9979
 10
302.8456
 20
-9392.0506
 10
302.4557
 20
-9392.1137
 10
302.194
 20
-9392.1826
 10
301.8908
 20
-9392.335
 10
301.6478
 20
-9392.5323
 10
301.4573
 20
-9392.772
 10
301.3115
 20
-9393.0517
 10
301.2025
 20
-9393.3687
 10
301.1226
 20
-9393.7206
 10
301.0639
 20
-9394.1048
 10
301.0187
 20
-9394.5188
 10
300.6265
 20
-9399.3628
 10
300.5954
 20
-9399.7543
 10
300.5584
 20
-9400.2011
 10
300.5336
 20
-9400.6414
 10
300.5389
 20
-9401.0132
 10
300.7915
 20
-9401.1607
 10
301.0135
 20
-9401.2898
 10
301.2068
 20
-9401.4326
 10
301.3729
 20
-9401.6211
 10
301.5267
 20
-9401.856
 10
301.6385
 20
-9402.0609
 10
301.7368
 20
-9402.2891
 10
301.8504
 20
-9402.594
 10
302.4159
 20
-9402.4436
 10
302.7608
 20
-9402.3912
 10
302.9653
 20
-9402.3638
 10
303.0294
 20
-9402.3205
 10
303.0758
 20
-9402.2368
 10
303.1102
 20
-9402.0971
 10
303.1385
 20
-9401.8858
  0
LWPOLYLINE
  5
A9
330
1F
100
AcDbEntity
  8
Capa 1
 62
     7
100
AcDbPolyline
 90
       83
 70
     1
 43
0.0
 10
276.2725
 20
-9411.4882
 10
275.6967
 20
-9410.1562
 10
275.5057
 20
-9409.6736
 10
275.3655
 20
-9409.333
 10
275.2492
 20
-9409.1104
 10
275.1298
 20
-9408.9818
 10
274.9801
 20
-9408.9232
 10
274.7733
 20
-9408.9106
 10
274.4823
 20
-9408.9201
 10
274.08
 20
-9408.9276
 10
273.8283
 20
-9408.9236
 10
273.6381
 20
-9408.9461
 10
273.5673
 20
-9408.9828
 10
273.5136
 20
-9409.0446
 10
273.4774
 20
-9409.1378
 10
273.4593
 20
-9409.2685
 10
273.459
 20
-9413.0862
 10
273.4479
 20
-9413.8753
 10
273.473
 20
-9414.2912
 10
273.5238
 20
-9414.3962
 10
273.6132
 20
-9414.4524
 10
273.751
 20
-9414.4746
 10
273.9471
 20
-9414.4777
 10
274.2821
 20
-9414.4771
 10
274.5248
 20
-9414.4711
 10
274.6897
 20
-9414.4454
 10
274.7916
 20
-9414.3858
 10
274.8451
 20
-9414.2781
 10
274.8649
 20
-9414.1082
 10
274.8656
 20
-9413.8617
 10
274.862
 20
-9413.5246
 10
274.8744
 20
-9411.6462
 10
275.0123
 20
-9411.8483
 10
275.1693
 20
-9412.1868
 10
275.3177
 20
-9412.5523
 10
275.43
 20
-9412.8356
 10
275.6582
 20
-9413.393
 10
275.8037
 20
-9413.6607
 10
275.8787
 20
-9413.7187
 10
275.973
 20
-9413.7437
 10
276.0999
 20
-9413.7488
 10
276.2727
 20
-9413.7471
 10
276.5148
 20
-9413.7453
 10
276.6632
 20
-9413.7181
 10
276.7155
 20
-9413.6838
 10
276.7604
 20
-9413.6297
 10
276.8031
 20
-9413.5513
 10
276.849
 20
-9413.4441
 10
277.0129
 20
-9413.0387
 10
277.2526
 20
-9412.4702
 10
277.4981
 20
-9411.9408
 10
277.6795
 20
-9411.6525
 10
277.6993
 20
-9414.3186
 10
277.7761
 20
-9414.407
 10
277.9254
 20
-9414.4619
 10
278.1239
 20
-9414.489
 10
278.3482
 20
-9414.4939
 10
278.7806
 20
-9414.4599
 10
279.0355
 20
-9414.4054
 10
279.0714
 20
-9414.081
 10
279.0964
 20
-9413.4396
 10
279.1106
 20
-9412.5899
 10
279.114
 20
-9411.6406
 10
279.1066
 20
-9410.7004
 10
279.0884
 20
-9409.878
 10
279.0594
 20
-9409.2821
 10
279.0197
 20
-9409.0215
 10
278.9392
 20
-9408.9703
 10
278.8056
 20
-9408.9375
 10
278.6346
 20
-9408.9194
 10
278.4417
 20
-9408.9126
 10
278.052
 20
-9408.9185
 10
277.7611
 20
-9408.927
 10
277.5797
 20
-9408.939
 10
277.4464
 20
-9408.9738
 10
277.3511
 20
-9409.0305
 10
277.2836
 20
-9409.1079
 10
277.1917
 20
-9409.3212
 10
277.0898
 20
-9409.6056
 10
276.9261
 20
-9410.0168
 10
276.6837
 20
-9410.6257
 10
276.44
 20
-9411.1951
 10
276.2725
 20
-9411.4882
  0
LWPOLYLINE
  5
AA
330
1F
100
AcDbEntity
  8
Capa 1
 62
     7
100
AcDbPolyline
 90
       38
 70
     1
 43
0.0
 10
294.4169
 20
-9394.5846
 10
294.5097
 20
-9390.1983
 10
294.535
 20
-9389.6899
 10
294.5701
 20
-9389.1762
 10
294.6291
 20
-9388.6678
 10
294.7262
 20
-9388.1752
 10
294.781
 20
-9387.9884
 10
294.8585
 20
-9387.7785
 10
294.9566
 20
-9387.5614
 10
295.0731
 20
-9387.3529
 10
295.2057
 20
-9387.1689
 10
295.3525
 20
-9387.0251
 10
295.5111
 20
-9386.9375
 10
295.6794
 20
-9386.9218
 10
295.6222
 20
-9387.0775
 10
295.5155
 20
-9387.3059
 10
295.3918
 20
-9387.5968
 10
295.284
 20
-9387.9399
 10
295.1551
 20
-9388.6871
 10
295.0562
 20
-9389.6777
 10
294.9802
 20
-9390.8411
 10
294.9198
 20
-9392.1066
 10
294.8681
 20
-9393.4034
 10
294.8177
 20
-9394.661
 10
294.7616
 20
-9395.8087
 10
294.6927
 20
-9396.7757
 10
294.6731
 20
-9397.0415
 10
294.6573
 20
-9397.1883
 10
294.6419
 20
-9397.2299
 10
294.6169
 20
-9397.2572
 10
294.5787
 20
-9397.2753
 10
294.5237
 20
-9397.2893
 10
294.4806
 20
-9397.0982
 10
294.4505
 20
-9396.7975
 10
294.4311
 20
-9396.4211
 10
294.4202
 20
-9396.0027
 10
294.415
 20
-9395.175
 10
294.4169
 20
-9394.5846
  0
LWPOLYLINE
  5
AB
330
1F
100
AcDbEntity
  8
Capa 1
 62
     7
100
AcDbPolyline
 90
       31
 70
     1
 43
0.0
 10
286.5937
 20
-9389.8917
 10
286.6208
 20
-9390.6728
 10
286.6488
 20
-9391.881
 10
286.6495
 20
-9392.4951
 10
286.6338
 20
-9393.0358
 10
286.5964
 20
-9393.443
 10
286.5317
 20
-9393.6568
 10
286.4749
 20
-9393.614
 10
286.4336
 20
-9393.5505
 10
286.4049
 20
-9393.4689
 10
286.3856
 20
-9393.3719
 10
286.3634
 20
-9393.1419
 10
286.343
 20
-9392.8818
 10
286.2512
 20
-9391.7533
 10
286.19
 20
-9390.6321
 10
286.1318
 20
-9389.5268
 10
286.049
 20
-9388.4461
 10
285.9619
 20
-9387.8754
 10
285.8497
 20
-9387.4238
 10
285.7525
 20
-9387.1027
 10
285.7102
 20
-9386.9234
 10
285.8466
 20
-9386.9553
 10
285.9701
 20
-9387.0493
 10
286.0803
 20
-9387.1916
 10
286.1772
 20
-9387.3686
 10
286.3293
 20
-9387.7721
 10
286.4242
 20
-9388.1503
 10
286.4938
 20
-9388.571
 10
286.5432
 20
-9389.0119
 10
286.5754
 20
-9389.4573
 10
286.5937
 20
-9389.8917
  0
LWPOLYLINE
  5
AC
330
1F
100
AcDbEntity
  8
Capa 1
 62
     7
100
AcDbPolyline
 90
      248
 70
     1
 43
0.0
 10
297.3947
 20
-9396.2512
 10
297.2091
 20
-9396.3924
 10
297.0197
 20
-9396.5431
 10
296.9264
 20
-9396.649
 10
296.8356
 20
-9396.7898
 10
296.7483
 20
-9396.9761
 10
296.6658
 20
-9397.2189
 10
296.5742
 20
-9397.5994
 10
296.4885
 20
-9397.9942
 10
296.4431
 20
-9398.1693
 10
296.3932
 20
-9398.3147
 10
296.337
 20
-9398.4195
 10
296.2724
 20
-9398.4724
 10
296.2366
 20
-9398.1324
 10
296.2332
 20
-9397.4058
 10
296.2542
 20
-9396.413
 10
296.2918
 20
-9395.2744
 10
296.3381
 20
-9394.1102
 10
296.3852
 20
-9393.0407
 10
296.4251
 20
-9392.1863
 10
296.4501
 20
-9391.6672
 10
296.4857
 20
-9390.8239
 10
296.5213
 20
-9389.9809
 10
296.5702
 20
-9389.1401
 10
296.6459
 20
-9388.3036
 10
296.7072
 20
-9387.9251
 10
296.805
 20
-9387.5688
 10
296.9404
 20
-9387.2415
 10
297.1147
 20
-9386.9502
 10
297.329
 20
-9386.702
 10
297.5847
 20
-9386.5037
 10
297.8829
 20
-9386.3623
 10
298.2248
 20
-9386.2847
 10
298.2505
 20
-9386.1759
 10
298.2599
 20
-9386.0895
 10
298.249
 20
-9386.0545
 10
298.2228
 20
-9386.0249
 10
298.1775
 20
-9386.0007
 10
298.1093
 20
-9385.9817
 10
296.4154
 20
-9386.0042
 10
295.5504
 20
-9386.0329
 10
294.8062
 20
-9386.075
 10
294.1747
 20
-9386.1691
 10
293.648
 20
-9386.3537
 10
293.2181
 20
-9386.6675
 10
292.877
 20
-9387.149
 10
292.6167
 20
-9387.8367
 10
292.4292
 20
-9388.7694
 10
292.3064
 20
-9389.8023
 10
292.2201
 20
-9390.856
 10
292.1547
 20
-9391.915
 10
292.0941
 20
-9392.9636
 10
292.0703
 20
-9393.2881
 10
292.023
 20
-9393.4522
 10
291.9082
 20
-9393.5523
 10
291.682
 20
-9393.6847
 10
291.452
 20
-9393.8669
 10
291.2508
 20
-9394.1076
 10
291.0793
 20
-9394.3932
 10
290.9389
 20
-9394.7103
 10
290.8306
 20
-9395.0454
 10
290.7557
 20
-9395.3849
 10
290.7153
 20
-9395.7154
 10
290.7106
 20
-9396.0234
 10
290.8397
 20
-9396.1168
 10
290.9722
 20
-9396.2282
 10
291.0996
 20
-9396.3575
 10
291.2134
 20
-9396.5046
 10
291.3053
 20
-9396.6694
 10
291.3667
 20
-9396.8519
 10
291.3892
 20
-9397.0519
 10
291.3644
 20
-9397.2695
 10
291.2767
 20
-9397.2553
 10
291.223
 20
-9397.2347
 10
291.1894
 20
-9397.2034
 10
291.1615
 20
-9397.1571
 10
291.0668
 20
-9397.0024
 10
290.8257
 20
-9396.7364
 10
290.4291
 20
-9396.5326
 10
290.1041
 20
-9396.3972
 10
290.058
 20
-9396.1892
 10
290.0288
 20
-9395.9448
 10
289.9907
 20
-9395.6788
 10
289.9179
 20
-9395.4057
 10
289.8369
 20
-9395.2073
 10
289.7416
 20
-9395.0187
 10
289.6326
 20
-9394.8408
 10
289.5103
 20
-9394.6747
 10
289.3753
 20
-9394.5213
 10
289.2281
 20
-9394.3817
 10
289.069
 20
-9394.2568
 10
288.8987
 20
-9394.1477
 10
288.7021
 20
-9394.0613
 10
288.4751
 20
-9393.9782
 10
288.3673
 20
-9393.9325
 10
288.2724
 20
-9393.8812
 10
288.1972
 20
-9393.8222
 10
288.1486
 20
-9393.7533
 10
288.1195
 20
-9393.5237
 10
288.0986
 20
-9393.0392
 10
288.0844
 20
-9392.3794
 10
288.0756
 20
-9391.6239
 10
288.0709
 20
-9390.8522
 10
288.0689
 20
-9390.1439
 10
288.0681
 20
-9389.5786
 10
288.0674
 20
-9389.2358
 10
288.0654
 20
-9388.781
 10
288.0514
 20
-9388.304
 10
288.0057
 20
-9387.8247
 10
287.9086
 20
-9387.3631
 10
287.7403
 20
-9386.939
 10
287.4809
 20
-9386.5723
 10
287.1109
 20
-9386.283
 10
286.6104
 20
-9386.0909
 10
286.3046
 20
-9386.0434
 10
285.7913
 20
-9385.9915
 10
285.142
 20
-9385.9432
 10
284.4283
 20
-9385.9065
 10
283.7216
 20
-9385.8894
 10
283.0935
 20
-9385.8998
 10
282.6154
 20
-9385.9457
 10
282.359
 20
-9386.0352
 10
282.4224
 20
-9386.139
 10
282.7545
 20
-9386.1664
 10
283.0416
 20
-9386.2022
 10
283.2909
 20
-9386.2517
 10
283.5096
 20
-9386.3205
 10
283.7052
 20
-9386.4138
 10
283.8848
 20
-9386.5372
 10
284.0558
 20
-9386.6961
 10
284.2254
 20
-9386.8958
 10
284.3595
 20
-9387.0992
 10
284.4643
 20
-9387.3191
 10
284.544
 20
-9387.5537
 10
284.603
 20
-9387.8013
 10
284.6756
 20
-9388.3285
 10
284.7166
 20
-9388.8868
 10
284.9224
 20
-9393.7206
 10
285.289
 20
-9393.8761
 10
285.59
 20
-9394.0025
 10
285.7257
 20
-9394.0714
 10
285.857
 20
-9394.1531
 10
285.9876
 20
-9394.2541
 10
286.1217
 20
-9394.3811
 10
286.3022
 20
-9394.5917
 10
286.44
 20
-9394.7958
 10
286.5425
 20
-9394.9882
 10
286.6172
 20
-9395.1639
 10
286.7127
 20
-9395.4444
 10
286.786
 20
-9395.5964
 10
287.202
 20
-9395.6883
 10
287.6856
 20
-9395.7989
 10
288.0807
 20
-9396.0164
 10
288.384
 20
-9396.2873
 10
288.6091
 20
-9396.5876
 10
288.7694
 20
-9396.8934
 10
288.9502
 20
-9397.4262
 10
289.0351
 20
-9397.6946
 10
289.2735
 20
-9397.7815
 10
289.7043
 20
-9397.9283
 10
289.9553
 20
-9398.0669
 10
290.2103
 20
-9398.2717
 10
290.4549
 20
-9398.5598
 10
290.6744
 20
-9398.9482
 10
290.8212
 20
-9399.3673
 10
290.9447
 20
-9399.6076
 10
291.6175
 20
-9399.8822
 10
292.1205
 20
-9399.4838
 10
292.6617
 20
-9399.2526
 10
293.2151
 20
-9399.1798
 10
293.7547
 20
-9399.2568
 10
294.2545
 20
-9399.475
 10
294.6884
 20
-9399.8257
 10
295.0305
 20
-9400.3003
 10
295.2547
 20
-9400.8901
 10
295.8264
 20
-9400.872
 10
296.0423
 20
-9400.4924
 10
296.2872
 20
-9400.1246
 10
296.4427
 20
-9399.9543
 10
296.6321
 20
-9399.798
 10
296.8641
 20
-9399.6593
 10
297.1478
 20
-9399.5419
 10
297.5087
 20
-9399.4752
 10
297.8309
 20
-9399.4013
 10
297.9017
 20
-9399.255
 10
297.9346
 20
-9399.0014
 10
297.9517
 20
-9398.6657
 10
297.975
 20
-9398.2728
 10
298.0267
 20
-9397.8478
 10
298.129
 20
-9397.4158
 10
298.3039
 20
-9397.0017
 10
298.5737
 20
-9396.6307
 10
298.7584
 20
-9396.4661
 10
298.8446
 20
-9396.3887
 10
298.8803
 20
-9396.2351
 10
298.9133
 20
-9395.8418
 10
298.9533
 20
-9395.306
 10
298.9947
 20
-9394.7774
 10
299.0545
 20
-9394.27
 10
299.1496
 20
-9393.7975
 10
299.2969
 20
-9393.374
 10
299.5132
 20
-9393.0131
 10
299.8154
 20
-9392.7289
 10
300.2205
 20
-9392.5352
 10
300.2545
 20
-9390.7048
 10
300.2409
 20
-9389.8887
 10
300.2356
 20
-9389.0678
 10
300.2478
 20
-9388.2477
 10
300.2872
 20
-9387.434
 10
300.3655
 20
-9386.6576
 10
300.4698
 20
-9386.0958
 10
300.5908
 20
-9385.7085
 10
300.7191
 20
-9385.4557
 10
300.9605
 20
-9385.1935
 10
301.1191
 20
-9384.989
 10
300.9486
 20
-9384.8911
 10
300.7639
 20
-9384.8296
 10
300.57
 20
-9384.8018
 10
300.3722
 20
-9384.805
 10
300.1756
 20
-9384.8365
 10
299.9855
 20
-9384.8938
 10
299.8069
 20
-9384.9741
 10
299.6451
 20
-9385.0748
 10
299.5247
 20
-9385.1741
 10
299.4134
 20
-9385.2904
 10
299.3115
 20
-9385.423
 10
299.2191
 20
-9385.5713
 10
299.0635
 20
-9385.9116
 10
298.9484
 20
-9386.3055
 10
298.8704
 20
-9386.7133
 10
298.8121
 20
-9387.141
 10
298.7694
 20
-9387.5828
 10
298.7385
 20
-9388.0332
 10
298.6957
 20
-9388.9368
 10
298.6517
 20
-9389.8065
 10
298.517
 20
-9392.5676
 10
298.5016
 20
-9392.8512
 10
298.463
 20
-9392.9973
 10
298.3758
 20
-9393.0983
 10
298.2149
 20
-9393.2463
 10
297.9897
 20
-9393.5651
 10
297.8332
 20
-9393.9757
 10
297.7285
 20
-9394.4404
 10
297.6589
 20
-9394.9213
 10
297.6075
 20
-9395.3807
 10
297.5575
 20
-9395.7807
 10
297.4922
 20
-9396.0834
 10
297.3947
 20
-9396.2512
  0
LWPOLYLINE
  5
AD
330
1F
100
AcDbEntity
  8
Capa 1
 62
     7
100
AcDbPolyline
 90
       30
 70
     1
 43
0.0
 10
279.0453
 20
-9390.9707
 10
279.0386
 20
-9391.1958
 10
279.0291
 20
-9391.3604
 10
279.0157
 20
-9391.4235
 10
278.9922
 20
-9391.4756
 10
278.9558
 20
-9391.5183
 10
278.9031
 20
-9391.5527
 10
278.8409
 20
-9391.3898
 10
278.7886
 20
-9391.1062
 10
278.745
 20
-9390.7387
 10
278.7094
 20
-9390.3246
 10
278.6582
 20
-9389.5043
 10
278.6276
 20
-9388.9417
 10
278.4872
 20
-9387.6321
 10
278.3816
 20
-9387.2218
 10
278.2687
 20
-9386.9438
 10
278.1817
 20
-9386.7435
 10
278.154
 20
-9386.5659
 10
278.2726
 20
-9386.5984
 10
278.385
 20
-9386.664
 10
278.4901
 20
-9386.7564
 10
278.5865
 20
-9386.8691
 10
278.7476
 20
-9387.1296
 10
278.8578
 20
-9387.394
 10
278.9396
 20
-9387.7317
 10
278.9992
 20
-9388.1522
 10
279.0393
 20
-9388.6298
 10
279.0629
 20
-9389.1386
 10
279.0709
 20
-9390.1469
 10
279.0453
 20
-9390.9707
  0
LWPOLYLINE
  5
AE
330
1F
100
AcDbEntity
  8
Capa 1
 62
     7
100
AcDbPolyline
 90
      259
 70
     1
 43
0.0
 10
275.8999
 20
-9385.7957
 10
276.044
 20
-9385.9601
 10
276.2115
 20
-9386.0535
 10
276.4288
 20
-9386.198
 10
276.6237
 20
-9386.3659
 10
276.7977
 20
-9386.5653
 10
276.9521
 20
-9386.8045
 10
277.1305
 20
-9387.2658
 10
277.2637
 20
-9387.8822
 10
277.3594
 20
-9388.6072
 10
277.4256
 20
-9389.3943
 10
277.47
 20
-9390.1971
 10
277.5005
 20
-9390.9689
 10
277.525
 20
-9391.6633
 10
277.5513
 20
-9392.2337
 10
277.8578
 20
-9392.3944
 10
278.1363
 20
-9392.5612
 10
278.3861
 20
-9392.7421
 10
278.6065
 20
-9392.945
 10
278.7968
 20
-9393.1779
 10
278.9561
 20
-9393.4487
 10
279.0839
 20
-9393.7655
 10
279.1792
 20
-9394.1362
 10
279.2554
 20
-9394.8569
 10
279.3156
 20
-9395.8717
 10
279.3769
 20
-9396.8244
 10
279.4563
 20
-9397.3589
 10
279.6208
 20
-9397.4831
 10
279.9347
 20
-9397.6965
 10
280.1207
 20
-9397.8504
 10
280.3117
 20
-9398.043
 10
280.4969
 20
-9398.2798
 10
280.6655
 20
-9398.5663
 10
280.7633
 20
-9398.7836
 10
280.8458
 20
-9399.0108
 10
280.915
 20
-9399.246
 10
280.9729
 20
-9399.4875
 10
281.0625
 20
-9399.982
 10
281.13
 20
-9400.4798
 10
281.4089
 20
-9400.5524
 10
281.6808
 20
-9400.6187
 10
281.9528
 20
-9400.6984
 10
282.2318
 20
-9400.8112
 10
282.5705
 20
-9401.0013
 10
282.8892
 20
-9401.2376
 10
283.18
 20
-9401.5147
 10
283.4354
 20
-9401.827
 10
283.6476
 20
-9402.1693
 10
283.809
 20
-9402.536
 10
283.9119
 20
-9402.9216
 10
283.9486
 20
-9403.3207
 10
284.0921
 20
-9403.3618
 10
284.3517
 20
-9403.386
 10
284.6919
 20
-9403.3969
 10
285.0772
 20
-9403.398
 10
285.8403
 20
-9403.3847
 10
286.3564
 20
-9403.3741
 10
291.3544
 20
-9403.3759
 10
291.8867
 20
-9403.3642
 10
292.6131
 20
-9403.3538
 10
292.9757
 20
-9403.3612
 10
293.2988
 20
-9403.3833
 10
293.5531
 20
-9403.425
 10
293.7091
 20
-9403.491
 10
293.6869
 20
-9403.6182
 10
293.6222
 20
-9403.7076
 10
293.5316
 20
-9403.7724
 10
293.4316
 20
-9403.826
 10
293.3388
 20
-9403.8817
 10
293.2698
 20
-9403.9526
 10
293.2412
 20
-9404.052
 10
293.2694
 20
-9404.1933
 10
293.3727
 20
-9404.2901
 10
293.5317
 20
-9404.3543
 10
293.7313
 20
-9404.3921
 10
293.9567
 20
-9404.4095
 10
294.4252
 20
-9404.4077
 10
294.818
 20
-9404.3979
 10
300.1832
 20
-9404.3988
 10
300.3866
 20
-9403.9893
 10
300.6019
 20
-9403.6589
 10
300.8483
 20
-9403.3738
 10
301.1452
 20
-9403.1004
 10
301.2148
 20
-9402.9865
 10
301.2253
 20
-9402.8271
 10
301.1837
 20
-9402.6375
 10
301.0969
 20
-9402.4327
 10
300.972
 20
-9402.228
 10
300.8159
 20
-9402.0384
 10
300.6356
 20
-9401.8791
 10
300.4382
 20
-9401.7653
 10
300.2023
 20
-9401.6863
 10
300.0115
 20
-9401.6611
 10
299.8564
 20
-9401.6758
 10
299.7277
 20
-9401.7165
 10
299.616
 20
-9401.7693
 10
299.512
 20
-9401.8205
 10
299.4064
 20
-9401.856
 10
299.2899
 20
-9401.862
 10
299.2128
 20
-9401.5435
 10
299.023
 20
-9400.969
 10
298.8463
 20
-9400.6731
 10
298.5941
 20
-9400.418
 10
298.2504
 20
-9400.2386
 10
297.7995
 20
-9400.1698
 10
297.362
 20
-9400.2259
 10
297.0261
 20
-9400.3783
 10
296.7773
 20
-9400.5985
 10
296.6009
 20
-9400.8577
 10
296.4072
 20
-9401.3784
 10
296.3285
 20
-9401.7106
 10
296.3135
 20
-9401.7407
 10
296.2772
 20
-9401.7949
 10
296.1889
 20
-9401.7932
 10
296.1069
 20
-9401.7606
 10
296.0251
 20
-9401.709
 10
295.9376
 20
-9401.6501
 10
295.8383
 20
-9401.5956
 10
295.7213
 20
-9401.5573
 10
295.5804
 20
-9401.5467
 10
295.4098
 20
-9401.5758
 10
295.1765
 20
-9401.7239
 10
294.9176
 20
-9401.9241
 10
294.805
 20
-9401.98
 10
294.7178
 20
-9401.9723
 10
294.6665
 20
-9401.8755
 10
294.6617
 20
-9401.6642
 10
294.6644
 20
-9401.3868
 10
294.629
 20
-9401.1184
 10
294.5563
 20
-9400.8642
 10
294.4476
 20
-9400.6292
 10
294.3038
 20
-9400.4184
 10
294.1261
 20
-9400.237
 10
293.9155
 20
-9400.09
 10
293.673
 20
-9399.9826
 10
293.2092
 20
-9399.8898
 10
292.8217
 20
-9399.9246
 10
292.5037
 20
-9400.0531
 10
292.2478
 20
-9400.2412
 10
291.8945
 20
-9400.6596
 10
291.7051
 20
-9400.9072
 10
291.4785
 20
-9400.6903
 10
291.1794
 20
-9400.4135
 10
290.9445
 20
-9400.3164
 10
290.7518
 20
-9400.2859
 10
290.5612
 20
-9400.2799
 10
290.3329
 20
-9400.2561
 10
290.2722
 20
-9399.8691
 10
290.1818
 20
-9399.4394
 10
289.9989
 20
-9399.0433
 10
289.7701
 20
-9398.7633
 10
289.5142
 20
-9398.5793
 10
289.2495
 20
-9398.471
 10
288.7683
 20
-9398.4012
 10
288.4751
 20
-9398.3923
 10
288.4083
 20
-9398.3636
 10
288.3508
 20
-9398.1363
 10
288.3122
 20
-9397.7239
 10
288.2674
 20
-9397.4799
 10
288.1884
 20
-9397.2275
 10
288.0621
 20
-9396.9794
 10
287.8755
 20
-9396.7482
 10
287.6311
 20
-9396.5514
 10
287.3867
 20
-9396.4297
 10
287.1479
 20
-9396.367
 10
286.9202
 20
-9396.347
 10
286.5209
 20
-9396.3707
 10
286.2335
 20
-9396.3715
 10
286.1606
 20
-9396.0375
 10
286.0076
 20
-9395.482
 10
285.8556
 20
-9395.1819
 10
285.6292
 20
-9394.8994
 10
285.3102
 20
-9394.6588
 10
284.8804
 20
-9394.4844
 10
284.4622
 20
-9394.3979
 10
284.1745
 20
-9394.3915
 10
283.9961
 20
-9394.4461
 10
283.9062
 20
-9394.5424
 10
283.8835
 20
-9394.6612
 10
283.9071
 20
-9394.7831
 10
283.956
 20
-9394.889
 10
284.009
 20
-9394.9595
 10
284.1654
 20
-9395.0939
 10
284.3059
 20
-9395.2773
 10
284.468
 20
-9395.6003
 10
284.5757
 20
-9395.9511
 10
284.6414
 20
-9396.3273
 10
284.6771
 20
-9396.7264
 10
284.7074
 20
-9397.5836
 10
284.764
 20
-9398.5032
 10
285.0035
 20
-9398.5632
 10
285.2251
 20
-9398.6418
 10
285.4287
 20
-9398.7398
 10
285.6141
 20
-9398.8581
 10
285.7812
 20
-9398.9973
 10
285.9299
 20
-9399.1583
 10
286.0599
 20
-9399.3419
 10
286.1711
 20
-9399.5489
 10
286.3875
 20
-9400.1267
 10
286.6741
 20
-9400.2284
 10
286.8814
 20
-9400.2964
 10
286.971
 20
-9400.3396
 10
287.0594
 20
-9400.4005
 10
287.1531
 20
-9400.4879
 10
287.2582
 20
-9400.6104
 10
287.3855
 20
-9400.813
 10
287.4931
 20
-9401.0796
 10
287.5236
 20
-9401.2195
 10
287.53
 20
-9401.3547
 10
287.506
 20
-9401.478
 10
287.4451
 20
-9401.5826
 10
287.3428
 20
-9401.5463
 10
287.2824
 20
-9401.4825
 10
287.2339
 20
-9401.3906
 10
287.1672
 20
-9401.2699
 10
287.0031
 20
-9401.0644
 10
286.8239
 20
-9400.9252
 10
286.6368
 20
-9400.8393
 10
286.4486
 20
-9400.7942
 10
286.0972
 20
-9400.775
 10
285.8256
 20
-9400.7654
 10
285.7648
 20
-9400.41
 10
285.6741
 20
-9400.0024
 10
285.4716
 20
-9399.6462
 10
285.2289
 20
-9399.4105
 10
284.9629
 20
-9399.2712
 10
284.6902
 20
-9399.2044
 10
284.1917
 20
-9399.192
 10
283.8675
 20
-9399.1811
 10
283.843
 20
-9398.9977
 10
283.8408
 20
-9398.768
 10
283.834
 20
-9398.5102
 10
283.7958
 20
-9398.2426
 10
283.7042
 20
-9397.9389
 10
283.5849
 20
-9397.6825
 10
283.4383
 20
-9397.4673
 10
283.2644
 20
-9397.2874
 10
283.0635
 20
-9397.1366
 10
282.8357
 20
-9397.0091
 10
282.5814
 20
-9396.8987
 10
282.3006
 20
-9396.7995
 10
282.2434
 20
-9396.361
 10
282.2179
 20
-9395.785
 10
282.2101
 20
-9395.1884
 10
282.2059
 20
-9394.6882
 10
282.1461
 20
-9392.5678
 10
281.9374
 20
-9388.4387
 10
281.8818
 20
-9387.9341
 10
281.7954
 20
-9387.4695
 10
281.6695
 20
-9387.051
 10
281.4948
 20
-9386.6846
 10
281.2624
 20
-9386.3763
 10
280.9633
 20
-9386.1321
 10
280.5885
 20
-9385.958
 10
280.129
 20
-9385.86
 10
279.1444
 20
-9385.7793
 10
278.006
 20
-9385.7375
 10
276.8718
 20
-9385.7408
 10
275.8999
 20
-9385.7957
  0
LWPOLYLINE
  5
AF
330
1F
100
AcDbEntity
  8
Capa 1
 62
    28
100
AcDbPolyline
 90
       33
 70
     1
 43
0.0
 10
290.5719
 20
-9380.5227
 10
290.975
 20
-9380.482
 10
291.3504
 20
-9380.3655
 10
291.6902
 20
-9380.181
 10
291.9861
 20
-9379.9369
 10
292.2303
 20
-9379.6409
 10
292.4147
 20
-9379.3012
 10
292.5313
 20
-9378.9258
 10
292.5719
 20
-9378.5227
 10
292.5313
 20
-9378.1196
 10
292.4147
 20
-9377.7442
 10
292.2303
 20
-9377.4045
 10
291.9861
 20
-9377.1085
 10
291.6902
 20
-9376.8643
 10
291.3504
 20
-9376.6799
 10
290.975
 20
-9376.5634
 10
290.5719
 20
-9376.5227
 10
290.1688
 20
-9376.5633
 10
289.7934
 20
-9376.6799
 10
289.4537
 20
-9376.8643
 10
289.1577
 20
-9377.1085
 10
288.9135
 20
-9377.4044
 10
288.7291
 20
-9377.7442
 10
288.6126
 20
-9378.1196
 10
288.5719
 20
-9378.5227
 10
288.6125
 20
-9378.9257
 10
288.7291
 20
-9379.3012
 10
288.9134
 20
-9379.6409
 10
289.1577
 20
-9379.9369
 10
289.4536
 20
-9380.181
 10
289.7934
 20
-9380.3655
 10
290.1687
 20
-9380.482
 10
290.5719
 20
-9380.5227
  0
LWPOLYLINE
  5
B0
330
1F
100
AcDbEntity
  8
Capa 1
 62
    28
100
AcDbPolyline
 90
       36
 70
     1
 43
0.0
 10
292.9683
 20
-9381.7256
 10
293.4003
 20
-9381.3511
 10
293.8887
 20
-9380.7591
 10
294.2575
 20
-9380.0797
 10
294.4906
 20
-9379.3288
 10
294.5719
 20
-9378.5227
 10
294.4906
 20
-9377.7165
 10
294.2575
 20
-9376.9657
 10
293.8887
 20
-9376.2863
 10
293.4003
 20
-9375.6943
 10
292.8083
 20
-9375.2059
 10
292.1289
 20
-9374.8371
 10
291.3781
 20
-9374.604
 10
290.5719
 20
-9374.5227
 10
289.7657
 20
-9374.604
 10
289.0149
 20
-9374.8371
 10
288.3355
 20
-9375.2059
 10
287.7435
 20
-9375.6943
 10
287.2551
 20
-9376.2863
 10
286.8863
 20
-9376.9657
 10
286.6532
 20
-9377.7165
 10
286.5719
 20
-9378.5227
 10
286.6532
 20
-9379.3288
 10
286.8863
 20
-9380.0797
 10
287.255
 20
-9380.7591
 10
287.7435
 20
-9381.3511
 10
288.3355
 20
-9381.8395
 10
288.4916
 20
-9381.9398
 10
288.937
 20
-9381.4147
 10
289.47
 20
-9381.0182
 10
290.0538
 20
-9380.7717
 10
290.6668
 20
-9380.6737
 10
291.2874
 20
-9380.7227
 10
291.8939
 20
-9380.9173
 10
292.4648
 20
-9381.2559
 10
292.9683
 20
-9381.7256
  0
ENDSEC
  0
SECTION
  2
OBJECTS
  0
DICTIONARY
  5
C
330
0
100
AcDbDictionary
281
     1
  3
ACAD_DETAILVIEWSTYLE
350
F6
  3
ACAD_GROUP
350
D
  3
ACAD_LAYOUT
350
1A
  3
ACAD_MATERIAL
350
43
  3
ACAD_MLEADERSTYLE
350
5B
  3
ACAD_MLINESTYLE
350
17
  3
ACAD_PLOTSETTINGS
350
19
  3
ACAD_PLOTSTYLENAME
350
E
  3
ACAD_SCALELIST
350
47
  3
ACAD_SECTIONVIEWSTYLE
350
F7
  3
ACAD_TABLESTYLE
350
59
  3
ACAD_VISUALSTYLE
350
2A
  3
ACDB_RECOMPOSE_DATA
350
F3
  3
AcDbVariableDictionary
350
B3
  0
DICTIONARY
  5
B1
330
8
100
AcDbDictionary
280
     1
281
     1
  3
ACAD_XREC_ROUNDTRIP
360
B2
  0
DICTIONARY
  5
F6
102
{ACAD_REACTORS
330
C
102
}
330
C
100
AcDbDictionary
281
     1
  0
DICTIONARY
  5
D
102
{ACAD_REACTORS
330
C
102
}
330
C
100
AcDbDictionary
281
     1
  0
DICTIONARY
  5
1A
102
{ACAD_REACTORS
330
C
102
}
330
C
100
AcDbDictionary
281
     1
  3
Layout1
350
1E
  3
Layout2
350
26
  3
Model
350
22
  0
DICTIONARY
  5
43
102
{ACAD_REACTORS
330
C
102
}
330
C
100
AcDbDictionary
281
     1
  3
ByBlock
350
45
  3
ByLayer
350
44
  3
Global
350
46
  0
DICTIONARY
  5
5B
102
{ACAD_REACTORS
330
C
102
}
330
C
100
AcDbDictionary
281
     1
  3
Standard
350
5C
  0
DICTIONARY
  5
17
102
{ACAD_REACTORS
330
C
102
}
330
C
100
AcDbDictionary
281
     1
  3
Standard
350
18
  0
DICTIONARY
  5
19
102
{ACAD_REACTORS
330
C
102
}
330
C
100
AcDbDictionary
281
     1
  0
ACDBDICTIONARYWDFLT
  5
E
102
{ACAD_REACTORS
330
C
102
}
330
C
100
AcDbDictionary
281
     1
  3
Normal
350
F
100
AcDbDictionaryWithDefault
340
F
  0
DICTIONARY
  5
47
102
{ACAD_REACTORS
330
C
102
}
330
C
100
AcDbDictionary
281
     1
  3
A0
350
48
  3
A1
350
49
  3
A2
350
4A
  3
A3
350
4B
  3
A4
350
4C
  3
A5
350
4D
  3
A6
350
4E
  3
A7
350
4F
  3
A8
350
50
  3
A9
350
51
  3
B1
350
52
  3
B2
350
53
  3
B3
350
54
  3
B4
350
55
  3
B5
350
56
  3
B6
350
57
  3
B7
350
58
  0
DICTIONARY
  5
F7
102
{ACAD_REACTORS
330
C
102
}
330
C
100
AcDbDictionary
281
     1
  0
DICTIONARY
  5
59
102
{ACAD_REACTORS
330
C
102
}
330
C
100
AcDbDictionary
281
     1
  3
Standard
350
5A
  0
DICTIONARY
  5
2A
102
{ACAD_REACTORS
330
C
102
}
330
C
100
AcDbDictionary
281
     1
  3
2dWireframe
350
2F
  3
Basic
350
32
  3
Brighten
350
36
  3
ColorChange
350
3A
  3
Conceptual
350
34
  3
Dim
350
35
  3
EdgeColorOff
350
3D
  3
Facepattern
350
39
  3
Flat
350
2B
  3
FlatWithEdges
350
2C
  3
Gouraud
350
2D
  3
GouraudWithEdges
350
2E
  3
Hidden
350
31
  3
JitterOff
350
3B
  3
Linepattern
350
38
  3
OverhangOff
350
3C
  3
Realistic
350
33
  3
Shaded
350
42
  3
Shaded with edges
350
41
  3
Shades of Gray
350
3E
  3
Sketchy
350
3F
  3
Thicken
350
37
  3
Wireframe
350
30
  3
X-Ray
350
40
  0
XRECORD
  5
F3
102
{ACAD_REACTORS
330
C
102
}
330
C
100
AcDbXrecord
280
     1
 90
        1
330
5A
  0
DICTIONARY
  5
B3
102
{ACAD_REACTORS
330
C
102
}
330
C
100
AcDbDictionary
281
     1
  3
CANNOSCALE
350
B4
  3
CMLEADERSTYLE
350
F5
  3
CTABLESTYLE
350
F4
  3
MSLTSCALE
350
B5
  3
XCLIPFRAME
350
B6
  0
XRECORD
  5
B2
102
{ACAD_REACTORS
330
B1
102
}
330
B1
100
AcDbXrecord
280
     1
102
VTR_0.000_0.000_1.000_1.000_VISUALSTYLE
340
2F
102
VTR_0.000_0.000_1.000_1.000_GRIDDISPLAY
 70
     3
102
VTR_0.000_0.000_1.000_1.000_GRIDMAJOR
 70
     5
102
VTR_0.000_0.000_1.000_1.000_DEFAULTLIGHTING
280
     1
102
VTR_0.000_0.000_1.000_1.000_DEFAULTLIGHTINGTYPE
 70
     1
102
VTR_0.000_0.000_1.000_1.000_BRIGHTNESS
141
0.0
102
VTR_0.000_0.000_1.000_1.000_CONTRAST
142
0.0
  0
LAYOUT
  5
1E
102
{ACAD_REACTORS
330
1A
102
}
330
1A
100
AcDbPlotSettings
  1

  2
none_device
  4

  6

 40
0.0
 41
0.0
 42
0.0
 43
0.0
 44
0.0
 45
0.0
 46
0.0
 47
0.0
 48
0.0
 49
0.0
140
0.0
141
0.0
142
1.0
143
1.0
 70
   688
 72
     0
 73
     0
 74
     5
  7

 75
    16
 76
     0
 77
     2
 78
   300
147
1.0
148
0.0
149
0.0
100
AcDbLayout
  1
Layout1
 70
     1
 71
     1
 10
0.0
 20
0.0
 11
12.0
 21
9.0
 12
0.0
 22
0.0
 32
0.0
 14
1.000000000000000E+20
 24
1.000000000000000E+20
 34
1.000000000000000E+20
 15
-1.000000000000000E+20
 25
-1.000000000000000E+20
 35
-1.000000000000000E+20
146
0.0
 13
0.0
 23
0.0
 33
0.0
 16
1.0
 26
0.0
 36
0.0
 17
0.0
 27
1.0
 37
0.0
 76
     0
330
1B
  0
LAYOUT
  5
26
102
{ACAD_REACTORS
330
1A
102
}
330
1A
100
AcDbPlotSettings
  1

  2
none_device
  4

  6

 40
0.0
 41
0.0
 42
0.0
 43
0.0
 44
0.0
 45
0.0
 46
0.0
 47
0.0
 48
0.0
 49
0.0
140
0.0
141
0.0
142
1.0
143
1.0
 70
   688
 72
     0
 73
     0
 74
     5
  7

 75
    16
 76
     0
 77
     2
 78
   300
147
1.0
148
0.0
149
0.0
100
AcDbLayout
  1
Layout2
 70
     1
 71
     2
 10
0.0
 20
0.0
 11
0.0
 21
0.0
 12
0.0
 22
0.0
 32
0.0
 14
0.0
 24
0.0
 34
0.0
 15
0.0
 25
0.0
 35
0.0
146
0.0
 13
0.0
 23
0.0
 33
0.0
 16
1.0
 26
0.0
 36
0.0
 17
0.0
 27
1.0
 37
0.0
 76
     0
330
23
  0
LAYOUT
  5
22
102
{ACAD_REACTORS
330
1A
102
}
330
1A
100
AcDbPlotSettings
  1

  2
none_device
  4
Letter_(8.50_x_11.00_Inches)
  6

 40
6.35
 41
6.35
 42
6.35000508
 43
6.35000508
 44
215.9
 45
279.4
 46
0.0
 47
0.0
 48
0.0
 49
0.0
140
0.0
141
0.0
142
1.0
143
1.0
 70
  1712
 72
     0
 73
     0
 74
     0
  7

 75
     0
 76
     0
 77
     2
 78
   300
147
1.0
148
0.0
149
0.0
100
AcDbLayout
  1
Model
 70
     1
 71
     0
 10
0.0
 20
0.0
 11
12.0
 21
9.0
 12
0.0
 22
0.0
 32
0.0
 14
265.572
 24
-9426.1711
 34
0.0
 15
315.5719
 25
-9374.5227
 35
0.0
146
0.0
 13
0.0
 23
0.0
 33
0.0
 16
1.0
 26
0.0
 36
0.0
 17
0.0
 27
1.0
 37
0.0
 76
     0
330
1F
331
29
  0
MATERIAL
  5
45
102
{ACAD_REACTORS
330
43
102
}
102
{ACAD_XDICTIONARY
360
E9
102
}
330
43
100
AcDbMaterial
  1
ByBlock
  0
MATERIAL
  5
44
102
{ACAD_REACTORS
330
43
102
}
102
{ACAD_XDICTIONARY
360
E7
102
}
330
43
100
AcDbMaterial
  1
ByLayer
  0
MATERIAL
  5
46
102
{ACAD_REACTORS
330
43
102
}
102
{ACAD_XDICTIONARY
360
EB
102
}
330
43
100
AcDbMaterial
  1
Global
  0
MLEADERSTYLE
  5
5C
102
{ACAD_REACTORS
330
5B
102
}
102
{ACAD_XDICTIONARY
360
F1
102
}
330
5B
100
AcDbMLeaderStyle
170
     2
171
     1
172
     0
 90
        2
 40
0.0
 41
0.0
173
     1
 91
-1056964608
340
14
 92
       -2
290
     1
 42
0.09
291
     1
 43
0.36
  3
Standard
341
0
 44
0.18
300

342
11
174
     1
178
     6
175
     1
176
     0
 93
-1056964608
 45
0.18
292
     0
297
     0
 46
0.18
343
0
 94
-1056964608
 47
1.0
 49
1.0
140
1.0
293
     1
141
0.0
294
     1
177
     0
142
1.0
295
     0
296
     0
143
0.125
1001
ACAD_MLEADERVER
1070
     2
  0
MLINESTYLE
  5
18
102
{ACAD_REACTORS
330
17
102
}
330
17
100
AcDbMlineStyle
  2
Standard
 70
     0
  3

 62
   256
 51
90.0
 52
90.0
 71
     2
 49
0.5
 62
   256
  6
BYLAYER
 49
-0.5
 62
   256
  6
BYLAYER
  0
ACDBPLACEHOLDER
  5
F
102
{ACAD_REACTORS
330
E
102
}
330
E
  0
SCALE
  5
48
102
{ACAD_REACTORS
330
47
102
}
330
47
100
AcDbScale
 70
     0
300
1:1
140
1.0
141
1.0
290
     1
  0
SCALE
  5
49
102
{ACAD_REACTORS
330
47
102
}
330
47
100
AcDbScale
 70
     0
300
1/128" = 1'-0"
140
0.0078125
141
12.0
290
     0
  0
SCALE
  5
4A
102
{ACAD_REACTORS
330
47
102
}
330
47
100
AcDbScale
 70
     0
300
1/64" = 1'-0"
140
0.015625
141
12.0
290
     0
  0
SCALE
  5
4B
102
{ACAD_REACTORS
330
47
102
}
330
47
100
AcDbScale
 70
     0
300
1/32" = 1'-0"
140
0.03125
141
12.0
290
     0
  0
SCALE
  5
4C
102
{ACAD_REACTORS
330
47
102
}
330
47
100
AcDbScale
 70
     0
300
1/16" = 1'-0"
140
0.0625
141
12.0
290
     0
  0
SCALE
  5
4D
102
{ACAD_REACTORS
330
47
102
}
330
47
100
AcDbScale
 70
     0
300
3/32" = 1'-0"
140
0.09375
141
12.0
290
     0
  0
SCALE
  5
4E
102
{ACAD_REACTORS
330
47
102
}
330
47
100
AcDbScale
 70
     0
300
1/8" = 1'-0"
140
0.125
141
12.0
290
     0
  0
SCALE
  5
4F
102
{ACAD_REACTORS
330
47
102
}
330
47
100
AcDbScale
 70
     0
300
3/16" = 1'-0"
140
0.1875
141
12.0
290
     0
  0
SCALE
  5
50
102
{ACAD_REACTORS
330
47
102
}
330
47
100
AcDbScale
 70
     0
300
1/4" = 1'-0"
140
0.25
141
12.0
290
     0
  0
SCALE
  5
51
102
{ACAD_REACTORS
330
47
102
}
330
47
100
AcDbScale
 70
     0
300
3/8" = 1'-0"
140
0.375
141
12.0
290
     0
  0
SCALE
  5
52
102
{ACAD_REACTORS
330
47
102
}
330
47
100
AcDbScale
 70
     0
300
1/2" = 1'-0"
140
0.5
141
12.0
290
     0
  0
SCALE
  5
53
102
{ACAD_REACTORS
330
47
102
}
330
47
100
AcDbScale
 70
     0
300
3/4" = 1'-0"
140
0.75
141
12.0
290
     0
  0
SCALE
  5
54
102
{ACAD_REACTORS
330
47
102
}
330
47
100
AcDbScale
 70
     0
300
1" = 1'-0"
140
1.0
141
12.0
290
     0
  0
SCALE
  5
55
102
{ACAD_REACTORS
330
47
102
}
330
47
100
AcDbScale
 70
     0
300
1-1/2" = 1'-0"
140
1.5
141
12.0
290
     0
  0
SCALE
  5
56
102
{ACAD_REACTORS
330
47
102
}
330
47
100
AcDbScale
 70
     0
300
3" = 1'-0"
140
3.0
141
12.0
290
     0
  0
SCALE
  5
57
102
{ACAD_REACTORS
330
47
102
}
330
47
100
AcDbScale
 70
     0
300
6" = 1'-0"
140
6.0
141
12.0
290
     0
  0
SCALE
  5
58
102
{ACAD_REACTORS
330
47
102
}
330
47
100
AcDbScale
 70
     0
300
1'-0" = 1'-0"
140
12.0
141
12.0
290
     0
  0
TABLESTYLE
  5
5A
102
{ACAD_REACTORS
330
59
102
}
102
{ACAD_XDICTIONARY
360
ED
102
}
330
59
100
AcDbTableStyle
  3
Standard
 70
     0
 71
     0
 40
0.06
 41
0.06
280
     0
281
     0
  7
Standard
140
0.18
170
     2
 62
     0
 63
   257
283
     0
274
    -2
284
     1
 64
     0
275
    -2
285
     1
 65
     0
276
    -2
286
     1
 66
     0
277
    -2
287
     1
 67
     0
278
    -2
288
     1
 68
     0
279
    -2
289
     1
 69
     0
  7
Standard
140
0.25
170
     5
 62
     0
 63
   257
283
     0
274
    -2
284
     1
 64
     0
275
    -2
285
     1
 65
     0
276
    -2
286
     1
 66
     0
277
    -2
287
     1
 67
     0
278
    -2
288
     1
 68
     0
279
    -2
289
     1
 69
     0
  7
Standard
140
0.18
170
     5
 62
     0
 63
   257
283
     0
274
    -2
284
     1
 64
     0
275
    -2
285
     1
 65
     0
276
    -2
286
     1
 66
     0
277
    -2
287
     1
 67
     0
278
    -2
288
     1
 68
     0
279
    -2
289
     1
 69
     0
  0
VISUALSTYLE
  5
2F
102
{ACAD_REACTORS
330
2A
102
}
102
{ACAD_XDICTIONARY
360
BF
102
}
330
2A
100
AcDbVisualStyle
  2
2dWireframe
 70
     4
 71
     0
 72
     2
 73
     0
 90
        0
 40
0.6
 41
30.0
 62
     5
 63
     7
421
 16777215
 74
     1
 91
        4
 64
     7
 65
   257
 75
     1
175
     1
 42
1.0
 92
        0
 66
   257
 43
1.0
 76
     1
 77
     6
 78
     2
 67
     7
 79
     5
170
     0
171
     0
290
     0
174
     0
 93
        1
 44
0.0
173
     0
291
     0
 45
0.0
1001
ACAD
1000
AcDbSavedByObjectVersion
1070
     0
  0
VISUALSTYLE
  5
32
102
{ACAD_REACTORS
330
2A
102
}
102
{ACAD_XDICTIONARY
360
C5
102
}
330
2A
100
AcDbVisualStyle
  2
Basic
 70
     7
 71
     1
 72
     0
 73
     1
 90
        0
 40
0.6
 41
30.0
 62
     5
 63
     7
421
 16777215
 74
     0
 91
        4
 64
     7
 65
   257
 75
     1
175
     1
 42
1.0
 92
        8
 66
     7
 43
1.0
 76
     1
 77
     6
 78
     2
 67
     7
 79
     5
170
     0
171
     0
290
     0
174
     0
 93
        1
 44
0.0
173
     0
291
     1
 45
0.0
1001
ACAD
1000
AcDbSavedByObjectVersion
1070
     0
  0
VISUALSTYLE
  5
36
102
{ACAD_REACTORS
330
2A
102
}
102
{ACAD_XDICTIONARY
360
CD
102
}
330
2A
100
AcDbVisualStyle
  2
Brighten
 70
    12
 71
     2
 72
     2
 73
     0
 90
        0
 40
0.6
 41
30.0
 62
     5
 63
     7
421
 16777215
 74
     1
 91
        4
 64
     7
 65
   257
 75
     1
175
     1
 42
1.0
 92
        8
 66
     7
 43
1.0
 76
     1
 77
     6
 78
     2
 67
     7
 79
     5
170
     0
171
     0
290
     0
174
     0
 93
        1
 44
50.0
173
     0
291
     1
 45
0.0
1001
ACAD
1000
AcDbSavedByObjectVersion
1070
     0
  0
VISUALSTYLE
  5
3A
102
{ACAD_REACTORS
330
2A
102
}
102
{ACAD_XDICTIONARY
360
D5
102
}
330
2A
100
AcDbVisualStyle
  2
ColorChange
 70
    16
 71
     2
 72
     2
 73
     3
 90
        0
 40
0.6
 41
30.0
 62
     5
 63
     8
421
  8421504
 74
     1
 91
        4
 64
     7
 65
   257
 75
     1
175
     1
 42
1.0
 92
        8
 66
     8
424
  8421504
 43
1.0
 76
     1
 77
     6
 78
     2
 67
     7
 79
     5
170
     0
171
     0
290
     0
174
     0
 93
        1
 44
0.0
173
     0
291
     1
 45
0.0
1001
ACAD
1000
AcDbSavedByObjectVersion
1070
     0
  0
VISUALSTYLE
  5
34
102
{ACAD_REACTORS
330
2A
102
}
102
{ACAD_XDICTIONARY
360
C9
102
}
330
2A
100
AcDbVisualStyle
  2
Conceptual
 70
     9
 71
     3
 72
     2
 73
     0
 90
        0
 40
0.6
 41
30.0
 62
     5
 63
     7
421
 16777215
 74
     2
 91
        2
 64
     7
 65
   257
 75
     1
175
     1
 42
179.0
 92
        8
 66
     7
 43
1.0
 76
     1
 77
     6
 78
     2
 67
     7
 79
     3
170
     0
171
     0
290
     0
174
     0
 93
        1
 44
0.0
173
     0
291
     0
 45
0.0
1001
ACAD
1000
AcDbSavedByObjectVersion
1070
     0
  0
VISUALSTYLE
  5
35
102
{ACAD_REACTORS
330
2A
102
}
102
{ACAD_XDICTIONARY
360
CB
102
}
330
2A
100
AcDbVisualStyle
  2
Dim
 70
    11
 71
     2
 72
     2
 73
     0
 90
        0
 40
0.6
 41
30.0
 62
     5
 63
     7
421
 16777215
 74
     1
 91
        4
 64
     7
 65
   257
 75
     1
175
     1
 42
1.0
 92
        8
 66
     7
 43
1.0
 76
     1
 77
     6
 78
     2
 67
     7
 79
     5
170
     0
171
     0
290
     0
174
     0
 93
        1
 44
-50.0
173
     0
291
     1
 45
0.0
1001
ACAD
1000
AcDbSavedByObjectVersion
1070
     0
  0
VISUALSTYLE
  5
3D
102
{ACAD_REACTORS
330
2A
102
}
102
{ACAD_XDICTIONARY
360
DB
102
}
330
2A
100
AcDbVisualStyle
  2
EdgeColorOff
 70
    22
 71
     2
 72
     2
 73
     0
 90
        0
 40
0.6
 41
30.0
 62
     5
 63
     7
421
 16777215
 74
     1
 91
        4
 64
     7
 65
   257
 75
     1
175
     1
 42
1.0
 92
        8
 66
     7
 43
1.0
 76
     1
 77
     6
 78
     2
 67
     7
 79
     5
170
     0
171
     0
290
     0
174
     0
 93
        1
 44
0.0
173
     0
291
     1
 45
0.0
1001
ACAD
1000
AcDbSavedByObjectVersion
1070
     0
  0
VISUALSTYLE
  5
39
102
{ACAD_REACTORS
330
2A
102
}
102
{ACAD_XDICTIONARY
360
D3
102
}
330
2A
100
AcDbVisualStyle
  2
Facepattern
 70
    15
 71
     2
 72
     2
 73
     0
 90
        0
 40
0.6
 41
30.0
 62
     5
 63
     7
421
 16777215
 74
     1
 91
        4
 64
     7
 65
   257
 75
     1
175
     1
 42
1.0
 92
        8
 66
     7
 43
1.0
 76
     1
 77
     6
 78
     2
 67
     7
 79
     5
170
     0
171
     0
290
     0
174
     0
 93
        1
 44
0.0
173
     0
291
     1
 45
0.0
1001
ACAD
1000
AcDbSavedByObjectVersion
1070
     0
  0
VISUALSTYLE
  5
2B
102
{ACAD_REACTORS
330
2A
102
}
102
{ACAD_XDICTIONARY
360
B7
102
}
330
2A
100
AcDbVisualStyle
  2
Flat
 70
     0
 71
     2
 72
     1
 73
     1
 90
        2
 40
0.6
 41
30.0
 62
     5
 63
     7
421
 16777215
 74
     0
 91
        0
 64
     7
 65
   257
 75
     1
175
     1
 42
1.0
 92
        8
 66
     7
 43
1.0
 76
     1
 77
     6
 78
     2
 67
     7
 79
     5
170
     0
171
     0
290
     0
174
     0
 93
       13
 44
0.0
173
     0
291
     1
 45
0.0
1001
ACAD
1000
AcDbSavedByObjectVersion
1070
     0
  0
VISUALSTYLE
  5
2C
102
{ACAD_REACTORS
330
2A
102
}
102
{ACAD_XDICTIONARY
360
B9
102
}
330
2A
100
AcDbVisualStyle
  2
FlatWithEdges
 70
     1
 71
     2
 72
     1
 73
     1
 90
        2
 40
0.6
 41
30.0
 62
     5
 63
     7
421
 16777215
 74
     1
 91
        0
 64
     7
 65
   257
 75
     1
175
     1
 42
1.0
 92
        0
 66
   257
 43
1.0
 76
     1
 77
     6
 78
     2
 67
     7
 79
     5
170
     0
171
     0
290
     0
174
     0
 93
       13
 44
0.0
173
     0
291
     1
 45
0.0
1001
ACAD
1000
AcDbSavedByObjectVersion
1070
     0
  0
VISUALSTYLE
  5
2D
102
{ACAD_REACTORS
330
2A
102
}
102
{ACAD_XDICTIONARY
360
BB
102
}
330
2A
100
AcDbVisualStyle
  2
Gouraud
 70
     2
 71
     2
 72
     2
 73
     1
 90
        2
 40
0.6
 41
30.0
 62
     5
 63
     7
421
 16777215
 74
     0
 91
        0
 64
     7
 65
   257
 75
     1
175
     1
 42
1.0
 92
        0
 66
     7
 43
1.0
 76
     1
 77
     6
 78
     2
 67
     7
 79
     5
170
     0
171
     0
290
     0
174
     0
 93
       13
 44
0.0
173
     0
291
     1
 45
0.0
1001
ACAD
1000
AcDbSavedByObjectVersion
1070
     0
  0
VISUALSTYLE
  5
2E
102
{ACAD_REACTORS
330
2A
102
}
102
{ACAD_XDICTIONARY
360
BD
102
}
330
2A
100
AcDbVisualStyle
  2
GouraudWithEdges
 70
     3
 71
     2
 72
     2
 73
     1
 90
        2
 40
0.6
 41
30.0
 62
     5
 63
     7
421
 16777215
 74
     1
 91
        0
 64
     7
 65
   257
 75
     1
175
     1
 42
1.0
 92
        0
 66
   257
 43
1.0
 76
     1
 77
     6
 78
     2
 67
     7
 79
     5
170
     0
171
     0
290
     0
174
     0
 93
       13
 44
0.0
173
     0
291
     1
 45
0.0
1001
ACAD
1000
AcDbSavedByObjectVersion
1070
     0
  0
VISUALSTYLE
  5
31
102
{ACAD_REACTORS
330
2A
102
}
102
{ACAD_XDICTIONARY
360
C3
102
}
330
2A
100
AcDbVisualStyle
  2
Hidden
 70
     6
 71
     1
 72
     2
 73
     2
 90
        0
 40
0.6
 41
30.0
 62
     5
 63
     7
421
 16777215
 74
     2
 91
        2
 64
     7
 65
   257
 75
     2
175
     1
 42
40.0
 92
        0
 66
   257
 43
1.0
 76
     1
 77
     6
 78
     2
 67
     7
 79
     3
170
     0
171
     0
290
     0
174
     0
 93
        1
 44
0.0
173
     0
291
     0
 45
0.0
1001
ACAD
1000
AcDbSavedByObjectVersion
1070
     0
  0
VISUALSTYLE
  5
3B
102
{ACAD_REACTORS
330
2A
102
}
102
{ACAD_XDICTIONARY
360
D7
102
}
330
2A
100
AcDbVisualStyle
  2
JitterOff
 70
    20
 71
     2
 72
     2
 73
     0
 90
        0
 40
0.6
 41
30.0
 62
     5
 63
     7
421
 16777215
 74
     1
 91
        4
 64
     7
 65
   257
 75
     1
175
     1
 42
1.0
 92
       10
 66
     7
 43
1.0
 76
     1
 77
     6
 78
     2
 67
     7
 79
     5
170
     0
171
     0
290
     0
174
     0
 93
        1
 44
0.0
173
     0
291
     1
 45
0.0
1001
ACAD
1000
AcDbSavedByObjectVersion
1070
     0
  0
VISUALSTYLE
  5
38
102
{ACAD_REACTORS
330
2A
102
}
102
{ACAD_XDICTIONARY
360
D1
102
}
330
2A
100
AcDbVisualStyle
  2
Linepattern
 70
    14
 71
     2
 72
     2
 73
     0
 90
        0
 40
0.6
 41
30.0
 62
     5
 63
     7
421
 16777215
 74
     1
 91
        4
 64
     7
 65
   257
 75
     7
175
     7
 42
1.0
 92
        8
 66
     7
 43
1.0
 76
     1
 77
     6
 78
     2
 67
     7
 79
     5
170
     0
171
     0
290
     0
174
     0
 93
        1
 44
0.0
173
     0
291
     1
 45
0.0
1001
ACAD
1000
AcDbSavedByObjectVersion
1070
     0
  0
VISUALSTYLE
  5
3C
102
{ACAD_REACTORS
330
2A
102
}
102
{ACAD_XDICTIONARY
360
D9
102
}
330
2A
100
AcDbVisualStyle
  2
OverhangOff
 70
    21
 71
     2
 72
     2
 73
     0
 90
        0
 40
0.6
 41
30.0
 62
     5
 63
     7
421
 16777215
 74
     1
 91
        4
 64
     7
 65
   257
 75
     1
175
     1
 42
1.0
 92
        9
 66
     7
 43
1.0
 76
     1
 77
     6
 78
     2
 67
     7
 79
     5
170
     0
171
     0
290
     0
174
     0
 93
        1
 44
0.0
173
     0
291
     1
 45
0.0
1001
ACAD
1000
AcDbSavedByObjectVersion
1070
     0
  0
VISUALSTYLE
  5
33
102
{ACAD_REACTORS
330
2A
102
}
102
{ACAD_XDICTIONARY
360
C7
102
}
330
2A
100
AcDbVisualStyle
  2
Realistic
 70
     8
 71
     2
 72
     3
 73
     0
 90
        2
 40
0.6
 41
30.0
 62
     5
 63
     7
421
 16777215
 74
     0
 91
        0
 64
     7
 65
   257
 75
     1
175
     1
 42
1.0
 92
        8
 66
   257
 43
1.0
 76
     1
 77
     6
 78
     2
 67
     7
 79
     3
170
     0
171
     0
290
     0
174
     0
 93
       13
 44
0.0
173
     0
291
     0
 45
0.0
1001
ACAD
1000
AcDbSavedByObjectVersion
1070
     0
  0
VISUALSTYLE
  5
42
102
{ACAD_REACTORS
330
2A
102
}
102
{ACAD_XDICTIONARY
360
E5
102
}
330
2A
100
AcDbVisualStyle
  2
Shaded
 70
    27
 71
     2
 72
     2
 73
     1
 90
        2
 40
0.6
 41
30.0
 62
     5
 63
     7
421
 16777215
 74
     0
 91
        4
 64
     7
 65
   257
 75
     1
175
     1
 42
1.0
 92
        8
 66
   257
 43
1.0
 76
     1
 77
     6
 78
     2
 67
     8
425
  7895160
 79
     3
170
     0
171
     0
290
     0
174
     0
 93
        5
 44
0.0
173
     0
291
     0
 45
0.0
1001
ACAD
1000
AcDbSavedByObjectVersion
1070
     0
  0
VISUALSTYLE
  5
41
102
{ACAD_REACTORS
330
2A
102
}
102
{ACAD_XDICTIONARY
360
E3
102
}
330
2A
100
AcDbVisualStyle
  2
Shaded with edges
 70
    26
 71
     2
 72
     2
 73
     1
 90
        2
 40
0.6
 41
30.0
 62
     5
 63
     7
421
 16777215
 74
     1
 91
       10
 64
     7
 65
   257
 75
     2
175
     1
 42
1.0
 92
        8
 66
   257
 43
1.0
 76
     1
 77
     6
 78
     2
 67
     7
 79
     3
170
     0
171
     0
290
     0
174
     0
 93
        5
 44
0.0
173
     0
291
     0
 45
0.0
1001
ACAD
1000
AcDbSavedByObjectVersion
1070
     0
  0
VISUALSTYLE
  5
3E
102
{ACAD_REACTORS
330
2A
102
}
102
{ACAD_XDICTIONARY
360
DD
102
}
330
2A
100
AcDbVisualStyle
  2
Shades of Gray
 70
    23
 71
     2
 72
     2
 73
     3
 90
        0
 40
0.6
 41
30.0
 62
     5
 63
     7
421
 16777215
 74
     2
 91
        2
 64
     7
 65
     7
 75
     1
175
     1
 42
40.0
 92
        8
 66
     7
 43
1.0
 76
     1
 77
     6
 78
     2
 67
     7
 79
     3
170
     0
171
     0
290
     0
174
     0
 93
        1
 44
0.0
173
     0
291
     0
 45
0.0
1001
ACAD
1000
AcDbSavedByObjectVersion
1070
     0
  0
VISUALSTYLE
  5
3F
102
{ACAD_REACTORS
330
2A
102
}
102
{ACAD_XDICTIONARY
360
DF
102
}
330
2A
100
AcDbVisualStyle
  2
Sketchy
 70
    24
 71
     1
 72
     2
 73
     2
 90
        0
 40
0.6
 41
30.0
 62
     5
 63
     7
421
 16777215
 74
     2
 91
        2
 64
     7
 65
     7
 75
     1
175
     1
 42
40.0
 92
       11
 66
     7
 43
1.0
 76
     1
 77
     6
 78
     2
 67
     7
 79
     6
170
     0
171
     0
290
     0
174
     0
 93
        1
 44
0.0
173
     0
291
     0
 45
0.0
1001
ACAD
1000
AcDbSavedByObjectVersion
1070
     0
  0
VISUALSTYLE
  5
37
102
{ACAD_REACTORS
330
2A
102
}
102
{ACAD_XDICTIONARY
360
CF
102
}
330
2A
100
AcDbVisualStyle
  2
Thicken
 70
    13
 71
     2
 72
     2
 73
     0
 90
        0
 40
0.6
 41
30.0
 62
     5
 63
     7
421
 16777215
 74
     1
 91
        4
 64
     7
 65
   257
 75
     1
175
     1
 42
1.0
 92
       12
 66
     7
 43
1.0
 76
     1
 77
     6
 78
     2
 67
     7
 79
     5
170
     0
171
     0
290
     0
174
     0
 93
        1
 44
0.0
173
     0
291
     1
 45
0.0
1001
ACAD
1000
AcDbSavedByObjectVersion
1070
     0
  0
VISUALSTYLE
  5
30
102
{ACAD_REACTORS
330
2A
102
}
102
{ACAD_XDICTIONARY
360
C1
102
}
330
2A
100
AcDbVisualStyle
  2
Wireframe
 70
     5
 71
     0
 72
     2
 73
     0
 90
        0
 40
0.6
 41
30.0
 62
     5
 63
     7
421
 16777215
 74
     1
 91
        4
 64
     7
 65
   257
 75
     1
175
     1
 42
1.0
 92
        0
 66
   257
 43
1.0
 76
     1
 77
     6
 78
     2
 67
     7
 79
     3
170
     0
171
     0
290
     0
174
     0
 93
        1
 44
0.0
173
     0
291
     0
 45
0.0
1001
ACAD
1000
AcDbSavedByObjectVersion
1070
     0
  0
VISUALSTYLE
  5
40
102
{ACAD_REACTORS
330
2A
102
}
102
{ACAD_XDICTIONARY
360
E1
102
}
330
2A
100
AcDbVisualStyle
  2
X-Ray
 70
    25
 71
     2
 72
     2
 73
     1
 90
        1
 40
0.5
 41
30.0
 62
     5
 63
     7
421
 16777215
 74
     1
 91
        0
 64
     7
 65
   257
 75
     1
175
     1
 42
1.0
 92
        8
 66
     7
 43
1.0
 76
     1
 77
     6
 78
     2
 67
     7
 79
     3
170
     0
171
     0
290
     0
174
     0
 93
       13
 44
0.0
173
     0
291
     0
 45
0.0
1001
ACAD
1000
AcDbSavedByObjectVersion
1070
     0
  0
DICTIONARYVAR
  5
B4
102
{ACAD_REACTORS
330
B3
102
}
330
B3
100
DictionaryVariables
280
     0
  1
1:1
  0
DICTIONARYVAR
  5
F5
102
{ACAD_REACTORS
330
B3
102
}
330
B3
100
DictionaryVariables
280
     0
  1
Standard
  0
DICTIONARYVAR
  5
F4
102
{ACAD_REACTORS
330
B3
102
}
330
B3
100
DictionaryVariables
280
     0
  1
Standard
  0
DICTIONARYVAR
  5
B5
102
{ACAD_REACTORS
330
B3
102
}
330
B3
100
DictionaryVariables
280
     0
  1
1
  0
DICTIONARYVAR
  5
B6
102
{ACAD_REACTORS
330
B3
102
}
330
B3
100
DictionaryVariables
280
     0
  1
2
  0
DICTIONARY
  5
E9
330
45
100
AcDbDictionary
280
     1
281
     1
  3
ACAD_XREC_ROUNDTRIP
360
EA
  0
DICTIONARY
  5
E7
330
44
100
AcDbDictionary
280
     1
281
     1
  3
ACAD_XREC_ROUNDTRIP
360
E8
  0
DICTIONARY
  5
EB
330
46
100
AcDbDictionary
280
     1
281
     1
  3
ACAD_XREC_ROUNDTRIP
360
EC
  0
DICTIONARY
  5
F1
330
5C
100
AcDbDictionary
280
     1
281
     1
  3
ACAD_XREC_ROUNDTRIP
360
F2
  0
DICTIONARY
  5
ED
330
5A
100
AcDbDictionary
280
     1
281
     1
  3
ACAD_ROUNDTRIP_2008_TABLESTYLE_CELLSTYLEMAP
360
EF
  3
ACAD_XREC_ROUNDTRIP
360
EE
  0
DICTIONARY
  5
BF
330
2F
100
AcDbDictionary
280
     1
281
     1
  3
ACAD_XREC_ROUNDTRIP
360
C0
  0
DICTIONARY
  5
C5
330
32
100
AcDbDictionary
280
     1
281
     1
  3
ACAD_XREC_ROUNDTRIP
360
C6
  0
DICTIONARY
  5
CD
330
36
100
AcDbDictionary
280
     1
281
     1
  3
ACAD_XREC_ROUNDTRIP
360
CE
  0
DICTIONARY
  5
D5
330
3A
100
AcDbDictionary
280
     1
281
     1
  3
ACAD_XREC_ROUNDTRIP
360
D6
  0
DICTIONARY
  5
C9
330
34
100
AcDbDictionary
280
     1
281
     1
  3
ACAD_XREC_ROUNDTRIP
360
CA
  0
DICTIONARY
  5
CB
330
35
100
AcDbDictionary
280
     1
281
     1
  3
ACAD_XREC_ROUNDTRIP
360
CC
  0
DICTIONARY
  5
DB
330
3D
100
AcDbDictionary
280
     1
281
     1
  3
ACAD_XREC_ROUNDTRIP
360
DC
  0
DICTIONARY
  5
D3
330
39
100
AcDbDictionary
280
     1
281
     1
  3
ACAD_XREC_ROUNDTRIP
360
D4
  0
DICTIONARY
  5
B7
330
2B
100
AcDbDictionary
280
     1
281
     1
  3
ACAD_XREC_ROUNDTRIP
360
B8
  0
DICTIONARY
  5
B9
330
2C
100
AcDbDictionary
280
     1
281
     1
  3
ACAD_XREC_ROUNDTRIP
360
BA
  0
DICTIONARY
  5
BB
330
2D
100
AcDbDictionary
280
     1
281
     1
  3
ACAD_XREC_ROUNDTRIP
360
BC
  0
DICTIONARY
  5
BD
330
2E
100
AcDbDictionary
280
     1
281
     1
  3
ACAD_XREC_ROUNDTRIP
360
BE
  0
DICTIONARY
  5
C3
330
31
100
AcDbDictionary
280
     1
281
     1
  3
ACAD_XREC_ROUNDTRIP
360
C4
  0
DICTIONARY
  5
D7
330
3B
100
AcDbDictionary
280
     1
281
     1
  3
ACAD_XREC_ROUNDTRIP
360
D8
  0
DICTIONARY
  5
D1
330
38
100
AcDbDictionary
280
     1
281
     1
  3
ACAD_XREC_ROUNDTRIP
360
D2
  0
DICTIONARY
  5
D9
330
3C
100
AcDbDictionary
280
     1
281
     1
  3
ACAD_XREC_ROUNDTRIP
360
DA
  0
DICTIONARY
  5
C7
330
33
100
AcDbDictionary
280
     1
281
     1
  3
ACAD_XREC_ROUNDTRIP
360
C8
  0
DICTIONARY
  5
E5
330
42
100
AcDbDictionary
280
     1
281
     1
  3
ACAD_XREC_ROUNDTRIP
360
E6
  0
DICTIONARY
  5
E3
330
41
100
AcDbDictionary
280
     1
281
     1
  3
ACAD_XREC_ROUNDTRIP
360
E4
  0
DICTIONARY
  5
DD
330
3E
100
AcDbDictionary
280
     1
281
     1
  3
ACAD_XREC_ROUNDTRIP
360
DE
  0
DICTIONARY
  5
DF
330
3F
100
AcDbDictionary
280
     1
281
     1
  3
ACAD_XREC_ROUNDTRIP
360
E0
  0
DICTIONARY
  5
CF
330
37
100
AcDbDictionary
280
     1
281
     1
  3
ACAD_XREC_ROUNDTRIP
360
D0
  0
DICTIONARY
  5
C1
330
30
100
AcDbDictionary
280
     1
281
     1
  3
ACAD_XREC_ROUNDTRIP
360
C2
  0
DICTIONARY
  5
E1
330
40
100
AcDbDictionary
280
     1
281
     1
  3
ACAD_XREC_ROUNDTRIP
360
E2
  0
XRECORD
  5
EA
102
{ACAD_REACTORS
330
E9
102
}
330
E9
100
AcDbXrecord
280
     1
102
MATERIAL
148
0.0
149
0.0
149
0.0
 93
        0
 94
      127
282
     0
 72
     1
 77
     1
171
     1
175
     1
179
     1
273
     0
  0
XRECORD
  5
E8
102
{ACAD_REACTORS
330
E7
102
}
330
E7
100
AcDbXrecord
280
     1
102
MATERIAL
148
0.0
149
0.0
149
0.0
 93
        0
 94
      127
282
     0
 72
     1
 77
     1
171
     1
175
     1
179
     1
273
     0
  0
XRECORD
  5
EC
102
{ACAD_REACTORS
330
EB
102
}
330
EB
100
AcDbXrecord
280
     1
102
MATERIAL
148
0.0
149
0.0
149
0.0
 93
        0
 94
      127
282
     0
 72
     1
 77
     1
171
     1
175
     1
179
     1
273
     0
  0
XRECORD
  5
F2
102
{ACAD_REACTORS
330
F1
102
}
330
F1
100
AcDbXrecord
280
     1
102
ACAD_ROUNDTRIP_2010_MLEADER_STYLE
  0
CELLSTYLEMAP
  5
EF
102
{ACAD_REACTORS
330
ED
102
}
330
ED
100
AcDbCellStyleMap
 90
        3
300
CELLSTYLE
  1
TABLEFORMAT_BEGIN
 90
        5
170
     1
 91
        0
 92
    32768
 62
   257
 93
        1
300
CONTENTFORMAT
  1
CONTENTFORMAT_BEGIN
 90
        0
 91
        0
 92
        4
 93
        0
300

 40
0.0
140
1.0
 94
        5
 62
     0
340
11
144
0.25
309
CONTENTFORMAT_END
171
     1
301
MARGIN
  1
CELLMARGIN_BEGIN
 40
0.06
 40
0.06
 40
0.06
 40
0.06
 40
0.06
 40
0.06
309
CELLMARGIN_END
 94
        6
 95
        1
302
GRIDFORMAT
  1
GRIDFORMAT_BEGIN
 90
        0
 91
        1
 62
     0
 92
       -2
340
14
 93
        0
 40
0.045
309
GRIDFORMAT_END
 95
        2
302
GRIDFORMAT
  1
GRIDFORMAT_BEGIN
 90
        0
 91
        1
 62
     0
 92
       -2
340
14
 93
        0
 40
0.045
309
GRIDFORMAT_END
 95
        4
302
GRIDFORMAT
  1
GRIDFORMAT_BEGIN
 90
        0
 91
        1
 62
     0
 92
       -2
340
14
 93
        0
 40
0.045
309
GRIDFORMAT_END
 95
        8
302
GRIDFORMAT
  1
GRIDFORMAT_BEGIN
 90
        0
 91
        1
 62
     0
 92
       -2
340
14
 93
        0
 40
0.045
309
GRIDFORMAT_END
 95
       16
302
GRIDFORMAT
  1
GRIDFORMAT_BEGIN
 90
        0
 91
        1
 62
     0
 92
       -2
340
14
 93
        0
 40
0.045
309
GRIDFORMAT_END
 95
       32
302
GRIDFORMAT
  1
GRIDFORMAT_BEGIN
 90
        0
 91
        1
 62
     0
 92
       -2
340
14
 93
        0
 40
0.045
309
GRIDFORMAT_END
309
TABLEFORMAT_END
  1
CELLSTYLE_BEGIN
 90
        1
 91
        1
300
_TITLE
309
CELLSTYLE_END
300
CELLSTYLE
  1
TABLEFORMAT_BEGIN
 90
        5
170
     1
 91
        0
 92
        0
 62
   257
 93
        1
300
CONTENTFORMAT
  1
CONTENTFORMAT_BEGIN
 90
        0
 91
        0
 92
        4
 93
        0
300

 40
0.0
140
1.0
 94
        5
 62
     0
340
11
144
0.18
309
CONTENTFORMAT_END
171
     1
301
MARGIN
  1
CELLMARGIN_BEGIN
 40
0.06
 40
0.06
 40
0.06
 40
0.06
 40
0.06
 40
0.06
309
CELLMARGIN_END
 94
        6
 95
        1
302
GRIDFORMAT
  1
GRIDFORMAT_BEGIN
 90
        0
 91
        1
 62
     0
 92
       -2
340
14
 93
        0
 40
0.045
309
GRIDFORMAT_END
 95
        2
302
GRIDFORMAT
  1
GRIDFORMAT_BEGIN
 90
        0
 91
        1
 62
     0
 92
       -2
340
14
 93
        0
 40
0.045
309
GRIDFORMAT_END
 95
        4
302
GRIDFORMAT
  1
GRIDFORMAT_BEGIN
 90
        0
 91
        1
 62
     0
 92
       -2
340
14
 93
        0
 40
0.045
309
GRIDFORMAT_END
 95
        8
302
GRIDFORMAT
  1
GRIDFORMAT_BEGIN
 90
        0
 91
        1
 62
     0
 92
       -2
340
14
 93
        0
 40
0.045
309
GRIDFORMAT_END
 95
       16
302
GRIDFORMAT
  1
GRIDFORMAT_BEGIN
 90
        0
 91
        1
 62
     0
 92
       -2
340
14
 93
        0
 40
0.045
309
GRIDFORMAT_END
 95
       32
302
GRIDFORMAT
  1
GRIDFORMAT_BEGIN
 90
        0
 91
        1
 62
     0
 92
       -2
340
14
 93
        0
 40
0.045
309
GRIDFORMAT_END
309
TABLEFORMAT_END
  1
CELLSTYLE_BEGIN
 90
        2
 91
        1
300
_HEADER
309
CELLSTYLE_END
300
CELLSTYLE
  1
TABLEFORMAT_BEGIN
 90
        5
170
     1
 91
        0
 92
        0
 62
   257
 93
        1
300
CONTENTFORMAT
  1
CONTENTFORMAT_BEGIN
 90
        0
 91
        0
 92
        4
 93
        0
300

 40
0.0
140
1.0
 94
        2
 62
     0
340
11
144
0.18
309
CONTENTFORMAT_END
171
     1
301
MARGIN
  1
CELLMARGIN_BEGIN
 40
0.06
 40
0.06
 40
0.06
 40
0.06
 40
0.06
 40
0.06
309
CELLMARGIN_END
 94
        6
 95
        1
302
GRIDFORMAT
  1
GRIDFORMAT_BEGIN
 90
        0
 91
        1
 62
     0
 92
       -2
340
14
 93
        0
 40
0.045
309
GRIDFORMAT_END
 95
        2
302
GRIDFORMAT
  1
GRIDFORMAT_BEGIN
 90
        0
 91
        1
 62
     0
 92
       -2
340
14
 93
        0
 40
0.045
309
GRIDFORMAT_END
 95
        4
302
GRIDFORMAT
  1
GRIDFORMAT_BEGIN
 90
        0
 91
        1
 62
     0
 92
       -2
340
14
 93
        0
 40
0.045
309
GRIDFORMAT_END
 95
        8
302
GRIDFORMAT
  1
GRIDFORMAT_BEGIN
 90
        0
 91
        1
 62
     0
 92
       -2
340
14
 93
        0
 40
0.045
309
GRIDFORMAT_END
 95
       16
302
GRIDFORMAT
  1
GRIDFORMAT_BEGIN
 90
        0
 91
        1
 62
     0
 92
       -2
340
14
 93
        0
 40
0.045
309
GRIDFORMAT_END
 95
       32
302
GRIDFORMAT
  1
GRIDFORMAT_BEGIN
 90
        0
 91
        1
 62
     0
 92
       -2
340
14
 93
        0
 40
0.045
309
GRIDFORMAT_END
309
TABLEFORMAT_END
  1
CELLSTYLE_BEGIN
 90
        3
 91
        2
300
_DATA
309
CELLSTYLE_END
  0
XRECORD
  5
EE
102
{ACAD_REACTORS
330
ED
102
}
330
ED
100
AcDbXrecord
280
     1
102
ACAD_ROUNDTRIP_PRE2007_TABLESTYLE
 90
        4
 91
        0
  1

 92
        4
 93
        0
  2

 94
        4
 95
        0
  3

  0
XRECORD
  5
C0
102
{ACAD_REACTORS
330
BF
102
}
330
BF
100
AcDbXrecord
280
     1
102
RTVSPropertyOp0
 70
     1
102
RTVSPropertyOp1
 70
     1
102
RTVSPropertyOp2
 70
     1
102
RTVSPropertyOp3
 70
     1
102
RTVSPropertyOp4
 70
     1
102
RTVSPropertyOp5
 70
     1
102
RTVSPropertyOp6
 70
     1
102
RTVSPropertyOp7
 70
     1
102
RTVSPropertyOp8
 70
     1
102
RTVSPropertyOp9
 70
     1
102
RTVSPropertyOp10
 70
     1
102
RTVSPropertyOp11
 70
     1
102
RTVSPropertyOp12
 70
     1
102
RTVSPropertyOp13
 70
     1
102
RTVSPropertyOp14
 70
     1
102
RTVSPropertyOp15
 70
     1
102
RTVSPropertyOp16
 70
     1
102
RTVSPropertyOp17
 70
     1
102
RTVSPropertyOp18
 70
     1
102
RTVSPropertyOp19
 70
     1
102
RTVSPropertyOp20
 70
     1
102
RTVSPropertyOp21
 70
     1
102
RTVSPropertyOp22
 70
     1
102
RTVSPropertyOp23
 70
     1
102
RTVSPropertyOp24
 70
     1
102
RTVSPropertyOp25
 70
     1
102
RTVSPropertyOp26
 70
     1
102
RTVSPropertyOp27
 70
     1
102
RTVSPropertyOp28
 70
     1
102
RTVSPropertyOp29
 70
     1
102
RTVSPropertyOp30
 70
     1
102
RTVSPropertyOp31
 70
     1
102
RTVSPropertyOp32
 70
     1
102
RTVSPropertyOp33
 70
     1
102
RTVSPropertyOp34
 70
     1
102
RTVSPropertyOp35
 70
     1
102
RTVSPropertyOp36
 70
     1
102
RTVSPropertyOp37
 70
     1
102
RTVSPropertyOp38
 70
     1
102
RTVSPropertyOp39
 70
     1
102
RTVSPropertyOp40
 70
     1
102
RTVSPropertyOp41
 70
     1
102
RTVSPropertyOp42
 70
     1
102
RTVSPropertyOp43
 70
     1
102
RTVSPropertyOp44
 70
     1
102
RTVSPropertyOp45
 70
     1
102
RTVSPropertyOp46
 70
     1
102
RTVSPropertyOp47
 70
     1
102
RTVSPropertyOp48
 70
     1
102
RTVSPropertyOp49
 70
     1
102
RTVSPropertyOp50
 70
     1
102
RTVSPropertyOp51
 70
     0
102
RTVSPropertyOp52
 70
     0
102
RTVSPropertyOp53
 70
     1
102
RTVSPropertyOp54
 70
     1
102
RTVSPropertyOp55
 70
     1
102
RTVSPropertyOp56
 70
     1
102
RTVSPropertyOp57
 70
     1
102
RTVSPost2010Prop28
280
     1
102
RTVSPost2010PropOp28
 70
     1
102
RTVSPost2010Prop29
280
     1
102
RTVSPost2010PropOp29
 70
     1
102
RTVSPost2010Prop30
280
     0
102
RTVSPost2010PropOp30
 70
     1
102
RTVSPost2010Prop31
280
     0
102
RTVSPost2010PropOp31
 70
     1
102
RTVSPost2010Prop32
280
     0
102
RTVSPost2010PropOp32
 70
     1
102
RTVSPost2010Prop33
280
     0
102
RTVSPost2010PropOp33
 70
     1
102
RTVSPost2010Prop34
280
     0
102
RTVSPost2010PropOp34
 70
     1
102
RTVSPost2010Prop35
280
     0
102
RTVSPost2010PropOp35
 70
     1
102
RTVSPost2010Prop36
280
     0
102
RTVSPost2010PropOp36
 70
     1
102
RTVSPost2010Prop37
 90
       50
102
RTVSPost2010PropOp37
 70
     1
102
RTVSPost2010Prop38
140
0.0
102
RTVSPost2010PropOp38
 70
     1
102
RTVSPost2010Prop39
140
1.0
102
RTVSPost2010PropOp39
 70
     1
102
RTVSPost2010Prop40
 90
        0
102
RTVSPost2010PropOp40
 70
     1
102
RTVSPost2010Prop41ColorIndex
 90
       18
102
RTVSPost2010Prop41ColorRGB
 90
        0
102
RTVSPost2010PropOp41
 70
     1
102
RTVSPost2010Prop42
 90
       50
102
RTVSPost2010PropOp42
 70
     1
102
RTVSPost2010Prop43
 90
        3
102
RTVSPost2010PropOp43
 70
     1
102
RTVSPost2010Prop44ColorIndex
 90
        5
102
RTVSPost2010Prop44ColorRGB
 90
      255
102
RTVSPost2010PropOp44
 70
     1
102
RTVSPost2010Prop45
280
     0
102
RTVSPost2010PropOp45
 70
     1
102
RTVSPost2010Prop46
 90
       50
102
RTVSPost2010PropOp46
 70
     1
102
RTVSPost2010Prop47
 90
       50
102
RTVSPost2010PropOp47
 70
     1
102
RTVSPost2010Prop48
 90
       50
102
RTVSPost2010PropOp48
 70
     1
102
RTVSPost2010Prop49
280
     0
102
RTVSPost2010PropOp49
 70
     1
102
RTVSPost2010Prop50
 90
       50
102
RTVSPost2010PropOp50
 70
     1
102
RTVSPost2010Prop51ColorIndex
 90
      256
102
RTVSPost2010Prop51ColorRGB
 90
-16777216
102
RTVSPost2010PropOp51
 70
     0
102
RTVSPost2010Prop52
140
1.0
102
RTVSPost2010PropOp52
 70
     0
102
RTVSPost2010Prop53
 90
        2
102
RTVSPost2010PropOp53
 70
     1
102
RTVSPost2010Prop54
  1
strokes_ogs.tif
102
RTVSPost2010PropOp54
 70
     1
102
RTVSPost2010Prop55
280
     0
102
RTVSPost2010PropOp55
 70
     1
102
RTVSPost2010Prop56
140
1.0
102
RTVSPost2010PropOp56
 70
     1
102
RTVSPost2010Prop57
140
1.0
102
RTVSPost2010PropOp57
 70
     1
  0
XRECORD
  5
C6
102
{ACAD_REACTORS
330
C5
102
}
330
C5
100
AcDbXrecord
280
     1
102
RTVSPropertyOp0
 70
     1
102
RTVSPropertyOp1
 70
     1
102
RTVSPropertyOp2
 70
     1
102
RTVSPropertyOp3
 70
     1
102
RTVSPropertyOp4
 70
     1
102
RTVSPropertyOp5
 70
     1
102
RTVSPropertyOp6
 70
     1
102
RTVSPropertyOp7
 70
     1
102
RTVSPropertyOp8
 70
     1
102
RTVSPropertyOp9
 70
     1
102
RTVSPropertyOp10
 70
     1
102
RTVSPropertyOp11
 70
     1
102
RTVSPropertyOp12
 70
     1
102
RTVSPropertyOp13
 70
     1
102
RTVSPropertyOp14
 70
     1
102
RTVSPropertyOp15
 70
     1
102
RTVSPropertyOp16
 70
     1
102
RTVSPropertyOp17
 70
     1
102
RTVSPropertyOp18
 70
     1
102
RTVSPropertyOp19
 70
     1
102
RTVSPropertyOp20
 70
     1
102
RTVSPropertyOp21
 70
     1
102
RTVSPropertyOp22
 70
     1
102
RTVSPropertyOp23
 70
     1
102
RTVSPropertyOp24
 70
     1
102
RTVSPropertyOp25
 70
     1
102
RTVSPropertyOp26
 70
     1
102
RTVSPropertyOp27
 70
     1
102
RTVSPropertyOp28
 70
     1
102
RTVSPropertyOp29
 70
     1
102
RTVSPropertyOp30
 70
     1
102
RTVSPropertyOp31
 70
     1
102
RTVSPropertyOp32
 70
     1
102
RTVSPropertyOp33
 70
     1
102
RTVSPropertyOp34
 70
     1
102
RTVSPropertyOp35
 70
     1
102
RTVSPropertyOp36
 70
     1
102
RTVSPropertyOp37
 70
     1
102
RTVSPropertyOp38
 70
     1
102
RTVSPropertyOp39
 70
     1
102
RTVSPropertyOp40
 70
     1
102
RTVSPropertyOp41
 70
     1
102
RTVSPropertyOp42
 70
     1
102
RTVSPropertyOp43
 70
     1
102
RTVSPropertyOp44
 70
     1
102
RTVSPropertyOp45
 70
     1
102
RTVSPropertyOp46
 70
     1
102
RTVSPropertyOp47
 70
     1
102
RTVSPropertyOp48
 70
     1
102
RTVSPropertyOp49
 70
     1
102
RTVSPropertyOp50
 70
     1
102
RTVSPropertyOp51
 70
     0
102
RTVSPropertyOp52
 70
     0
102
RTVSPropertyOp53
 70
     1
102
RTVSPropertyOp54
 70
     1
102
RTVSPropertyOp55
 70
     1
102
RTVSPropertyOp56
 70
     1
102
RTVSPropertyOp57
 70
     1
102
RTVSPost2010Prop28
280
     0
102
RTVSPost2010PropOp28
 70
     1
102
RTVSPost2010Prop29
280
     1
102
RTVSPost2010PropOp29
 70
     1
102
RTVSPost2010Prop30
280
     1
102
RTVSPost2010PropOp30
 70
     1
102
RTVSPost2010Prop31
280
     0
102
RTVSPost2010PropOp31
 70
     1
102
RTVSPost2010Prop32
280
     0
102
RTVSPost2010PropOp32
 70
     1
102
RTVSPost2010Prop33
280
     0
102
RTVSPost2010PropOp33
 70
     1
102
RTVSPost2010Prop34
280
     0
102
RTVSPost2010PropOp34
 70
     1
102
RTVSPost2010Prop35
280
     0
102
RTVSPost2010PropOp35
 70
     1
102
RTVSPost2010Prop36
280
     0
102
RTVSPost2010PropOp36
 70
     1
102
RTVSPost2010Prop37
 90
       50
102
RTVSPost2010PropOp37
 70
     1
102
RTVSPost2010Prop38
140
0.0
102
RTVSPost2010PropOp38
 70
     1
102
RTVSPost2010Prop39
140
1.0
102
RTVSPost2010PropOp39
 70
     1
102
RTVSPost2010Prop40
 90
        0
102
RTVSPost2010PropOp40
 70
     1
102
RTVSPost2010Prop41ColorIndex
 90
       18
102
RTVSPost2010Prop41ColorRGB
 90
        0
102
RTVSPost2010PropOp41
 70
     1
102
RTVSPost2010Prop42
 90
       50
102
RTVSPost2010PropOp42
 70
     1
102
RTVSPost2010Prop43
 90
        3
102
RTVSPost2010PropOp43
 70
     1
102
RTVSPost2010Prop44ColorIndex
 90
        5
102
RTVSPost2010Prop44ColorRGB
 90
      255
102
RTVSPost2010PropOp44
 70
     1
102
RTVSPost2010Prop45
280
     0
102
RTVSPost2010PropOp45
 70
     1
102
RTVSPost2010Prop46
 90
       50
102
RTVSPost2010PropOp46
 70
     1
102
RTVSPost2010Prop47
 90
       50
102
RTVSPost2010PropOp47
 70
     1
102
RTVSPost2010Prop48
 90
       50
102
RTVSPost2010PropOp48
 70
     1
102
RTVSPost2010Prop49
280
     0
102
RTVSPost2010PropOp49
 70
     1
102
RTVSPost2010Prop50
 90
       50
102
RTVSPost2010PropOp50
 70
     1
102
RTVSPost2010Prop51ColorIndex
 90
      256
102
RTVSPost2010Prop51ColorRGB
 90
-16777216
102
RTVSPost2010PropOp51
 70
     0
102
RTVSPost2010Prop52
140
1.0
102
RTVSPost2010PropOp52
 70
     0
102
RTVSPost2010Prop53
 90
        2
102
RTVSPost2010PropOp53
 70
     1
102
RTVSPost2010Prop54
  1
strokes_ogs.tif
102
RTVSPost2010PropOp54
 70
     1
102
RTVSPost2010Prop55
280
     0
102
RTVSPost2010PropOp55
 70
     1
102
RTVSPost2010Prop56
140
1.0
102
RTVSPost2010PropOp56
 70
     1
102
RTVSPost2010Prop57
140
1.0
102
RTVSPost2010PropOp57
 70
     1
  0
XRECORD
  5
CE
102
{ACAD_REACTORS
330
CD
102
}
330
CD
100
AcDbXrecord
280
     1
102
RTVSPropertyOp0
 70
     1
102
RTVSPropertyOp1
 70
     1
102
RTVSPropertyOp2
 70
     1
102
RTVSPropertyOp3
 70
     1
102
RTVSPropertyOp4
 70
     1
102
RTVSPropertyOp5
 70
     1
102
RTVSPropertyOp6
 70
     1
102
RTVSPropertyOp7
 70
     1
102
RTVSPropertyOp8
 70
     1
102
RTVSPropertyOp9
 70
     1
102
RTVSPropertyOp10
 70
     1
102
RTVSPropertyOp11
 70
     1
102
RTVSPropertyOp12
 70
     1
102
RTVSPropertyOp13
 70
     1
102
RTVSPropertyOp14
 70
     1
102
RTVSPropertyOp15
 70
     1
102
RTVSPropertyOp16
 70
     1
102
RTVSPropertyOp17
 70
     1
102
RTVSPropertyOp18
 70
     1
102
RTVSPropertyOp19
 70
     1
102
RTVSPropertyOp20
 70
     1
102
RTVSPropertyOp21
 70
     1
102
RTVSPropertyOp22
 70
     1
102
RTVSPropertyOp23
 70
     1
102
RTVSPropertyOp24
 70
     1
102
RTVSPropertyOp25
 70
     1
102
RTVSPropertyOp26
 70
     1
102
RTVSPropertyOp27
 70
     1
102
RTVSPropertyOp28
 70
     1
102
RTVSPropertyOp29
 70
     1
102
RTVSPropertyOp30
 70
     1
102
RTVSPropertyOp31
 70
     1
102
RTVSPropertyOp32
 70
     1
102
RTVSPropertyOp33
 70
     1
102
RTVSPropertyOp34
 70
     1
102
RTVSPropertyOp35
 70
     1
102
RTVSPropertyOp36
 70
     1
102
RTVSPropertyOp37
 70
     1
102
RTVSPropertyOp38
 70
     1
102
RTVSPropertyOp39
 70
     1
102
RTVSPropertyOp40
 70
     1
102
RTVSPropertyOp41
 70
     1
102
RTVSPropertyOp42
 70
     1
102
RTVSPropertyOp43
 70
     1
102
RTVSPropertyOp44
 70
     1
102
RTVSPropertyOp45
 70
     1
102
RTVSPropertyOp46
 70
     1
102
RTVSPropertyOp47
 70
     1
102
RTVSPropertyOp48
 70
     1
102
RTVSPropertyOp49
 70
     1
102
RTVSPropertyOp50
 70
     1
102
RTVSPropertyOp51
 70
     0
102
RTVSPropertyOp52
 70
     0
102
RTVSPropertyOp53
 70
     1
102
RTVSPropertyOp54
 70
     1
102
RTVSPropertyOp55
 70
     1
102
RTVSPropertyOp56
 70
     1
102
RTVSPropertyOp57
 70
     1
102
RTVSPost2010Prop28
280
     0
102
RTVSPost2010PropOp28
 70
     1
102
RTVSPost2010Prop29
280
     1
102
RTVSPost2010PropOp29
 70
     1
102
RTVSPost2010Prop30
280
     1
102
RTVSPost2010PropOp30
 70
     1
102
RTVSPost2010Prop31
280
     0
102
RTVSPost2010PropOp31
 70
     1
102
RTVSPost2010Prop32
280
     0
102
RTVSPost2010PropOp32
 70
     1
102
RTVSPost2010Prop33
280
     0
102
RTVSPost2010PropOp33
 70
     1
102
RTVSPost2010Prop34
280
     0
102
RTVSPost2010PropOp34
 70
     1
102
RTVSPost2010Prop35
280
     0
102
RTVSPost2010PropOp35
 70
     1
102
RTVSPost2010Prop36
280
     0
102
RTVSPost2010PropOp36
 70
     1
102
RTVSPost2010Prop37
 90
       50
102
RTVSPost2010PropOp37
 70
     1
102
RTVSPost2010Prop38
140
0.0
102
RTVSPost2010PropOp38
 70
     1
102
RTVSPost2010Prop39
140
1.0
102
RTVSPost2010PropOp39
 70
     1
102
RTVSPost2010Prop40
 90
        0
102
RTVSPost2010PropOp40
 70
     1
102
RTVSPost2010Prop41ColorIndex
 90
       18
102
RTVSPost2010Prop41ColorRGB
 90
        0
102
RTVSPost2010PropOp41
 70
     1
102
RTVSPost2010Prop42
 90
       50
102
RTVSPost2010PropOp42
 70
     1
102
RTVSPost2010Prop43
 90
        3
102
RTVSPost2010PropOp43
 70
     1
102
RTVSPost2010Prop44ColorIndex
 90
        5
102
RTVSPost2010Prop44ColorRGB
 90
      255
102
RTVSPost2010PropOp44
 70
     1
102
RTVSPost2010Prop45
280
     0
102
RTVSPost2010PropOp45
 70
     1
102
RTVSPost2010Prop46
 90
       50
102
RTVSPost2010PropOp46
 70
     1
102
RTVSPost2010Prop47
 90
       50
102
RTVSPost2010PropOp47
 70
     1
102
RTVSPost2010Prop48
 90
       50
102
RTVSPost2010PropOp48
 70
     1
102
RTVSPost2010Prop49
280
     0
102
RTVSPost2010PropOp49
 70
     1
102
RTVSPost2010Prop50
 90
       50
102
RTVSPost2010PropOp50
 70
     1
102
RTVSPost2010Prop51ColorIndex
 90
      256
102
RTVSPost2010Prop51ColorRGB
 90
-16777216
102
RTVSPost2010PropOp51
 70
     0
102
RTVSPost2010Prop52
140
1.0
102
RTVSPost2010PropOp52
 70
     0
102
RTVSPost2010Prop53
 90
        2
102
RTVSPost2010PropOp53
 70
     1
102
RTVSPost2010Prop54
  1
strokes_ogs.tif
102
RTVSPost2010PropOp54
 70
     1
102
RTVSPost2010Prop55
280
     0
102
RTVSPost2010PropOp55
 70
     1
102
RTVSPost2010Prop56
140
1.0
102
RTVSPost2010PropOp56
 70
     1
102
RTVSPost2010Prop57
140
1.0
102
RTVSPost2010PropOp57
 70
     1
  0
XRECORD
  5
D6
102
{ACAD_REACTORS
330
D5
102
}
330
D5
100
AcDbXrecord
280
     1
102
RTVSPropertyOp0
 70
     1
102
RTVSPropertyOp1
 70
     1
102
RTVSPropertyOp2
 70
     1
102
RTVSPropertyOp3
 70
     1
102
RTVSPropertyOp4
 70
     1
102
RTVSPropertyOp5
 70
     1
102
RTVSPropertyOp6
 70
     1
102
RTVSPropertyOp7
 70
     1
102
RTVSPropertyOp8
 70
     1
102
RTVSPropertyOp9
 70
     1
102
RTVSPropertyOp10
 70
     1
102
RTVSPropertyOp11
 70
     1
102
RTVSPropertyOp12
 70
     1
102
RTVSPropertyOp13
 70
     1
102
RTVSPropertyOp14
 70
     1
102
RTVSPropertyOp15
 70
     1
102
RTVSPropertyOp16
 70
     1
102
RTVSPropertyOp17
 70
     1
102
RTVSPropertyOp18
 70
     1
102
RTVSPropertyOp19
 70
     1
102
RTVSPropertyOp20
 70
     1
102
RTVSPropertyOp21
 70
     1
102
RTVSPropertyOp22
 70
     1
102
RTVSPropertyOp23
 70
     1
102
RTVSPropertyOp24
 70
     1
102
RTVSPropertyOp25
 70
     1
102
RTVSPropertyOp26
 70
     1
102
RTVSPropertyOp27
 70
     1
102
RTVSPropertyOp28
 70
     1
102
RTVSPropertyOp29
 70
     1
102
RTVSPropertyOp30
 70
     1
102
RTVSPropertyOp31
 70
     1
102
RTVSPropertyOp32
 70
     1
102
RTVSPropertyOp33
 70
     1
102
RTVSPropertyOp34
 70
     1
102
RTVSPropertyOp35
 70
     1
102
RTVSPropertyOp36
 70
     1
102
RTVSPropertyOp37
 70
     1
102
RTVSPropertyOp38
 70
     1
102
RTVSPropertyOp39
 70
     1
102
RTVSPropertyOp40
 70
     1
102
RTVSPropertyOp41
 70
     1
102
RTVSPropertyOp42
 70
     1
102
RTVSPropertyOp43
 70
     1
102
RTVSPropertyOp44
 70
     1
102
RTVSPropertyOp45
 70
     1
102
RTVSPropertyOp46
 70
     1
102
RTVSPropertyOp47
 70
     1
102
RTVSPropertyOp48
 70
     1
102
RTVSPropertyOp49
 70
     1
102
RTVSPropertyOp50
 70
     1
102
RTVSPropertyOp51
 70
     0
102
RTVSPropertyOp52
 70
     0
102
RTVSPropertyOp53
 70
     1
102
RTVSPropertyOp54
 70
     1
102
RTVSPropertyOp55
 70
     1
102
RTVSPropertyOp56
 70
     1
102
RTVSPropertyOp57
 70
     1
102
RTVSPost2010Prop28
280
     0
102
RTVSPost2010PropOp28
 70
     1
102
RTVSPost2010Prop29
280
     1
102
RTVSPost2010PropOp29
 70
     1
102
RTVSPost2010Prop30
280
     1
102
RTVSPost2010PropOp30
 70
     1
102
RTVSPost2010Prop31
280
     0
102
RTVSPost2010PropOp31
 70
     1
102
RTVSPost2010Prop32
280
     0
102
RTVSPost2010PropOp32
 70
     1
102
RTVSPost2010Prop33
280
     0
102
RTVSPost2010PropOp33
 70
     1
102
RTVSPost2010Prop34
280
     0
102
RTVSPost2010PropOp34
 70
     1
102
RTVSPost2010Prop35
280
     0
102
RTVSPost2010PropOp35
 70
     1
102
RTVSPost2010Prop36
280
     0
102
RTVSPost2010PropOp36
 70
     1
102
RTVSPost2010Prop37
 90
       50
102
RTVSPost2010PropOp37
 70
     1
102
RTVSPost2010Prop38
140
0.0
102
RTVSPost2010PropOp38
 70
     1
102
RTVSPost2010Prop39
140
1.0
102
RTVSPost2010PropOp39
 70
     1
102
RTVSPost2010Prop40
 90
        0
102
RTVSPost2010PropOp40
 70
     1
102
RTVSPost2010Prop41ColorIndex
 90
       18
102
RTVSPost2010Prop41ColorRGB
 90
        0
102
RTVSPost2010PropOp41
 70
     1
102
RTVSPost2010Prop42
 90
       50
102
RTVSPost2010PropOp42
 70
     1
102
RTVSPost2010Prop43
 90
        3
102
RTVSPost2010PropOp43
 70
     1
102
RTVSPost2010Prop44ColorIndex
 90
        5
102
RTVSPost2010Prop44ColorRGB
 90
      255
102
RTVSPost2010PropOp44
 70
     1
102
RTVSPost2010Prop45
280
     0
102
RTVSPost2010PropOp45
 70
     1
102
RTVSPost2010Prop46
 90
       50
102
RTVSPost2010PropOp46
 70
     1
102
RTVSPost2010Prop47
 90
       50
102
RTVSPost2010PropOp47
 70
     1
102
RTVSPost2010Prop48
 90
       50
102
RTVSPost2010PropOp48
 70
     1
102
RTVSPost2010Prop49
280
     0
102
RTVSPost2010PropOp49
 70
     1
102
RTVSPost2010Prop50
 90
       50
102
RTVSPost2010PropOp50
 70
     1
102
RTVSPost2010Prop51ColorIndex
 90
      256
102
RTVSPost2010Prop51ColorRGB
 90
-16777216
102
RTVSPost2010PropOp51
 70
     0
102
RTVSPost2010Prop52
140
1.0
102
RTVSPost2010PropOp52
 70
     0
102
RTVSPost2010Prop53
 90
        2
102
RTVSPost2010PropOp53
 70
     1
102
RTVSPost2010Prop54
  1
strokes_ogs.tif
102
RTVSPost2010PropOp54
 70
     1
102
RTVSPost2010Prop55
280
     0
102
RTVSPost2010PropOp55
 70
     1
102
RTVSPost2010Prop56
140
1.0
102
RTVSPost2010PropOp56
 70
     1
102
RTVSPost2010Prop57
140
1.0
102
RTVSPost2010PropOp57
 70
     1
  0
XRECORD
  5
CA
102
{ACAD_REACTORS
330
C9
102
}
330
C9
100
AcDbXrecord
280
     1
102
RTVSPropertyOp0
 70
     1
102
RTVSPropertyOp1
 70
     1
102
RTVSPropertyOp2
 70
     1
102
RTVSPropertyOp3
 70
     1
102
RTVSPropertyOp4
 70
     1
102
RTVSPropertyOp5
 70
     1
102
RTVSPropertyOp6
 70
     1
102
RTVSPropertyOp7
 70
     1
102
RTVSPropertyOp8
 70
     1
102
RTVSPropertyOp9
 70
     1
102
RTVSPropertyOp10
 70
     1
102
RTVSPropertyOp11
 70
     1
102
RTVSPropertyOp12
 70
     1
102
RTVSPropertyOp13
 70
     1
102
RTVSPropertyOp14
 70
     1
102
RTVSPropertyOp15
 70
     1
102
RTVSPropertyOp16
 70
     1
102
RTVSPropertyOp17
 70
     1
102
RTVSPropertyOp18
 70
     1
102
RTVSPropertyOp19
 70
     1
102
RTVSPropertyOp20
 70
     1
102
RTVSPropertyOp21
 70
     1
102
RTVSPropertyOp22
 70
     1
102
RTVSPropertyOp23
 70
     1
102
RTVSPropertyOp24
 70
     1
102
RTVSPropertyOp25
 70
     1
102
RTVSPropertyOp26
 70
     1
102
RTVSPropertyOp27
 70
     1
102
RTVSPropertyOp28
 70
     1
102
RTVSPropertyOp29
 70
     1
102
RTVSPropertyOp30
 70
     1
102
RTVSPropertyOp31
 70
     1
102
RTVSPropertyOp32
 70
     1
102
RTVSPropertyOp33
 70
     1
102
RTVSPropertyOp34
 70
     1
102
RTVSPropertyOp35
 70
     1
102
RTVSPropertyOp36
 70
     1
102
RTVSPropertyOp37
 70
     1
102
RTVSPropertyOp38
 70
     1
102
RTVSPropertyOp39
 70
     1
102
RTVSPropertyOp40
 70
     1
102
RTVSPropertyOp41
 70
     1
102
RTVSPropertyOp42
 70
     1
102
RTVSPropertyOp43
 70
     1
102
RTVSPropertyOp44
 70
     1
102
RTVSPropertyOp45
 70
     1
102
RTVSPropertyOp46
 70
     1
102
RTVSPropertyOp47
 70
     1
102
RTVSPropertyOp48
 70
     1
102
RTVSPropertyOp49
 70
     1
102
RTVSPropertyOp50
 70
     1
102
RTVSPropertyOp51
 70
     0
102
RTVSPropertyOp52
 70
     0
102
RTVSPropertyOp53
 70
     1
102
RTVSPropertyOp54
 70
     1
102
RTVSPropertyOp55
 70
     1
102
RTVSPropertyOp56
 70
     1
102
RTVSPropertyOp57
 70
     1
102
RTVSPost2010Prop28
280
     0
102
RTVSPost2010PropOp28
 70
     1
102
RTVSPost2010Prop29
280
     1
102
RTVSPost2010PropOp29
 70
     1
102
RTVSPost2010Prop30
280
     1
102
RTVSPost2010PropOp30
 70
     1
102
RTVSPost2010Prop31
280
     0
102
RTVSPost2010PropOp31
 70
     1
102
RTVSPost2010Prop32
280
     0
102
RTVSPost2010PropOp32
 70
     1
102
RTVSPost2010Prop33
280
     0
102
RTVSPost2010PropOp33
 70
     1
102
RTVSPost2010Prop34
280
     0
102
RTVSPost2010PropOp34
 70
     1
102
RTVSPost2010Prop35
280
     0
102
RTVSPost2010PropOp35
 70
     1
102
RTVSPost2010Prop36
280
     0
102
RTVSPost2010PropOp36
 70
     1
102
RTVSPost2010Prop37
 90
       50
102
RTVSPost2010PropOp37
 70
     1
102
RTVSPost2010Prop38
140
0.0
102
RTVSPost2010PropOp38
 70
     1
102
RTVSPost2010Prop39
140
1.0
102
RTVSPost2010PropOp39
 70
     1
102
RTVSPost2010Prop40
 90
        0
102
RTVSPost2010PropOp40
 70
     1
102
RTVSPost2010Prop41ColorIndex
 90
       18
102
RTVSPost2010Prop41ColorRGB
 90
        0
102
RTVSPost2010PropOp41
 70
     1
102
RTVSPost2010Prop42
 90
       50
102
RTVSPost2010PropOp42
 70
     1
102
RTVSPost2010Prop43
 90
        3
102
RTVSPost2010PropOp43
 70
     1
102
RTVSPost2010Prop44ColorIndex
 90
        5
102
RTVSPost2010Prop44ColorRGB
 90
      255
102
RTVSPost2010PropOp44
 70
     1
102
RTVSPost2010Prop45
280
     0
102
RTVSPost2010PropOp45
 70
     1
102
RTVSPost2010Prop46
 90
       50
102
RTVSPost2010PropOp46
 70
     1
102
RTVSPost2010Prop47
 90
       50
102
RTVSPost2010PropOp47
 70
     1
102
RTVSPost2010Prop48
 90
       50
102
RTVSPost2010PropOp48
 70
     1
102
RTVSPost2010Prop49
280
     0
102
RTVSPost2010PropOp49
 70
     1
102
RTVSPost2010Prop50
 90
       50
102
RTVSPost2010PropOp50
 70
     1
102
RTVSPost2010Prop51ColorIndex
 90
      256
102
RTVSPost2010Prop51ColorRGB
 90
-16777216
102
RTVSPost2010PropOp51
 70
     0
102
RTVSPost2010Prop52
140
1.0
102
RTVSPost2010PropOp52
 70
     0
102
RTVSPost2010Prop53
 90
        2
102
RTVSPost2010PropOp53
 70
     1
102
RTVSPost2010Prop54
  1
strokes_ogs.tif
102
RTVSPost2010PropOp54
 70
     1
102
RTVSPost2010Prop55
280
     0
102
RTVSPost2010PropOp55
 70
     1
102
RTVSPost2010Prop56
140
1.0
102
RTVSPost2010PropOp56
 70
     1
102
RTVSPost2010Prop57
140
1.0
102
RTVSPost2010PropOp57
 70
     1
  0
XRECORD
  5
CC
102
{ACAD_REACTORS
330
CB
102
}
330
CB
100
AcDbXrecord
280
     1
102
RTVSPropertyOp0
 70
     1
102
RTVSPropertyOp1
 70
     1
102
RTVSPropertyOp2
 70
     1
102
RTVSPropertyOp3
 70
     1
102
RTVSPropertyOp4
 70
     1
102
RTVSPropertyOp5
 70
     1
102
RTVSPropertyOp6
 70
     1
102
RTVSPropertyOp7
 70
     1
102
RTVSPropertyOp8
 70
     1
102
RTVSPropertyOp9
 70
     1
102
RTVSPropertyOp10
 70
     1
102
RTVSPropertyOp11
 70
     1
102
RTVSPropertyOp12
 70
     1
102
RTVSPropertyOp13
 70
     1
102
RTVSPropertyOp14
 70
     1
102
RTVSPropertyOp15
 70
     1
102
RTVSPropertyOp16
 70
     1
102
RTVSPropertyOp17
 70
     1
102
RTVSPropertyOp18
 70
     1
102
RTVSPropertyOp19
 70
     1
102
RTVSPropertyOp20
 70
     1
102
RTVSPropertyOp21
 70
     1
102
RTVSPropertyOp22
 70
     1
102
RTVSPropertyOp23
 70
     1
102
RTVSPropertyOp24
 70
     1
102
RTVSPropertyOp25
 70
     1
102
RTVSPropertyOp26
 70
     1
102
RTVSPropertyOp27
 70
     1
102
RTVSPropertyOp28
 70
     1
102
RTVSPropertyOp29
 70
     1
102
RTVSPropertyOp30
 70
     1
102
RTVSPropertyOp31
 70
     1
102
RTVSPropertyOp32
 70
     1
102
RTVSPropertyOp33
 70
     1
102
RTVSPropertyOp34
 70
     1
102
RTVSPropertyOp35
 70
     1
102
RTVSPropertyOp36
 70
     1
102
RTVSPropertyOp37
 70
     1
102
RTVSPropertyOp38
 70
     1
102
RTVSPropertyOp39
 70
     1
102
RTVSPropertyOp40
 70
     1
102
RTVSPropertyOp41
 70
     1
102
RTVSPropertyOp42
 70
     1
102
RTVSPropertyOp43
 70
     1
102
RTVSPropertyOp44
 70
     1
102
RTVSPropertyOp45
 70
     1
102
RTVSPropertyOp46
 70
     1
102
RTVSPropertyOp47
 70
     1
102
RTVSPropertyOp48
 70
     1
102
RTVSPropertyOp49
 70
     1
102
RTVSPropertyOp50
 70
     1
102
RTVSPropertyOp51
 70
     0
102
RTVSPropertyOp52
 70
     0
102
RTVSPropertyOp53
 70
     1
102
RTVSPropertyOp54
 70
     1
102
RTVSPropertyOp55
 70
     1
102
RTVSPropertyOp56
 70
     1
102
RTVSPropertyOp57
 70
     1
102
RTVSPost2010Prop28
280
     0
102
RTVSPost2010PropOp28
 70
     1
102
RTVSPost2010Prop29
280
     1
102
RTVSPost2010PropOp29
 70
     1
102
RTVSPost2010Prop30
280
     1
102
RTVSPost2010PropOp30
 70
     1
102
RTVSPost2010Prop31
280
     0
102
RTVSPost2010PropOp31
 70
     1
102
RTVSPost2010Prop32
280
     0
102
RTVSPost2010PropOp32
 70
     1
102
RTVSPost2010Prop33
280
     0
102
RTVSPost2010PropOp33
 70
     1
102
RTVSPost2010Prop34
280
     0
102
RTVSPost2010PropOp34
 70
     1
102
RTVSPost2010Prop35
280
     0
102
RTVSPost2010PropOp35
 70
     1
102
RTVSPost2010Prop36
280
     0
102
RTVSPost2010PropOp36
 70
     1
102
RTVSPost2010Prop37
 90
       50
102
RTVSPost2010PropOp37
 70
     1
102
RTVSPost2010Prop38
140
0.0
102
RTVSPost2010PropOp38
 70
     1
102
RTVSPost2010Prop39
140
1.0
102
RTVSPost2010PropOp39
 70
     1
102
RTVSPost2010Prop40
 90
        0
102
RTVSPost2010PropOp40
 70
     1
102
RTVSPost2010Prop41ColorIndex
 90
       18
102
RTVSPost2010Prop41ColorRGB
 90
        0
102
RTVSPost2010PropOp41
 70
     1
102
RTVSPost2010Prop42
 90
       50
102
RTVSPost2010PropOp42
 70
     1
102
RTVSPost2010Prop43
 90
        3
102
RTVSPost2010PropOp43
 70
     1
102
RTVSPost2010Prop44ColorIndex
 90
        5
102
RTVSPost2010Prop44ColorRGB
 90
      255
102
RTVSPost2010PropOp44
 70
     1
102
RTVSPost2010Prop45
280
     0
102
RTVSPost2010PropOp45
 70
     1
102
RTVSPost2010Prop46
 90
       50
102
RTVSPost2010PropOp46
 70
     1
102
RTVSPost2010Prop47
 90
       50
102
RTVSPost2010PropOp47
 70
     1
102
RTVSPost2010Prop48
 90
       50
102
RTVSPost2010PropOp48
 70
     1
102
RTVSPost2010Prop49
280
     0
102
RTVSPost2010PropOp49
 70
     1
102
RTVSPost2010Prop50
 90
       50
102
RTVSPost2010PropOp50
 70
     1
102
RTVSPost2010Prop51ColorIndex
 90
      256
102
RTVSPost2010Prop51ColorRGB
 90
-16777216
102
RTVSPost2010PropOp51
 70
     0
102
RTVSPost2010Prop52
140
1.0
102
RTVSPost2010PropOp52
 70
     0
102
RTVSPost2010Prop53
 90
        2
102
RTVSPost2010PropOp53
 70
     1
102
RTVSPost2010Prop54
  1
strokes_ogs.tif
102
RTVSPost2010PropOp54
 70
     1
102
RTVSPost2010Prop55
280
     0
102
RTVSPost2010PropOp55
 70
     1
102
RTVSPost2010Prop56
140
1.0
102
RTVSPost2010PropOp56
 70
     1
102
RTVSPost2010Prop57
140
1.0
102
RTVSPost2010PropOp57
 70
     1
  0
XRECORD
  5
DC
102
{ACAD_REACTORS
330
DB
102
}
330
DB
100
AcDbXrecord
280
     1
102
RTVSPropertyOp0
 70
     0
102
RTVSPropertyOp1
 70
     0
102
RTVSPropertyOp2
 70
     0
102
RTVSPropertyOp3
 70
     0
102
RTVSPropertyOp4
 70
     0
102
RTVSPropertyOp5
 70
     0
102
RTVSPropertyOp6
 70
     0
102
RTVSPropertyOp7
 70
     0
102
RTVSPropertyOp8
 70
     0
102
RTVSPropertyOp9
 70
     0
102
RTVSPropertyOp10
 70
     0
102
RTVSPropertyOp11
 70
     0
102
RTVSPropertyOp12
 70
     0
102
RTVSPropertyOp13
 70
     0
102
RTVSPropertyOp14
 70
     2
102
RTVSPropertyOp15
 70
     0
102
RTVSPropertyOp16
 70
     0
102
RTVSPropertyOp17
 70
     0
102
RTVSPropertyOp18
 70
     0
102
RTVSPropertyOp19
 70
     0
102
RTVSPropertyOp20
 70
     0
102
RTVSPropertyOp21
 70
     0
102
RTVSPropertyOp22
 70
     0
102
RTVSPropertyOp23
 70
     0
102
RTVSPropertyOp24
 70
     0
102
RTVSPropertyOp25
 70
     0
102
RTVSPropertyOp26
 70
     0
102
RTVSPropertyOp27
 70
     0
102
RTVSPropertyOp28
 70
     0
102
RTVSPropertyOp29
 70
     0
102
RTVSPropertyOp30
 70
     0
102
RTVSPropertyOp31
 70
     0
102
RTVSPropertyOp32
 70
     0
102
RTVSPropertyOp33
 70
     0
102
RTVSPropertyOp34
 70
     0
102
RTVSPropertyOp35
 70
     0
102
RTVSPropertyOp36
 70
     0
102
RTVSPropertyOp37
 70
     0
102
RTVSPropertyOp38
 70
     0
102
RTVSPropertyOp39
 70
     0
102
RTVSPropertyOp40
 70
     0
102
RTVSPropertyOp41
 70
     0
102
RTVSPropertyOp42
 70
     0
102
RTVSPropertyOp43
 70
     0
102
RTVSPropertyOp44
 70
     0
102
RTVSPropertyOp45
 70
     0
102
RTVSPropertyOp46
 70
     0
102
RTVSPropertyOp47
 70
     0
102
RTVSPropertyOp48
 70
     0
102
RTVSPropertyOp49
 70
     0
102
RTVSPropertyOp50
 70
     0
102
RTVSPropertyOp51
 70
     0
102
RTVSPropertyOp52
 70
     0
102
RTVSPropertyOp53
 70
     0
102
RTVSPropertyOp54
 70
     0
102
RTVSPropertyOp55
 70
     0
102
RTVSPropertyOp56
 70
     0
102
RTVSPropertyOp57
 70
     0
102
RTVSPost2010Prop28
280
     0
102
RTVSPost2010PropOp28
 70
     0
102
RTVSPost2010Prop29
280
     1
102
RTVSPost2010PropOp29
 70
     0
102
RTVSPost2010Prop30
280
     1
102
RTVSPost2010PropOp30
 70
     0
102
RTVSPost2010Prop31
280
     0
102
RTVSPost2010PropOp31
 70
     0
102
RTVSPost2010Prop32
280
     0
102
RTVSPost2010PropOp32
 70
     0
102
RTVSPost2010Prop33
280
     0
102
RTVSPost2010PropOp33
 70
     0
102
RTVSPost2010Prop34
280
     0
102
RTVSPost2010PropOp34
 70
     0
102
RTVSPost2010Prop35
280
     0
102
RTVSPost2010PropOp35
 70
     0
102
RTVSPost2010Prop36
280
     0
102
RTVSPost2010PropOp36
 70
     0
102
RTVSPost2010Prop37
 90
       50
102
RTVSPost2010PropOp37
 70
     0
102
RTVSPost2010Prop38
140
0.0
102
RTVSPost2010PropOp38
 70
     0
102
RTVSPost2010Prop39
140
1.0
102
RTVSPost2010PropOp39
 70
     0
102
RTVSPost2010Prop40
 90
        0
102
RTVSPost2010PropOp40
 70
     0
102
RTVSPost2010Prop41ColorIndex
 90
       18
102
RTVSPost2010Prop41ColorRGB
 90
        0
102
RTVSPost2010PropOp41
 70
     0
102
RTVSPost2010Prop42
 90
       50
102
RTVSPost2010PropOp42
 70
     0
102
RTVSPost2010Prop43
 90
        3
102
RTVSPost2010PropOp43
 70
     0
102
RTVSPost2010Prop44ColorIndex
 90
        5
102
RTVSPost2010Prop44ColorRGB
 90
      255
102
RTVSPost2010PropOp44
 70
     0
102
RTVSPost2010Prop45
280
     0
102
RTVSPost2010PropOp45
 70
     0
102
RTVSPost2010Prop46
 90
       50
102
RTVSPost2010PropOp46
 70
     0
102
RTVSPost2010Prop47
 90
       50
102
RTVSPost2010PropOp47
 70
     0
102
RTVSPost2010Prop48
 90
       50
102
RTVSPost2010PropOp48
 70
     0
102
RTVSPost2010Prop49
280
     0
102
RTVSPost2010PropOp49
 70
     0
102
RTVSPost2010Prop50
 90
       50
102
RTVSPost2010PropOp50
 70
     0
102
RTVSPost2010Prop51ColorIndex
 90
      256
102
RTVSPost2010Prop51ColorRGB
 90
-16777216
102
RTVSPost2010PropOp51
 70
     0
102
RTVSPost2010Prop52
140
1.0
102
RTVSPost2010PropOp52
 70
     0
102
RTVSPost2010Prop53
 90
        2
102
RTVSPost2010PropOp53
 70
     0
102
RTVSPost2010Prop54
  1
strokes_ogs.tif
102
RTVSPost2010PropOp54
 70
     0
102
RTVSPost2010Prop55
280
     0
102
RTVSPost2010PropOp55
 70
     0
102
RTVSPost2010Prop56
140
1.0
102
RTVSPost2010PropOp56
 70
     0
102
RTVSPost2010Prop57
140
1.0
102
RTVSPost2010PropOp57
 70
     0
  0
XRECORD
  5
D4
102
{ACAD_REACTORS
330
D3
102
}
330
D3
100
AcDbXrecord
280
     1
102
RTVSPropertyOp0
 70
     1
102
RTVSPropertyOp1
 70
     1
102
RTVSPropertyOp2
 70
     1
102
RTVSPropertyOp3
 70
     1
102
RTVSPropertyOp4
 70
     1
102
RTVSPropertyOp5
 70
     1
102
RTVSPropertyOp6
 70
     1
102
RTVSPropertyOp7
 70
     1
102
RTVSPropertyOp8
 70
     1
102
RTVSPropertyOp9
 70
     1
102
RTVSPropertyOp10
 70
     1
102
RTVSPropertyOp11
 70
     1
102
RTVSPropertyOp12
 70
     1
102
RTVSPropertyOp13
 70
     1
102
RTVSPropertyOp14
 70
     1
102
RTVSPropertyOp15
 70
     1
102
RTVSPropertyOp16
 70
     1
102
RTVSPropertyOp17
 70
     1
102
RTVSPropertyOp18
 70
     1
102
RTVSPropertyOp19
 70
     1
102
RTVSPropertyOp20
 70
     1
102
RTVSPropertyOp21
 70
     1
102
RTVSPropertyOp22
 70
     1
102
RTVSPropertyOp23
 70
     1
102
RTVSPropertyOp24
 70
     1
102
RTVSPropertyOp25
 70
     1
102
RTVSPropertyOp26
 70
     1
102
RTVSPropertyOp27
 70
     1
102
RTVSPropertyOp28
 70
     1
102
RTVSPropertyOp29
 70
     1
102
RTVSPropertyOp30
 70
     1
102
RTVSPropertyOp31
 70
     1
102
RTVSPropertyOp32
 70
     1
102
RTVSPropertyOp33
 70
     1
102
RTVSPropertyOp34
 70
     1
102
RTVSPropertyOp35
 70
     1
102
RTVSPropertyOp36
 70
     1
102
RTVSPropertyOp37
 70
     1
102
RTVSPropertyOp38
 70
     1
102
RTVSPropertyOp39
 70
     1
102
RTVSPropertyOp40
 70
     1
102
RTVSPropertyOp41
 70
     1
102
RTVSPropertyOp42
 70
     1
102
RTVSPropertyOp43
 70
     1
102
RTVSPropertyOp44
 70
     1
102
RTVSPropertyOp45
 70
     1
102
RTVSPropertyOp46
 70
     1
102
RTVSPropertyOp47
 70
     1
102
RTVSPropertyOp48
 70
     1
102
RTVSPropertyOp49
 70
     1
102
RTVSPropertyOp50
 70
     1
102
RTVSPropertyOp51
 70
     0
102
RTVSPropertyOp52
 70
     0
102
RTVSPropertyOp53
 70
     1
102
RTVSPropertyOp54
 70
     1
102
RTVSPropertyOp55
 70
     1
102
RTVSPropertyOp56
 70
     1
102
RTVSPropertyOp57
 70
     1
102
RTVSPost2010Prop28
280
     0
102
RTVSPost2010PropOp28
 70
     1
102
RTVSPost2010Prop29
280
     1
102
RTVSPost2010PropOp29
 70
     1
102
RTVSPost2010Prop30
280
     1
102
RTVSPost2010PropOp30
 70
     1
102
RTVSPost2010Prop31
280
     0
102
RTVSPost2010PropOp31
 70
     1
102
RTVSPost2010Prop32
280
     0
102
RTVSPost2010PropOp32
 70
     1
102
RTVSPost2010Prop33
280
     0
102
RTVSPost2010PropOp33
 70
     1
102
RTVSPost2010Prop34
280
     0
102
RTVSPost2010PropOp34
 70
     1
102
RTVSPost2010Prop35
280
     0
102
RTVSPost2010PropOp35
 70
     1
102
RTVSPost2010Prop36
280
     0
102
RTVSPost2010PropOp36
 70
     1
102
RTVSPost2010Prop37
 90
       50
102
RTVSPost2010PropOp37
 70
     1
102
RTVSPost2010Prop38
140
0.0
102
RTVSPost2010PropOp38
 70
     1
102
RTVSPost2010Prop39
140
1.0
102
RTVSPost2010PropOp39
 70
     1
102
RTVSPost2010Prop40
 90
        0
102
RTVSPost2010PropOp40
 70
     1
102
RTVSPost2010Prop41ColorIndex
 90
       18
102
RTVSPost2010Prop41ColorRGB
 90
        0
102
RTVSPost2010PropOp41
 70
     1
102
RTVSPost2010Prop42
 90
       50
102
RTVSPost2010PropOp42
 70
     1
102
RTVSPost2010Prop43
 90
        3
102
RTVSPost2010PropOp43
 70
     1
102
RTVSPost2010Prop44ColorIndex
 90
        5
102
RTVSPost2010Prop44ColorRGB
 90
      255
102
RTVSPost2010PropOp44
 70
     1
102
RTVSPost2010Prop45
280
     0
102
RTVSPost2010PropOp45
 70
     1
102
RTVSPost2010Prop46
 90
       50
102
RTVSPost2010PropOp46
 70
     1
102
RTVSPost2010Prop47
 90
       50
102
RTVSPost2010PropOp47
 70
     1
102
RTVSPost2010Prop48
 90
       50
102
RTVSPost2010PropOp48
 70
     1
102
RTVSPost2010Prop49
280
     0
102
RTVSPost2010PropOp49
 70
     1
102
RTVSPost2010Prop50
 90
       50
102
RTVSPost2010PropOp50
 70
     1
102
RTVSPost2010Prop51ColorIndex
 90
      256
102
RTVSPost2010Prop51ColorRGB
 90
-16777216
102
RTVSPost2010PropOp51
 70
     0
102
RTVSPost2010Prop52
140
1.0
102
RTVSPost2010PropOp52
 70
     0
102
RTVSPost2010Prop53
 90
        2
102
RTVSPost2010PropOp53
 70
     1
102
RTVSPost2010Prop54
  1
strokes_ogs.tif
102
RTVSPost2010PropOp54
 70
     1
102
RTVSPost2010Prop55
280
     0
102
RTVSPost2010PropOp55
 70
     1
102
RTVSPost2010Prop56
140
1.0
102
RTVSPost2010PropOp56
 70
     1
102
RTVSPost2010Prop57
140
1.0
102
RTVSPost2010PropOp57
 70
     1
  0
XRECORD
  5
B8
102
{ACAD_REACTORS
330
B7
102
}
330
B7
100
AcDbXrecord
280
     1
102
RTVSPropertyOp0
 70
     1
102
RTVSPropertyOp1
 70
     1
102
RTVSPropertyOp2
 70
     1
102
RTVSPropertyOp3
 70
     1
102
RTVSPropertyOp4
 70
     1
102
RTVSPropertyOp5
 70
     1
102
RTVSPropertyOp6
 70
     1
102
RTVSPropertyOp7
 70
     1
102
RTVSPropertyOp8
 70
     1
102
RTVSPropertyOp9
 70
     1
102
RTVSPropertyOp10
 70
     1
102
RTVSPropertyOp11
 70
     1
102
RTVSPropertyOp12
 70
     1
102
RTVSPropertyOp13
 70
     1
102
RTVSPropertyOp14
 70
     1
102
RTVSPropertyOp15
 70
     1
102
RTVSPropertyOp16
 70
     1
102
RTVSPropertyOp17
 70
     1
102
RTVSPropertyOp18
 70
     1
102
RTVSPropertyOp19
 70
     1
102
RTVSPropertyOp20
 70
     1
102
RTVSPropertyOp21
 70
     1
102
RTVSPropertyOp22
 70
     1
102
RTVSPropertyOp23
 70
     1
102
RTVSPropertyOp24
 70
     1
102
RTVSPropertyOp25
 70
     1
102
RTVSPropertyOp26
 70
     1
102
RTVSPropertyOp27
 70
     1
102
RTVSPropertyOp28
 70
     1
102
RTVSPropertyOp29
 70
     1
102
RTVSPropertyOp30
 70
     1
102
RTVSPropertyOp31
 70
     1
102
RTVSPropertyOp32
 70
     1
102
RTVSPropertyOp33
 70
     1
102
RTVSPropertyOp34
 70
     1
102
RTVSPropertyOp35
 70
     1
102
RTVSPropertyOp36
 70
     1
102
RTVSPropertyOp37
 70
     1
102
RTVSPropertyOp38
 70
     1
102
RTVSPropertyOp39
 70
     1
102
RTVSPropertyOp40
 70
     1
102
RTVSPropertyOp41
 70
     1
102
RTVSPropertyOp42
 70
     1
102
RTVSPropertyOp43
 70
     1
102
RTVSPropertyOp44
 70
     1
102
RTVSPropertyOp45
 70
     1
102
RTVSPropertyOp46
 70
     1
102
RTVSPropertyOp47
 70
     1
102
RTVSPropertyOp48
 70
     1
102
RTVSPropertyOp49
 70
     1
102
RTVSPropertyOp50
 70
     1
102
RTVSPropertyOp51
 70
     0
102
RTVSPropertyOp52
 70
     0
102
RTVSPropertyOp53
 70
     1
102
RTVSPropertyOp54
 70
     1
102
RTVSPropertyOp55
 70
     1
102
RTVSPropertyOp56
 70
     1
102
RTVSPropertyOp57
 70
     1
102
RTVSPost2010Prop28
280
     0
102
RTVSPost2010PropOp28
 70
     1
102
RTVSPost2010Prop29
280
     1
102
RTVSPost2010PropOp29
 70
     1
102
RTVSPost2010Prop30
280
     1
102
RTVSPost2010PropOp30
 70
     1
102
RTVSPost2010Prop31
280
     0
102
RTVSPost2010PropOp31
 70
     1
102
RTVSPost2010Prop32
280
     0
102
RTVSPost2010PropOp32
 70
     1
102
RTVSPost2010Prop33
280
     0
102
RTVSPost2010PropOp33
 70
     1
102
RTVSPost2010Prop34
280
     0
102
RTVSPost2010PropOp34
 70
     1
102
RTVSPost2010Prop35
280
     0
102
RTVSPost2010PropOp35
 70
     1
102
RTVSPost2010Prop36
280
     0
102
RTVSPost2010PropOp36
 70
     1
102
RTVSPost2010Prop37
 90
       50
102
RTVSPost2010PropOp37
 70
     1
102
RTVSPost2010Prop38
140
0.0
102
RTVSPost2010PropOp38
 70
     1
102
RTVSPost2010Prop39
140
1.0
102
RTVSPost2010PropOp39
 70
     1
102
RTVSPost2010Prop40
 90
        0
102
RTVSPost2010PropOp40
 70
     1
102
RTVSPost2010Prop41ColorIndex
 90
       18
102
RTVSPost2010Prop41ColorRGB
 90
        0
102
RTVSPost2010PropOp41
 70
     1
102
RTVSPost2010Prop42
 90
       50
102
RTVSPost2010PropOp42
 70
     1
102
RTVSPost2010Prop43
 90
        3
102
RTVSPost2010PropOp43
 70
     1
102
RTVSPost2010Prop44ColorIndex
 90
        5
102
RTVSPost2010Prop44ColorRGB
 90
      255
102
RTVSPost2010PropOp44
 70
     1
102
RTVSPost2010Prop45
280
     0
102
RTVSPost2010PropOp45
 70
     1
102
RTVSPost2010Prop46
 90
       50
102
RTVSPost2010PropOp46
 70
     1
102
RTVSPost2010Prop47
 90
       50
102
RTVSPost2010PropOp47
 70
     1
102
RTVSPost2010Prop48
 90
       50
102
RTVSPost2010PropOp48
 70
     1
102
RTVSPost2010Prop49
280
     0
102
RTVSPost2010PropOp49
 70
     1
102
RTVSPost2010Prop50
 90
       50
102
RTVSPost2010PropOp50
 70
     1
102
RTVSPost2010Prop51ColorIndex
 90
      256
102
RTVSPost2010Prop51ColorRGB
 90
-16777216
102
RTVSPost2010PropOp51
 70
     0
102
RTVSPost2010Prop52
140
1.0
102
RTVSPost2010PropOp52
 70
     0
102
RTVSPost2010Prop53
 90
        2
102
RTVSPost2010PropOp53
 70
     1
102
RTVSPost2010Prop54
  1
strokes_ogs.tif
102
RTVSPost2010PropOp54
 70
     1
102
RTVSPost2010Prop55
280
     0
102
RTVSPost2010PropOp55
 70
     1
102
RTVSPost2010Prop56
140
1.0
102
RTVSPost2010PropOp56
 70
     1
102
RTVSPost2010Prop57
140
1.0
102
RTVSPost2010PropOp57
 70
     1
  0
XRECORD
  5
BA
102
{ACAD_REACTORS
330
B9
102
}
330
B9
100
AcDbXrecord
280
     1
102
RTVSPropertyOp0
 70
     1
102
RTVSPropertyOp1
 70
     1
102
RTVSPropertyOp2
 70
     1
102
RTVSPropertyOp3
 70
     1
102
RTVSPropertyOp4
 70
     1
102
RTVSPropertyOp5
 70
     1
102
RTVSPropertyOp6
 70
     1
102
RTVSPropertyOp7
 70
     1
102
RTVSPropertyOp8
 70
     1
102
RTVSPropertyOp9
 70
     1
102
RTVSPropertyOp10
 70
     1
102
RTVSPropertyOp11
 70
     1
102
RTVSPropertyOp12
 70
     1
102
RTVSPropertyOp13
 70
     1
102
RTVSPropertyOp14
 70
     1
102
RTVSPropertyOp15
 70
     1
102
RTVSPropertyOp16
 70
     1
102
RTVSPropertyOp17
 70
     1
102
RTVSPropertyOp18
 70
     1
102
RTVSPropertyOp19
 70
     1
102
RTVSPropertyOp20
 70
     1
102
RTVSPropertyOp21
 70
     1
102
RTVSPropertyOp22
 70
     1
102
RTVSPropertyOp23
 70
     1
102
RTVSPropertyOp24
 70
     1
102
RTVSPropertyOp25
 70
     1
102
RTVSPropertyOp26
 70
     1
102
RTVSPropertyOp27
 70
     1
102
RTVSPropertyOp28
 70
     1
102
RTVSPropertyOp29
 70
     1
102
RTVSPropertyOp30
 70
     1
102
RTVSPropertyOp31
 70
     1
102
RTVSPropertyOp32
 70
     1
102
RTVSPropertyOp33
 70
     1
102
RTVSPropertyOp34
 70
     1
102
RTVSPropertyOp35
 70
     1
102
RTVSPropertyOp36
 70
     1
102
RTVSPropertyOp37
 70
     1
102
RTVSPropertyOp38
 70
     1
102
RTVSPropertyOp39
 70
     1
102
RTVSPropertyOp40
 70
     1
102
RTVSPropertyOp41
 70
     1
102
RTVSPropertyOp42
 70
     1
102
RTVSPropertyOp43
 70
     1
102
RTVSPropertyOp44
 70
     1
102
RTVSPropertyOp45
 70
     1
102
RTVSPropertyOp46
 70
     1
102
RTVSPropertyOp47
 70
     1
102
RTVSPropertyOp48
 70
     1
102
RTVSPropertyOp49
 70
     1
102
RTVSPropertyOp50
 70
     1
102
RTVSPropertyOp51
 70
     0
102
RTVSPropertyOp52
 70
     0
102
RTVSPropertyOp53
 70
     1
102
RTVSPropertyOp54
 70
     1
102
RTVSPropertyOp55
 70
     1
102
RTVSPropertyOp56
 70
     1
102
RTVSPropertyOp57
 70
     1
102
RTVSPost2010Prop28
280
     0
102
RTVSPost2010PropOp28
 70
     1
102
RTVSPost2010Prop29
280
     1
102
RTVSPost2010PropOp29
 70
     1
102
RTVSPost2010Prop30
280
     1
102
RTVSPost2010PropOp30
 70
     1
102
RTVSPost2010Prop31
280
     0
102
RTVSPost2010PropOp31
 70
     1
102
RTVSPost2010Prop32
280
     0
102
RTVSPost2010PropOp32
 70
     1
102
RTVSPost2010Prop33
280
     0
102
RTVSPost2010PropOp33
 70
     1
102
RTVSPost2010Prop34
280
     0
102
RTVSPost2010PropOp34
 70
     1
102
RTVSPost2010Prop35
280
     0
102
RTVSPost2010PropOp35
 70
     1
102
RTVSPost2010Prop36
280
     0
102
RTVSPost2010PropOp36
 70
     1
102
RTVSPost2010Prop37
 90
       50
102
RTVSPost2010PropOp37
 70
     1
102
RTVSPost2010Prop38
140
0.0
102
RTVSPost2010PropOp38
 70
     1
102
RTVSPost2010Prop39
140
1.0
102
RTVSPost2010PropOp39
 70
     1
102
RTVSPost2010Prop40
 90
        0
102
RTVSPost2010PropOp40
 70
     1
102
RTVSPost2010Prop41ColorIndex
 90
       18
102
RTVSPost2010Prop41ColorRGB
 90
        0
102
RTVSPost2010PropOp41
 70
     1
102
RTVSPost2010Prop42
 90
       50
102
RTVSPost2010PropOp42
 70
     1
102
RTVSPost2010Prop43
 90
        3
102
RTVSPost2010PropOp43
 70
     1
102
RTVSPost2010Prop44ColorIndex
 90
        5
102
RTVSPost2010Prop44ColorRGB
 90
      255
102
RTVSPost2010PropOp44
 70
     1
102
RTVSPost2010Prop45
280
     0
102
RTVSPost2010PropOp45
 70
     1
102
RTVSPost2010Prop46
 90
       50
102
RTVSPost2010PropOp46
 70
     1
102
RTVSPost2010Prop47
 90
       50
102
RTVSPost2010PropOp47
 70
     1
102
RTVSPost2010Prop48
 90
       50
102
RTVSPost2010PropOp48
 70
     1
102
RTVSPost2010Prop49
280
     0
102
RTVSPost2010PropOp49
 70
     1
102
RTVSPost2010Prop50
 90
       50
102
RTVSPost2010PropOp50
 70
     1
102
RTVSPost2010Prop51ColorIndex
 90
      256
102
RTVSPost2010Prop51ColorRGB
 90
-16777216
102
RTVSPost2010PropOp51
 70
     0
102
RTVSPost2010Prop52
140
1.0
102
RTVSPost2010PropOp52
 70
     0
102
RTVSPost2010Prop53
 90
        2
102
RTVSPost2010PropOp53
 70
     1
102
RTVSPost2010Prop54
  1
strokes_ogs.tif
102
RTVSPost2010PropOp54
 70
     1
102
RTVSPost2010Prop55
280
     0
102
RTVSPost2010PropOp55
 70
     1
102
RTVSPost2010Prop56
140
1.0
102
RTVSPost2010PropOp56
 70
     1
102
RTVSPost2010Prop57
140
1.0
102
RTVSPost2010PropOp57
 70
     1
  0
XRECORD
  5
BC
102
{ACAD_REACTORS
330
BB
102
}
330
BB
100
AcDbXrecord
280
     1
102
RTVSPropertyOp0
 70
     1
102
RTVSPropertyOp1
 70
     1
102
RTVSPropertyOp2
 70
     1
102
RTVSPropertyOp3
 70
     1
102
RTVSPropertyOp4
 70
     1
102
RTVSPropertyOp5
 70
     1
102
RTVSPropertyOp6
 70
     1
102
RTVSPropertyOp7
 70
     1
102
RTVSPropertyOp8
 70
     1
102
RTVSPropertyOp9
 70
     1
102
RTVSPropertyOp10
 70
     1
102
RTVSPropertyOp11
 70
     1
102
RTVSPropertyOp12
 70
     1
102
RTVSPropertyOp13
 70
     1
102
RTVSPropertyOp14
 70
     1
102
RTVSPropertyOp15
 70
     1
102
RTVSPropertyOp16
 70
     1
102
RTVSPropertyOp17
 70
     1
102
RTVSPropertyOp18
 70
     1
102
RTVSPropertyOp19
 70
     1
102
RTVSPropertyOp20
 70
     1
102
RTVSPropertyOp21
 70
     1
102
RTVSPropertyOp22
 70
     1
102
RTVSPropertyOp23
 70
     1
102
RTVSPropertyOp24
 70
     1
102
RTVSPropertyOp25
 70
     1
102
RTVSPropertyOp26
 70
     1
102
RTVSPropertyOp27
 70
     1
102
RTVSPropertyOp28
 70
     1
102
RTVSPropertyOp29
 70
     1
102
RTVSPropertyOp30
 70
     1
102
RTVSPropertyOp31
 70
     1
102
RTVSPropertyOp32
 70
     1
102
RTVSPropertyOp33
 70
     1
102
RTVSPropertyOp34
 70
     1
102
RTVSPropertyOp35
 70
     1
102
RTVSPropertyOp36
 70
     1
102
RTVSPropertyOp37
 70
     1
102
RTVSPropertyOp38
 70
     1
102
RTVSPropertyOp39
 70
     1
102
RTVSPropertyOp40
 70
     1
102
RTVSPropertyOp41
 70
     1
102
RTVSPropertyOp42
 70
     1
102
RTVSPropertyOp43
 70
     1
102
RTVSPropertyOp44
 70
     1
102
RTVSPropertyOp45
 70
     1
102
RTVSPropertyOp46
 70
     1
102
RTVSPropertyOp47
 70
     1
102
RTVSPropertyOp48
 70
     1
102
RTVSPropertyOp49
 70
     1
102
RTVSPropertyOp50
 70
     1
102
RTVSPropertyOp51
 70
     0
102
RTVSPropertyOp52
 70
     0
102
RTVSPropertyOp53
 70
     1
102
RTVSPropertyOp54
 70
     1
102
RTVSPropertyOp55
 70
     1
102
RTVSPropertyOp56
 70
     1
102
RTVSPropertyOp57
 70
     1
102
RTVSPost2010Prop28
280
     0
102
RTVSPost2010PropOp28
 70
     1
102
RTVSPost2010Prop29
280
     1
102
RTVSPost2010PropOp29
 70
     1
102
RTVSPost2010Prop30
280
     1
102
RTVSPost2010PropOp30
 70
     1
102
RTVSPost2010Prop31
280
     0
102
RTVSPost2010PropOp31
 70
     1
102
RTVSPost2010Prop32
280
     0
102
RTVSPost2010PropOp32
 70
     1
102
RTVSPost2010Prop33
280
     0
102
RTVSPost2010PropOp33
 70
     1
102
RTVSPost2010Prop34
280
     0
102
RTVSPost2010PropOp34
 70
     1
102
RTVSPost2010Prop35
280
     0
102
RTVSPost2010PropOp35
 70
     1
102
RTVSPost2010Prop36
280
     0
102
RTVSPost2010PropOp36
 70
     1
102
RTVSPost2010Prop37
 90
       50
102
RTVSPost2010PropOp37
 70
     1
102
RTVSPost2010Prop38
140
0.0
102
RTVSPost2010PropOp38
 70
     1
102
RTVSPost2010Prop39
140
1.0
102
RTVSPost2010PropOp39
 70
     1
102
RTVSPost2010Prop40
 90
        0
102
RTVSPost2010PropOp40
 70
     1
102
RTVSPost2010Prop41ColorIndex
 90
       18
102
RTVSPost2010Prop41ColorRGB
 90
        0
102
RTVSPost2010PropOp41
 70
     1
102
RTVSPost2010Prop42
 90
       50
102
RTVSPost2010PropOp42
 70
     1
102
RTVSPost2010Prop43
 90
        3
102
RTVSPost2010PropOp43
 70
     1
102
RTVSPost2010Prop44ColorIndex
 90
        5
102
RTVSPost2010Prop44ColorRGB
 90
      255
102
RTVSPost2010PropOp44
 70
     1
102
RTVSPost2010Prop45
280
     0
102
RTVSPost2010PropOp45
 70
     1
102
RTVSPost2010Prop46
 90
       50
102
RTVSPost2010PropOp46
 70
     1
102
RTVSPost2010Prop47
 90
       50
102
RTVSPost2010PropOp47
 70
     1
102
RTVSPost2010Prop48
 90
       50
102
RTVSPost2010PropOp48
 70
     1
102
RTVSPost2010Prop49
280
     0
102
RTVSPost2010PropOp49
 70
     1
102
RTVSPost2010Prop50
 90
       50
102
RTVSPost2010PropOp50
 70
     1
102
RTVSPost2010Prop51ColorIndex
 90
      256
102
RTVSPost2010Prop51ColorRGB
 90
-16777216
102
RTVSPost2010PropOp51
 70
     0
102
RTVSPost2010Prop52
140
1.0
102
RTVSPost2010PropOp52
 70
     0
102
RTVSPost2010Prop53
 90
        2
102
RTVSPost2010PropOp53
 70
     1
102
RTVSPost2010Prop54
  1
strokes_ogs.tif
102
RTVSPost2010PropOp54
 70
     1
102
RTVSPost2010Prop55
280
     0
102
RTVSPost2010PropOp55
 70
     1
102
RTVSPost2010Prop56
140
1.0
102
RTVSPost2010PropOp56
 70
     1
102
RTVSPost2010Prop57
140
1.0
102
RTVSPost2010PropOp57
 70
     1
  0
XRECORD
  5
BE
102
{ACAD_REACTORS
330
BD
102
}
330
BD
100
AcDbXrecord
280
     1
102
RTVSPropertyOp0
 70
     1
102
RTVSPropertyOp1
 70
     1
102
RTVSPropertyOp2
 70
     1
102
RTVSPropertyOp3
 70
     1
102
RTVSPropertyOp4
 70
     1
102
RTVSPropertyOp5
 70
     1
102
RTVSPropertyOp6
 70
     1
102
RTVSPropertyOp7
 70
     1
102
RTVSPropertyOp8
 70
     1
102
RTVSPropertyOp9
 70
     1
102
RTVSPropertyOp10
 70
     1
102
RTVSPropertyOp11
 70
     1
102
RTVSPropertyOp12
 70
     1
102
RTVSPropertyOp13
 70
     1
102
RTVSPropertyOp14
 70
     1
102
RTVSPropertyOp15
 70
     1
102
RTVSPropertyOp16
 70
     1
102
RTVSPropertyOp17
 70
     1
102
RTVSPropertyOp18
 70
     1
102
RTVSPropertyOp19
 70
     1
102
RTVSPropertyOp20
 70
     1
102
RTVSPropertyOp21
 70
     1
102
RTVSPropertyOp22
 70
     1
102
RTVSPropertyOp23
 70
     1
102
RTVSPropertyOp24
 70
     1
102
RTVSPropertyOp25
 70
     1
102
RTVSPropertyOp26
 70
     1
102
RTVSPropertyOp27
 70
     1
102
RTVSPropertyOp28
 70
     1
102
RTVSPropertyOp29
 70
     1
102
RTVSPropertyOp30
 70
     1
102
RTVSPropertyOp31
 70
     1
102
RTVSPropertyOp32
 70
     1
102
RTVSPropertyOp33
 70
     1
102
RTVSPropertyOp34
 70
     1
102
RTVSPropertyOp35
 70
     1
102
RTVSPropertyOp36
 70
     1
102
RTVSPropertyOp37
 70
     1
102
RTVSPropertyOp38
 70
     1
102
RTVSPropertyOp39
 70
     1
102
RTVSPropertyOp40
 70
     1
102
RTVSPropertyOp41
 70
     1
102
RTVSPropertyOp42
 70
     1
102
RTVSPropertyOp43
 70
     1
102
RTVSPropertyOp44
 70
     1
102
RTVSPropertyOp45
 70
     1
102
RTVSPropertyOp46
 70
     1
102
RTVSPropertyOp47
 70
     1
102
RTVSPropertyOp48
 70
     1
102
RTVSPropertyOp49
 70
     1
102
RTVSPropertyOp50
 70
     1
102
RTVSPropertyOp51
 70
     0
102
RTVSPropertyOp52
 70
     0
102
RTVSPropertyOp53
 70
     1
102
RTVSPropertyOp54
 70
     1
102
RTVSPropertyOp55
 70
     1
102
RTVSPropertyOp56
 70
     1
102
RTVSPropertyOp57
 70
     1
102
RTVSPost2010Prop28
280
     0
102
RTVSPost2010PropOp28
 70
     1
102
RTVSPost2010Prop29
280
     1
102
RTVSPost2010PropOp29
 70
     1
102
RTVSPost2010Prop30
280
     1
102
RTVSPost2010PropOp30
 70
     1
102
RTVSPost2010Prop31
280
     0
102
RTVSPost2010PropOp31
 70
     1
102
RTVSPost2010Prop32
280
     0
102
RTVSPost2010PropOp32
 70
     1
102
RTVSPost2010Prop33
280
     0
102
RTVSPost2010PropOp33
 70
     1
102
RTVSPost2010Prop34
280
     0
102
RTVSPost2010PropOp34
 70
     1
102
RTVSPost2010Prop35
280
     0
102
RTVSPost2010PropOp35
 70
     1
102
RTVSPost2010Prop36
280
     0
102
RTVSPost2010PropOp36
 70
     1
102
RTVSPost2010Prop37
 90
       50
102
RTVSPost2010PropOp37
 70
     1
102
RTVSPost2010Prop38
140
0.0
102
RTVSPost2010PropOp38
 70
     1
102
RTVSPost2010Prop39
140
1.0
102
RTVSPost2010PropOp39
 70
     1
102
RTVSPost2010Prop40
 90
        0
102
RTVSPost2010PropOp40
 70
     1
102
RTVSPost2010Prop41ColorIndex
 90
       18
102
RTVSPost2010Prop41ColorRGB
 90
        0
102
RTVSPost2010PropOp41
 70
     1
102
RTVSPost2010Prop42
 90
       50
102
RTVSPost2010PropOp42
 70
     1
102
RTVSPost2010Prop43
 90
        3
102
RTVSPost2010PropOp43
 70
     1
102
RTVSPost2010Prop44ColorIndex
 90
        5
102
RTVSPost2010Prop44ColorRGB
 90
      255
102
RTVSPost2010PropOp44
 70
     1
102
RTVSPost2010Prop45
280
     0
102
RTVSPost2010PropOp45
 70
     1
102
RTVSPost2010Prop46
 90
       50
102
RTVSPost2010PropOp46
 70
     1
102
RTVSPost2010Prop47
 90
       50
102
RTVSPost2010PropOp47
 70
     1
102
RTVSPost2010Prop48
 90
       50
102
RTVSPost2010PropOp48
 70
     1
102
RTVSPost2010Prop49
280
     0
102
RTVSPost2010PropOp49
 70
     1
102
RTVSPost2010Prop50
 90
       50
102
RTVSPost2010PropOp50
 70
     1
102
RTVSPost2010Prop51ColorIndex
 90
      256
102
RTVSPost2010Prop51ColorRGB
 90
-16777216
102
RTVSPost2010PropOp51
 70
     0
102
RTVSPost2010Prop52
140
1.0
102
RTVSPost2010PropOp52
 70
     0
102
RTVSPost2010Prop53
 90
        2
102
RTVSPost2010PropOp53
 70
     1
102
RTVSPost2010Prop54
  1
strokes_ogs.tif
102
RTVSPost2010PropOp54
 70
     1
102
RTVSPost2010Prop55
280
     0
102
RTVSPost2010PropOp55
 70
     1
102
RTVSPost2010Prop56
140
1.0
102
RTVSPost2010PropOp56
 70
     1
102
RTVSPost2010Prop57
140
1.0
102
RTVSPost2010PropOp57
 70
     1
  0
XRECORD
  5
C4
102
{ACAD_REACTORS
330
C3
102
}
330
C3
100
AcDbXrecord
280
     1
102
RTVSPropertyOp0
 70
     1
102
RTVSPropertyOp1
 70
     1
102
RTVSPropertyOp2
 70
     1
102
RTVSPropertyOp3
 70
     1
102
RTVSPropertyOp4
 70
     1
102
RTVSPropertyOp5
 70
     1
102
RTVSPropertyOp6
 70
     1
102
RTVSPropertyOp7
 70
     1
102
RTVSPropertyOp8
 70
     1
102
RTVSPropertyOp9
 70
     1
102
RTVSPropertyOp10
 70
     1
102
RTVSPropertyOp11
 70
     1
102
RTVSPropertyOp12
 70
     1
102
RTVSPropertyOp13
 70
     1
102
RTVSPropertyOp14
 70
     1
102
RTVSPropertyOp15
 70
     1
102
RTVSPropertyOp16
 70
     1
102
RTVSPropertyOp17
 70
     1
102
RTVSPropertyOp18
 70
     1
102
RTVSPropertyOp19
 70
     1
102
RTVSPropertyOp20
 70
     1
102
RTVSPropertyOp21
 70
     1
102
RTVSPropertyOp22
 70
     1
102
RTVSPropertyOp23
 70
     1
102
RTVSPropertyOp24
 70
     1
102
RTVSPropertyOp25
 70
     1
102
RTVSPropertyOp26
 70
     1
102
RTVSPropertyOp27
 70
     1
102
RTVSPropertyOp28
 70
     1
102
RTVSPropertyOp29
 70
     1
102
RTVSPropertyOp30
 70
     1
102
RTVSPropertyOp31
 70
     1
102
RTVSPropertyOp32
 70
     1
102
RTVSPropertyOp33
 70
     1
102
RTVSPropertyOp34
 70
     1
102
RTVSPropertyOp35
 70
     1
102
RTVSPropertyOp36
 70
     1
102
RTVSPropertyOp37
 70
     1
102
RTVSPropertyOp38
 70
     1
102
RTVSPropertyOp39
 70
     1
102
RTVSPropertyOp40
 70
     1
102
RTVSPropertyOp41
 70
     1
102
RTVSPropertyOp42
 70
     1
102
RTVSPropertyOp43
 70
     1
102
RTVSPropertyOp44
 70
     1
102
RTVSPropertyOp45
 70
     1
102
RTVSPropertyOp46
 70
     1
102
RTVSPropertyOp47
 70
     1
102
RTVSPropertyOp48
 70
     1
102
RTVSPropertyOp49
 70
     1
102
RTVSPropertyOp50
 70
     1
102
RTVSPropertyOp51
 70
     0
102
RTVSPropertyOp52
 70
     0
102
RTVSPropertyOp53
 70
     1
102
RTVSPropertyOp54
 70
     1
102
RTVSPropertyOp55
 70
     1
102
RTVSPropertyOp56
 70
     1
102
RTVSPropertyOp57
 70
     1
102
RTVSPost2010Prop28
280
     0
102
RTVSPost2010PropOp28
 70
     1
102
RTVSPost2010Prop29
280
     1
102
RTVSPost2010PropOp29
 70
     1
102
RTVSPost2010Prop30
280
     1
102
RTVSPost2010PropOp30
 70
     1
102
RTVSPost2010Prop31
280
     0
102
RTVSPost2010PropOp31
 70
     1
102
RTVSPost2010Prop32
280
     0
102
RTVSPost2010PropOp32
 70
     1
102
RTVSPost2010Prop33
280
     0
102
RTVSPost2010PropOp33
 70
     1
102
RTVSPost2010Prop34
280
     0
102
RTVSPost2010PropOp34
 70
     1
102
RTVSPost2010Prop35
280
     0
102
RTVSPost2010PropOp35
 70
     1
102
RTVSPost2010Prop36
280
     0
102
RTVSPost2010PropOp36
 70
     1
102
RTVSPost2010Prop37
 90
       50
102
RTVSPost2010PropOp37
 70
     1
102
RTVSPost2010Prop38
140
0.0
102
RTVSPost2010PropOp38
 70
     1
102
RTVSPost2010Prop39
140
1.0
102
RTVSPost2010PropOp39
 70
     1
102
RTVSPost2010Prop40
 90
        0
102
RTVSPost2010PropOp40
 70
     1
102
RTVSPost2010Prop41ColorIndex
 90
       18
102
RTVSPost2010Prop41ColorRGB
 90
        0
102
RTVSPost2010PropOp41
 70
     1
102
RTVSPost2010Prop42
 90
       50
102
RTVSPost2010PropOp42
 70
     1
102
RTVSPost2010Prop43
 90
        3
102
RTVSPost2010PropOp43
 70
     1
102
RTVSPost2010Prop44ColorIndex
 90
        5
102
RTVSPost2010Prop44ColorRGB
 90
      255
102
RTVSPost2010PropOp44
 70
     1
102
RTVSPost2010Prop45
280
     0
102
RTVSPost2010PropOp45
 70
     1
102
RTVSPost2010Prop46
 90
       50
102
RTVSPost2010PropOp46
 70
     1
102
RTVSPost2010Prop47
 90
       50
102
RTVSPost2010PropOp47
 70
     1
102
RTVSPost2010Prop48
 90
       50
102
RTVSPost2010PropOp48
 70
     1
102
RTVSPost2010Prop49
280
     0
102
RTVSPost2010PropOp49
 70
     1
102
RTVSPost2010Prop50
 90
       50
102
RTVSPost2010PropOp50
 70
     1
102
RTVSPost2010Prop51ColorIndex
 90
      256
102
RTVSPost2010Prop51ColorRGB
 90
-16777216
102
RTVSPost2010PropOp51
 70
     0
102
RTVSPost2010Prop52
140
1.0
102
RTVSPost2010PropOp52
 70
     0
102
RTVSPost2010Prop53
 90
        2
102
RTVSPost2010PropOp53
 70
     1
102
RTVSPost2010Prop54
  1
strokes_ogs.tif
102
RTVSPost2010PropOp54
 70
     1
102
RTVSPost2010Prop55
280
     0
102
RTVSPost2010PropOp55
 70
     1
102
RTVSPost2010Prop56
140
1.0
102
RTVSPost2010PropOp56
 70
     1
102
RTVSPost2010Prop57
140
1.0
102
RTVSPost2010PropOp57
 70
     1
  0
XRECORD
  5
D8
102
{ACAD_REACTORS
330
D7
102
}
330
D7
100
AcDbXrecord
280
     1
102
RTVSPropertyOp0
 70
     0
102
RTVSPropertyOp1
 70
     0
102
RTVSPropertyOp2
 70
     0
102
RTVSPropertyOp3
 70
     0
102
RTVSPropertyOp4
 70
     0
102
RTVSPropertyOp5
 70
     0
102
RTVSPropertyOp6
 70
     0
102
RTVSPropertyOp7
 70
     0
102
RTVSPropertyOp8
 70
     0
102
RTVSPropertyOp9
 70
     0
102
RTVSPropertyOp10
 70
     0
102
RTVSPropertyOp11
 70
     0
102
RTVSPropertyOp12
 70
     0
102
RTVSPropertyOp13
 70
     0
102
RTVSPropertyOp14
 70
     2
102
RTVSPropertyOp15
 70
     0
102
RTVSPropertyOp16
 70
     0
102
RTVSPropertyOp17
 70
     0
102
RTVSPropertyOp18
 70
     0
102
RTVSPropertyOp19
 70
     0
102
RTVSPropertyOp20
 70
     0
102
RTVSPropertyOp21
 70
     0
102
RTVSPropertyOp22
 70
     0
102
RTVSPropertyOp23
 70
     0
102
RTVSPropertyOp24
 70
     0
102
RTVSPropertyOp25
 70
     0
102
RTVSPropertyOp26
 70
     0
102
RTVSPropertyOp27
 70
     0
102
RTVSPropertyOp28
 70
     0
102
RTVSPropertyOp29
 70
     0
102
RTVSPropertyOp30
 70
     0
102
RTVSPropertyOp31
 70
     0
102
RTVSPropertyOp32
 70
     0
102
RTVSPropertyOp33
 70
     0
102
RTVSPropertyOp34
 70
     0
102
RTVSPropertyOp35
 70
     0
102
RTVSPropertyOp36
 70
     0
102
RTVSPropertyOp37
 70
     0
102
RTVSPropertyOp38
 70
     0
102
RTVSPropertyOp39
 70
     0
102
RTVSPropertyOp40
 70
     0
102
RTVSPropertyOp41
 70
     0
102
RTVSPropertyOp42
 70
     0
102
RTVSPropertyOp43
 70
     0
102
RTVSPropertyOp44
 70
     0
102
RTVSPropertyOp45
 70
     0
102
RTVSPropertyOp46
 70
     0
102
RTVSPropertyOp47
 70
     0
102
RTVSPropertyOp48
 70
     0
102
RTVSPropertyOp49
 70
     0
102
RTVSPropertyOp50
 70
     0
102
RTVSPropertyOp51
 70
     0
102
RTVSPropertyOp52
 70
     0
102
RTVSPropertyOp53
 70
     0
102
RTVSPropertyOp54
 70
     0
102
RTVSPropertyOp55
 70
     0
102
RTVSPropertyOp56
 70
     0
102
RTVSPropertyOp57
 70
     0
102
RTVSPost2010Prop28
280
     0
102
RTVSPost2010PropOp28
 70
     0
102
RTVSPost2010Prop29
280
     1
102
RTVSPost2010PropOp29
 70
     0
102
RTVSPost2010Prop30
280
     1
102
RTVSPost2010PropOp30
 70
     0
102
RTVSPost2010Prop31
280
     0
102
RTVSPost2010PropOp31
 70
     0
102
RTVSPost2010Prop32
280
     0
102
RTVSPost2010PropOp32
 70
     0
102
RTVSPost2010Prop33
280
     0
102
RTVSPost2010PropOp33
 70
     0
102
RTVSPost2010Prop34
280
     0
102
RTVSPost2010PropOp34
 70
     0
102
RTVSPost2010Prop35
280
     0
102
RTVSPost2010PropOp35
 70
     0
102
RTVSPost2010Prop36
280
     0
102
RTVSPost2010PropOp36
 70
     0
102
RTVSPost2010Prop37
 90
       50
102
RTVSPost2010PropOp37
 70
     0
102
RTVSPost2010Prop38
140
0.0
102
RTVSPost2010PropOp38
 70
     0
102
RTVSPost2010Prop39
140
1.0
102
RTVSPost2010PropOp39
 70
     0
102
RTVSPost2010Prop40
 90
        0
102
RTVSPost2010PropOp40
 70
     0
102
RTVSPost2010Prop41ColorIndex
 90
       18
102
RTVSPost2010Prop41ColorRGB
 90
        0
102
RTVSPost2010PropOp41
 70
     0
102
RTVSPost2010Prop42
 90
       50
102
RTVSPost2010PropOp42
 70
     0
102
RTVSPost2010Prop43
 90
        3
102
RTVSPost2010PropOp43
 70
     0
102
RTVSPost2010Prop44ColorIndex
 90
        5
102
RTVSPost2010Prop44ColorRGB
 90
      255
102
RTVSPost2010PropOp44
 70
     0
102
RTVSPost2010Prop45
280
     0
102
RTVSPost2010PropOp45
 70
     0
102
RTVSPost2010Prop46
 90
       50
102
RTVSPost2010PropOp46
 70
     0
102
RTVSPost2010Prop47
 90
       50
102
RTVSPost2010PropOp47
 70
     0
102
RTVSPost2010Prop48
 90
       50
102
RTVSPost2010PropOp48
 70
     0
102
RTVSPost2010Prop49
280
     0
102
RTVSPost2010PropOp49
 70
     0
102
RTVSPost2010Prop50
 90
       50
102
RTVSPost2010PropOp50
 70
     0
102
RTVSPost2010Prop51ColorIndex
 90
      256
102
RTVSPost2010Prop51ColorRGB
 90
-16777216
102
RTVSPost2010PropOp51
 70
     0
102
RTVSPost2010Prop52
140
1.0
102
RTVSPost2010PropOp52
 70
     0
102
RTVSPost2010Prop53
 90
        2
102
RTVSPost2010PropOp53
 70
     0
102
RTVSPost2010Prop54
  1
strokes_ogs.tif
102
RTVSPost2010PropOp54
 70
     0
102
RTVSPost2010Prop55
280
     0
102
RTVSPost2010PropOp55
 70
     0
102
RTVSPost2010Prop56
140
1.0
102
RTVSPost2010PropOp56
 70
     0
102
RTVSPost2010Prop57
140
1.0
102
RTVSPost2010PropOp57
 70
     0
  0
XRECORD
  5
D2
102
{ACAD_REACTORS
330
D1
102
}
330
D1
100
AcDbXrecord
280
     1
102
RTVSPropertyOp0
 70
     1
102
RTVSPropertyOp1
 70
     1
102
RTVSPropertyOp2
 70
     1
102
RTVSPropertyOp3
 70
     1
102
RTVSPropertyOp4
 70
     1
102
RTVSPropertyOp5
 70
     1
102
RTVSPropertyOp6
 70
     1
102
RTVSPropertyOp7
 70
     1
102
RTVSPropertyOp8
 70
     1
102
RTVSPropertyOp9
 70
     1
102
RTVSPropertyOp10
 70
     1
102
RTVSPropertyOp11
 70
     1
102
RTVSPropertyOp12
 70
     1
102
RTVSPropertyOp13
 70
     1
102
RTVSPropertyOp14
 70
     1
102
RTVSPropertyOp15
 70
     1
102
RTVSPropertyOp16
 70
     1
102
RTVSPropertyOp17
 70
     1
102
RTVSPropertyOp18
 70
     1
102
RTVSPropertyOp19
 70
     1
102
RTVSPropertyOp20
 70
     1
102
RTVSPropertyOp21
 70
     1
102
RTVSPropertyOp22
 70
     1
102
RTVSPropertyOp23
 70
     1
102
RTVSPropertyOp24
 70
     1
102
RTVSPropertyOp25
 70
     1
102
RTVSPropertyOp26
 70
     1
102
RTVSPropertyOp27
 70
     1
102
RTVSPropertyOp28
 70
     1
102
RTVSPropertyOp29
 70
     1
102
RTVSPropertyOp30
 70
     1
102
RTVSPropertyOp31
 70
     1
102
RTVSPropertyOp32
 70
     1
102
RTVSPropertyOp33
 70
     1
102
RTVSPropertyOp34
 70
     1
102
RTVSPropertyOp35
 70
     1
102
RTVSPropertyOp36
 70
     1
102
RTVSPropertyOp37
 70
     1
102
RTVSPropertyOp38
 70
     1
102
RTVSPropertyOp39
 70
     1
102
RTVSPropertyOp40
 70
     1
102
RTVSPropertyOp41
 70
     1
102
RTVSPropertyOp42
 70
     1
102
RTVSPropertyOp43
 70
     1
102
RTVSPropertyOp44
 70
     1
102
RTVSPropertyOp45
 70
     1
102
RTVSPropertyOp46
 70
     1
102
RTVSPropertyOp47
 70
     1
102
RTVSPropertyOp48
 70
     1
102
RTVSPropertyOp49
 70
     1
102
RTVSPropertyOp50
 70
     1
102
RTVSPropertyOp51
 70
     0
102
RTVSPropertyOp52
 70
     0
102
RTVSPropertyOp53
 70
     1
102
RTVSPropertyOp54
 70
     1
102
RTVSPropertyOp55
 70
     1
102
RTVSPropertyOp56
 70
     1
102
RTVSPropertyOp57
 70
     1
102
RTVSPost2010Prop28
280
     0
102
RTVSPost2010PropOp28
 70
     1
102
RTVSPost2010Prop29
280
     1
102
RTVSPost2010PropOp29
 70
     1
102
RTVSPost2010Prop30
280
     1
102
RTVSPost2010PropOp30
 70
     1
102
RTVSPost2010Prop31
280
     0
102
RTVSPost2010PropOp31
 70
     1
102
RTVSPost2010Prop32
280
     0
102
RTVSPost2010PropOp32
 70
     1
102
RTVSPost2010Prop33
280
     0
102
RTVSPost2010PropOp33
 70
     1
102
RTVSPost2010Prop34
280
     0
102
RTVSPost2010PropOp34
 70
     1
102
RTVSPost2010Prop35
280
     0
102
RTVSPost2010PropOp35
 70
     1
102
RTVSPost2010Prop36
280
     0
102
RTVSPost2010PropOp36
 70
     1
102
RTVSPost2010Prop37
 90
       50
102
RTVSPost2010PropOp37
 70
     1
102
RTVSPost2010Prop38
140
0.0
102
RTVSPost2010PropOp38
 70
     1
102
RTVSPost2010Prop39
140
1.0
102
RTVSPost2010PropOp39
 70
     1
102
RTVSPost2010Prop40
 90
        0
102
RTVSPost2010PropOp40
 70
     1
102
RTVSPost2010Prop41ColorIndex
 90
       18
102
RTVSPost2010Prop41ColorRGB
 90
        0
102
RTVSPost2010PropOp41
 70
     1
102
RTVSPost2010Prop42
 90
       50
102
RTVSPost2010PropOp42
 70
     1
102
RTVSPost2010Prop43
 90
        3
102
RTVSPost2010PropOp43
 70
     1
102
RTVSPost2010Prop44ColorIndex
 90
        5
102
RTVSPost2010Prop44ColorRGB
 90
      255
102
RTVSPost2010PropOp44
 70
     1
102
RTVSPost2010Prop45
280
     0
102
RTVSPost2010PropOp45
 70
     1
102
RTVSPost2010Prop46
 90
       50
102
RTVSPost2010PropOp46
 70
     1
102
RTVSPost2010Prop47
 90
       50
102
RTVSPost2010PropOp47
 70
     1
102
RTVSPost2010Prop48
 90
       50
102
RTVSPost2010PropOp48
 70
     1
102
RTVSPost2010Prop49
280
     0
102
RTVSPost2010PropOp49
 70
     1
102
RTVSPost2010Prop50
 90
       50
102
RTVSPost2010PropOp50
 70
     1
102
RTVSPost2010Prop51ColorIndex
 90
      256
102
RTVSPost2010Prop51ColorRGB
 90
-16777216
102
RTVSPost2010PropOp51
 70
     0
102
RTVSPost2010Prop52
140
1.0
102
RTVSPost2010PropOp52
 70
     0
102
RTVSPost2010Prop53
 90
        2
102
RTVSPost2010PropOp53
 70
     1
102
RTVSPost2010Prop54
  1
strokes_ogs.tif
102
RTVSPost2010PropOp54
 70
     1
102
RTVSPost2010Prop55
280
     0
102
RTVSPost2010PropOp55
 70
     1
102
RTVSPost2010Prop56
140
1.0
102
RTVSPost2010PropOp56
 70
     1
102
RTVSPost2010Prop57
140
1.0
102
RTVSPost2010PropOp57
 70
     1
  0
XRECORD
  5
DA
102
{ACAD_REACTORS
330
D9
102
}
330
D9
100
AcDbXrecord
280
     1
102
RTVSPropertyOp0
 70
     0
102
RTVSPropertyOp1
 70
     0
102
RTVSPropertyOp2
 70
     0
102
RTVSPropertyOp3
 70
     0
102
RTVSPropertyOp4
 70
     0
102
RTVSPropertyOp5
 70
     0
102
RTVSPropertyOp6
 70
     0
102
RTVSPropertyOp7
 70
     0
102
RTVSPropertyOp8
 70
     0
102
RTVSPropertyOp9
 70
     0
102
RTVSPropertyOp10
 70
     0
102
RTVSPropertyOp11
 70
     0
102
RTVSPropertyOp12
 70
     0
102
RTVSPropertyOp13
 70
     0
102
RTVSPropertyOp14
 70
     2
102
RTVSPropertyOp15
 70
     0
102
RTVSPropertyOp16
 70
     0
102
RTVSPropertyOp17
 70
     0
102
RTVSPropertyOp18
 70
     0
102
RTVSPropertyOp19
 70
     0
102
RTVSPropertyOp20
 70
     0
102
RTVSPropertyOp21
 70
     0
102
RTVSPropertyOp22
 70
     0
102
RTVSPropertyOp23
 70
     0
102
RTVSPropertyOp24
 70
     0
102
RTVSPropertyOp25
 70
     0
102
RTVSPropertyOp26
 70
     0
102
RTVSPropertyOp27
 70
     0
102
RTVSPropertyOp28
 70
     0
102
RTVSPropertyOp29
 70
     0
102
RTVSPropertyOp30
 70
     0
102
RTVSPropertyOp31
 70
     0
102
RTVSPropertyOp32
 70
     0
102
RTVSPropertyOp33
 70
     0
102
RTVSPropertyOp34
 70
     0
102
RTVSPropertyOp35
 70
     0
102
RTVSPropertyOp36
 70
     0
102
RTVSPropertyOp37
 70
     0
102
RTVSPropertyOp38
 70
     0
102
RTVSPropertyOp39
 70
     0
102
RTVSPropertyOp40
 70
     0
102
RTVSPropertyOp41
 70
     0
102
RTVSPropertyOp42
 70
     0
102
RTVSPropertyOp43
 70
     0
102
RTVSPropertyOp44
 70
     0
102
RTVSPropertyOp45
 70
     0
102
RTVSPropertyOp46
 70
     0
102
RTVSPropertyOp47
 70
     0
102
RTVSPropertyOp48
 70
     0
102
RTVSPropertyOp49
 70
     0
102
RTVSPropertyOp50
 70
     0
102
RTVSPropertyOp51
 70
     0
102
RTVSPropertyOp52
 70
     0
102
RTVSPropertyOp53
 70
     0
102
RTVSPropertyOp54
 70
     0
102
RTVSPropertyOp55
 70
     0
102
RTVSPropertyOp56
 70
     0
102
RTVSPropertyOp57
 70
     0
102
RTVSPost2010Prop28
280
     0
102
RTVSPost2010PropOp28
 70
     0
102
RTVSPost2010Prop29
280
     1
102
RTVSPost2010PropOp29
 70
     0
102
RTVSPost2010Prop30
280
     1
102
RTVSPost2010PropOp30
 70
     0
102
RTVSPost2010Prop31
280
     0
102
RTVSPost2010PropOp31
 70
     0
102
RTVSPost2010Prop32
280
     0
102
RTVSPost2010PropOp32
 70
     0
102
RTVSPost2010Prop33
280
     0
102
RTVSPost2010PropOp33
 70
     0
102
RTVSPost2010Prop34
280
     0
102
RTVSPost2010PropOp34
 70
     0
102
RTVSPost2010Prop35
280
     0
102
RTVSPost2010PropOp35
 70
     0
102
RTVSPost2010Prop36
280
     0
102
RTVSPost2010PropOp36
 70
     0
102
RTVSPost2010Prop37
 90
       50
102
RTVSPost2010PropOp37
 70
     0
102
RTVSPost2010Prop38
140
0.0
102
RTVSPost2010PropOp38
 70
     0
102
RTVSPost2010Prop39
140
1.0
102
RTVSPost2010PropOp39
 70
     0
102
RTVSPost2010Prop40
 90
        0
102
RTVSPost2010PropOp40
 70
     0
102
RTVSPost2010Prop41ColorIndex
 90
       18
102
RTVSPost2010Prop41ColorRGB
 90
        0
102
RTVSPost2010PropOp41
 70
     0
102
RTVSPost2010Prop42
 90
       50
102
RTVSPost2010PropOp42
 70
     0
102
RTVSPost2010Prop43
 90
        3
102
RTVSPost2010PropOp43
 70
     0
102
RTVSPost2010Prop44ColorIndex
 90
        5
102
RTVSPost2010Prop44ColorRGB
 90
      255
102
RTVSPost2010PropOp44
 70
     0
102
RTVSPost2010Prop45
280
     0
102
RTVSPost2010PropOp45
 70
     0
102
RTVSPost2010Prop46
 90
       50
102
RTVSPost2010PropOp46
 70
     0
102
RTVSPost2010Prop47
 90
       50
102
RTVSPost2010PropOp47
 70
     0
102
RTVSPost2010Prop48
 90
       50
102
RTVSPost2010PropOp48
 70
     0
102
RTVSPost2010Prop49
280
     0
102
RTVSPost2010PropOp49
 70
     0
102
RTVSPost2010Prop50
 90
       50
102
RTVSPost2010PropOp50
 70
     0
102
RTVSPost2010Prop51ColorIndex
 90
      256
102
RTVSPost2010Prop51ColorRGB
 90
-16777216
102
RTVSPost2010PropOp51
 70
     0
102
RTVSPost2010Prop52
140
1.0
102
RTVSPost2010PropOp52
 70
     0
102
RTVSPost2010Prop53
 90
        2
102
RTVSPost2010PropOp53
 70
     0
102
RTVSPost2010Prop54
  1
strokes_ogs.tif
102
RTVSPost2010PropOp54
 70
     0
102
RTVSPost2010Prop55
280
     0
102
RTVSPost2010PropOp55
 70
     0
102
RTVSPost2010Prop56
140
1.0
102
RTVSPost2010PropOp56
 70
     0
102
RTVSPost2010Prop57
140
1.0
102
RTVSPost2010PropOp57
 70
     0
  0
XRECORD
  5
C8
102
{ACAD_REACTORS
330
C7
102
}
330
C7
100
AcDbXrecord
280
     1
102
RTVSPropertyOp0
 70
     1
102
RTVSPropertyOp1
 70
     1
102
RTVSPropertyOp2
 70
     1
102
RTVSPropertyOp3
 70
     1
102
RTVSPropertyOp4
 70
     1
102
RTVSPropertyOp5
 70
     1
102
RTVSPropertyOp6
 70
     1
102
RTVSPropertyOp7
 70
     1
102
RTVSPropertyOp8
 70
     1
102
RTVSPropertyOp9
 70
     1
102
RTVSPropertyOp10
 70
     1
102
RTVSPropertyOp11
 70
     1
102
RTVSPropertyOp12
 70
     1
102
RTVSPropertyOp13
 70
     1
102
RTVSPropertyOp14
 70
     1
102
RTVSPropertyOp15
 70
     1
102
RTVSPropertyOp16
 70
     1
102
RTVSPropertyOp17
 70
     1
102
RTVSPropertyOp18
 70
     1
102
RTVSPropertyOp19
 70
     1
102
RTVSPropertyOp20
 70
     1
102
RTVSPropertyOp21
 70
     1
102
RTVSPropertyOp22
 70
     1
102
RTVSPropertyOp23
 70
     1
102
RTVSPropertyOp24
 70
     1
102
RTVSPropertyOp25
 70
     1
102
RTVSPropertyOp26
 70
     1
102
RTVSPropertyOp27
 70
     1
102
RTVSPropertyOp28
 70
     1
102
RTVSPropertyOp29
 70
     1
102
RTVSPropertyOp30
 70
     1
102
RTVSPropertyOp31
 70
     1
102
RTVSPropertyOp32
 70
     1
102
RTVSPropertyOp33
 70
     1
102
RTVSPropertyOp34
 70
     1
102
RTVSPropertyOp35
 70
     1
102
RTVSPropertyOp36
 70
     1
102
RTVSPropertyOp37
 70
     1
102
RTVSPropertyOp38
 70
     1
102
RTVSPropertyOp39
 70
     1
102
RTVSPropertyOp40
 70
     1
102
RTVSPropertyOp41
 70
     1
102
RTVSPropertyOp42
 70
     1
102
RTVSPropertyOp43
 70
     1
102
RTVSPropertyOp44
 70
     1
102
RTVSPropertyOp45
 70
     1
102
RTVSPropertyOp46
 70
     1
102
RTVSPropertyOp47
 70
     1
102
RTVSPropertyOp48
 70
     1
102
RTVSPropertyOp49
 70
     1
102
RTVSPropertyOp50
 70
     1
102
RTVSPropertyOp51
 70
     0
102
RTVSPropertyOp52
 70
     0
102
RTVSPropertyOp53
 70
     1
102
RTVSPropertyOp54
 70
     1
102
RTVSPropertyOp55
 70
     1
102
RTVSPropertyOp56
 70
     1
102
RTVSPropertyOp57
 70
     1
102
RTVSPost2010Prop28
280
     0
102
RTVSPost2010PropOp28
 70
     1
102
RTVSPost2010Prop29
280
     1
102
RTVSPost2010PropOp29
 70
     1
102
RTVSPost2010Prop30
280
     1
102
RTVSPost2010PropOp30
 70
     1
102
RTVSPost2010Prop31
280
     0
102
RTVSPost2010PropOp31
 70
     1
102
RTVSPost2010Prop32
280
     0
102
RTVSPost2010PropOp32
 70
     1
102
RTVSPost2010Prop33
280
     0
102
RTVSPost2010PropOp33
 70
     1
102
RTVSPost2010Prop34
280
     0
102
RTVSPost2010PropOp34
 70
     1
102
RTVSPost2010Prop35
280
     0
102
RTVSPost2010PropOp35
 70
     1
102
RTVSPost2010Prop36
280
     0
102
RTVSPost2010PropOp36
 70
     1
102
RTVSPost2010Prop37
 90
       50
102
RTVSPost2010PropOp37
 70
     1
102
RTVSPost2010Prop38
140
0.0
102
RTVSPost2010PropOp38
 70
     1
102
RTVSPost2010Prop39
140
1.0
102
RTVSPost2010PropOp39
 70
     1
102
RTVSPost2010Prop40
 90
        0
102
RTVSPost2010PropOp40
 70
     1
102
RTVSPost2010Prop41ColorIndex
 90
       18
102
RTVSPost2010Prop41ColorRGB
 90
        0
102
RTVSPost2010PropOp41
 70
     1
102
RTVSPost2010Prop42
 90
       50
102
RTVSPost2010PropOp42
 70
     1
102
RTVSPost2010Prop43
 90
        3
102
RTVSPost2010PropOp43
 70
     1
102
RTVSPost2010Prop44ColorIndex
 90
        5
102
RTVSPost2010Prop44ColorRGB
 90
      255
102
RTVSPost2010PropOp44
 70
     1
102
RTVSPost2010Prop45
280
     0
102
RTVSPost2010PropOp45
 70
     1
102
RTVSPost2010Prop46
 90
       50
102
RTVSPost2010PropOp46
 70
     1
102
RTVSPost2010Prop47
 90
       50
102
RTVSPost2010PropOp47
 70
     1
102
RTVSPost2010Prop48
 90
       50
102
RTVSPost2010PropOp48
 70
     1
102
RTVSPost2010Prop49
280
     0
102
RTVSPost2010PropOp49
 70
     1
102
RTVSPost2010Prop50
 90
       50
102
RTVSPost2010PropOp50
 70
     1
102
RTVSPost2010Prop51ColorIndex
 90
      256
102
RTVSPost2010Prop51ColorRGB
 90
-16777216
102
RTVSPost2010PropOp51
 70
     0
102
RTVSPost2010Prop52
140
1.0
102
RTVSPost2010PropOp52
 70
     0
102
RTVSPost2010Prop53
 90
        2
102
RTVSPost2010PropOp53
 70
     1
102
RTVSPost2010Prop54
  1
strokes_ogs.tif
102
RTVSPost2010PropOp54
 70
     1
102
RTVSPost2010Prop55
280
     0
102
RTVSPost2010PropOp55
 70
     1
102
RTVSPost2010Prop56
140
1.0
102
RTVSPost2010PropOp56
 70
     1
102
RTVSPost2010Prop57
140
1.0
102
RTVSPost2010PropOp57
 70
     1
  0
XRECORD
  5
E6
102
{ACAD_REACTORS
330
E5
102
}
330
E5
100
AcDbXrecord
280
     1
102
RTVSPropertyOp0
 70
     1
102
RTVSPropertyOp1
 70
     1
102
RTVSPropertyOp2
 70
     1
102
RTVSPropertyOp3
 70
     1
102
RTVSPropertyOp4
 70
     1
102
RTVSPropertyOp5
 70
     1
102
RTVSPropertyOp6
 70
     1
102
RTVSPropertyOp7
 70
     1
102
RTVSPropertyOp8
 70
     1
102
RTVSPropertyOp9
 70
     1
102
RTVSPropertyOp10
 70
     1
102
RTVSPropertyOp11
 70
     1
102
RTVSPropertyOp12
 70
     1
102
RTVSPropertyOp13
 70
     1
102
RTVSPropertyOp14
 70
     1
102
RTVSPropertyOp15
 70
     1
102
RTVSPropertyOp16
 70
     1
102
RTVSPropertyOp17
 70
     1
102
RTVSPropertyOp18
 70
     1
102
RTVSPropertyOp19
 70
     1
102
RTVSPropertyOp20
 70
     1
102
RTVSPropertyOp21
 70
     1
102
RTVSPropertyOp22
 70
     1
102
RTVSPropertyOp23
 70
     1
102
RTVSPropertyOp24
 70
     1
102
RTVSPropertyOp25
 70
     1
102
RTVSPropertyOp26
 70
     1
102
RTVSPropertyOp27
 70
     1
102
RTVSPropertyOp28
 70
     1
102
RTVSPropertyOp29
 70
     1
102
RTVSPropertyOp30
 70
     1
102
RTVSPropertyOp31
 70
     1
102
RTVSPropertyOp32
 70
     1
102
RTVSPropertyOp33
 70
     1
102
RTVSPropertyOp34
 70
     1
102
RTVSPropertyOp35
 70
     1
102
RTVSPropertyOp36
 70
     1
102
RTVSPropertyOp37
 70
     1
102
RTVSPropertyOp38
 70
     1
102
RTVSPropertyOp39
 70
     1
102
RTVSPropertyOp40
 70
     1
102
RTVSPropertyOp41
 70
     1
102
RTVSPropertyOp42
 70
     1
102
RTVSPropertyOp43
 70
     1
102
RTVSPropertyOp44
 70
     1
102
RTVSPropertyOp45
 70
     1
102
RTVSPropertyOp46
 70
     1
102
RTVSPropertyOp47
 70
     1
102
RTVSPropertyOp48
 70
     1
102
RTVSPropertyOp49
 70
     1
102
RTVSPropertyOp50
 70
     1
102
RTVSPropertyOp51
 70
     0
102
RTVSPropertyOp52
 70
     0
102
RTVSPropertyOp53
 70
     1
102
RTVSPropertyOp54
 70
     1
102
RTVSPropertyOp55
 70
     1
102
RTVSPropertyOp56
 70
     1
102
RTVSPropertyOp57
 70
     1
102
RTVSPost2010Prop28
280
     0
102
RTVSPost2010PropOp28
 70
     1
102
RTVSPost2010Prop29
280
     1
102
RTVSPost2010PropOp29
 70
     1
102
RTVSPost2010Prop30
280
     1
102
RTVSPost2010PropOp30
 70
     1
102
RTVSPost2010Prop31
280
     0
102
RTVSPost2010PropOp31
 70
     1
102
RTVSPost2010Prop32
280
     0
102
RTVSPost2010PropOp32
 70
     1
102
RTVSPost2010Prop33
280
     0
102
RTVSPost2010PropOp33
 70
     1
102
RTVSPost2010Prop34
280
     0
102
RTVSPost2010PropOp34
 70
     1
102
RTVSPost2010Prop35
280
     0
102
RTVSPost2010PropOp35
 70
     1
102
RTVSPost2010Prop36
280
     0
102
RTVSPost2010PropOp36
 70
     1
102
RTVSPost2010Prop37
 90
       50
102
RTVSPost2010PropOp37
 70
     1
102
RTVSPost2010Prop38
140
0.0
102
RTVSPost2010PropOp38
 70
     1
102
RTVSPost2010Prop39
140
1.0
102
RTVSPost2010PropOp39
 70
     1
102
RTVSPost2010Prop40
 90
        0
102
RTVSPost2010PropOp40
 70
     1
102
RTVSPost2010Prop41ColorIndex
 90
       18
102
RTVSPost2010Prop41ColorRGB
 90
        0
102
RTVSPost2010PropOp41
 70
     1
102
RTVSPost2010Prop42
 90
       50
102
RTVSPost2010PropOp42
 70
     1
102
RTVSPost2010Prop43
 90
        3
102
RTVSPost2010PropOp43
 70
     1
102
RTVSPost2010Prop44ColorIndex
 90
        5
102
RTVSPost2010Prop44ColorRGB
 90
      255
102
RTVSPost2010PropOp44
 70
     1
102
RTVSPost2010Prop45
280
     0
102
RTVSPost2010PropOp45
 70
     1
102
RTVSPost2010Prop46
 90
       50
102
RTVSPost2010PropOp46
 70
     1
102
RTVSPost2010Prop47
 90
       50
102
RTVSPost2010PropOp47
 70
     1
102
RTVSPost2010Prop48
 90
       50
102
RTVSPost2010PropOp48
 70
     1
102
RTVSPost2010Prop49
280
     0
102
RTVSPost2010PropOp49
 70
     1
102
RTVSPost2010Prop50
 90
       50
102
RTVSPost2010PropOp50
 70
     1
102
RTVSPost2010Prop51ColorIndex
 90
      256
102
RTVSPost2010Prop51ColorRGB
 90
-16777216
102
RTVSPost2010PropOp51
 70
     0
102
RTVSPost2010Prop52
140
1.0
102
RTVSPost2010PropOp52
 70
     0
102
RTVSPost2010Prop53
 90
        2
102
RTVSPost2010PropOp53
 70
     1
102
RTVSPost2010Prop54
  1
strokes_ogs.tif
102
RTVSPost2010PropOp54
 70
     1
102
RTVSPost2010Prop55
280
     0
102
RTVSPost2010PropOp55
 70
     1
102
RTVSPost2010Prop56
140
1.0
102
RTVSPost2010PropOp56
 70
     1
102
RTVSPost2010Prop57
140
1.0
102
RTVSPost2010PropOp57
 70
     1
  0
XRECORD
  5
E4
102
{ACAD_REACTORS
330
E3
102
}
330
E3
100
AcDbXrecord
280
     1
102
RTVSPropertyOp0
 70
     1
102
RTVSPropertyOp1
 70
     1
102
RTVSPropertyOp2
 70
     1
102
RTVSPropertyOp3
 70
     1
102
RTVSPropertyOp4
 70
     1
102
RTVSPropertyOp5
 70
     1
102
RTVSPropertyOp6
 70
     1
102
RTVSPropertyOp7
 70
     1
102
RTVSPropertyOp8
 70
     1
102
RTVSPropertyOp9
 70
     1
102
RTVSPropertyOp10
 70
     1
102
RTVSPropertyOp11
 70
     1
102
RTVSPropertyOp12
 70
     1
102
RTVSPropertyOp13
 70
     1
102
RTVSPropertyOp14
 70
     1
102
RTVSPropertyOp15
 70
     1
102
RTVSPropertyOp16
 70
     1
102
RTVSPropertyOp17
 70
     1
102
RTVSPropertyOp18
 70
     1
102
RTVSPropertyOp19
 70
     1
102
RTVSPropertyOp20
 70
     1
102
RTVSPropertyOp21
 70
     1
102
RTVSPropertyOp22
 70
     1
102
RTVSPropertyOp23
 70
     1
102
RTVSPropertyOp24
 70
     1
102
RTVSPropertyOp25
 70
     1
102
RTVSPropertyOp26
 70
     1
102
RTVSPropertyOp27
 70
     1
102
RTVSPropertyOp28
 70
     1
102
RTVSPropertyOp29
 70
     1
102
RTVSPropertyOp30
 70
     1
102
RTVSPropertyOp31
 70
     1
102
RTVSPropertyOp32
 70
     1
102
RTVSPropertyOp33
 70
     1
102
RTVSPropertyOp34
 70
     1
102
RTVSPropertyOp35
 70
     1
102
RTVSPropertyOp36
 70
     1
102
RTVSPropertyOp37
 70
     1
102
RTVSPropertyOp38
 70
     1
102
RTVSPropertyOp39
 70
     1
102
RTVSPropertyOp40
 70
     1
102
RTVSPropertyOp41
 70
     1
102
RTVSPropertyOp42
 70
     1
102
RTVSPropertyOp43
 70
     1
102
RTVSPropertyOp44
 70
     1
102
RTVSPropertyOp45
 70
     1
102
RTVSPropertyOp46
 70
     1
102
RTVSPropertyOp47
 70
     1
102
RTVSPropertyOp48
 70
     1
102
RTVSPropertyOp49
 70
     1
102
RTVSPropertyOp50
 70
     1
102
RTVSPropertyOp51
 70
     0
102
RTVSPropertyOp52
 70
     0
102
RTVSPropertyOp53
 70
     1
102
RTVSPropertyOp54
 70
     1
102
RTVSPropertyOp55
 70
     1
102
RTVSPropertyOp56
 70
     1
102
RTVSPropertyOp57
 70
     1
102
RTVSPost2010Prop28
280
     0
102
RTVSPost2010PropOp28
 70
     1
102
RTVSPost2010Prop29
280
     1
102
RTVSPost2010PropOp29
 70
     1
102
RTVSPost2010Prop30
280
     1
102
RTVSPost2010PropOp30
 70
     1
102
RTVSPost2010Prop31
280
     0
102
RTVSPost2010PropOp31
 70
     1
102
RTVSPost2010Prop32
280
     0
102
RTVSPost2010PropOp32
 70
     1
102
RTVSPost2010Prop33
280
     0
102
RTVSPost2010PropOp33
 70
     1
102
RTVSPost2010Prop34
280
     0
102
RTVSPost2010PropOp34
 70
     1
102
RTVSPost2010Prop35
280
     0
102
RTVSPost2010PropOp35
 70
     1
102
RTVSPost2010Prop36
280
     0
102
RTVSPost2010PropOp36
 70
     1
102
RTVSPost2010Prop37
 90
       50
102
RTVSPost2010PropOp37
 70
     1
102
RTVSPost2010Prop38
140
0.0
102
RTVSPost2010PropOp38
 70
     1
102
RTVSPost2010Prop39
140
1.0
102
RTVSPost2010PropOp39
 70
     1
102
RTVSPost2010Prop40
 90
        0
102
RTVSPost2010PropOp40
 70
     1
102
RTVSPost2010Prop41ColorIndex
 90
       18
102
RTVSPost2010Prop41ColorRGB
 90
        0
102
RTVSPost2010PropOp41
 70
     1
102
RTVSPost2010Prop42
 90
       50
102
RTVSPost2010PropOp42
 70
     1
102
RTVSPost2010Prop43
 90
        3
102
RTVSPost2010PropOp43
 70
     1
102
RTVSPost2010Prop44ColorIndex
 90
        5
102
RTVSPost2010Prop44ColorRGB
 90
      255
102
RTVSPost2010PropOp44
 70
     1
102
RTVSPost2010Prop45
280
     0
102
RTVSPost2010PropOp45
 70
     1
102
RTVSPost2010Prop46
 90
       50
102
RTVSPost2010PropOp46
 70
     1
102
RTVSPost2010Prop47
 90
       50
102
RTVSPost2010PropOp47
 70
     1
102
RTVSPost2010Prop48
 90
       50
102
RTVSPost2010PropOp48
 70
     1
102
RTVSPost2010Prop49
280
     0
102
RTVSPost2010PropOp49
 70
     1
102
RTVSPost2010Prop50
 90
       50
102
RTVSPost2010PropOp50
 70
     1
102
RTVSPost2010Prop51ColorIndex
 90
      256
102
RTVSPost2010Prop51ColorRGB
 90
-16777216
102
RTVSPost2010PropOp51
 70
     0
102
RTVSPost2010Prop52
140
1.0
102
RTVSPost2010PropOp52
 70
     0
102
RTVSPost2010Prop53
 90
        2
102
RTVSPost2010PropOp53
 70
     1
102
RTVSPost2010Prop54
  1
strokes_ogs.tif
102
RTVSPost2010PropOp54
 70
     1
102
RTVSPost2010Prop55
280
     0
102
RTVSPost2010PropOp55
 70
     1
102
RTVSPost2010Prop56
140
1.0
102
RTVSPost2010PropOp56
 70
     1
102
RTVSPost2010Prop57
140
1.0
102
RTVSPost2010PropOp57
 70
     1
  0
XRECORD
  5
DE
102
{ACAD_REACTORS
330
DD
102
}
330
DD
100
AcDbXrecord
280
     1
102
RTVSPropertyOp0
 70
     1
102
RTVSPropertyOp1
 70
     1
102
RTVSPropertyOp2
 70
     1
102
RTVSPropertyOp3
 70
     1
102
RTVSPropertyOp4
 70
     1
102
RTVSPropertyOp5
 70
     1
102
RTVSPropertyOp6
 70
     1
102
RTVSPropertyOp7
 70
     1
102
RTVSPropertyOp8
 70
     1
102
RTVSPropertyOp9
 70
     1
102
RTVSPropertyOp10
 70
     1
102
RTVSPropertyOp11
 70
     1
102
RTVSPropertyOp12
 70
     1
102
RTVSPropertyOp13
 70
     1
102
RTVSPropertyOp14
 70
     1
102
RTVSPropertyOp15
 70
     1
102
RTVSPropertyOp16
 70
     1
102
RTVSPropertyOp17
 70
     1
102
RTVSPropertyOp18
 70
     1
102
RTVSPropertyOp19
 70
     1
102
RTVSPropertyOp20
 70
     1
102
RTVSPropertyOp21
 70
     1
102
RTVSPropertyOp22
 70
     1
102
RTVSPropertyOp23
 70
     1
102
RTVSPropertyOp24
 70
     1
102
RTVSPropertyOp25
 70
     1
102
RTVSPropertyOp26
 70
     1
102
RTVSPropertyOp27
 70
     1
102
RTVSPropertyOp28
 70
     1
102
RTVSPropertyOp29
 70
     1
102
RTVSPropertyOp30
 70
     1
102
RTVSPropertyOp31
 70
     1
102
RTVSPropertyOp32
 70
     1
102
RTVSPropertyOp33
 70
     1
102
RTVSPropertyOp34
 70
     1
102
RTVSPropertyOp35
 70
     1
102
RTVSPropertyOp36
 70
     1
102
RTVSPropertyOp37
 70
     1
102
RTVSPropertyOp38
 70
     1
102
RTVSPropertyOp39
 70
     1
102
RTVSPropertyOp40
 70
     1
102
RTVSPropertyOp41
 70
     1
102
RTVSPropertyOp42
 70
     1
102
RTVSPropertyOp43
 70
     1
102
RTVSPropertyOp44
 70
     1
102
RTVSPropertyOp45
 70
     1
102
RTVSPropertyOp46
 70
     1
102
RTVSPropertyOp47
 70
     1
102
RTVSPropertyOp48
 70
     1
102
RTVSPropertyOp49
 70
     1
102
RTVSPropertyOp50
 70
     1
102
RTVSPropertyOp51
 70
     0
102
RTVSPropertyOp52
 70
     0
102
RTVSPropertyOp53
 70
     1
102
RTVSPropertyOp54
 70
     1
102
RTVSPropertyOp55
 70
     1
102
RTVSPropertyOp56
 70
     1
102
RTVSPropertyOp57
 70
     1
102
RTVSPost2010Prop28
280
     0
102
RTVSPost2010PropOp28
 70
     1
102
RTVSPost2010Prop29
280
     1
102
RTVSPost2010PropOp29
 70
     1
102
RTVSPost2010Prop30
280
     1
102
RTVSPost2010PropOp30
 70
     1
102
RTVSPost2010Prop31
280
     0
102
RTVSPost2010PropOp31
 70
     1
102
RTVSPost2010Prop32
280
     0
102
RTVSPost2010PropOp32
 70
     1
102
RTVSPost2010Prop33
280
     0
102
RTVSPost2010PropOp33
 70
     1
102
RTVSPost2010Prop34
280
     0
102
RTVSPost2010PropOp34
 70
     1
102
RTVSPost2010Prop35
280
     0
102
RTVSPost2010PropOp35
 70
     1
102
RTVSPost2010Prop36
280
     0
102
RTVSPost2010PropOp36
 70
     1
102
RTVSPost2010Prop37
 90
       50
102
RTVSPost2010PropOp37
 70
     1
102
RTVSPost2010Prop38
140
0.0
102
RTVSPost2010PropOp38
 70
     1
102
RTVSPost2010Prop39
140
1.0
102
RTVSPost2010PropOp39
 70
     1
102
RTVSPost2010Prop40
 90
        0
102
RTVSPost2010PropOp40
 70
     1
102
RTVSPost2010Prop41ColorIndex
 90
       18
102
RTVSPost2010Prop41ColorRGB
 90
        0
102
RTVSPost2010PropOp41
 70
     1
102
RTVSPost2010Prop42
 90
       50
102
RTVSPost2010PropOp42
 70
     1
102
RTVSPost2010Prop43
 90
        3
102
RTVSPost2010PropOp43
 70
     1
102
RTVSPost2010Prop44ColorIndex
 90
        5
102
RTVSPost2010Prop44ColorRGB
 90
      255
102
RTVSPost2010PropOp44
 70
     1
102
RTVSPost2010Prop45
280
     0
102
RTVSPost2010PropOp45
 70
     1
102
RTVSPost2010Prop46
 90
       50
102
RTVSPost2010PropOp46
 70
     1
102
RTVSPost2010Prop47
 90
       50
102
RTVSPost2010PropOp47
 70
     1
102
RTVSPost2010Prop48
 90
       50
102
RTVSPost2010PropOp48
 70
     1
102
RTVSPost2010Prop49
280
     0
102
RTVSPost2010PropOp49
 70
     1
102
RTVSPost2010Prop50
 90
       50
102
RTVSPost2010PropOp50
 70
     1
102
RTVSPost2010Prop51ColorIndex
 90
      256
102
RTVSPost2010Prop51ColorRGB
 90
-16777216
102
RTVSPost2010PropOp51
 70
     0
102
RTVSPost2010Prop52
140
1.0
102
RTVSPost2010PropOp52
 70
     0
102
RTVSPost2010Prop53
 90
        2
102
RTVSPost2010PropOp53
 70
     1
102
RTVSPost2010Prop54
  1
strokes_ogs.tif
102
RTVSPost2010PropOp54
 70
     1
102
RTVSPost2010Prop55
280
     0
102
RTVSPost2010PropOp55
 70
     1
102
RTVSPost2010Prop56
140
1.0
102
RTVSPost2010PropOp56
 70
     1
102
RTVSPost2010Prop57
140
1.0
102
RTVSPost2010PropOp57
 70
     1
  0
XRECORD
  5
E0
102
{ACAD_REACTORS
330
DF
102
}
330
DF
100
AcDbXrecord
280
     1
102
RTVSPropertyOp0
 70
     1
102
RTVSPropertyOp1
 70
     1
102
RTVSPropertyOp2
 70
     1
102
RTVSPropertyOp3
 70
     1
102
RTVSPropertyOp4
 70
     1
102
RTVSPropertyOp5
 70
     1
102
RTVSPropertyOp6
 70
     1
102
RTVSPropertyOp7
 70
     1
102
RTVSPropertyOp8
 70
     1
102
RTVSPropertyOp9
 70
     1
102
RTVSPropertyOp10
 70
     1
102
RTVSPropertyOp11
 70
     1
102
RTVSPropertyOp12
 70
     1
102
RTVSPropertyOp13
 70
     1
102
RTVSPropertyOp14
 70
     1
102
RTVSPropertyOp15
 70
     1
102
RTVSPropertyOp16
 70
     1
102
RTVSPropertyOp17
 70
     1
102
RTVSPropertyOp18
 70
     1
102
RTVSPropertyOp19
 70
     1
102
RTVSPropertyOp20
 70
     1
102
RTVSPropertyOp21
 70
     1
102
RTVSPropertyOp22
 70
     1
102
RTVSPropertyOp23
 70
     1
102
RTVSPropertyOp24
 70
     1
102
RTVSPropertyOp25
 70
     1
102
RTVSPropertyOp26
 70
     1
102
RTVSPropertyOp27
 70
     1
102
RTVSPropertyOp28
 70
     1
102
RTVSPropertyOp29
 70
     1
102
RTVSPropertyOp30
 70
     1
102
RTVSPropertyOp31
 70
     1
102
RTVSPropertyOp32
 70
     1
102
RTVSPropertyOp33
 70
     1
102
RTVSPropertyOp34
 70
     1
102
RTVSPropertyOp35
 70
     1
102
RTVSPropertyOp36
 70
     1
102
RTVSPropertyOp37
 70
     1
102
RTVSPropertyOp38
 70
     1
102
RTVSPropertyOp39
 70
     1
102
RTVSPropertyOp40
 70
     1
102
RTVSPropertyOp41
 70
     1
102
RTVSPropertyOp42
 70
     1
102
RTVSPropertyOp43
 70
     1
102
RTVSPropertyOp44
 70
     1
102
RTVSPropertyOp45
 70
     1
102
RTVSPropertyOp46
 70
     1
102
RTVSPropertyOp47
 70
     1
102
RTVSPropertyOp48
 70
     1
102
RTVSPropertyOp49
 70
     1
102
RTVSPropertyOp50
 70
     1
102
RTVSPropertyOp51
 70
     0
102
RTVSPropertyOp52
 70
     0
102
RTVSPropertyOp53
 70
     1
102
RTVSPropertyOp54
 70
     1
102
RTVSPropertyOp55
 70
     1
102
RTVSPropertyOp56
 70
     1
102
RTVSPropertyOp57
 70
     1
102
RTVSPost2010Prop28
280
     0
102
RTVSPost2010PropOp28
 70
     1
102
RTVSPost2010Prop29
280
     1
102
RTVSPost2010PropOp29
 70
     1
102
RTVSPost2010Prop30
280
     1
102
RTVSPost2010PropOp30
 70
     1
102
RTVSPost2010Prop31
280
     0
102
RTVSPost2010PropOp31
 70
     1
102
RTVSPost2010Prop32
280
     0
102
RTVSPost2010PropOp32
 70
     1
102
RTVSPost2010Prop33
280
     0
102
RTVSPost2010PropOp33
 70
     1
102
RTVSPost2010Prop34
280
     0
102
RTVSPost2010PropOp34
 70
     1
102
RTVSPost2010Prop35
280
     0
102
RTVSPost2010PropOp35
 70
     1
102
RTVSPost2010Prop36
280
     0
102
RTVSPost2010PropOp36
 70
     1
102
RTVSPost2010Prop37
 90
       50
102
RTVSPost2010PropOp37
 70
     1
102
RTVSPost2010Prop38
140
0.0
102
RTVSPost2010PropOp38
 70
     1
102
RTVSPost2010Prop39
140
1.0
102
RTVSPost2010PropOp39
 70
     1
102
RTVSPost2010Prop40
 90
        0
102
RTVSPost2010PropOp40
 70
     1
102
RTVSPost2010Prop41ColorIndex
 90
       18
102
RTVSPost2010Prop41ColorRGB
 90
        0
102
RTVSPost2010PropOp41
 70
     1
102
RTVSPost2010Prop42
 90
       50
102
RTVSPost2010PropOp42
 70
     1
102
RTVSPost2010Prop43
 90
        3
102
RTVSPost2010PropOp43
 70
     1
102
RTVSPost2010Prop44ColorIndex
 90
        5
102
RTVSPost2010Prop44ColorRGB
 90
      255
102
RTVSPost2010PropOp44
 70
     1
102
RTVSPost2010Prop45
280
     0
102
RTVSPost2010PropOp45
 70
     1
102
RTVSPost2010Prop46
 90
       50
102
RTVSPost2010PropOp46
 70
     1
102
RTVSPost2010Prop47
 90
       50
102
RTVSPost2010PropOp47
 70
     1
102
RTVSPost2010Prop48
 90
       50
102
RTVSPost2010PropOp48
 70
     1
102
RTVSPost2010Prop49
280
     0
102
RTVSPost2010PropOp49
 70
     1
102
RTVSPost2010Prop50
 90
       50
102
RTVSPost2010PropOp50
 70
     1
102
RTVSPost2010Prop51ColorIndex
 90
      256
102
RTVSPost2010Prop51ColorRGB
 90
-16777216
102
RTVSPost2010PropOp51
 70
     0
102
RTVSPost2010Prop52
140
1.0
102
RTVSPost2010PropOp52
 70
     0
102
RTVSPost2010Prop53
 90
        2
102
RTVSPost2010PropOp53
 70
     1
102
RTVSPost2010Prop54
  1
strokes_ogs.tif
102
RTVSPost2010PropOp54
 70
     1
102
RTVSPost2010Prop55
280
     0
102
RTVSPost2010PropOp55
 70
     1
102
RTVSPost2010Prop56
140
1.0
102
RTVSPost2010PropOp56
 70
     1
102
RTVSPost2010Prop57
140
1.0
102
RTVSPost2010PropOp57
 70
     1
  0
XRECORD
  5
D0
102
{ACAD_REACTORS
330
CF
102
}
330
CF
100
AcDbXrecord
280
     1
102
RTVSPropertyOp0
 70
     1
102
RTVSPropertyOp1
 70
     1
102
RTVSPropertyOp2
 70
     1
102
RTVSPropertyOp3
 70
     1
102
RTVSPropertyOp4
 70
     1
102
RTVSPropertyOp5
 70
     1
102
RTVSPropertyOp6
 70
     1
102
RTVSPropertyOp7
 70
     1
102
RTVSPropertyOp8
 70
     1
102
RTVSPropertyOp9
 70
     1
102
RTVSPropertyOp10
 70
     1
102
RTVSPropertyOp11
 70
     1
102
RTVSPropertyOp12
 70
     1
102
RTVSPropertyOp13
 70
     1
102
RTVSPropertyOp14
 70
     1
102
RTVSPropertyOp15
 70
     1
102
RTVSPropertyOp16
 70
     1
102
RTVSPropertyOp17
 70
     1
102
RTVSPropertyOp18
 70
     1
102
RTVSPropertyOp19
 70
     1
102
RTVSPropertyOp20
 70
     1
102
RTVSPropertyOp21
 70
     1
102
RTVSPropertyOp22
 70
     1
102
RTVSPropertyOp23
 70
     1
102
RTVSPropertyOp24
 70
     1
102
RTVSPropertyOp25
 70
     1
102
RTVSPropertyOp26
 70
     1
102
RTVSPropertyOp27
 70
     1
102
RTVSPropertyOp28
 70
     1
102
RTVSPropertyOp29
 70
     1
102
RTVSPropertyOp30
 70
     1
102
RTVSPropertyOp31
 70
     1
102
RTVSPropertyOp32
 70
     1
102
RTVSPropertyOp33
 70
     1
102
RTVSPropertyOp34
 70
     1
102
RTVSPropertyOp35
 70
     1
102
RTVSPropertyOp36
 70
     1
102
RTVSPropertyOp37
 70
     1
102
RTVSPropertyOp38
 70
     1
102
RTVSPropertyOp39
 70
     1
102
RTVSPropertyOp40
 70
     1
102
RTVSPropertyOp41
 70
     1
102
RTVSPropertyOp42
 70
     1
102
RTVSPropertyOp43
 70
     1
102
RTVSPropertyOp44
 70
     1
102
RTVSPropertyOp45
 70
     1
102
RTVSPropertyOp46
 70
     1
102
RTVSPropertyOp47
 70
     1
102
RTVSPropertyOp48
 70
     1
102
RTVSPropertyOp49
 70
     1
102
RTVSPropertyOp50
 70
     1
102
RTVSPropertyOp51
 70
     0
102
RTVSPropertyOp52
 70
     0
102
RTVSPropertyOp53
 70
     1
102
RTVSPropertyOp54
 70
     1
102
RTVSPropertyOp55
 70
     1
102
RTVSPropertyOp56
 70
     1
102
RTVSPropertyOp57
 70
     1
102
RTVSPost2010Prop28
280
     0
102
RTVSPost2010PropOp28
 70
     1
102
RTVSPost2010Prop29
280
     1
102
RTVSPost2010PropOp29
 70
     1
102
RTVSPost2010Prop30
280
     1
102
RTVSPost2010PropOp30
 70
     1
102
RTVSPost2010Prop31
280
     0
102
RTVSPost2010PropOp31
 70
     1
102
RTVSPost2010Prop32
280
     0
102
RTVSPost2010PropOp32
 70
     1
102
RTVSPost2010Prop33
280
     0
102
RTVSPost2010PropOp33
 70
     1
102
RTVSPost2010Prop34
280
     0
102
RTVSPost2010PropOp34
 70
     1
102
RTVSPost2010Prop35
280
     0
102
RTVSPost2010PropOp35
 70
     1
102
RTVSPost2010Prop36
280
     0
102
RTVSPost2010PropOp36
 70
     1
102
RTVSPost2010Prop37
 90
       50
102
RTVSPost2010PropOp37
 70
     1
102
RTVSPost2010Prop38
140
0.0
102
RTVSPost2010PropOp38
 70
     1
102
RTVSPost2010Prop39
140
1.0
102
RTVSPost2010PropOp39
 70
     1
102
RTVSPost2010Prop40
 90
        0
102
RTVSPost2010PropOp40
 70
     1
102
RTVSPost2010Prop41ColorIndex
 90
       18
102
RTVSPost2010Prop41ColorRGB
 90
        0
102
RTVSPost2010PropOp41
 70
     1
102
RTVSPost2010Prop42
 90
       50
102
RTVSPost2010PropOp42
 70
     1
102
RTVSPost2010Prop43
 90
        3
102
RTVSPost2010PropOp43
 70
     1
102
RTVSPost2010Prop44ColorIndex
 90
        5
102
RTVSPost2010Prop44ColorRGB
 90
      255
102
RTVSPost2010PropOp44
 70
     1
102
RTVSPost2010Prop45
280
     0
102
RTVSPost2010PropOp45
 70
     1
102
RTVSPost2010Prop46
 90
       50
102
RTVSPost2010PropOp46
 70
     1
102
RTVSPost2010Prop47
 90
       50
102
RTVSPost2010PropOp47
 70
     1
102
RTVSPost2010Prop48
 90
       50
102
RTVSPost2010PropOp48
 70
     1
102
RTVSPost2010Prop49
280
     0
102
RTVSPost2010PropOp49
 70
     1
102
RTVSPost2010Prop50
 90
       50
102
RTVSPost2010PropOp50
 70
     1
102
RTVSPost2010Prop51ColorIndex
 90
      256
102
RTVSPost2010Prop51ColorRGB
 90
-16777216
102
RTVSPost2010PropOp51
 70
     0
102
RTVSPost2010Prop52
140
1.0
102
RTVSPost2010PropOp52
 70
     0
102
RTVSPost2010Prop53
 90
        2
102
RTVSPost2010PropOp53
 70
     1
102
RTVSPost2010Prop54
  1
strokes_ogs.tif
102
RTVSPost2010PropOp54
 70
     1
102
RTVSPost2010Prop55
280
     0
102
RTVSPost2010PropOp55
 70
     1
102
RTVSPost2010Prop56
140
1.0
102
RTVSPost2010PropOp56
 70
     1
102
RTVSPost2010Prop57
140
1.0
102
RTVSPost2010PropOp57
 70
     1
  0
XRECORD
  5
C2
102
{ACAD_REACTORS
330
C1
102
}
330
C1
100
AcDbXrecord
280
     1
102
RTVSPropertyOp0
 70
     1
102
RTVSPropertyOp1
 70
     1
102
RTVSPropertyOp2
 70
     1
102
RTVSPropertyOp3
 70
     1
102
RTVSPropertyOp4
 70
     1
102
RTVSPropertyOp5
 70
     1
102
RTVSPropertyOp6
 70
     1
102
RTVSPropertyOp7
 70
     1
102
RTVSPropertyOp8
 70
     1
102
RTVSPropertyOp9
 70
     1
102
RTVSPropertyOp10
 70
     1
102
RTVSPropertyOp11
 70
     1
102
RTVSPropertyOp12
 70
     1
102
RTVSPropertyOp13
 70
     1
102
RTVSPropertyOp14
 70
     1
102
RTVSPropertyOp15
 70
     1
102
RTVSPropertyOp16
 70
     1
102
RTVSPropertyOp17
 70
     1
102
RTVSPropertyOp18
 70
     1
102
RTVSPropertyOp19
 70
     1
102
RTVSPropertyOp20
 70
     1
102
RTVSPropertyOp21
 70
     1
102
RTVSPropertyOp22
 70
     1
102
RTVSPropertyOp23
 70
     1
102
RTVSPropertyOp24
 70
     1
102
RTVSPropertyOp25
 70
     1
102
RTVSPropertyOp26
 70
     1
102
RTVSPropertyOp27
 70
     1
102
RTVSPropertyOp28
 70
     1
102
RTVSPropertyOp29
 70
     1
102
RTVSPropertyOp30
 70
     1
102
RTVSPropertyOp31
 70
     1
102
RTVSPropertyOp32
 70
     1
102
RTVSPropertyOp33
 70
     1
102
RTVSPropertyOp34
 70
     1
102
RTVSPropertyOp35
 70
     1
102
RTVSPropertyOp36
 70
     1
102
RTVSPropertyOp37
 70
     1
102
RTVSPropertyOp38
 70
     1
102
RTVSPropertyOp39
 70
     1
102
RTVSPropertyOp40
 70
     1
102
RTVSPropertyOp41
 70
     1
102
RTVSPropertyOp42
 70
     1
102
RTVSPropertyOp43
 70
     1
102
RTVSPropertyOp44
 70
     1
102
RTVSPropertyOp45
 70
     1
102
RTVSPropertyOp46
 70
     1
102
RTVSPropertyOp47
 70
     1
102
RTVSPropertyOp48
 70
     1
102
RTVSPropertyOp49
 70
     1
102
RTVSPropertyOp50
 70
     1
102
RTVSPropertyOp51
 70
     0
102
RTVSPropertyOp52
 70
     0
102
RTVSPropertyOp53
 70
     1
102
RTVSPropertyOp54
 70
     1
102
RTVSPropertyOp55
 70
     1
102
RTVSPropertyOp56
 70
     1
102
RTVSPropertyOp57
 70
     1
102
RTVSPost2010Prop28
280
     0
102
RTVSPost2010PropOp28
 70
     1
102
RTVSPost2010Prop29
280
     1
102
RTVSPost2010PropOp29
 70
     1
102
RTVSPost2010Prop30
280
     1
102
RTVSPost2010PropOp30
 70
     1
102
RTVSPost2010Prop31
280
     0
102
RTVSPost2010PropOp31
 70
     1
102
RTVSPost2010Prop32
280
     0
102
RTVSPost2010PropOp32
 70
     1
102
RTVSPost2010Prop33
280
     0
102
RTVSPost2010PropOp33
 70
     1
102
RTVSPost2010Prop34
280
     0
102
RTVSPost2010PropOp34
 70
     1
102
RTVSPost2010Prop35
280
     0
102
RTVSPost2010PropOp35
 70
     1
102
RTVSPost2010Prop36
280
     0
102
RTVSPost2010PropOp36
 70
     1
102
RTVSPost2010Prop37
 90
       50
102
RTVSPost2010PropOp37
 70
     1
102
RTVSPost2010Prop38
140
0.0
102
RTVSPost2010PropOp38
 70
     1
102
RTVSPost2010Prop39
140
1.0
102
RTVSPost2010PropOp39
 70
     1
102
RTVSPost2010Prop40
 90
        0
102
RTVSPost2010PropOp40
 70
     1
102
RTVSPost2010Prop41ColorIndex
 90
       18
102
RTVSPost2010Prop41ColorRGB
 90
        0
102
RTVSPost2010PropOp41
 70
     1
102
RTVSPost2010Prop42
 90
       50
102
RTVSPost2010PropOp42
 70
     1
102
RTVSPost2010Prop43
 90
        3
102
RTVSPost2010PropOp43
 70
     1
102
RTVSPost2010Prop44ColorIndex
 90
        5
102
RTVSPost2010Prop44ColorRGB
 90
      255
102
RTVSPost2010PropOp44
 70
     1
102
RTVSPost2010Prop45
280
     0
102
RTVSPost2010PropOp45
 70
     1
102
RTVSPost2010Prop46
 90
       50
102
RTVSPost2010PropOp46
 70
     1
102
RTVSPost2010Prop47
 90
       50
102
RTVSPost2010PropOp47
 70
     1
102
RTVSPost2010Prop48
 90
       50
102
RTVSPost2010PropOp48
 70
     1
102
RTVSPost2010Prop49
280
     0
102
RTVSPost2010PropOp49
 70
     1
102
RTVSPost2010Prop50
 90
       50
102
RTVSPost2010PropOp50
 70
     1
102
RTVSPost2010Prop51ColorIndex
 90
      256
102
RTVSPost2010Prop51ColorRGB
 90
-16777216
102
RTVSPost2010PropOp51
 70
     0
102
RTVSPost2010Prop52
140
1.0
102
RTVSPost2010PropOp52
 70
     0
102
RTVSPost2010Prop53
 90
        2
102
RTVSPost2010PropOp53
 70
     1
102
RTVSPost2010Prop54
  1
strokes_ogs.tif
102
RTVSPost2010PropOp54
 70
     1
102
RTVSPost2010Prop55
280
     0
102
RTVSPost2010PropOp55
 70
     1
102
RTVSPost2010Prop56
140
1.0
102
RTVSPost2010PropOp56
 70
     1
102
RTVSPost2010Prop57
140
1.0
102
RTVSPost2010PropOp57
 70
     1
  0
XRECORD
  5
E2
102
{ACAD_REACTORS
330
E1
102
}
330
E1
100
AcDbXrecord
280
     1
102
RTVSPropertyOp0
 70
     1
102
RTVSPropertyOp1
 70
     1
102
RTVSPropertyOp2
 70
     1
102
RTVSPropertyOp3
 70
     1
102
RTVSPropertyOp4
 70
     1
102
RTVSPropertyOp5
 70
     1
102
RTVSPropertyOp6
 70
     1
102
RTVSPropertyOp7
 70
     1
102
RTVSPropertyOp8
 70
     1
102
RTVSPropertyOp9
 70
     1
102
RTVSPropertyOp10
 70
     1
102
RTVSPropertyOp11
 70
     1
102
RTVSPropertyOp12
 70
     1
102
RTVSPropertyOp13
 70
     1
102
RTVSPropertyOp14
 70
     1
102
RTVSPropertyOp15
 70
     1
102
RTVSPropertyOp16
 70
     1
102
RTVSPropertyOp17
 70
     1
102
RTVSPropertyOp18
 70
     1
102
RTVSPropertyOp19
 70
     1
102
RTVSPropertyOp20
 70
     1
102
RTVSPropertyOp21
 70
     1
102
RTVSPropertyOp22
 70
     1
102
RTVSPropertyOp23
 70
     1
102
RTVSPropertyOp24
 70
     1
102
RTVSPropertyOp25
 70
     1
102
RTVSPropertyOp26
 70
     1
102
RTVSPropertyOp27
 70
     1
102
RTVSPropertyOp28
 70
     1
102
RTVSPropertyOp29
 70
     1
102
RTVSPropertyOp30
 70
     1
102
RTVSPropertyOp31
 70
     1
102
RTVSPropertyOp32
 70
     1
102
RTVSPropertyOp33
 70
     1
102
RTVSPropertyOp34
 70
     1
102
RTVSPropertyOp35
 70
     1
102
RTVSPropertyOp36
 70
     1
102
RTVSPropertyOp37
 70
     1
102
RTVSPropertyOp38
 70
     1
102
RTVSPropertyOp39
 70
     1
102
RTVSPropertyOp40
 70
     1
102
RTVSPropertyOp41
 70
     1
102
RTVSPropertyOp42
 70
     1
102
RTVSPropertyOp43
 70
     1
102
RTVSPropertyOp44
 70
     1
102
RTVSPropertyOp45
 70
     1
102
RTVSPropertyOp46
 70
     1
102
RTVSPropertyOp47
 70
     1
102
RTVSPropertyOp48
 70
     1
102
RTVSPropertyOp49
 70
     1
102
RTVSPropertyOp50
 70
     1
102
RTVSPropertyOp51
 70
     0
102
RTVSPropertyOp52
 70
     0
102
RTVSPropertyOp53
 70
     1
102
RTVSPropertyOp54
 70
     1
102
RTVSPropertyOp55
 70
     1
102
RTVSPropertyOp56
 70
     1
102
RTVSPropertyOp57
 70
     1
102
RTVSPost2010Prop28
280
     0
102
RTVSPost2010PropOp28
 70
     1
102
RTVSPost2010Prop29
280
     1
102
RTVSPost2010PropOp29
 70
     1
102
RTVSPost2010Prop30
280
     1
102
RTVSPost2010PropOp30
 70
     1
102
RTVSPost2010Prop31
280
     0
102
RTVSPost2010PropOp31
 70
     1
102
RTVSPost2010Prop32
280
     0
102
RTVSPost2010PropOp32
 70
     1
102
RTVSPost2010Prop33
280
     0
102
RTVSPost2010PropOp33
 70
     1
102
RTVSPost2010Prop34
280
     0
102
RTVSPost2010PropOp34
 70
     1
102
RTVSPost2010Prop35
280
     0
102
RTVSPost2010PropOp35
 70
     1
102
RTVSPost2010Prop36
280
     0
102
RTVSPost2010PropOp36
 70
     1
102
RTVSPost2010Prop37
 90
       50
102
RTVSPost2010PropOp37
 70
     1
102
RTVSPost2010Prop38
140
0.0
102
RTVSPost2010PropOp38
 70
     1
102
RTVSPost2010Prop39
140
1.0
102
RTVSPost2010PropOp39
 70
     1
102
RTVSPost2010Prop40
 90
        0
102
RTVSPost2010PropOp40
 70
     1
102
RTVSPost2010Prop41ColorIndex
 90
       18
102
RTVSPost2010Prop41ColorRGB
 90
        0
102
RTVSPost2010PropOp41
 70
     1
102
RTVSPost2010Prop42
 90
       50
102
RTVSPost2010PropOp42
 70
     1
102
RTVSPost2010Prop43
 90
        3
102
RTVSPost2010PropOp43
 70
     1
102
RTVSPost2010Prop44ColorIndex
 90
        5
102
RTVSPost2010Prop44ColorRGB
 90
      255
102
RTVSPost2010PropOp44
 70
     1
102
RTVSPost2010Prop45
280
     0
102
RTVSPost2010PropOp45
 70
     1
102
RTVSPost2010Prop46
 90
       50
102
RTVSPost2010PropOp46
 70
     1
102
RTVSPost2010Prop47
 90
       50
102
RTVSPost2010PropOp47
 70
     1
102
RTVSPost2010Prop48
 90
       50
102
RTVSPost2010PropOp48
 70
     1
102
RTVSPost2010Prop49
280
     0
102
RTVSPost2010PropOp49
 70
     1
102
RTVSPost2010Prop50
 90
       50
102
RTVSPost2010PropOp50
 70
     1
102
RTVSPost2010Prop51ColorIndex
 90
      256
102
RTVSPost2010Prop51ColorRGB
 90
-16777216
102
RTVSPost2010PropOp51
 70
     0
102
RTVSPost2010Prop52
140
1.0
102
RTVSPost2010PropOp52
 70
     0
102
RTVSPost2010Prop53
 90
        2
102
RTVSPost2010PropOp53
 70
     1
102
RTVSPost2010Prop54
  1
strokes_ogs.tif
102
RTVSPost2010PropOp54
 70
     1
102
RTVSPost2010Prop55
280
     0
102
RTVSPost2010PropOp55
 70
     1
102
RTVSPost2010Prop56
140
1.0
102
RTVSPost2010PropOp56
 70
     1
102
RTVSPost2010Prop57
140
1.0
102
RTVSPost2010PropOp57
 70
     1
  0
ENDSEC
  0
EOF
