# WaveFront *.obj file (generated by Autodesk ATF)

mtllib Tucan.mtl

g negro

v 28.439450 -945.589090 0.000000
v 28.469040 -945.564680 0.000000
v 28.469040 -945.564680 -0.150000
v 28.439450 -945.589090 -0.150000
v 28.405470 -945.607540 0.000000
v 28.405470 -945.607540 -0.150000
v 28.367930 -945.619190 0.000000
v 28.367930 -945.619190 -0.150000
v 28.327620 -945.623260 0.000000
v 28.327620 -945.623260 -0.150000
v 28.287300 -945.619190 0.000000
v 28.287300 -945.619190 -0.150000
v 28.249770 -945.607540 0.000000
v 28.249770 -945.607540 -0.150000
v 28.215790 -945.589090 0.000000
v 28.215790 -945.589090 -0.150000
v 28.186200 -945.564680 0.000000
v 28.186200 -945.564680 -0.150000
v 28.161770 -945.535080 0.000000
v 28.161770 -945.535080 -0.150000
v 28.143340 -945.501110 0.000000
v 28.143340 -945.501110 -0.150000
v 28.131680 -945.463560 0.000000
v 28.131680 -945.463560 -0.150000
v 28.127620 -945.423260 0.000000
v 28.127620 -945.423260 -0.150000
v 28.131690 -945.382950 0.000000
v 28.131690 -945.382950 -0.150000
v 28.143340 -945.345410 0.000000
v 28.143340 -945.345410 -0.150000
v 28.161780 -945.311430 0.000000
v 28.161780 -945.311430 -0.150000
v 28.186200 -945.281840 0.000000
v 28.186200 -945.281840 -0.150000
v 28.215800 -945.257420 0.000000
v 28.215800 -945.257420 -0.150000
v 28.249770 -945.238980 0.000000
v 28.249770 -945.238980 -0.150000
v 28.287310 -945.227320 0.000000
v 28.287310 -945.227320 -0.150000
v 28.327620 -945.223260 0.000000
v 28.327620 -945.223260 -0.150000
v 28.367930 -945.227330 0.000000
v 28.367930 -945.227330 -0.150000
v 28.405470 -945.238980 0.000000
v 28.405470 -945.238980 -0.150000
v 28.439450 -945.257420 0.000000
v 28.439450 -945.257420 -0.150000
v 28.469040 -945.281840 0.000000
v 28.469040 -945.281840 -0.150000
v 28.493460 -945.311440 0.000000
v 28.493460 -945.311440 -0.150000
v 28.511900 -945.345410 0.000000
v 28.511900 -945.345410 -0.150000
v 28.523560 -945.382950 0.000000
v 28.523560 -945.382950 -0.150000
v 28.527620 -945.423260 0.000000
v 28.527620 -945.423260 -0.150000
v 28.523560 -945.463570 0.000000
v 28.523560 -945.463570 -0.150000
v 28.511900 -945.501110 0.000000
v 28.511900 -945.501110 -0.150000
v 28.493460 -945.535080 0.000000
v 28.493460 -945.535080 -0.150000
v 27.995940 -945.199620 0.000000
v 28.044780 -945.140420 0.000000
v 28.044780 -945.140420 -0.150000
v 27.995940 -945.199620 -0.150000
v 27.959060 -945.267560 0.000000
v 27.959060 -945.267560 -0.150000
v 27.935750 -945.342640 0.000000
v 27.935750 -945.342640 -0.150000
v 27.927620 -945.423260 0.000000
v 27.927620 -945.423260 -0.150000
v 27.935750 -945.503870 0.000000
v 27.935750 -945.503870 -0.150000
v 27.959060 -945.578960 0.000000
v 27.959060 -945.578960 -0.150000
v 27.995930 -945.646900 0.000000
v 27.995930 -945.646900 -0.150000
v 28.044780 -945.706100 0.000000
v 28.044780 -945.706100 -0.150000
v 28.103980 -945.754940 0.000000
v 28.103980 -945.754940 -0.150000
v 28.164770 -945.788710 0.000000
v 28.164770 -945.788710 -0.150000
v 28.165470 -945.788100 0.000000
v 28.165470 -945.788100 -0.150000
v 28.115640 -945.836130 0.000000
v 28.115640 -945.836130 -0.150000
v 28.067520 -945.890830 0.000000
v 28.067520 -945.890830 -0.150000
v 27.985270 -946.007320 0.000000
v 27.985270 -946.007320 -0.150000
v 27.933690 -946.103340 0.000000
v 27.933690 -946.103340 -0.150000
v 27.891930 -946.201380 0.000000
v 27.891930 -946.201380 -0.150000
v 27.859440 -946.301440 0.000000
v 27.859440 -946.301440 -0.150000
v 27.835660 -946.403500 0.000000
v 27.835660 -946.403500 -0.150000
v 27.820030 -946.507550 0.000000
v 27.820030 -946.507550 -0.150000
v 27.811970 -946.613580 0.000000
v 27.811970 -946.613580 -0.150000
v 27.810940 -946.721570 0.000000
v 27.810940 -946.721570 -0.150000
v 27.816370 -946.831520 0.000000
v 27.816370 -946.831520 -0.150000
v 27.825570 -946.904350 0.000000
v 27.825570 -946.904350 -0.150000
v 27.842780 -947.002110 0.000000
v 27.842780 -947.002110 -0.150000
v 27.853170 -947.051490 0.000000
v 27.853170 -947.051490 -0.150000
v 27.864100 -947.096490 0.000000
v 27.864100 -947.096490 -0.150000
v 27.875070 -947.133570 0.000000
v 27.875070 -947.133570 -0.150000
v 27.885610 -947.159190 0.000000
v 27.885610 -947.159190 -0.150000
v 27.871300 -947.184780 0.000000
v 27.871300 -947.184780 -0.150000
v 27.845370 -947.216430 0.000000
v 27.845370 -947.216430 -0.150000
v 27.820040 -947.253780 0.000000
v 27.820040 -947.253780 -0.150000
v 27.795750 -947.295280 0.000000
v 27.795750 -947.295280 -0.150000
v 27.772920 -947.339390 0.000000
v 27.772920 -947.339390 -0.150000
v 27.751990 -947.384530 0.000000
v 27.751990 -947.384530 -0.150000
v 27.733390 -947.429170 0.000000
v 27.733390 -947.429170 -0.150000
v 27.717540 -947.471760 0.000000
v 27.717540 -947.471760 -0.150000
v 27.704890 -947.510730 0.000000
v 27.704890 -947.510730 -0.150000
v 27.689920 -947.566040 0.000000
v 27.689920 -947.566040 -0.150000
v 27.677410 -947.622860 0.000000
v 27.677410 -947.622860 -0.150000
v 27.667370 -947.680950 0.000000
v 27.667370 -947.680950 -0.150000
v 27.659800 -947.740040 0.000000
v 27.659800 -947.740040 -0.150000
v 27.654670 -947.799870 0.000000
v 27.654670 -947.799870 -0.150000
v 27.652000 -947.860190 0.000000
v 27.652000 -947.860190 -0.150000
v 27.651760 -947.920740 0.000000
v 27.651760 -947.920740 -0.150000
v 27.653970 -947.981250 0.000000
v 27.653970 -947.981250 -0.150000
v 27.662230 -948.076990 0.000000
v 27.662230 -948.076990 -0.150000
v 27.676050 -948.169900 0.000000
v 27.676050 -948.169900 -0.150000
v 27.695500 -948.260120 0.000000
v 27.695500 -948.260120 -0.150000
v 27.720660 -948.347820 0.000000
v 27.720660 -948.347820 -0.150000
v 27.751600 -948.433140 0.000000
v 27.751600 -948.433140 -0.150000
v 27.788380 -948.516220 0.000000
v 27.788380 -948.516220 -0.150000
v 27.831080 -948.597230 0.000000
v 27.831080 -948.597230 -0.150000
v 27.879770 -948.676300 0.000000
v 27.879770 -948.676300 -0.150000
v 27.933730 -948.747500 0.000000
v 27.933730 -948.747500 -0.150000
v 27.936000 -948.749610 0.000000
v 27.936000 -948.749610 -0.150000
v 27.950040 -948.771050 0.000000
v 27.950040 -948.771050 -0.150000
v 27.977470 -948.804070 0.000000
v 27.977470 -948.804070 -0.150000
v 28.005490 -948.835640 0.000000
v 28.005490 -948.835640 -0.150000
v 28.021310 -948.852740 0.000000
v 28.021310 -948.852740 -0.150000
v 28.121450 -948.942580 0.000000
v 28.121450 -948.942580 -0.150000
v 28.231850 -949.022180 0.000000
v 28.231850 -949.022180 -0.150000
v 28.352770 -949.091090 0.000000
v 28.352770 -949.091090 -0.150000
v 28.301230 -949.173420 0.000000
v 28.301230 -949.173420 -0.150000
v 28.275730 -949.217620 0.000000
v 28.275730 -949.217620 -0.150000
v 28.261260 -949.241510 0.000000
v 28.261260 -949.241510 -0.150000
v 28.254960 -949.261900 0.000000
v 28.254960 -949.261900 -0.150000
v 28.246510 -949.271480 0.000000
v 28.246510 -949.271480 -0.150000
v 28.237690 -949.286140 0.000000
v 28.237690 -949.286140 -0.150000
v 28.228790 -949.304410 0.000000
v 28.228790 -949.304410 -0.150000
v 28.220120 -949.324830 0.000000
v 28.220120 -949.324830 -0.150000
v 28.204600 -949.366280 0.000000
v 28.204600 -949.366280 -0.150000
v 28.193460 -949.398800 0.000000
v 28.193460 -949.398800 -0.150000
v 28.181370 -949.439630 0.000000
v 28.181370 -949.439630 -0.150000
v 28.172700 -949.480720 0.000000
v 28.172700 -949.480720 -0.150000
v 28.167690 -949.521900 0.000000
v 28.167690 -949.521900 -0.150000
v 28.166560 -949.563000 0.000000
v 28.166560 -949.563000 -0.150000
v 28.169530 -949.603850 0.000000
v 28.169530 -949.603850 -0.150000
v 28.176840 -949.644280 0.000000
v 28.176840 -949.644280 -0.150000
v 28.188700 -949.684130 0.000000
v 28.188700 -949.684130 -0.150000
v 28.205340 -949.723230 0.000000
v 28.205340 -949.723230 -0.150000
v 28.223090 -949.752470 0.000000
v 28.223090 -949.752470 -0.150000
v 28.247280 -949.782340 0.000000
v 28.247280 -949.782340 -0.150000
v 28.260770 -949.795890 0.000000
v 28.260770 -949.795890 -0.150000
v 28.274650 -949.807650 0.000000
v 28.274650 -949.807650 -0.150000
v 28.288510 -949.816970 0.000000
v 28.288510 -949.816970 -0.150000
v 28.301940 -949.823210 0.000000
v 28.301940 -949.823210 -0.150000
v 28.318240 -949.836970 0.000000
v 28.318240 -949.836970 -0.150000
v 28.347470 -949.849310 0.000000
v 28.347470 -949.849310 -0.150000
v 28.386750 -949.857730 0.000000
v 28.386750 -949.857730 -0.150000
v 28.433230 -949.859750 0.000000
v 28.433230 -949.859750 -0.150000
v 28.484020 -949.852850 0.000000
v 28.484020 -949.852850 -0.150000
v 28.536260 -949.834540 0.000000
v 28.536260 -949.834540 -0.150000
v 28.587090 -949.802330 0.000000
v 28.587090 -949.802330 -0.150000
v 28.633620 -949.753720 0.000000
v 28.633620 -949.753720 -0.150000
v 28.660170 -949.714770 0.000000
v 28.660170 -949.714770 -0.150000
v 28.686570 -949.769580 0.000000
v 28.686570 -949.769580 -0.150000
v 28.715140 -949.813770 0.000000
v 28.715140 -949.813770 -0.150000
v 28.748940 -949.852830 0.000000
v 28.748940 -949.852830 -0.150000
v 28.787520 -949.886530 0.000000
v 28.787520 -949.886530 -0.150000
v 28.830430 -949.914660 0.000000
v 28.830430 -949.914660 -0.150000
v 28.877220 -949.936980 0.000000
v 28.877220 -949.936980 -0.150000
v 28.927430 -949.953270 0.000000
v 28.927430 -949.953270 -0.150000
v 28.980600 -949.963300 0.000000
v 28.980600 -949.963300 -0.150000
v 29.036290 -949.966840 0.000000
v 29.036290 -949.966840 -0.150000
v 29.072370 -949.965530 0.000000
v 29.072370 -949.965530 -0.150000
v 29.106610 -949.961480 0.000000
v 29.106610 -949.961480 -0.150000
v 29.139060 -949.954910 0.000000
v 29.139060 -949.954910 -0.150000
v 29.169770 -949.946050 0.000000
v 29.169770 -949.946050 -0.150000
v 29.198800 -949.935130 0.000000
v 29.198800 -949.935130 -0.150000
v 29.226190 -949.922400 0.000000
v 29.226190 -949.922400 -0.150000
v 29.252000 -949.908070 0.000000
v 29.252000 -949.908070 -0.150000
v 29.276270 -949.892380 0.000000
v 29.276270 -949.892380 -0.150000
v 29.294060 -949.878710 0.000000
v 29.294060 -949.878710 -0.150000
v 29.313340 -949.861320 0.000000
v 29.313340 -949.861320 -0.150000
v 29.333170 -949.840830 0.000000
v 29.333170 -949.840830 -0.150000
v 29.352610 -949.817850 0.000000
v 29.352610 -949.817850 -0.150000
v 29.370710 -949.793020 0.000000
v 29.370710 -949.793020 -0.150000
v 29.386550 -949.766960 0.000000
v 29.386550 -949.766960 -0.150000
v 29.399170 -949.740280 0.000000
v 29.399170 -949.740280 -0.150000
v 29.407640 -949.713610 0.000000
v 29.407640 -949.713610 -0.150000
v 29.410120 -949.715670 0.000000
v 29.410120 -949.715670 -0.150000
v 29.416280 -949.722280 0.000000
v 29.416280 -949.722280 -0.150000
v 29.446350 -949.762240 0.000000
v 29.446350 -949.762240 -0.150000
v 29.480140 -949.797950 0.000000
v 29.480140 -949.797950 -0.150000
v 29.499560 -949.812470 0.000000
v 29.499560 -949.812470 -0.150000
v 29.520610 -949.825380 0.000000
v 29.520610 -949.825380 -0.150000
v 29.543120 -949.836520 0.000000
v 29.543120 -949.836520 -0.150000
v 29.566950 -949.845720 0.000000
v 29.566950 -949.845720 -0.150000
v 29.591940 -949.852820 0.000000
v 29.591940 -949.852820 -0.150000
v 29.617920 -949.857660 0.000000
v 29.617920 -949.857660 -0.150000
v 29.644730 -949.860060 0.000000
v 29.644730 -949.860060 -0.150000
v 29.672230 -949.859860 0.000000
v 29.672230 -949.859860 -0.150000
v 29.714940 -949.853910 0.000000
v 29.714940 -949.853910 -0.150000
v 29.753500 -949.841610 0.000000
v 29.753500 -949.841610 -0.150000
v 29.788010 -949.823800 0.000000
v 29.788010 -949.823800 -0.150000
v 29.818550 -949.801320 0.000000
v 29.818550 -949.801320 -0.150000
v 29.845200 -949.774990 0.000000
v 29.845200 -949.774990 -0.150000
v 29.868030 -949.745660 0.000000
v 29.868030 -949.745660 -0.150000
v 29.887140 -949.714160 0.000000
v 29.887140 -949.714160 -0.150000
v 29.902600 -949.681320 0.000000
v 29.902600 -949.681320 -0.150000
v 29.916020 -949.639820 0.000000
v 29.916020 -949.639820 -0.150000
v 29.923700 -949.596140 0.000000
v 29.923700 -949.596140 -0.150000
v 29.926300 -949.551090 0.000000
v 29.926300 -949.551090 -0.150000
v 29.924460 -949.505500 0.000000
v 29.924460 -949.505500 -0.150000
v 29.918830 -949.460210 0.000000
v 29.918830 -949.460210 -0.150000
v 29.910040 -949.416020 0.000000
v 29.910040 -949.416020 -0.150000
v 29.898760 -949.373780 0.000000
v 29.898760 -949.373780 -0.150000
v 29.885630 -949.334300 0.000000
v 29.885630 -949.334300 -0.150000
v 29.870760 -949.297150 0.000000
v 29.870760 -949.297150 -0.150000
v 29.855230 -949.263590 0.000000
v 29.855230 -949.263590 -0.150000
v 29.838840 -949.231020 0.000000
v 29.838840 -949.231020 -0.150000
v 29.821400 -949.196810 0.000000
v 29.821400 -949.196810 -0.150000
v 29.784660 -949.132860 0.000000
v 29.784660 -949.132860 -0.150000
v 29.745420 -949.070800 0.000000
v 29.745420 -949.070800 -0.150000
v 29.777090 -949.043790 0.000000
v 29.777090 -949.043790 -0.150000
v 29.834720 -948.989030 0.000000
v 29.834720 -948.989030 -0.150000
v 29.866130 -948.956590 0.000000
v 29.866130 -948.956590 -0.150000
v 29.895940 -948.923300 0.000000
v 29.895940 -948.923300 -0.150000
v 29.924210 -948.889020 0.000000
v 29.924210 -948.889020 -0.150000
v 29.951010 -948.853630 0.000000
v 29.951010 -948.853630 -0.150000
v 29.976380 -948.817020 0.000000
v 29.976380 -948.817020 -0.150000
v 30.000390 -948.779050 0.000000
v 30.000390 -948.779050 -0.150000
v 30.023100 -948.739600 0.000000
v 30.023100 -948.739600 -0.150000
v 30.044560 -948.698560 0.000000
v 30.044560 -948.698560 -0.150000
v 30.060260 -948.666440 0.000000
v 30.060260 -948.666440 -0.150000
v 30.081500 -948.620530 0.000000
v 30.081500 -948.620530 -0.150000
v 30.100320 -948.574600 0.000000
v 30.100320 -948.574600 -0.150000
v 30.108740 -948.542410 0.000000
v 30.108740 -948.542410 -0.150000
v 30.116230 -948.530810 0.000000
v 30.116230 -948.530810 -0.150000
v 30.124170 -948.511680 0.000000
v 30.124170 -948.511680 -0.150000
v 30.132230 -948.487260 0.000000
v 30.132230 -948.487260 -0.150000
v 30.140100 -948.459780 0.000000
v 30.140100 -948.459780 -0.150000
v 30.154010 -948.404620 0.000000
v 30.154010 -948.404620 -0.150000
v 30.163360 -948.364150 0.000000
v 30.163360 -948.364150 -0.150000
v 30.185600 -948.243950 0.000000
v 30.185600 -948.243950 -0.150000
v 30.198370 -948.118510 0.000000
v 30.198370 -948.118510 -0.150000
v 30.201220 -947.990160 0.000000
v 30.201220 -947.990160 -0.150000
v 30.193690 -947.861210 0.000000
v 30.193690 -947.861210 -0.150000
v 30.175310 -947.733990 0.000000
v 30.175310 -947.733990 -0.150000
v 30.145630 -947.610820 0.000000
v 30.145630 -947.610820 -0.150000
v 30.104170 -947.494020 0.000000
v 30.104170 -947.494020 -0.150000
v 30.050490 -947.385910 0.000000
v 30.050490 -947.385910 -0.150000
v 30.029100 -947.351030 0.000000
v 30.029100 -947.351030 -0.150000
v 30.005880 -947.316820 0.000000
v 30.005880 -947.316820 -0.150000
v 29.980870 -947.283580 0.000000
v 29.980870 -947.283580 -0.150000
v 29.954150 -947.251620 0.000000
v 29.954150 -947.251620 -0.150000
v 29.925770 -947.221230 0.000000
v 29.925770 -947.221230 -0.150000
v 29.895800 -947.192720 0.000000
v 29.895800 -947.192720 -0.150000
v 29.864300 -947.166380 0.000000
v 29.864300 -947.166380 -0.150000
v 29.831340 -947.142510 0.000000
v 29.831340 -947.142510 -0.150000
v 29.815800 -947.120400 0.000000
v 29.815800 -947.120400 -0.150000
v 29.801110 -947.099810 0.000000
v 29.801110 -947.099810 -0.150000
v 29.787750 -947.078370 0.000000
v 29.787750 -947.078370 -0.150000
v 29.775860 -947.056110 0.000000
v 29.775860 -947.056110 -0.150000
v 29.765580 -947.033050 0.000000
v 29.765580 -947.033050 -0.150000
v 29.757030 -947.009230 0.000000
v 29.757030 -947.009230 -0.150000
v 29.750360 -946.984660 0.000000
v 29.750360 -946.984660 -0.150000
v 29.745680 -946.959370 0.000000
v 29.745680 -946.959370 -0.150000
v 29.743140 -946.933380 0.000000
v 29.743140 -946.933380 -0.150000
v 29.804820 -946.921500 0.000000
v 29.804820 -946.921500 -0.150000
v 29.882220 -946.912630 0.000000
v 29.882220 -946.912630 -0.150000
v 29.970220 -946.906800 0.000000
v 29.970220 -946.906800 -0.150000
v 30.063730 -946.904020 0.000000
v 30.063730 -946.904020 -0.150000
v 30.157650 -946.904330 0.000000
v 30.157650 -946.904330 -0.150000
v 30.246880 -946.907730 0.000000
v 30.246880 -946.907730 -0.150000
v 30.326320 -946.914270 0.000000
v 30.326320 -946.914270 -0.150000
v 30.390870 -946.923950 0.000000
v 30.390870 -946.923950 -0.150000
v 30.448770 -946.929670 0.000000
v 30.448770 -946.929670 -0.150000
v 30.511770 -946.940090 0.000000
v 30.511770 -946.940090 -0.150000
v 30.577510 -946.954540 0.000000
v 30.577510 -946.954540 -0.150000
v 30.643630 -946.972360 0.000000
v 30.643630 -946.972360 -0.150000
v 30.707780 -946.992880 0.000000
v 30.707780 -946.992880 -0.150000
v 30.767610 -947.015450 0.000000
v 30.767610 -947.015450 -0.150000
v 30.820740 -947.039400 0.000000
v 30.820740 -947.039400 -0.150000
v 30.864830 -947.064070 0.000000
v 30.864830 -947.064070 -0.150000
v 30.914760 -947.104260 0.000000
v 30.914760 -947.104260 -0.150000
v 30.955940 -947.138920 0.000000
v 30.955940 -947.138920 -0.150000
v 30.976120 -947.148310 0.000000
v 30.976120 -947.148310 -0.150000
v 30.997570 -947.149300 0.000000
v 30.997570 -947.149300 -0.150000
v 31.021440 -947.139520 0.000000
v 31.021440 -947.139520 -0.150000
v 31.048880 -947.116640 0.000000
v 31.048880 -947.116640 -0.150000
v 31.065150 -947.095680 0.000000
v 31.065150 -947.095680 -0.150000
v 31.078660 -947.069770 0.000000
v 31.078660 -947.069770 -0.150000
v 31.089670 -947.040070 0.000000
v 31.089670 -947.040070 -0.150000
v 31.098470 -947.007730 0.000000
v 31.098470 -947.007730 -0.150000
v 31.110480 -946.939720 0.000000
v 31.110480 -946.939720 -0.150000
v 31.116870 -946.874960 0.000000
v 31.116870 -946.874960 -0.150000
v 31.119980 -946.778220 0.000000
v 31.119980 -946.778220 -0.150000
v 31.115270 -946.681710 0.000000
v 31.115270 -946.681710 -0.150000
v 31.102460 -946.586520 0.000000
v 31.102460 -946.586520 -0.150000
v 31.081280 -946.493740 0.000000
v 31.081280 -946.493740 -0.150000
v 31.051440 -946.404470 0.000000
v 31.051440 -946.404470 -0.150000
v 31.012660 -946.319780 0.000000
v 31.012660 -946.319780 -0.150000
v 30.964660 -946.240770 0.000000
v 30.964660 -946.240770 -0.150000
v 30.907160 -946.168530 0.000000
v 30.907160 -946.168530 -0.150000
v 30.870080 -946.128120 0.000000
v 30.870080 -946.128120 -0.150000
v 30.811750 -946.069990 0.000000
v 30.811750 -946.069990 -0.150000
v 30.783790 -946.041530 0.000000
v 30.783790 -946.041530 -0.150000
v 30.748910 -946.014540 0.000000
v 30.748910 -946.014540 -0.150000
v 30.643830 -945.929650 0.000000
v 30.643830 -945.929650 -0.150000
v 30.513890 -945.851510 0.000000
v 30.513890 -945.851510 -0.150000
v 30.365840 -945.781090 0.000000
v 30.365840 -945.781090 -0.150000
v 30.206450 -945.719360 0.000000
v 30.206450 -945.719360 -0.150000
v 30.042480 -945.667290 0.000000
v 30.042480 -945.667290 -0.150000
v 29.880700 -945.625830 0.000000
v 29.880700 -945.625830 -0.150000
v 29.727870 -945.595970 0.000000
v 29.727870 -945.595970 -0.150000
v 29.590740 -945.578660 0.000000
v 29.590740 -945.578660 -0.150000
v 29.330990 -945.567910 0.000000
v 29.330990 -945.567910 -0.150000
v 29.206920 -945.575720 0.000000
v 29.206920 -945.575720 -0.150000
v 29.116100 -945.588320 0.000000
v 29.116100 -945.588320 -0.150000
v 29.104020 -945.591260 0.000000
v 29.104020 -945.591260 -0.150000
v 29.098050 -945.591360 0.000000
v 29.098050 -945.591360 -0.150000
v 29.089470 -945.588930 0.000000
v 29.089470 -945.588930 -0.150000
v 29.099410 -945.572650 0.000000
v 29.099410 -945.572650 -0.150000
v 29.107840 -945.555700 0.000000
v 29.107840 -945.555700 -0.150000
v 29.112720 -945.536220 0.000000
v 29.112720 -945.536220 -0.150000
v 29.112000 -945.512360 0.000000
v 29.112000 -945.512360 -0.150000
v 29.109410 -945.502780 0.000000
v 29.109410 -945.502780 -0.150000
v 29.105070 -945.494750 0.000000
v 29.105070 -945.494750 -0.150000
v 29.099160 -945.488120 0.000000
v 29.099160 -945.488120 -0.150000
v 29.091880 -945.482770 0.000000
v 29.091880 -945.482770 -0.150000
v 29.074020 -945.475320 0.000000
v 29.074020 -945.475320 -0.150000
v 29.053040 -945.471350 0.000000
v 29.053040 -945.471350 -0.150000
v 28.957280 -945.467000 0.000000
v 28.957280 -945.467000 -0.150000
v 28.856040 -945.474870 0.000000
v 28.856040 -945.474870 -0.150000
v 28.751900 -945.493520 0.000000
v 28.751900 -945.493520 -0.150000
v 28.651675 -945.520331 0.000000
v 28.651675 -945.520331 -0.150000
v 28.658700 -945.518050 0.000000
v 28.658700 -945.518050 -0.150000
v 28.720040 -945.501120 0.000000
v 28.720040 -945.501120 -0.150000
v 28.727620 -945.423260 0.000000
v 28.727620 -945.423260 -0.150000
v 28.719490 -945.342640 0.000000
v 28.719490 -945.342640 -0.150000
v 28.696180 -945.267560 0.000000
v 28.696180 -945.267560 -0.150000
v 28.659300 -945.199620 0.000000
v 28.659300 -945.199620 -0.150000
v 28.610460 -945.140420 0.000000
v 28.610460 -945.140420 -0.150000
v 28.551260 -945.091580 0.000000
v 28.551260 -945.091580 -0.150000
v 28.483320 -945.054700 0.000000
v 28.483320 -945.054700 -0.150000
v 28.408240 -945.031390 0.000000
v 28.408240 -945.031390 -0.150000
v 28.327620 -945.023260 0.000000
v 28.327620 -945.023260 -0.150000
v 28.247000 -945.031390 0.000000
v 28.247000 -945.031390 -0.150000
v 28.171920 -945.054700 0.000000
v 28.171920 -945.054700 -0.150000
v 28.103980 -945.091580 0.000000
v 28.103980 -945.091580 -0.150000
vt 0.000000 0.000000 0.000000
vt 0.038359 0.000000 0.000000
vt 0.000000 0.150000 0.000000
vt 0.038359 0.150000 0.000000
vt 0.000000 0.000000 0.000000
vt 0.038666 0.000000 0.000000
vt 0.000000 0.150000 0.000000
vt 0.038666 0.150000 0.000000
vt 0.000000 0.000000 0.000000
vt 0.039306 0.000000 0.000000
vt 0.000000 0.150000 0.000000
vt 0.039306 0.150000 0.000000
vt 0.000000 0.000000 0.000000
vt 0.040515 0.000000 0.000000
vt 0.000000 0.150000 0.000000
vt 0.040515 0.150000 0.000000
vt 0.000000 0.000000 0.000000
vt 0.040525 0.000000 0.000000
vt 0.000000 0.150000 0.000000
vt 0.040525 0.150000 0.000000
vt 0.000000 0.000000 0.000000
vt 0.039297 0.000000 0.000000
vt 0.000000 0.150000 0.000000
vt 0.039297 0.150000 0.000000
vt 0.000000 0.000000 0.000000
vt 0.038666 0.000000 0.000000
vt 0.000000 0.150000 0.000000
vt 0.038666 0.150000 0.000000
vt 0.000000 0.000000 0.000000
vt 0.038359 0.000000 0.000000
vt 0.000000 0.150000 0.000000
vt 0.038359 0.150000 0.000000
vt 0.000000 0.000000 0.000000
vt 0.038379 0.000000 0.000000
vt 0.000000 0.150000 0.000000
vt 0.038379 0.150000 0.000000
vt 0.000000 0.000000 0.000000
vt 0.038647 0.000000 0.000000
vt 0.000000 0.150000 0.000000
vt 0.038647 0.150000 0.000000
vt 0.000000 0.000000 0.000000
vt 0.039319 0.000000 0.000000
vt 0.000000 0.150000 0.000000
vt 0.039319 0.150000 0.000000
vt 0.000000 0.000000 0.000000
vt 0.040504 0.000000 0.000000
vt 0.000000 0.150000 0.000000
vt 0.040504 0.150000 0.000000
vt 0.000000 0.000000 0.000000
vt 0.040515 0.000000 0.000000
vt -0.000000 0.150000 0.000000
vt 0.040515 0.150000 0.000000
vt 0.000000 0.000000 0.000000
vt 0.039306 0.000000 0.000000
vt -0.000000 0.150000 0.000000
vt 0.039306 0.150000 0.000000
vt 0.000000 0.000000 0.000000
vt 0.038661 0.000000 0.000000
vt -0.000000 0.150000 0.000000
vt 0.038661 0.150000 0.000000
vt 0.000000 0.000000 0.000000
vt 0.038365 0.000000 0.000000
vt -0.000000 0.150000 0.000000
vt 0.038365 0.150000 0.000000
vt 0.000000 0.000000 0.000000
vt 0.038373 0.000000 0.000000
vt -0.000000 0.150000 0.000000
vt 0.038373 0.150000 0.000000
vt 0.000000 0.000000 0.000000
vt 0.038652 0.000000 0.000000
vt -0.000000 0.150000 0.000000
vt 0.038652 0.150000 0.000000
vt 0.000000 0.000000 0.000000
vt 0.039309 0.000000 0.000000
vt -0.000000 0.150000 0.000000
vt 0.039309 0.150000 0.000000
vt 0.000000 0.000000 0.000000
vt 0.040514 0.000000 0.000000
vt -0.000000 0.150000 0.000000
vt 0.040514 0.150000 0.000000
vt 0.000000 0.000000 0.000000
vt 0.040515 0.000000 0.000000
vt 0.000000 0.150000 0.000000
vt 0.040515 0.150000 0.000000
vt 0.000000 0.000000 0.000000
vt 0.039306 0.000000 0.000000
vt 0.000000 0.150000 0.000000
vt 0.039306 0.150000 0.000000
vt 0.000000 0.000000 0.000000
vt 0.038661 0.000000 0.000000
vt 0.000000 0.150000 0.000000
vt 0.038661 0.150000 0.000000
vt 0.000000 0.000000 0.000000
vt 0.038365 0.000000 0.000000
vt 0.000000 0.150000 0.000000
vt 0.038365 0.150000 0.000000
vt 0.000000 0.000000 0.000000
vt 0.038373 0.000000 0.000000
vt 0.000000 0.150000 0.000000
vt 0.038373 0.150000 0.000000
vt 0.000000 0.000000 0.000000
vt 0.038652 0.000000 0.000000
vt 0.000000 0.150000 0.000000
vt 0.038652 0.150000 0.000000
vt 0.000000 0.000000 0.000000
vt 0.039309 0.000000 0.000000
vt 0.000000 0.150000 0.000000
vt 0.039309 0.150000 0.000000
vt 0.000000 0.000000 0.000000
vt 0.040514 0.000000 0.000000
vt 0.000000 0.150000 0.000000
vt 0.040514 0.150000 0.000000
vt 0.000000 0.000000 0.000000
vt 0.040514 0.000000 0.000000
vt 0.000000 0.150000 0.000000
vt 0.040514 0.150000 0.000000
vt 0.000000 0.000000 0.000000
vt 0.039309 0.000000 0.000000
vt 0.000000 0.150000 0.000000
vt 0.039309 0.150000 0.000000
vt 0.000000 0.000000 0.000000
vt 0.038652 0.000000 0.000000
vt 0.000000 0.150000 0.000000
vt 0.038652 0.150000 0.000000
vt 0.000000 0.000000 0.000000
vt 0.038373 0.000000 0.000000
vt 0.000000 0.150000 0.000000
vt 0.038373 0.150000 0.000000
vt 0.000000 0.000000 0.000000
vt 0.076746 0.000000 0.000000
vt 0.000000 0.150000 0.000000
vt 0.076746 0.150000 0.000000
vt 0.000000 0.000000 0.000000
vt 0.077304 0.000000 0.000000
vt 0.000000 0.150000 0.000000
vt 0.077304 0.150000 0.000000
vt 0.000000 0.000000 0.000000
vt 0.078615 0.000000 0.000000
vt 0.000000 0.150000 0.000000
vt 0.078615 0.150000 0.000000
vt 0.000000 0.000000 0.000000
vt 0.081029 0.000000 0.000000
vt 0.000000 0.150000 0.000000
vt 0.081029 0.150000 0.000000
vt 0.000000 0.000000 0.000000
vt 0.081019 0.000000 0.000000
vt 0.000000 0.150000 0.000000
vt 0.081019 0.150000 0.000000
vt 0.000000 0.000000 0.000000
vt 0.078625 0.000000 0.000000
vt 0.000000 0.150000 0.000000
vt 0.078625 0.150000 0.000000
vt 0.000000 0.000000 0.000000
vt 0.077300 0.000000 0.000000
vt 0.000000 0.150000 0.000000
vt 0.077300 0.150000 0.000000
vt 0.000000 0.000000 0.000000
vt 0.076753 0.000000 0.000000
vt 0.000000 0.150000 0.000000
vt 0.076753 0.150000 0.000000
vt 0.000000 0.000000 0.000000
vt 0.076746 0.000000 0.000000
vt 0.000000 0.150000 0.000000
vt 0.076746 0.150000 0.000000
vt 0.000000 0.000000 0.000000
vt 0.069540 0.000000 0.000000
vt 0.000000 0.150000 0.000000
vt 0.069540 0.150000 0.000000
vt -0.000000 0.000000 0.000000
vt 0.000928 -0.000000 0.000000
vt 0.000000 0.150000 0.000000
vt 0.000928 0.150000 0.000000
vt 0.000000 0.000000 0.000000
vt 0.069209 0.000000 0.000000
vt 0.000000 0.150000 0.000000
vt 0.069209 0.150000 0.000000
vt 0.000000 0.000000 0.000000
vt 0.072853 0.000000 0.000000
vt 0.000000 0.150000 0.000000
vt 0.072853 0.150000 0.000000
vt 0.000000 0.000000 0.000000
vt 0.142601 0.000000 0.000000
vt 0.000000 0.150000 0.000000
vt 0.142601 0.150000 0.000000
vt 0.000000 0.000000 0.000000
vt 0.108997 0.000000 0.000000
vt 0.000000 0.150000 0.000000
vt 0.108997 0.150000 0.000000
vt 0.000000 0.000000 0.000000
vt 0.106563 0.000000 0.000000
vt 0.000000 0.150000 0.000000
vt 0.106563 0.150000 0.000000
vt 0.000000 0.000000 0.000000
vt 0.105203 0.000000 0.000000
vt 0.000000 0.150000 0.000000
vt 0.105203 0.150000 0.000000
vt 0.000000 0.000000 0.000000
vt 0.104794 0.000000 0.000000
vt 0.000000 0.150000 0.000000
vt 0.104794 0.150000 0.000000
vt 0.000000 0.000000 0.000000
vt 0.105217 0.000000 0.000000
vt 0.000000 0.150000 0.000000
vt 0.105217 0.150000 0.000000
vt 0.000000 0.000000 0.000000
vt 0.106336 0.000000 0.000000
vt 0.000000 0.150000 0.000000
vt 0.106336 0.150000 0.000000
vt 0.000000 0.000000 0.000000
vt 0.107995 0.000000 0.000000
vt 0.000000 0.150000 0.000000
vt 0.107995 0.150000 0.000000
vt 0.000000 0.000000 0.000000
vt 0.110084 0.000000 0.000000
vt 0.000000 0.150000 0.000000
vt 0.110084 0.150000 0.000000
vt 0.000000 0.000000 0.000000
vt 0.073409 0.000000 0.000000
vt 0.000000 0.150000 0.000000
vt 0.073409 0.150000 0.000000
vt 0.000000 0.000000 0.000000
vt 0.099263 0.000000 0.000000
vt 0.000000 0.150000 0.000000
vt 0.099263 0.150000 0.000000
vt 0.000000 0.000000 0.000000
vt 0.050461 0.000000 0.000000
vt 0.000000 0.150000 0.000000
vt 0.050461 0.150000 0.000000
vt 0.000000 0.000000 0.000000
vt 0.046308 0.000000 0.000000
vt 0.000000 0.150000 0.000000
vt 0.046308 0.150000 0.000000
vt 0.000000 0.000000 0.000000
vt 0.038669 0.000000 0.000000
vt 0.000000 0.150000 0.000000
vt 0.038669 0.150000 0.000000
vt 0.000000 0.000000 0.000000
vt 0.027703 0.000000 0.000000
vt 0.000000 0.150000 0.000000
vt 0.027703 0.150000 0.000000
vt 0.000000 0.000000 0.000000
vt 0.029319 0.000000 0.000000
vt 0.000000 0.150000 0.000000
vt 0.029319 0.150000 0.000000
vt 0.000000 0.000000 0.000000
vt 0.040916 0.000000 0.000000
vt 0.000000 0.150000 0.000000
vt 0.040916 0.150000 0.000000
vt 0.000000 0.000000 0.000000
vt 0.045129 0.000000 0.000000
vt 0.000000 0.150000 0.000000
vt 0.045129 0.150000 0.000000
vt 0.000000 0.000000 0.000000
vt 0.048086 0.000000 0.000000
vt 0.000000 0.150000 0.000000
vt 0.048086 0.150000 0.000000
vt 0.000000 0.000000 0.000000
vt 0.049668 0.000000 0.000000
vt 0.000000 0.150000 0.000000
vt 0.049668 0.150000 0.000000
vt 0.000000 0.000000 0.000000
vt 0.049756 0.000000 0.000000
vt 0.000000 0.150000 0.000000
vt 0.049756 0.150000 0.000000
vt 0.000000 0.000000 0.000000
vt 0.048360 0.000000 0.000000
vt 0.000000 0.150000 0.000000
vt 0.048360 0.150000 0.000000
vt 0.000000 0.000000 0.000000
vt 0.045444 0.000000 0.000000
vt 0.000000 0.150000 0.000000
vt 0.045444 0.150000 0.000000
vt 0.000000 0.000000 0.000000
vt 0.040972 0.000000 0.000000
vt 0.000000 0.150000 0.000000
vt 0.040972 0.150000 0.000000
vt 0.000000 0.000000 0.000000
vt 0.057300 0.000000 0.000000
vt 0.000000 0.150000 0.000000
vt 0.057300 0.150000 0.000000
vt 0.000000 0.000000 0.000000
vt 0.058181 0.000000 0.000000
vt 0.000000 0.150000 0.000000
vt 0.058181 0.150000 0.000000
vt 0.000000 0.000000 0.000000
vt 0.058951 0.000000 0.000000
vt 0.000000 0.150000 0.000000
vt 0.058951 0.150000 0.000000
vt 0.000000 0.000000 0.000000
vt 0.059573 0.000000 0.000000
vt 0.000000 0.150000 0.000000
vt 0.059573 0.150000 0.000000
vt 0.000000 0.000000 0.000000
vt 0.060050 0.000000 0.000000
vt 0.000000 0.150000 0.000000
vt 0.060050 0.150000 0.000000
vt 0.000000 0.000000 0.000000
vt 0.060379 0.000000 0.000000
vt 0.000000 0.150000 0.000000
vt 0.060379 0.150000 0.000000
vt 0.000000 0.000000 0.000000
vt 0.060550 0.000000 0.000000
vt 0.000000 0.150000 0.000000
vt 0.060550 0.150000 0.000000
vt 0.000000 0.000000 0.000000
vt 0.060550 0.000000 0.000000
vt 0.000000 0.150000 0.000000
vt 0.060550 0.150000 0.000000
vt 0.000000 0.000000 0.000000
vt 0.096096 0.000000 0.000000
vt 0.000000 0.150000 0.000000
vt 0.096096 0.150000 0.000000
vt 0.000000 0.000000 0.000000
vt 0.093932 0.000000 0.000000
vt 0.000000 0.150000 0.000000
vt 0.093932 0.150000 0.000000
vt 0.000000 0.000000 0.000000
vt 0.092293 0.000000 0.000000
vt 0.000000 0.150000 0.000000
vt 0.092293 0.150000 0.000000
vt 0.000000 0.000000 0.000000
vt 0.091238 0.000000 0.000000
vt 0.000000 0.150000 0.000000
vt 0.091238 0.150000 0.000000
vt 0.000000 0.000000 0.000000
vt 0.090757 0.000000 0.000000
vt 0.000000 0.150000 0.000000
vt 0.090757 0.150000 0.000000
vt 0.000000 0.000000 0.000000
vt 0.090857 0.000000 0.000000
vt 0.000000 0.150000 0.000000
vt 0.090857 0.150000 0.000000
vt 0.000000 0.000000 0.000000
vt 0.091575 0.000000 0.000000
vt 0.000000 0.150000 0.000000
vt 0.091575 0.150000 0.000000
vt 0.000000 0.000000 0.000000
vt 0.092859 0.000000 0.000000
vt 0.000000 0.150000 0.000000
vt 0.092859 0.150000 0.000000
vt 0.000000 0.000000 0.000000
vt 0.089337 0.000000 0.000000
vt 0.000000 0.150000 0.000000
vt 0.089337 0.150000 0.000000
vt 0.000000 0.000000 0.000000
vt 0.003099 0.000000 0.000000
vt 0.000000 0.150000 0.000000
vt 0.003099 0.150000 0.000000
vt 0.000000 0.000000 0.000000
vt 0.025628 0.000000 0.000000
vt 0.000000 0.150000 0.000000
vt 0.025628 0.150000 0.000000
vt 0.000000 0.000000 0.000000
vt 0.042927 0.000000 0.000000
vt 0.000000 0.150000 0.000000
vt 0.042927 0.150000 0.000000
vt 0.000000 0.000000 0.000000
vt 0.042211 0.000000 0.000000
vt 0.000000 0.150000 0.000000
vt 0.042211 0.150000 0.000000
vt 0.000000 0.000000 0.000000
vt 0.023296 0.000000 0.000000
vt 0.000000 0.150000 0.000000
vt 0.023296 0.150000 0.000000
vt 0.000000 0.000000 0.000000
vt 0.134533 0.000000 0.000000
vt 0.000000 0.150000 0.000000
vt 0.134533 0.150000 0.000000
vt 0.000000 0.000000 0.000000
vt 0.136104 0.000000 0.000000
vt 0.000000 0.150000 0.000000
vt 0.136104 0.150000 0.000000
vt 0.000000 0.000000 0.000000
vt 0.139177 0.000000 0.000000
vt 0.000000 0.150000 0.000000
vt 0.139177 0.150000 0.000000
vt 0.000000 0.000000 0.000000
vt 0.097132 0.000000 0.000000
vt 0.000000 0.150000 0.000000
vt 0.097132 0.150000 0.000000
vt 0.000000 0.000000 0.000000
vt 0.051028 0.000000 0.000000
vt 0.000000 0.150000 0.000000
vt 0.051028 0.150000 0.000000
vt 0.000000 0.000000 0.000000
vt 0.027931 0.000000 0.000000
vt 0.000000 0.150000 0.000000
vt 0.027931 0.150000 0.000000
vt 0.000000 0.000000 0.000000
vt 0.021341 0.000000 0.000000
vt 0.000000 0.150000 0.000000
vt 0.021341 0.150000 0.000000
vt 0.000000 0.000000 0.000000
vt 0.012774 0.000000 0.000000
vt 0.000000 0.150000 0.000000
vt 0.012774 0.150000 0.000000
vt 0.000000 0.000000 0.000000
vt 0.017109 0.000000 0.000000
vt 0.000000 0.150000 0.000000
vt 0.017109 0.150000 0.000000
vt 0.000000 0.000000 0.000000
vt 0.020322 0.000000 0.000000
vt 0.000000 0.150000 0.000000
vt 0.020322 0.150000 0.000000
vt 0.000000 0.000000 0.000000
vt 0.022184 0.000000 0.000000
vt 0.000000 0.150000 0.000000
vt 0.022184 0.150000 0.000000
vt 0.000000 0.000000 0.000000
vt 0.044260 0.000000 0.000000
vt 0.000000 0.150000 0.000000
vt 0.044260 0.150000 0.000000
vt 0.000000 0.000000 0.000000
vt 0.034375 0.000000 0.000000
vt 0.000000 0.150000 0.000000
vt 0.034375 0.150000 0.000000
vt 0.000000 0.000000 0.000000
vt 0.042582 0.000000 0.000000
vt 0.000000 0.150000 0.000000
vt 0.042582 0.150000 0.000000
vt 0.000000 0.000000 0.000000
vt 0.041995 0.000000 0.000000
vt 0.000000 0.150000 0.000000
vt 0.041995 0.150000 0.000000
vt 0.000000 0.000000 0.000000
vt 0.041484 0.000000 0.000000
vt 0.000000 0.150000 0.000000
vt 0.041484 0.150000 0.000000
vt 0.000000 0.000000 0.000000
vt 0.041116 0.000000 0.000000
vt 0.000000 0.150000 0.000000
vt 0.041116 0.150000 0.000000
vt 0.000000 0.000000 0.000000
vt 0.040958 0.000000 0.000000
vt 0.000000 0.150000 0.000000
vt 0.040958 0.150000 0.000000
vt 0.000000 0.000000 0.000000
vt 0.041086 0.000000 0.000000
vt 0.000000 0.150000 0.000000
vt 0.041086 0.150000 0.000000
vt 0.000000 0.000000 0.000000
vt 0.041577 0.000000 0.000000
vt 0.000000 0.150000 0.000000
vt 0.041577 0.150000 0.000000
vt 0.000000 0.000000 0.000000
vt 0.042494 0.000000 0.000000
vt 0.000000 0.150000 0.000000
vt 0.042494 0.150000 0.000000
vt 0.000000 0.000000 0.000000
vt 0.034206 0.000000 0.000000
vt 0.000000 0.150000 0.000000
vt 0.034206 0.150000 0.000000
vt 0.000000 0.000000 0.000000
vt 0.038437 0.000000 0.000000
vt 0.000000 0.150000 0.000000
vt 0.038437 0.150000 0.000000
vt 0.000000 0.000000 0.000000
vt 0.019120 0.000000 0.000000
vt 0.000000 0.150000 0.000000
vt 0.019120 0.150000 0.000000
vt 0.000000 0.000000 0.000000
vt 0.018192 0.000000 0.000000
vt 0.000000 0.150000 0.000000
vt 0.018192 0.150000 0.000000
vt 0.000000 0.000000 0.000000
vt 0.016702 0.000000 0.000000
vt 0.000000 0.150000 0.000000
vt 0.016702 0.150000 0.000000
vt 0.000000 0.000000 0.000000
vt 0.014809 0.000000 0.000000
vt 0.000000 0.150000 0.000000
vt 0.014809 0.150000 0.000000
vt 0.000000 0.000000 0.000000
vt 0.021331 0.000000 0.000000
vt 0.000000 0.150000 0.000000
vt 0.021331 0.150000 0.000000
vt 0.000000 0.000000 0.000000
vt 0.031728 0.000000 0.000000
vt 0.000000 0.150000 0.000000
vt 0.031728 0.150000 0.000000
vt 0.000000 0.000000 0.000000
vt 0.040172 0.000000 0.000000
vt 0.000000 0.150000 0.000000
vt 0.040172 0.150000 0.000000
vt 0.000000 0.000000 0.000000
vt 0.046524 0.000000 0.000000
vt 0.000000 0.150000 0.000000
vt 0.046524 0.150000 0.000000
vt -0.000000 0.000000 0.000000
vt 0.051257 -0.000000 0.000000
vt 0.000000 0.150000 0.000000
vt 0.051257 0.150000 0.000000
vt -0.000000 0.000000 0.000000
vt 0.055356 -0.000000 0.000000
vt 0.000000 0.150000 0.000000
vt 0.055356 0.150000 0.000000
vt -0.000000 0.000000 0.000000
vt 0.060176 -0.000000 0.000000
vt 0.000000 0.150000 0.000000
vt 0.060176 0.150000 0.000000
vt -0.000000 0.000000 0.000000
vt 0.067290 -0.000000 0.000000
vt 0.000000 0.150000 0.000000
vt 0.067290 0.150000 0.000000
vt -0.000000 0.000000 0.000000
vt 0.047138 -0.000000 0.000000
vt 0.000000 0.150000 0.000000
vt 0.047138 0.150000 0.000000
vt 0.000000 0.000000 0.000000
vt 0.060837 0.000000 0.000000
vt 0.000000 0.150000 0.000000
vt 0.060837 0.150000 0.000000
vt 0.000000 0.000000 0.000000
vt 0.052621 0.000000 0.000000
vt 0.000000 0.150000 0.000000
vt 0.052621 0.150000 0.000000
vt 0.000000 0.000000 0.000000
vt 0.051654 0.000000 0.000000
vt 0.000000 0.150000 0.000000
vt 0.051654 0.150000 0.000000
vt 0.000000 0.000000 0.000000
vt 0.051226 0.000000 0.000000
vt 0.000000 0.150000 0.000000
vt 0.051226 0.150000 0.000000
vt 0.000000 0.000000 0.000000
vt 0.051309 0.000000 0.000000
vt 0.000000 0.150000 0.000000
vt 0.051309 0.150000 0.000000
vt 0.000000 0.000000 0.000000
vt 0.051841 0.000000 0.000000
vt 0.000000 0.150000 0.000000
vt 0.051841 0.150000 0.000000
vt 0.000000 0.000000 0.000000
vt 0.052786 0.000000 0.000000
vt 0.000000 0.150000 0.000000
vt 0.052786 0.150000 0.000000
vt 0.000000 0.000000 0.000000
vt 0.054108 0.000000 0.000000
vt 0.000000 0.150000 0.000000
vt 0.054108 0.150000 0.000000
vt 0.000000 0.000000 0.000000
vt 0.055802 0.000000 0.000000
vt 0.000000 0.150000 0.000000
vt 0.055802 0.150000 0.000000
vt -0.000000 0.000000 0.000000
vt 0.036104 -0.000000 0.000000
vt 0.000000 0.150000 0.000000
vt 0.036104 0.150000 0.000000
vt -0.000000 0.000000 0.000000
vt 0.034479 -0.000000 0.000000
vt 0.000000 0.150000 0.000000
vt 0.034479 0.150000 0.000000
vt -0.000000 0.000000 0.000000
vt 0.033108 -0.000000 0.000000
vt 0.000000 0.150000 0.000000
vt 0.033108 0.150000 0.000000
vt -0.000000 0.000000 0.000000
vt 0.031963 -0.000000 0.000000
vt 0.000000 0.150000 0.000000
vt 0.031963 0.150000 0.000000
vt -0.000000 0.000000 0.000000
vt 0.031016 -0.000000 0.000000
vt 0.000000 0.150000 0.000000
vt 0.031016 0.150000 0.000000
vt -0.000000 0.000000 0.000000
vt 0.030204 -0.000000 0.000000
vt 0.000000 0.150000 0.000000
vt 0.030204 0.150000 0.000000
vt -0.000000 0.000000 0.000000
vt 0.029521 -0.000000 0.000000
vt 0.000000 0.150000 0.000000
vt 0.029521 0.150000 0.000000
vt -0.000000 0.000000 0.000000
vt 0.028900 -0.000000 0.000000
vt 0.000000 0.150000 0.000000
vt 0.028900 0.150000 0.000000
vt -0.000000 0.000000 0.000000
vt 0.022436 -0.000000 0.000000
vt 0.000000 0.150000 0.000000
vt 0.022436 0.150000 0.000000
vt -0.000000 0.000000 0.000000
vt 0.025964 -0.000000 0.000000
vt 0.000000 0.150000 0.000000
vt 0.025964 0.150000 0.000000
vt -0.000000 0.000000 0.000000
vt 0.028514 -0.000000 0.000000
vt 0.000000 0.150000 0.000000
vt 0.028514 0.150000 0.000000
vt -0.000000 0.000000 0.000000
vt 0.030100 -0.000000 0.000000
vt 0.000000 0.150000 0.000000
vt 0.030100 0.150000 0.000000
vt -0.000000 0.000000 0.000000
vt 0.030727 -0.000000 0.000000
vt 0.000000 0.150000 0.000000
vt 0.030727 0.150000 0.000000
vt -0.000000 0.000000 0.000000
vt 0.030496 -0.000000 0.000000
vt 0.000000 0.150000 0.000000
vt 0.030496 0.150000 0.000000
vt -0.000000 0.000000 0.000000
vt 0.029514 -0.000000 0.000000
vt 0.000000 0.150000 0.000000
vt 0.029514 0.150000 0.000000
vt -0.000000 0.000000 0.000000
vt 0.027983 -0.000000 0.000000
vt 0.000000 0.150000 0.000000
vt 0.027983 0.150000 0.000000
vt 0.000000 0.000000 0.000000
vt 0.003224 0.000000 0.000000
vt 0.000000 0.150000 0.000000
vt 0.003224 0.150000 0.000000
vt 0.000000 0.000000 0.000000
vt 0.009035 0.000000 0.000000
vt 0.000000 0.150000 0.000000
vt 0.009035 0.150000 0.000000
vt 0.000000 0.000000 0.000000
vt 0.050010 0.000000 0.000000
vt 0.000000 0.150000 0.000000
vt 0.050010 0.150000 0.000000
vt 0.000000 0.000000 0.000000
vt 0.049163 0.000000 0.000000
vt 0.000000 0.150000 0.000000
vt 0.049163 0.150000 0.000000
vt 0.000000 0.000000 0.000000
vt 0.024248 0.000000 0.000000
vt 0.000000 0.150000 0.000000
vt 0.024248 0.150000 0.000000
vt 0.000000 0.000000 0.000000
vt 0.024694 0.000000 0.000000
vt 0.000000 0.150000 0.000000
vt 0.024694 0.150000 0.000000
vt 0.000000 0.000000 0.000000
vt 0.025116 0.000000 0.000000
vt 0.000000 0.150000 0.000000
vt 0.025116 0.150000 0.000000
vt 0.000000 0.000000 0.000000
vt 0.025544 0.000000 0.000000
vt 0.000000 0.150000 0.000000
vt 0.025544 0.150000 0.000000
vt 0.000000 0.000000 0.000000
vt 0.025979 0.000000 0.000000
vt 0.000000 0.150000 0.000000
vt 0.025979 0.150000 0.000000
vt 0.000000 0.000000 0.000000
vt 0.026427 0.000000 0.000000
vt 0.000000 0.150000 0.000000
vt 0.026427 0.150000 0.000000
vt 0.000000 0.000000 0.000000
vt 0.026917 0.000000 0.000000
vt 0.000000 0.150000 0.000000
vt 0.026917 0.150000 0.000000
vt -0.000000 0.000000 0.000000
vt 0.027501 -0.000000 0.000000
vt 0.000000 0.150000 0.000000
vt 0.027501 0.150000 0.000000
vt -0.000000 0.000000 0.000000
vt 0.043122 -0.000000 0.000000
vt 0.000000 0.150000 0.000000
vt 0.043122 0.150000 0.000000
vt -0.000000 0.000000 0.000000
vt 0.040474 -0.000000 0.000000
vt 0.000000 0.150000 0.000000
vt 0.040474 0.150000 0.000000
vt -0.000000 0.000000 0.000000
vt 0.038835 -0.000000 0.000000
vt 0.000000 0.150000 0.000000
vt 0.038835 0.150000 0.000000
vt -0.000000 0.000000 0.000000
vt 0.037922 -0.000000 0.000000
vt 0.000000 0.150000 0.000000
vt 0.037922 0.150000 0.000000
vt -0.000000 0.000000 0.000000
vt 0.037463 -0.000000 0.000000
vt 0.000000 0.150000 0.000000
vt 0.037463 0.150000 0.000000
vt -0.000000 0.000000 0.000000
vt 0.037168 -0.000000 0.000000
vt 0.000000 0.150000 0.000000
vt 0.037168 0.150000 0.000000
vt -0.000000 0.000000 0.000000
vt 0.036843 -0.000000 0.000000
vt 0.000000 0.150000 0.000000
vt 0.036843 0.150000 0.000000
vt -0.000000 0.000000 0.000000
vt 0.036297 -0.000000 0.000000
vt 0.000000 0.150000 0.000000
vt 0.036297 0.150000 0.000000
vt -0.000000 0.000000 0.000000
vt 0.043616 -0.000000 0.000000
vt 0.000000 0.150000 0.000000
vt 0.043616 0.150000 0.000000
vt -0.000000 0.000000 0.000000
vt 0.044350 -0.000000 0.000000
vt 0.000000 0.150000 0.000000
vt 0.044350 0.150000 0.000000
vt -0.000000 0.000000 0.000000
vt 0.045125 -0.000000 0.000000
vt 0.000000 0.150000 0.000000
vt 0.045125 0.150000 0.000000
vt 0.000000 0.000000 0.000000
vt 0.045627 0.000000 0.000000
vt 0.000000 0.150000 0.000000
vt 0.045627 0.150000 0.000000
vt 0.000000 0.000000 0.000000
vt 0.045639 0.000000 0.000000
vt 0.000000 0.150000 0.000000
vt 0.045639 0.150000 0.000000
vt 0.000000 0.000000 0.000000
vt 0.045056 0.000000 0.000000
vt 0.000000 0.150000 0.000000
vt 0.045056 0.150000 0.000000
vt 0.000000 0.000000 0.000000
vt 0.043720 0.000000 0.000000
vt 0.000000 0.150000 0.000000
vt 0.043720 0.150000 0.000000
vt 0.000000 0.000000 0.000000
vt 0.041606 0.000000 0.000000
vt 0.000000 0.150000 0.000000
vt 0.041606 0.150000 0.000000
vt 0.000000 0.000000 0.000000
vt 0.040015 0.000000 0.000000
vt 0.000000 0.150000 0.000000
vt 0.040015 0.150000 0.000000
vt 0.000000 0.000000 0.000000
vt 0.036979 0.000000 0.000000
vt 0.000000 0.150000 0.000000
vt 0.036979 0.150000 0.000000
vt 0.000000 0.000000 0.000000
vt 0.036461 0.000000 0.000000
vt 0.000000 0.150000 0.000000
vt 0.036461 0.150000 0.000000
vt 0.000000 0.000000 0.000000
vt 0.038399 0.000000 0.000000
vt 0.000000 0.150000 0.000000
vt 0.038399 0.150000 0.000000
vt 0.000000 0.000000 0.000000
vt 0.073752 0.000000 0.000000
vt 0.000000 0.150000 0.000000
vt 0.073752 0.150000 0.000000
vt 0.000000 0.000000 0.000000
vt 0.073425 0.000000 0.000000
vt 0.000000 0.150000 0.000000
vt 0.073425 0.150000 0.000000
vt -0.000000 0.000000 0.000000
vt 0.041624 -0.000000 0.000000
vt 0.000000 0.150000 0.000000
vt 0.041624 0.150000 0.000000
vt -0.000000 0.000000 0.000000
vt 0.079498 -0.000000 0.000000
vt 0.000000 0.150000 0.000000
vt 0.079498 0.150000 0.000000
vt -0.000000 0.000000 0.000000
vt 0.045155 -0.000000 0.000000
vt 0.000000 0.150000 0.000000
vt 0.045155 0.150000 0.000000
vt -0.000000 0.000000 0.000000
vt 0.044686 -0.000000 0.000000
vt 0.000000 0.150000 0.000000
vt 0.044686 0.150000 0.000000
vt -0.000000 0.000000 0.000000
vt 0.044433 -0.000000 0.000000
vt 0.000000 0.150000 0.000000
vt 0.044433 0.150000 0.000000
vt -0.000000 0.000000 0.000000
vt 0.044392 -0.000000 0.000000
vt 0.000000 0.150000 0.000000
vt 0.044392 0.150000 0.000000
vt -0.000000 0.000000 0.000000
vt 0.044541 -0.000000 0.000000
vt 0.000000 0.150000 0.000000
vt 0.044541 0.150000 0.000000
vt -0.000000 0.000000 0.000000
vt 0.044924 -0.000000 0.000000
vt 0.000000 0.150000 0.000000
vt 0.044924 0.150000 0.000000
vt -0.000000 0.000000 0.000000
vt 0.045520 -0.000000 0.000000
vt 0.000000 0.150000 0.000000
vt 0.045520 0.150000 0.000000
vt -0.000000 0.000000 0.000000
vt 0.046312 -0.000000 0.000000
vt 0.000000 0.150000 0.000000
vt 0.046312 0.150000 0.000000
vt -0.000000 0.000000 0.000000
vt 0.035752 -0.000000 0.000000
vt 0.000000 0.150000 0.000000
vt 0.035752 0.150000 0.000000
vt -0.000000 0.000000 0.000000
vt 0.050585 -0.000000 0.000000
vt 0.000000 0.150000 0.000000
vt 0.050585 0.150000 0.000000
vt -0.000000 0.000000 0.000000
vt 0.049636 -0.000000 0.000000
vt 0.000000 0.150000 0.000000
vt 0.049636 0.150000 0.000000
vt -0.000000 0.000000 0.000000
vt 0.033273 -0.000000 0.000000
vt 0.000000 0.150000 0.000000
vt 0.033273 0.150000 0.000000
vt -0.000000 0.000000 0.000000
vt 0.013808 -0.000000 0.000000
vt 0.000000 0.150000 0.000000
vt 0.013808 0.150000 0.000000
vt -0.000000 0.000000 0.000000
vt 0.020712 -0.000000 0.000000
vt 0.000000 0.150000 0.000000
vt 0.020712 0.150000 0.000000
vt -0.000000 0.000000 0.000000
vt 0.025716 -0.000000 0.000000
vt 0.000000 0.150000 0.000000
vt 0.025716 0.150000 0.000000
vt -0.000000 0.000000 0.000000
vt 0.028585 -0.000000 0.000000
vt 0.000000 0.150000 0.000000
vt 0.028585 0.150000 0.000000
vt -0.000000 0.000000 0.000000
vt 0.056887 -0.000000 0.000000
vt 0.000000 0.150000 0.000000
vt 0.056887 0.150000 0.000000
vt -0.000000 0.000000 0.000000
vt 0.041536 -0.000000 0.000000
vt 0.000000 0.150000 0.000000
vt 0.041536 0.150000 0.000000
vt -0.000000 0.000000 0.000000
vt 0.122240 -0.000000 0.000000
vt 0.000000 0.150000 0.000000
vt 0.122240 0.150000 0.000000
vt -0.000000 0.000000 0.000000
vt 0.126088 -0.000000 0.000000
vt 0.000000 0.150000 0.000000
vt 0.126088 0.150000 0.000000
vt -0.000000 0.000000 0.000000
vt 0.128382 -0.000000 0.000000
vt 0.000000 0.150000 0.000000
vt 0.128382 0.150000 0.000000
vt 0.000000 0.000000 0.000000
vt 0.129170 0.000000 0.000000
vt 0.000000 0.150000 0.000000
vt 0.129170 0.150000 0.000000
vt 0.000000 0.000000 0.000000
vt 0.128541 0.000000 0.000000
vt 0.000000 0.150000 0.000000
vt 0.128541 0.150000 0.000000
vt 0.000000 0.000000 0.000000
vt 0.126696 0.000000 0.000000
vt 0.000000 0.150000 0.000000
vt 0.126696 0.150000 0.000000
vt 0.000000 0.000000 0.000000
vt 0.123940 0.000000 0.000000
vt 0.000000 0.150000 0.000000
vt 0.123940 0.150000 0.000000
vt 0.000000 0.000000 0.000000
vt 0.120703 0.000000 0.000000
vt 0.000000 0.150000 0.000000
vt 0.120703 0.150000 0.000000
vt 0.000000 0.000000 0.000000
vt 0.040916 0.000000 0.000000
vt 0.000000 0.150000 0.000000
vt 0.040916 0.150000 0.000000
vt 0.000000 0.000000 0.000000
vt 0.041346 0.000000 0.000000
vt 0.000000 0.150000 0.000000
vt 0.041346 0.150000 0.000000
vt 0.000000 0.000000 0.000000
vt 0.041598 0.000000 0.000000
vt 0.000000 0.150000 0.000000
vt 0.041598 0.150000 0.000000
vt 0.000000 0.000000 0.000000
vt 0.041658 0.000000 0.000000
vt 0.000000 0.150000 0.000000
vt 0.041658 0.150000 0.000000
vt 0.000000 0.000000 0.000000
vt 0.041581 0.000000 0.000000
vt 0.000000 0.150000 0.000000
vt 0.041581 0.150000 0.000000
vt 0.000000 0.000000 0.000000
vt 0.041364 0.000000 0.000000
vt 0.000000 0.150000 0.000000
vt 0.041364 0.150000 0.000000
vt 0.000000 0.000000 0.000000
vt 0.041061 0.000000 0.000000
vt 0.000000 0.150000 0.000000
vt 0.041061 0.150000 0.000000
vt 0.000000 0.000000 0.000000
vt 0.040696 0.000000 0.000000
vt 0.000000 0.150000 0.000000
vt 0.040696 0.150000 0.000000
vt 0.000000 0.000000 0.000000
vt 0.027025 0.000000 0.000000
vt 0.000000 0.150000 0.000000
vt 0.027025 0.150000 0.000000
vt 0.000000 0.000000 0.000000
vt 0.025293 0.000000 0.000000
vt 0.000000 0.150000 0.000000
vt 0.025293 0.150000 0.000000
vt 0.000000 0.000000 0.000000
vt 0.025262 0.000000 0.000000
vt 0.000000 0.150000 0.000000
vt 0.025262 0.150000 0.000000
vt 0.000000 0.000000 0.000000
vt 0.025236 0.000000 0.000000
vt 0.000000 0.150000 0.000000
vt 0.025236 0.150000 0.000000
vt 0.000000 0.000000 0.000000
vt 0.025248 0.000000 0.000000
vt 0.000000 0.150000 0.000000
vt 0.025248 0.150000 0.000000
vt 0.000000 0.000000 0.000000
vt 0.025308 0.000000 0.000000
vt 0.000000 0.150000 0.000000
vt 0.025308 0.150000 0.000000
vt 0.000000 0.000000 0.000000
vt 0.025459 0.000000 0.000000
vt 0.000000 0.150000 0.000000
vt 0.025459 0.150000 0.000000
vt 0.000000 0.000000 0.000000
vt 0.025719 0.000000 0.000000
vt 0.000000 0.150000 0.000000
vt 0.025719 0.150000 0.000000
vt 0.000000 0.000000 0.000000
vt 0.026114 0.000000 0.000000
vt 0.000000 0.150000 0.000000
vt 0.026114 0.150000 0.000000
vt -0.000000 0.000000 0.000000
vt 0.062814 -0.000000 0.000000
vt 0.000000 0.150000 0.000000
vt 0.062814 0.150000 0.000000
vt -0.000000 0.000000 0.000000
vt 0.077907 -0.000000 0.000000
vt 0.000000 0.150000 0.000000
vt 0.077907 0.150000 0.000000
vt -0.000000 0.000000 0.000000
vt 0.088193 -0.000000 0.000000
vt 0.000000 0.150000 0.000000
vt 0.088193 0.150000 0.000000
vt -0.000000 0.000000 0.000000
vt 0.093551 -0.000000 0.000000
vt 0.000000 0.150000 0.000000
vt 0.093551 0.150000 0.000000
vt 0.000000 0.000000 0.000000
vt 0.093921 0.000000 0.000000
vt 0.000000 0.150000 0.000000
vt 0.093921 0.150000 0.000000
vt 0.000000 0.000000 0.000000
vt 0.089295 0.000000 0.000000
vt 0.000000 0.150000 0.000000
vt 0.089295 0.150000 0.000000
vt 0.000000 0.000000 0.000000
vt 0.079709 0.000000 0.000000
vt 0.000000 0.150000 0.000000
vt 0.079709 0.150000 0.000000
vt 0.000000 0.000000 0.000000
vt 0.065272 0.000000 0.000000
vt 0.000000 0.150000 0.000000
vt 0.065272 0.150000 0.000000
vt 0.000000 0.000000 0.000000
vt 0.058182 0.000000 0.000000
vt 0.000000 0.150000 0.000000
vt 0.058182 0.150000 0.000000
vt 0.000000 0.000000 0.000000
vt 0.063856 0.000000 0.000000
vt 0.000000 0.150000 0.000000
vt 0.063856 0.150000 0.000000
vt 0.000000 0.000000 0.000000
vt 0.067309 0.000000 0.000000
vt 0.000000 0.150000 0.000000
vt 0.067309 0.150000 0.000000
vt 0.000000 0.000000 0.000000
vt 0.068479 0.000000 0.000000
vt 0.000000 0.150000 0.000000
vt 0.068479 0.150000 0.000000
vt 0.000000 0.000000 0.000000
vt 0.067352 0.000000 0.000000
vt 0.000000 0.150000 0.000000
vt 0.067352 0.150000 0.000000
vt 0.000000 0.000000 0.000000
vt 0.063946 0.000000 0.000000
vt 0.000000 0.150000 0.000000
vt 0.063946 0.150000 0.000000
vt 0.000000 0.000000 0.000000
vt 0.058279 0.000000 0.000000
vt 0.000000 0.150000 0.000000
vt 0.058279 0.150000 0.000000
vt 0.000000 0.000000 0.000000
vt 0.050523 0.000000 0.000000
vt 0.000000 0.150000 0.000000
vt 0.050523 0.150000 0.000000
vt 0.000000 0.000000 0.000000
vt 0.064096 0.000000 0.000000
vt 0.000000 0.150000 0.000000
vt 0.064096 0.150000 0.000000
vt 0.000000 0.000000 0.000000
vt 0.053825 0.000000 0.000000
vt 0.000000 0.150000 0.000000
vt 0.053825 0.150000 0.000000
vt 0.000000 0.000000 0.000000
vt 0.022258 0.000000 0.000000
vt 0.000000 0.150000 0.000000
vt 0.022258 0.150000 0.000000
vt 0.000000 0.000000 0.000000
vt 0.021473 0.000000 0.000000
vt 0.000000 0.150000 0.000000
vt 0.021473 0.150000 0.000000
vt -0.000000 0.000000 0.000000
vt 0.025796 -0.000000 0.000000
vt 0.000000 0.150000 0.000000
vt 0.025796 0.150000 0.000000
vt -0.000000 0.000000 0.000000
vt 0.035727 -0.000000 0.000000
vt 0.000000 0.150000 0.000000
vt 0.035727 0.150000 0.000000
vt -0.000000 0.000000 0.000000
vt 0.026534 -0.000000 0.000000
vt 0.000000 0.150000 0.000000
vt 0.026534 0.150000 0.000000
vt -0.000000 0.000000 0.000000
vt 0.029221 -0.000000 0.000000
vt 0.000000 0.150000 0.000000
vt 0.029221 0.150000 0.000000
vt -0.000000 0.000000 0.000000
vt 0.031675 -0.000000 0.000000
vt 0.000000 0.150000 0.000000
vt 0.031675 0.150000 0.000000
vt -0.000000 0.000000 0.000000
vt 0.033516 -0.000000 0.000000
vt 0.000000 0.150000 0.000000
vt 0.033516 0.150000 0.000000
vt -0.000000 0.000000 0.000000
vt 0.069062 -0.000000 0.000000
vt 0.000000 0.150000 0.000000
vt 0.069062 0.150000 0.000000
vt -0.000000 0.000000 0.000000
vt 0.065074 -0.000000 0.000000
vt 0.000000 0.150000 0.000000
vt 0.065074 0.150000 0.000000
vt -0.000000 0.000000 0.000000
vt 0.096790 -0.000000 0.000000
vt 0.000000 0.150000 0.000000
vt 0.096790 0.150000 0.000000
vt 0.000000 0.000000 0.000000
vt 0.096625 0.000000 0.000000
vt 0.000000 0.150000 0.000000
vt 0.096625 0.150000 0.000000
vt 0.000000 0.000000 0.000000
vt 0.096048 0.000000 0.000000
vt 0.000000 0.150000 0.000000
vt 0.096048 0.150000 0.000000
vt 0.000000 0.000000 0.000000
vt 0.095167 0.000000 0.000000
vt 0.000000 0.150000 0.000000
vt 0.095167 0.150000 0.000000
vt 0.000000 0.000000 0.000000
vt 0.094125 0.000000 0.000000
vt 0.000000 0.150000 0.000000
vt 0.094125 0.150000 0.000000
vt 0.000000 0.000000 0.000000
vt 0.093147 0.000000 0.000000
vt 0.000000 0.150000 0.000000
vt 0.093147 0.150000 0.000000
vt 0.000000 0.000000 0.000000
vt 0.092448 0.000000 0.000000
vt 0.000000 0.150000 0.000000
vt 0.092448 0.150000 0.000000
vt 0.000000 0.000000 0.000000
vt 0.092330 0.000000 0.000000
vt 0.000000 0.150000 0.000000
vt 0.092330 0.150000 0.000000
vt 0.000000 0.000000 0.000000
vt 0.054844 0.000000 0.000000
vt 0.000000 0.150000 0.000000
vt 0.054844 0.150000 0.000000
vt 0.000000 0.000000 0.000000
vt 0.082350 0.000000 0.000000
vt 0.000000 0.150000 0.000000
vt 0.082350 0.150000 0.000000
vt 0.000000 0.000000 0.000000
vt 0.039897 0.000000 0.000000
vt 0.000000 0.150000 0.000000
vt 0.039897 0.150000 0.000000
vt 0.000000 0.000000 0.000000
vt 0.044103 0.000000 0.000000
vt 0.000000 0.150000 0.000000
vt 0.044103 0.150000 0.000000
vt 0.000000 0.000000 0.000000
vt 0.135086 0.000000 0.000000
vt 0.000000 0.150000 0.000000
vt 0.135086 0.150000 0.000000
vt 0.000000 0.000000 0.000000
vt 0.151625 0.000000 0.000000
vt 0.000000 0.150000 0.000000
vt 0.151625 0.150000 0.000000
vt 0.000000 0.000000 0.000000
vt 0.163944 0.000000 0.000000
vt 0.000000 0.150000 0.000000
vt 0.163944 0.150000 0.000000
vt 0.000000 0.000000 0.000000
vt 0.170926 0.000000 0.000000
vt 0.000000 0.150000 0.000000
vt 0.170926 0.150000 0.000000
vt 0.000000 0.000000 0.000000
vt 0.172039 0.000000 0.000000
vt 0.000000 0.150000 0.000000
vt 0.172039 0.150000 0.000000
vt 0.000000 0.000000 0.000000
vt 0.167008 0.000000 0.000000
vt 0.000000 0.150000 0.000000
vt 0.167008 0.150000 0.000000
vt 0.000000 0.000000 0.000000
vt 0.155720 0.000000 0.000000
vt 0.000000 0.150000 0.000000
vt 0.155720 0.150000 0.000000
vt 0.000000 0.000000 0.000000
vt 0.138218 0.000000 0.000000
vt 0.000000 0.150000 0.000000
vt 0.138218 0.150000 0.000000
vt 0.000000 0.000000 0.000000
vt 0.259972 0.000000 0.000000
vt 0.000000 0.150000 0.000000
vt 0.259972 0.150000 0.000000
vt 0.000000 0.000000 0.000000
vt 0.124316 0.000000 0.000000
vt 0.000000 0.150000 0.000000
vt 0.124316 0.150000 0.000000
vt 0.000000 0.000000 0.000000
vt 0.091690 0.000000 0.000000
vt 0.000000 0.150000 0.000000
vt 0.091690 0.150000 0.000000
vt 0.000000 0.000000 0.000000
vt 0.012433 0.000000 0.000000
vt 0.000000 0.150000 0.000000
vt 0.012433 0.150000 0.000000
vt 0.000000 0.000000 0.000000
vt 0.005971 0.000000 0.000000
vt 0.000000 0.150000 0.000000
vt 0.005971 0.150000 0.000000
vt 0.000000 0.000000 0.000000
vt 0.008917 0.000000 0.000000
vt 0.000000 0.150000 0.000000
vt 0.008917 0.150000 0.000000
vt -0.000000 0.000000 0.000000
vt 0.019075 -0.000000 0.000000
vt 0.000000 0.150000 0.000000
vt 0.019075 0.150000 0.000000
vt -0.000000 0.000000 0.000000
vt 0.018931 -0.000000 0.000000
vt 0.000000 0.150000 0.000000
vt 0.018931 0.150000 0.000000
vt -0.000000 0.000000 0.000000
vt 0.020082 -0.000000 0.000000
vt 0.000000 0.150000 0.000000
vt 0.020082 0.150000 0.000000
vt 0.000000 0.000000 0.000000
vt 0.023871 0.000000 0.000000
vt 0.000000 0.150000 0.000000
vt 0.023871 0.150000 0.000000
vt 0.000000 0.000000 0.000000
vt 0.009924 0.000000 0.000000
vt 0.000000 0.150000 0.000000
vt 0.009924 0.150000 0.000000
vt 0.000000 0.000000 0.000000
vt 0.009128 0.000000 0.000000
vt 0.000000 0.150000 0.000000
vt 0.009128 0.150000 0.000000
vt 0.000000 0.000000 0.000000
vt 0.008882 0.000000 0.000000
vt 0.000000 0.150000 0.000000
vt 0.008882 0.150000 0.000000
vt 0.000000 0.000000 0.000000
vt 0.009034 0.000000 0.000000
vt 0.000000 0.150000 0.000000
vt 0.009034 0.150000 0.000000
vt 0.000000 0.000000 0.000000
vt 0.019352 0.000000 0.000000
vt 0.000000 0.150000 0.000000
vt 0.019352 0.150000 0.000000
vt 0.000000 0.000000 0.000000
vt 0.021352 0.000000 0.000000
vt 0.000000 0.150000 0.000000
vt 0.021352 0.150000 0.000000
vt 0.000000 0.000000 0.000000
vt 0.095859 0.000000 0.000000
vt 0.000000 0.150000 0.000000
vt 0.095859 0.150000 0.000000
vt 0.000000 0.000000 0.000000
vt 0.101545 0.000000 0.000000
vt 0.000000 0.150000 0.000000
vt 0.101545 0.150000 0.000000
vt 0.000000 0.000000 0.000000
vt 0.105797 0.000000 0.000000
vt 0.000000 0.150000 0.000000
vt 0.105797 0.150000 0.000000
vt -0.000000 0.000000 0.000000
vt 0.103749 0.000000 0.000000
vt -0.000000 0.150000 0.000000
vt 0.103749 0.150000 0.000000
vt -0.000000 0.000000 0.000000
vt 0.007386 -0.000000 0.000000
vt 0.000000 0.150000 0.000000
vt 0.007386 0.150000 0.000000
vt -0.000000 0.000000 0.000000
vt 0.063633 -0.000000 0.000000
vt 0.000000 0.150000 0.000000
vt 0.063633 0.150000 0.000000
vt -0.000000 0.000000 0.000000
vt 0.078228 -0.000000 0.000000
vt 0.000000 0.150000 0.000000
vt 0.078228 0.150000 0.000000
vt 0.000000 0.000000 0.000000
vt 0.081029 0.000000 0.000000
vt 0.000000 0.150000 0.000000
vt 0.081029 0.150000 0.000000
vt 0.000000 0.000000 0.000000
vt 0.078615 0.000000 0.000000
vt 0.000000 0.150000 0.000000
vt 0.078615 0.150000 0.000000
vt 0.000000 0.000000 0.000000
vt 0.077304 0.000000 0.000000
vt 0.000000 0.150000 0.000000
vt 0.077304 0.150000 0.000000
vt 0.000000 0.000000 0.000000
vt 0.076746 0.000000 0.000000
vt 0.000000 0.150000 0.000000
vt 0.076746 0.150000 0.000000
vt 0.000000 0.000000 0.000000
vt 0.076746 0.000000 0.000000
vt 0.000000 0.150000 0.000000
vt 0.076746 0.150000 0.000000
vt 0.000000 0.000000 0.000000
vt 0.077304 0.000000 0.000000
vt 0.000000 0.150000 0.000000
vt 0.077304 0.150000 0.000000
vt 0.000000 0.000000 0.000000
vt 0.078615 0.000000 0.000000
vt 0.000000 0.150000 0.000000
vt 0.078615 0.150000 0.000000
vt 0.000000 0.000000 0.000000
vt 0.081029 0.000000 0.000000
vt 0.000000 0.150000 0.000000
vt 0.081029 0.150000 0.000000
vt 0.000000 0.000000 0.000000
vt 0.081029 0.000000 0.000000
vt 0.000000 0.150000 0.000000
vt 0.081029 0.150000 0.000000
vt 0.000000 0.000000 0.000000
vt 0.078615 0.000000 0.000000
vt 0.000000 0.150000 0.000000
vt 0.078615 0.150000 0.000000
vt 0.000000 0.000000 0.000000
vt 0.077304 0.000000 0.000000
vt 0.000000 0.150000 0.000000
vt 0.077304 0.150000 0.000000
vt 0.000000 0.000000 0.000000
vt 0.076746 0.000000 0.000000
vt 0.000000 0.150000 0.000000
vt 0.076746 0.150000 0.000000
vt -0.873970 1.993940 0.000000
vt -0.892410 1.959970 0.000000
vt -0.734195 1.974719 0.000000
vt -0.916830 1.930370 0.000000
vt -0.946420 1.905960 0.000000
vt -0.980400 1.887510 0.000000
vt -0.296400 1.906120 0.000000
vt -0.633970 2.001530 0.000000
vt -0.529830 2.020180 0.000000
vt -0.428590 2.028050 0.000000
vt -0.332830 2.023700 0.000000
vt -0.311850 2.019730 0.000000
vt -0.286460 1.922400 0.000000
vt -0.278030 1.939350 0.000000
vt -0.287820 1.903690 0.000000
vt -1.017940 1.875860 0.000000
vt -1.058250 1.871790 0.000000
vt -1.098570 1.875860 0.000000
vt -1.220400 1.706950 0.000000
vt 0.494830 1.869220 0.000000
vt 0.342000 1.899080 0.000000
vt -0.281850 1.903790 0.000000
vt 0.204870 1.916390 0.000000
vt -0.178950 1.919330 0.000000
vt -0.054880 1.927140 0.000000
vt -1.136100 1.887510 0.000000
vt -1.170080 1.905960 0.000000
vt -1.199670 1.930370 0.000000
vt -1.281890 1.740110 0.000000
vt -1.224100 1.959970 0.000000
vt -1.341090 1.788950 0.000000
vt -1.242530 1.993940 0.000000
vt -1.389940 1.848150 0.000000
vt -1.254190 2.031490 0.000000
vt -1.426810 1.916090 0.000000
vt -1.450120 1.991180 0.000000
vt -1.258250 2.071790 0.000000
vt -1.458250 2.071790 0.000000
vt -1.450120 2.152410 0.000000
vt -1.254180 2.112100 0.000000
vt -1.426810 2.227490 0.000000
vt -1.389930 2.295430 0.000000
vt -1.242530 2.149640 0.000000
vt -1.224090 2.183620 0.000000
vt -1.199670 2.213210 0.000000
vt -1.170070 2.237630 0.000000
vt -1.136100 2.256070 0.000000
vt -1.098560 2.267730 0.000000
vt -1.058250 2.271790 0.000000
vt -1.341090 2.354630 0.000000
vt -1.281890 2.403470 0.000000
vt -1.213950 2.440350 0.000000
vt -1.138870 2.463660 0.000000
vt -1.058250 2.471790 0.000000
vt -1.017940 2.267720 0.000000
vt -0.977630 2.463660 0.000000
vt -0.980400 2.256070 0.000000
vt -0.902550 2.440350 0.000000
vt -0.946420 2.237630 0.000000
vt -0.834610 2.403470 0.000000
vt -0.916830 2.213210 0.000000
vt -0.892410 2.183610 0.000000
vt -0.775410 2.354630 0.000000
vt -0.873970 2.149640 0.000000
vt -0.726570 2.295430 0.000000
vt -0.862310 2.112100 0.000000
vt -0.689690 2.227490 0.000000
vt -0.666380 2.152410 0.000000
vt -0.858250 2.071790 0.000000
vt -0.862310 2.031480 0.000000
vt -1.221100 1.706340 0.000000
vt -1.270230 1.658920 0.000000
vt -1.500260 0.335860 0.000000
vt 0.357270 0.561670 0.000000
vt 0.979970 1.713960 0.000000
vt 0.418950 0.573550 0.000000
vt 0.496350 0.582420 0.000000
vt -1.318350 1.604220 0.000000
vt -1.574930 0.773480 0.000000
vt -1.569500 0.663530 0.000000
vt -1.560300 0.590700 0.000000
vt -1.400600 1.487730 0.000000
vt -1.452180 1.391710 0.000000
vt -1.493940 1.293670 0.000000
vt -1.526430 1.193610 0.000000
vt -1.550210 1.091550 0.000000
vt -1.565840 0.987500 0.000000
vt -1.573900 0.881470 0.000000
vt -1.543090 0.492940 0.000000
vt -1.532700 0.443560 0.000000
vt -1.521770 0.398560 0.000000
vt -1.510800 0.361480 0.000000
vt -1.514570 0.310270 0.000000
vt -1.264420 -1.447530 0.000000
vt -1.154020 -1.527130 0.000000
vt -1.033100 -1.596040 0.000000
vt -1.540500 0.278620 0.000000
vt -1.565830 0.241270 0.000000
vt -1.590120 0.199770 0.000000
vt -1.612950 0.155660 0.000000
vt -1.633880 0.110520 0.000000
vt -1.652480 0.065880 0.000000
vt -1.668330 0.023290 0.000000
vt -1.680980 -0.015680 0.000000
vt -1.695950 -0.070990 0.000000
vt -1.708460 -0.127810 0.000000
vt -1.718500 -0.185900 0.000000
vt -1.726070 -0.244990 0.000000
vt -1.731200 -0.304820 0.000000
vt -1.733870 -0.365140 0.000000
vt -1.734110 -0.425690 0.000000
vt -1.731900 -0.486200 0.000000
vt -1.723640 -0.581940 0.000000
vt -1.709820 -0.674850 0.000000
vt -1.690370 -0.765070 0.000000
vt -1.665210 -0.852770 0.000000
vt -1.634270 -0.938090 0.000000
vt -1.597490 -1.021170 0.000000
vt -1.554790 -1.102180 0.000000
vt -1.506100 -1.181250 0.000000
vt -1.449870 -1.254560 0.000000
vt -1.452140 -1.252450 0.000000
vt -1.435830 -1.276000 0.000000
vt -1.408400 -1.309020 0.000000
vt -1.380380 -1.340590 0.000000
vt -1.364560 -1.357690 0.000000
vt -1.084640 -1.678370 0.000000
vt -0.725700 -2.219720 0.000000
vt 0.021770 -2.218560 0.000000
vt 0.359550 -1.575750 0.000000
vt 0.024250 -2.220620 0.000000
vt 0.398790 -1.637810 0.000000
vt 0.030410 -2.227230 0.000000
vt 0.435530 -1.701760 0.000000
vt 0.452970 -1.735970 0.000000
vt 0.060480 -2.267190 0.000000
vt 0.134740 -2.330330 0.000000
vt 0.113690 -2.317420 0.000000
vt 0.094270 -2.302900 0.000000
vt -1.110140 -1.722570 0.000000
vt -1.130910 -1.766850 0.000000
vt -0.752250 -2.258670 0.000000
vt -0.798780 -2.307280 0.000000
vt -0.849610 -2.339490 0.000000
vt -0.901850 -2.357800 0.000000
vt -0.952640 -2.364700 0.000000
vt -1.165750 -1.829780 0.000000
vt -1.181270 -1.871230 0.000000
vt -1.124610 -1.746460 0.000000
vt -1.139360 -1.776430 0.000000
vt -1.148180 -1.791090 0.000000
vt -1.157080 -1.809360 0.000000
vt -0.999120 -2.362680 0.000000
vt -1.192410 -1.903750 0.000000
vt -1.038400 -2.354260 0.000000
vt -1.083930 -2.328160 0.000000
vt -1.067630 -2.341920 0.000000
vt -1.204500 -1.944580 0.000000
vt -1.213170 -1.985670 0.000000
vt -1.218180 -2.026850 0.000000
vt -1.219310 -2.067950 0.000000
vt -1.216340 -2.108800 0.000000
vt -1.209030 -2.149230 0.000000
vt -1.197170 -2.189080 0.000000
vt -1.138590 -2.287290 0.000000
vt -1.125100 -2.300840 0.000000
vt -1.180530 -2.228180 0.000000
vt -1.162780 -2.257420 0.000000
vt -1.111220 -2.312600 0.000000
vt -1.097360 -2.321920 0.000000
vt -0.699300 -2.274530 0.000000
vt -0.636930 -2.357780 0.000000
vt -0.598350 -2.391480 0.000000
vt -0.555440 -2.419610 0.000000
vt -0.670730 -2.318720 0.000000
vt -0.508650 -2.441930 0.000000
vt -0.458440 -2.458220 0.000000
vt -0.405270 -2.468250 0.000000
vt -0.349580 -2.471790 0.000000
vt -0.313500 -2.470480 0.000000
vt -0.279260 -2.466430 0.000000
vt -0.246810 -2.459860 0.000000
vt -0.216100 -2.451000 0.000000
vt -0.187070 -2.440080 0.000000
vt -0.159680 -2.427350 0.000000
vt -0.133870 -2.413020 0.000000
vt -0.109600 -2.397330 0.000000
vt -0.091810 -2.383660 0.000000
vt -0.072530 -2.366270 0.000000
vt -0.052700 -2.345780 0.000000
vt -0.033260 -2.322800 0.000000
vt -0.015160 -2.297970 0.000000
vt 0.000680 -2.271910 0.000000
vt 0.013300 -2.245230 0.000000
vt 0.157250 -2.341470 0.000000
vt 0.181080 -2.350670 0.000000
vt 0.469360 -1.768540 0.000000
vt 0.206070 -2.357770 0.000000
vt 0.232050 -2.362610 0.000000
vt 0.484890 -1.802100 0.000000
vt 0.258860 -2.365010 0.000000
vt 0.286360 -2.364810 0.000000
vt 0.329070 -2.358860 0.000000
vt 0.512890 -1.878730 0.000000
vt 0.499760 -1.839250 0.000000
vt 0.524170 -1.920970 0.000000
vt 0.367630 -2.346560 0.000000
vt 0.532960 -1.965160 0.000000
vt 0.402140 -2.328750 0.000000
vt 0.432680 -2.306270 0.000000
vt 0.459330 -2.279940 0.000000
vt 0.482160 -2.250610 0.000000
vt 0.538590 -2.010450 0.000000
vt 0.501270 -2.219110 0.000000
vt 0.516730 -2.186270 0.000000
vt 0.530150 -2.144770 0.000000
vt 0.537830 -2.101090 0.000000
vt 0.540430 -2.056040 0.000000
vt 0.391220 -1.548740 0.000000
vt 0.445470 0.352540 0.000000
vt 0.429930 0.374650 0.000000
vt 0.415240 0.395240 0.000000
vt 0.448850 -1.493980 0.000000
vt 0.480260 -1.461540 0.000000
vt 0.510070 -1.428250 0.000000
vt 0.538340 -1.393970 0.000000
vt 0.565140 -1.358580 0.000000
vt 0.590510 -1.321970 0.000000
vt 0.614520 -1.284000 0.000000
vt 0.637230 -1.244550 0.000000
vt 0.658690 -1.203510 0.000000
vt 0.722870 -1.047360 0.000000
vt 0.674390 -1.171390 0.000000
vt 0.695630 -1.125480 0.000000
vt 0.714450 -1.079550 0.000000
vt 0.730360 -1.035760 0.000000
vt 0.738300 -1.016630 0.000000
vt 0.746360 -0.992210 0.000000
vt 0.754230 -0.964730 0.000000
vt 0.768140 -0.909570 0.000000
vt 0.777490 -0.869100 0.000000
vt 0.799730 -0.748900 0.000000
vt 0.812500 -0.623460 0.000000
vt 0.815350 -0.495110 0.000000
vt 0.807820 -0.366160 0.000000
vt 0.789440 -0.238940 0.000000
vt 0.759760 -0.115770 0.000000
vt 0.718300 0.001030 0.000000
vt 0.664620 0.109140 0.000000
vt 0.643230 0.144020 0.000000
vt 0.620010 0.178230 0.000000
vt 0.595000 0.211470 0.000000
vt 0.568280 0.243430 0.000000
vt 0.539900 0.273820 0.000000
vt 0.509930 0.302330 0.000000
vt 0.478430 0.328670 0.000000
vt 0.401880 0.416680 0.000000
vt 0.389990 0.438940 0.000000
vt 0.379710 0.462000 0.000000
vt 0.371160 0.485820 0.000000
vt 0.364490 0.510390 0.000000
vt 0.359810 0.535680 0.000000
vt 0.584350 0.588250 0.000000
vt 0.677860 0.591030 0.000000
vt 0.771780 0.590720 0.000000
vt 0.861010 0.587320 0.000000
vt 1.626790 1.175270 0.000000
vt 1.578790 1.254280 0.000000
vt 1.521290 1.326520 0.000000
vt 0.940450 0.580780 0.000000
vt 1.729400 0.813340 0.000000
vt 1.716590 0.908530 0.000000
vt 1.695410 1.001310 0.000000
vt 1.005000 0.571100 0.000000
vt 1.062900 0.565380 0.000000
vt 1.125900 0.554960 0.000000
vt 1.191640 0.540510 0.000000
vt 1.257760 0.522690 0.000000
vt 1.321910 0.502170 0.000000
vt 1.381740 0.479600 0.000000
vt 1.434870 0.455650 0.000000
vt 1.734110 0.716830 0.000000
vt 1.478960 0.430980 0.000000
vt 1.731000 0.620090 0.000000
vt 1.724610 0.555330 0.000000
vt 1.528890 0.390790 0.000000
vt 1.712600 0.487320 0.000000
vt 1.703800 0.454980 0.000000
vt 1.692790 0.425280 0.000000
vt 1.679280 0.399370 0.000000
vt 1.663010 0.378410 0.000000
vt 1.635570 0.355530 0.000000
vt 1.570070 0.356130 0.000000
vt 1.590250 0.346740 0.000000
vt 1.611700 0.345750 0.000000
vt 1.665570 1.090580 0.000000
vt 1.484210 1.366930 0.000000
vt 1.425880 1.425060 0.000000
vt 1.363040 1.480510 0.000000
vt 1.397920 1.453520 0.000000
vt 1.257960 1.565400 0.000000
vt 1.128020 1.643540 0.000000
vt 0.820580 1.775690 0.000000
vt 0.656610 1.827760 0.000000
vt -0.269770 1.906730 0.000000
vt -0.293990 2.012280 0.000000
vt -0.273150 1.958830 0.000000
vt -0.286710 2.006930 0.000000
vt -0.280800 2.000300 0.000000
vt -0.273870 1.982690 0.000000
vt -0.276460 1.992270 0.000000
vt -0.727170 1.977000 0.000000
vt -0.658250 2.071790 0.000000
vt -0.665830 1.993930 0.000000
vt 0.946420 1.905960 0.000000
vt 0.916830 1.930370 0.000000
vt 0.734195 1.974719 0.000000
vt 0.892410 1.959970 0.000000
vt 0.873970 1.993940 0.000000
vt 0.862310 2.031480 0.000000
vt 0.858250 2.071790 0.000000
vt 0.666380 2.152410 0.000000
vt 0.862310 2.112100 0.000000
vt 0.689690 2.227490 0.000000
vt 0.726570 2.295430 0.000000
vt 0.873970 2.149640 0.000000
vt 0.892410 2.183610 0.000000
vt 0.916830 2.213210 0.000000
vt 0.946420 2.237630 0.000000
vt 0.980400 2.256070 0.000000
vt 1.017940 2.267720 0.000000
vt 1.058250 2.271790 0.000000
vt 0.775410 2.354630 0.000000
vt 0.834610 2.403470 0.000000
vt 0.902550 2.440350 0.000000
vt 0.977630 2.463660 0.000000
vt 1.058250 2.471790 0.000000
vt 1.098560 2.267730 0.000000
vt 1.138870 2.463660 0.000000
vt 1.136100 2.256070 0.000000
vt 1.213950 2.440350 0.000000
vt 1.170070 2.237630 0.000000
vt 1.281890 2.403470 0.000000
vt 1.199670 2.213210 0.000000
vt 1.224090 2.183620 0.000000
vt 1.341090 2.354630 0.000000
vt 1.242530 2.149640 0.000000
vt 1.389930 2.295430 0.000000
vt 1.254180 2.112100 0.000000
vt 1.426810 2.227490 0.000000
vt 1.450120 2.152410 0.000000
vt 1.258250 2.071790 0.000000
vt 1.458250 2.071790 0.000000
vt 1.450120 1.991180 0.000000
vt 1.254190 2.031490 0.000000
vt 1.426810 1.916090 0.000000
vt 1.389940 1.848150 0.000000
vt 1.242530 1.993940 0.000000
vt 1.341090 1.788950 0.000000
vt 1.224100 1.959970 0.000000
vt 1.281890 1.740110 0.000000
vt 1.199670 1.930370 0.000000
vt 1.220400 1.706950 0.000000
vt 1.170080 1.905960 0.000000
vt 1.136100 1.887510 0.000000
vt 1.098570 1.875860 0.000000
vt 1.058250 1.871790 0.000000
vt -0.494830 1.869220 0.000000
vt 0.287820 1.903690 0.000000
vt -0.342000 1.899080 0.000000
vt 0.281850 1.903790 0.000000
vt -0.204870 1.916390 0.000000
vt 0.178950 1.919330 0.000000
vt 0.054880 1.927140 0.000000
vt 1.017940 1.875860 0.000000
vt 0.980400 1.887510 0.000000
vt 0.296400 1.906120 0.000000
vt 0.633970 2.001530 0.000000
vt 0.727170 1.977000 0.000000
vt 0.658250 2.071790 0.000000
vt 0.665830 1.993930 0.000000
vt 0.529830 2.020180 0.000000
vt 0.428590 2.028050 0.000000
vt 0.332830 2.023700 0.000000
vt 0.311850 2.019730 0.000000
vt 0.286460 1.922400 0.000000
vt 0.278030 1.939350 0.000000
vt 0.293990 2.012280 0.000000
vt 0.273150 1.958830 0.000000
vt 0.286710 2.006930 0.000000
vt 0.280800 2.000300 0.000000
vt 0.276460 1.992270 0.000000
vt 0.273870 1.982690 0.000000
vt 0.269770 1.906730 0.000000
vt -0.656610 1.827760 0.000000
vt -0.820580 1.775690 0.000000
vt -0.979970 1.713960 0.000000
vt -1.128020 1.643540 0.000000
vt -0.771780 0.590720 0.000000
vt -0.677860 0.591030 0.000000
vt -0.584350 0.588250 0.000000
vt -1.257960 1.565400 0.000000
vt -1.363040 1.480510 0.000000
vt -1.425880 1.425060 0.000000
vt -1.397920 1.453520 0.000000
vt -1.484210 1.366930 0.000000
vt -1.521290 1.326520 0.000000
vt -1.578790 1.254280 0.000000
vt -1.626790 1.175270 0.000000
vt -1.665570 1.090580 0.000000
vt -1.695410 1.001310 0.000000
vt -1.716590 0.908530 0.000000
vt -1.729400 0.813340 0.000000
vt -1.734110 0.716830 0.000000
vt -1.731000 0.620090 0.000000
vt -1.191640 0.540510 0.000000
vt -1.125900 0.554960 0.000000
vt -1.062900 0.565380 0.000000
vt -1.724610 0.555330 0.000000
vt -1.478960 0.430980 0.000000
vt -1.434870 0.455650 0.000000
vt -1.381740 0.479600 0.000000
vt -1.528890 0.390790 0.000000
vt -1.712600 0.487320 0.000000
vt -1.703800 0.454980 0.000000
vt -1.692790 0.425280 0.000000
vt -1.679280 0.399370 0.000000
vt -1.663010 0.378410 0.000000
vt -1.635570 0.355530 0.000000
vt -1.570070 0.356130 0.000000
vt -1.590250 0.346740 0.000000
vt -1.611700 0.345750 0.000000
vt -1.321910 0.502170 0.000000
vt -1.257760 0.522690 0.000000
vt -1.005000 0.571100 0.000000
vt -0.940450 0.580780 0.000000
vt -0.861010 0.587320 0.000000
vt -0.496350 0.582420 0.000000
vt -0.418950 0.573550 0.000000
vt -0.357270 0.561670 0.000000
vt -0.359810 0.535680 0.000000
vt 1.500260 0.335860 0.000000
vt -0.364490 0.510390 0.000000
vt -0.371160 0.485820 0.000000
vt -0.379710 0.462000 0.000000
vt 1.033100 -1.596040 0.000000
vt -0.389990 0.438940 0.000000
vt -0.401880 0.416680 0.000000
vt -0.415240 0.395240 0.000000
vt -0.359550 -1.575750 0.000000
vt -0.021770 -2.218560 0.000000
vt -0.024250 -2.220620 0.000000
vt -0.398790 -1.637810 0.000000
vt -0.030410 -2.227230 0.000000
vt -0.435530 -1.701760 0.000000
vt -0.452970 -1.735970 0.000000
vt -0.429930 0.374650 0.000000
vt -0.445470 0.352540 0.000000
vt -0.391220 -1.548740 0.000000
vt -0.448850 -1.493980 0.000000
vt -0.480260 -1.461540 0.000000
vt -0.510070 -1.428250 0.000000
vt -0.538340 -1.393970 0.000000
vt -0.565140 -1.358580 0.000000
vt -0.590510 -1.321970 0.000000
vt -0.614520 -1.284000 0.000000
vt -0.637230 -1.244550 0.000000
vt -0.658690 -1.203510 0.000000
vt -0.722870 -1.047360 0.000000
vt -0.674390 -1.171390 0.000000
vt -0.695630 -1.125480 0.000000
vt -0.714450 -1.079550 0.000000
vt -0.478430 0.328670 0.000000
vt -0.509930 0.302330 0.000000
vt -0.539900 0.273820 0.000000
vt -0.568280 0.243430 0.000000
vt -0.595000 0.211470 0.000000
vt -0.620010 0.178230 0.000000
vt -0.643230 0.144020 0.000000
vt -0.664620 0.109140 0.000000
vt -0.718300 0.001030 0.000000
vt -0.759760 -0.115770 0.000000
vt -0.789440 -0.238940 0.000000
vt -0.807820 -0.366160 0.000000
vt -0.815350 -0.495110 0.000000
vt -0.812500 -0.623460 0.000000
vt -0.799730 -0.748900 0.000000
vt -0.777490 -0.869100 0.000000
vt -0.768140 -0.909570 0.000000
vt -0.754230 -0.964730 0.000000
vt -0.746360 -0.992210 0.000000
vt -0.738300 -1.016630 0.000000
vt -0.730360 -1.035760 0.000000
vt -0.469360 -1.768540 0.000000
vt -0.181080 -2.350670 0.000000
vt -0.157250 -2.341470 0.000000
vt -0.134740 -2.330330 0.000000
vt -0.484890 -1.802100 0.000000
vt -0.232050 -2.362610 0.000000
vt -0.206070 -2.357770 0.000000
vt -0.499760 -1.839250 0.000000
vt -0.286360 -2.364810 0.000000
vt -0.258860 -2.365010 0.000000
vt -0.512890 -1.878730 0.000000
vt -0.329070 -2.358860 0.000000
vt -0.524170 -1.920970 0.000000
vt -0.367630 -2.346560 0.000000
vt -0.532960 -1.965160 0.000000
vt -0.402140 -2.328750 0.000000
vt -0.432680 -2.306270 0.000000
vt -0.459330 -2.279940 0.000000
vt -0.482160 -2.250610 0.000000
vt -0.538590 -2.010450 0.000000
vt -0.501270 -2.219110 0.000000
vt -0.516730 -2.186270 0.000000
vt -0.540430 -2.056040 0.000000
vt -0.537830 -2.101090 0.000000
vt -0.530150 -2.144770 0.000000
vt -0.060480 -2.267190 0.000000
vt -0.113690 -2.317420 0.000000
vt -0.094270 -2.302900 0.000000
vt -0.013300 -2.245230 0.000000
vt -0.000680 -2.271910 0.000000
vt 0.015160 -2.297970 0.000000
vt 0.033260 -2.322800 0.000000
vt 0.052700 -2.345780 0.000000
vt 0.072530 -2.366270 0.000000
vt 0.091810 -2.383660 0.000000
vt 0.109600 -2.397330 0.000000
vt 0.133870 -2.413020 0.000000
vt 0.159680 -2.427350 0.000000
vt 0.187070 -2.440080 0.000000
vt 0.216100 -2.451000 0.000000
vt 0.246810 -2.459860 0.000000
vt 0.279260 -2.466430 0.000000
vt 0.313500 -2.470480 0.000000
vt 0.349580 -2.471790 0.000000
vt 0.725700 -2.219720 0.000000
vt 0.405270 -2.468250 0.000000
vt 0.458440 -2.458220 0.000000
vt 0.508650 -2.441930 0.000000
vt 0.555440 -2.419610 0.000000
vt 0.598350 -2.391480 0.000000
vt 0.636930 -2.357780 0.000000
vt 0.699300 -2.274530 0.000000
vt 0.670730 -2.318720 0.000000
vt 0.752250 -2.258670 0.000000
vt 1.130910 -1.766850 0.000000
vt 1.110140 -1.722570 0.000000
vt 1.084640 -1.678370 0.000000
vt 0.798780 -2.307280 0.000000
vt 0.849610 -2.339490 0.000000
vt 0.901850 -2.357800 0.000000
vt 0.952640 -2.364700 0.000000
vt 1.165750 -1.829780 0.000000
vt 1.157080 -1.809360 0.000000
vt 1.181270 -1.871230 0.000000
vt 0.999120 -2.362680 0.000000
vt 1.038400 -2.354260 0.000000
vt 1.067630 -2.341920 0.000000
vt 1.083930 -2.328160 0.000000
vt 1.097360 -2.321920 0.000000
vt 1.111220 -2.312600 0.000000
vt 1.125100 -2.300840 0.000000
vt 1.138590 -2.287290 0.000000
vt 1.218180 -2.026850 0.000000
vt 1.162780 -2.257420 0.000000
vt 1.180530 -2.228180 0.000000
vt 1.219310 -2.067950 0.000000
vt 1.197170 -2.189080 0.000000
vt 1.209030 -2.149230 0.000000
vt 1.216340 -2.108800 0.000000
vt 1.213170 -1.985670 0.000000
vt 1.204500 -1.944580 0.000000
vt 1.192410 -1.903750 0.000000
vt 1.148180 -1.791090 0.000000
vt 1.139360 -1.776430 0.000000
vt 1.124610 -1.746460 0.000000
vt 1.154020 -1.527130 0.000000
vt 1.264420 -1.447530 0.000000
vt 1.514570 0.310270 0.000000
vt 1.380380 -1.340590 0.000000
vt 1.449870 -1.254560 0.000000
vt 1.408400 -1.309020 0.000000
vt 1.435830 -1.276000 0.000000
vt 1.364560 -1.357690 0.000000
vt 1.452140 -1.252450 0.000000
vt 1.506100 -1.181250 0.000000
vt 1.554790 -1.102180 0.000000
vt 1.597490 -1.021170 0.000000
vt 1.634270 -0.938090 0.000000
vt 1.665210 -0.852770 0.000000
vt 1.690370 -0.765070 0.000000
vt 1.709820 -0.674850 0.000000
vt 1.723640 -0.581940 0.000000
vt 1.731900 -0.486200 0.000000
vt 1.734110 -0.425690 0.000000
vt 1.733870 -0.365140 0.000000
vt 1.731200 -0.304820 0.000000
vt 1.726070 -0.244990 0.000000
vt 1.718500 -0.185900 0.000000
vt 1.708460 -0.127810 0.000000
vt 1.695950 -0.070990 0.000000
vt 1.680980 -0.015680 0.000000
vt 1.668330 0.023290 0.000000
vt 1.652480 0.065880 0.000000
vt 1.633880 0.110520 0.000000
vt 1.612950 0.155660 0.000000
vt 1.590120 0.199770 0.000000
vt 1.565830 0.241270 0.000000
vt 1.540500 0.278620 0.000000
vt 1.510800 0.361480 0.000000
vt 1.521770 0.398560 0.000000
vt 1.532700 0.443560 0.000000
vt 1.543090 0.492940 0.000000
vt 1.270230 1.658920 0.000000
vt 1.560300 0.590700 0.000000
vt 1.569500 0.663530 0.000000
vt 1.574930 0.773480 0.000000
vt 1.318350 1.604220 0.000000
vt 1.573900 0.881470 0.000000
vt 1.565840 0.987500 0.000000
vt 1.550210 1.091550 0.000000
vt 1.526430 1.193610 0.000000
vt 1.493940 1.293670 0.000000
vt 1.452180 1.391710 0.000000
vt 1.400600 1.487730 0.000000
vt 1.221100 1.706340 0.000000
vn -0.636356 0.771396 0.000000
vn -0.636356 0.771396 0.000000
vn -0.636356 0.771396 0.000000
vn -0.636356 0.771396 0.000000
vn -0.477166 0.878813 0.000000
vn -0.477166 0.878813 0.000000
vn -0.477166 0.878813 0.000000
vn -0.477166 0.878813 0.000000
vn -0.296391 0.955067 0.000000
vn -0.296391 0.955067 0.000000
vn -0.296391 0.955067 0.000000
vn -0.296391 0.955067 0.000000
vn -0.100457 0.994941 0.000000
vn -0.100457 0.994941 0.000000
vn -0.100457 0.994941 0.000000
vn -0.100457 0.994941 0.000000
vn 0.100432 0.994944 0.000000
vn 0.100432 0.994944 0.000000
vn 0.100432 0.994944 0.000000
vn 0.100432 0.994944 0.000000
vn 0.296463 0.955044 0.000000
vn 0.296463 0.955044 0.000000
vn 0.296463 0.955044 0.000000
vn 0.296463 0.955044 0.000000
vn 0.477166 0.878813 0.000000
vn 0.477166 0.878813 0.000000
vn 0.477166 0.878813 0.000000
vn 0.477166 0.878813 0.000000
vn 0.636356 0.771396 0.000000
vn 0.636356 0.771396 0.000000
vn 0.636356 0.771396 0.000000
vn 0.636356 0.771396 0.000000
vn 0.771245 0.636538 0.000000
vn 0.771245 0.636538 0.000000
vn 0.771245 0.636538 0.000000
vn 0.771245 0.636538 0.000000
vn 0.878971 0.476875 0.000000
vn 0.878971 0.476875 0.000000
vn 0.878971 0.476875 0.000000
vn 0.878971 0.476875 0.000000
vn 0.955017 0.296551 0.000000
vn 0.955017 0.296551 0.000000
vn 0.955017 0.296551 0.000000
vn 0.955017 0.296551 0.000000
vn 0.994964 0.100237 0.000000
vn 0.994964 0.100237 0.000000
vn 0.994964 0.100237 0.000000
vn 0.994964 0.100237 0.000000
vn 0.994941 -0.100457 0.000000
vn 0.994941 -0.100457 0.000000
vn 0.994941 -0.100457 0.000000
vn 0.994941 -0.100457 0.000000
vn 0.955067 -0.296391 0.000000
vn 0.955067 -0.296391 0.000000
vn 0.955067 -0.296391 0.000000
vn 0.955067 -0.296391 0.000000
vn 0.878922 -0.476966 0.000000
vn 0.878922 -0.476966 0.000000
vn 0.878922 -0.476966 0.000000
vn 0.878922 -0.476966 0.000000
vn 0.771268 -0.636511 0.000000
vn 0.771268 -0.636511 0.000000
vn 0.771268 -0.636511 0.000000
vn 0.771268 -0.636511 0.000000
vn 0.636383 -0.771373 0.000000
vn 0.636383 -0.771373 0.000000
vn 0.636383 -0.771373 0.000000
vn 0.636383 -0.771373 0.000000
vn 0.477075 -0.878863 0.000000
vn 0.477075 -0.878863 0.000000
vn 0.477075 -0.878863 0.000000
vn 0.477075 -0.878863 0.000000
vn 0.296623 -0.954995 0.000000
vn 0.296623 -0.954995 0.000000
vn 0.296623 -0.954995 0.000000
vn 0.296623 -0.954995 0.000000
vn 0.100212 -0.994966 0.000000
vn 0.100212 -0.994966 0.000000
vn 0.100212 -0.994966 0.000000
vn 0.100212 -0.994966 0.000000
vn -0.100457 -0.994941 -0.000000
vn -0.100457 -0.994941 -0.000000
vn -0.100457 -0.994941 -0.000000
vn -0.100457 -0.994941 -0.000000
vn -0.296391 -0.955067 -0.000000
vn -0.296391 -0.955067 -0.000000
vn -0.296391 -0.955067 -0.000000
vn -0.296391 -0.955067 -0.000000
vn -0.476966 -0.878922 -0.000000
vn -0.476966 -0.878922 -0.000000
vn -0.476966 -0.878922 -0.000000
vn -0.476966 -0.878922 -0.000000
vn -0.636511 -0.771268 -0.000000
vn -0.636511 -0.771268 -0.000000
vn -0.636511 -0.771268 -0.000000
vn -0.636511 -0.771268 -0.000000
vn -0.771373 -0.636383 -0.000000
vn -0.771373 -0.636383 -0.000000
vn -0.771373 -0.636383 -0.000000
vn -0.771373 -0.636383 -0.000000
vn -0.878863 -0.477075 -0.000000
vn -0.878863 -0.477075 -0.000000
vn -0.878863 -0.477075 -0.000000
vn -0.878863 -0.477075 -0.000000
vn -0.954995 -0.296623 -0.000000
vn -0.954995 -0.296623 -0.000000
vn -0.954995 -0.296623 -0.000000
vn -0.954995 -0.296623 -0.000000
vn -0.994966 -0.100212 -0.000000
vn -0.994966 -0.100212 -0.000000
vn -0.994966 -0.100212 -0.000000
vn -0.994966 -0.100212 -0.000000
vn -0.994966 0.100212 0.000000
vn -0.994966 0.100212 0.000000
vn -0.994966 0.100212 0.000000
vn -0.994966 0.100212 0.000000
vn -0.954995 0.296623 0.000000
vn -0.954995 0.296623 0.000000
vn -0.954995 0.296623 0.000000
vn -0.954995 0.296623 0.000000
vn -0.878863 0.477075 0.000000
vn -0.878863 0.477075 0.000000
vn -0.878863 0.477075 0.000000
vn -0.878863 0.477075 0.000000
vn -0.771373 0.636383 0.000000
vn -0.771373 0.636383 0.000000
vn -0.771373 0.636383 0.000000
vn -0.771373 0.636383 0.000000
vn -0.771373 0.636383 0.000000
vn -0.771373 0.636383 0.000000
vn -0.771373 0.636383 0.000000
vn -0.771373 0.636383 0.000000
vn -0.878863 0.477075 0.000000
vn -0.878863 0.477075 0.000000
vn -0.878863 0.477075 0.000000
vn -0.878863 0.477075 0.000000
vn -0.955031 0.296507 0.000000
vn -0.955031 0.296507 0.000000
vn -0.955031 0.296507 0.000000
vn -0.955031 0.296507 0.000000
vn -0.994954 0.100335 0.000000
vn -0.994954 0.100335 0.000000
vn -0.994954 0.100335 0.000000
vn -0.994954 0.100335 0.000000
vn -0.994953 -0.100347 -0.000000
vn -0.994953 -0.100347 -0.000000
vn -0.994953 -0.100347 -0.000000
vn -0.994953 -0.100347 -0.000000
vn -0.955042 -0.296471 -0.000000
vn -0.955042 -0.296471 -0.000000
vn -0.955042 -0.296471 -0.000000
vn -0.955042 -0.296471 -0.000000
vn -0.878917 -0.476975 -0.000000
vn -0.878917 -0.476975 -0.000000
vn -0.878917 -0.476975 -0.000000
vn -0.878917 -0.476975 -0.000000
vn -0.771309 -0.636460 -0.000000
vn -0.771309 -0.636460 -0.000000
vn -0.771309 -0.636460 -0.000000
vn -0.771309 -0.636460 -0.000000
vn -0.636383 -0.771373 -0.000000
vn -0.636383 -0.771373 -0.000000
vn -0.636383 -0.771373 -0.000000
vn -0.636383 -0.771373 -0.000000
vn -0.485619 -0.874171 -0.000000
vn -0.485619 -0.874171 -0.000000
vn -0.485619 -0.874171 -0.000000
vn -0.485619 -0.874171 -0.000000
vn 0.656978 -0.753910 0.000000
vn 0.656978 -0.753910 0.000000
vn 0.656978 -0.753910 0.000000
vn 0.656978 -0.753910 0.000000
vn -0.693983 0.719991 0.000000
vn -0.693983 0.719991 0.000000
vn -0.693983 0.719991 0.000000
vn -0.693983 0.719991 0.000000
vn -0.750822 0.660504 0.000000
vn -0.750822 0.660504 0.000000
vn -0.750822 0.660504 0.000000
vn -0.750822 0.660504 0.000000
vn -0.816896 0.576785 0.000000
vn -0.816896 0.576785 0.000000
vn -0.816896 0.576785 0.000000
vn -0.816896 0.576785 0.000000
vn -0.880942 0.473224 0.000000
vn -0.880942 0.473224 0.000000
vn -0.880942 0.473224 0.000000
vn -0.880942 0.473224 0.000000
vn -0.920016 0.391880 0.000000
vn -0.920016 0.391880 0.000000
vn -0.920016 0.391880 0.000000
vn -0.920016 0.391880 0.000000
vn -0.951116 0.308832 0.000000
vn -0.951116 0.308832 0.000000
vn -0.951116 0.308832 0.000000
vn -0.951116 0.308832 0.000000
vn -0.973913 0.226922 0.000000
vn -0.973913 0.226922 0.000000
vn -0.973913 0.226922 0.000000
vn -0.973913 0.226922 0.000000
vn -0.988905 0.148550 0.000000
vn -0.988905 0.148550 0.000000
vn -0.988905 0.148550 0.000000
vn -0.988905 0.148550 0.000000
vn -0.997123 0.075798 0.000000
vn -0.997123 0.075798 0.000000
vn -0.997123 0.075798 0.000000
vn -0.997123 0.075798 0.000000
vn -0.999955 0.009537 0.000000
vn -0.999955 0.009537 0.000000
vn -0.999955 0.009537 0.000000
vn -0.999955 0.009537 0.000000
vn -0.998783 -0.049326 -0.000000
vn -0.998783 -0.049326 -0.000000
vn -0.998783 -0.049326 -0.000000
vn -0.998783 -0.049326 -0.000000
vn -0.992116 -0.125326 -0.000000
vn -0.992116 -0.125326 -0.000000
vn -0.992116 -0.125326 -0.000000
vn -0.992116 -0.125326 -0.000000
vn -0.984855 -0.173377 -0.000000
vn -0.984855 -0.173377 -0.000000
vn -0.984855 -0.173377 -0.000000
vn -0.984855 -0.173377 -0.000000
vn -0.978573 -0.205901 -0.000000
vn -0.978573 -0.205901 -0.000000
vn -0.978573 -0.205901 -0.000000
vn -0.978573 -0.205901 -0.000000
vn -0.971747 -0.236026 -0.000000
vn -0.971747 -0.236026 -0.000000
vn -0.971747 -0.236026 -0.000000
vn -0.971747 -0.236026 -0.000000
vn -0.958915 -0.283692 -0.000000
vn -0.958915 -0.283692 -0.000000
vn -0.958915 -0.283692 -0.000000
vn -0.958915 -0.283692 -0.000000
vn -0.924798 -0.380459 -0.000000
vn -0.924798 -0.380459 -0.000000
vn -0.924798 -0.380459 -0.000000
vn -0.924798 -0.380459 -0.000000
vn -0.872802 0.488074 0.000000
vn -0.872802 0.488074 0.000000
vn -0.872802 0.488074 0.000000
vn -0.872802 0.488074 0.000000
vn -0.773543 0.633743 0.000000
vn -0.773543 0.633743 0.000000
vn -0.773543 0.633743 0.000000
vn -0.773543 0.633743 0.000000
vn -0.827627 0.561279 0.000000
vn -0.827627 0.561279 0.000000
vn -0.827627 0.561279 0.000000
vn -0.827627 0.561279 0.000000
vn -0.863039 0.505138 0.000000
vn -0.863039 0.505138 0.000000
vn -0.863039 0.505138 0.000000
vn -0.863039 0.505138 0.000000
vn -0.888099 0.459653 0.000000
vn -0.888099 0.459653 0.000000
vn -0.888099 0.459653 0.000000
vn -0.888099 0.459653 0.000000
vn -0.907223 0.420651 0.000000
vn -0.907223 0.420651 0.000000
vn -0.907223 0.420651 0.000000
vn -0.907223 0.420651 0.000000
vn -0.923077 0.384615 0.000000
vn -0.923077 0.384615 0.000000
vn -0.923077 0.384615 0.000000
vn -0.923077 0.384615 0.000000
vn -0.937203 0.348783 0.000000
vn -0.937203 0.348783 0.000000
vn -0.937203 0.348783 0.000000
vn -0.937203 0.348783 0.000000
vn -0.951143 0.308749 0.000000
vn -0.951143 0.308749 0.000000
vn -0.951143 0.308749 0.000000
vn -0.951143 0.308749 0.000000
vn -0.965269 0.261256 0.000000
vn -0.965269 0.261256 0.000000
vn -0.965269 0.261256 0.000000
vn -0.965269 0.261256 0.000000
vn -0.976610 0.215019 0.000000
vn -0.976610 0.215019 0.000000
vn -0.976610 0.215019 0.000000
vn -0.976610 0.215019 0.000000
vn -0.985390 0.170310 0.000000
vn -0.985390 0.170310 0.000000
vn -0.985390 0.170310 0.000000
vn -0.985390 0.170310 0.000000
vn -0.991894 0.127071 0.000000
vn -0.991894 0.127071 0.000000
vn -0.991894 0.127071 0.000000
vn -0.991894 0.127071 0.000000
vn -0.996344 0.085429 0.000000
vn -0.996344 0.085429 0.000000
vn -0.996344 0.085429 0.000000
vn -0.996344 0.085429 0.000000
vn -0.999022 0.044221 0.000000
vn -0.999022 0.044221 0.000000
vn -0.999022 0.044221 0.000000
vn -0.999022 0.044221 0.000000
vn -0.999992 0.003964 0.000000
vn -0.999992 0.003964 0.000000
vn -0.999992 0.003964 0.000000
vn -0.999992 0.003964 0.000000
vn -0.999334 -0.036499 -0.000000
vn -0.999334 -0.036499 -0.000000
vn -0.999334 -0.036499 -0.000000
vn -0.999334 -0.036499 -0.000000
vn -0.996299 -0.085956 -0.000000
vn -0.996299 -0.085956 -0.000000
vn -0.996299 -0.085956 -0.000000
vn -0.996299 -0.085956 -0.000000
vn -0.989118 -0.147127 -0.000000
vn -0.989118 -0.147127 -0.000000
vn -0.989118 -0.147127 -0.000000
vn -0.989118 -0.147127 -0.000000
vn -0.977542 -0.210742 -0.000000
vn -0.977542 -0.210742 -0.000000
vn -0.977542 -0.210742 -0.000000
vn -0.977542 -0.210742 -0.000000
vn -0.961226 -0.275763 -0.000000
vn -0.961226 -0.275763 -0.000000
vn -0.961226 -0.275763 -0.000000
vn -0.961226 -0.275763 -0.000000
vn -0.940095 -0.340911 -0.000000
vn -0.940095 -0.340911 -0.000000
vn -0.940095 -0.340911 -0.000000
vn -0.940095 -0.340911 -0.000000
vn -0.914401 -0.404810 -0.000000
vn -0.914401 -0.404810 -0.000000
vn -0.914401 -0.404810 -0.000000
vn -0.914401 -0.404810 -0.000000
vn -0.884634 -0.466286 -0.000000
vn -0.884634 -0.466286 -0.000000
vn -0.884634 -0.466286 -0.000000
vn -0.884634 -0.466286 -0.000000
vn -0.851507 -0.524344 -0.000000
vn -0.851507 -0.524344 -0.000000
vn -0.851507 -0.524344 -0.000000
vn -0.851507 -0.524344 -0.000000
vn -0.796981 -0.604004 -0.000000
vn -0.796981 -0.604004 -0.000000
vn -0.796981 -0.604004 -0.000000
vn -0.796981 -0.604004 -0.000000
vn -0.680822 -0.732449 -0.000000
vn -0.680822 -0.732449 -0.000000
vn -0.680822 -0.732449 -0.000000
vn -0.680822 -0.732449 -0.000000
vn -0.836584 -0.547838 -0.000000
vn -0.836584 -0.547838 -0.000000
vn -0.836584 -0.547838 -0.000000
vn -0.836584 -0.547838 -0.000000
vn -0.769213 -0.638992 -0.000000
vn -0.769213 -0.638992 -0.000000
vn -0.769213 -0.638992 -0.000000
vn -0.769213 -0.638992 -0.000000
vn -0.747906 -0.663805 -0.000000
vn -0.747906 -0.663805 -0.000000
vn -0.747906 -0.663805 -0.000000
vn -0.747906 -0.663805 -0.000000
vn -0.734046 -0.679100 -0.000000
vn -0.734046 -0.679100 -0.000000
vn -0.734046 -0.679100 -0.000000
vn -0.734046 -0.679100 -0.000000
vn -0.667789 -0.744350 -0.000000
vn -0.667789 -0.744350 -0.000000
vn -0.667789 -0.744350 -0.000000
vn -0.667789 -0.744350 -0.000000
vn -0.584847 -0.811144 -0.000000
vn -0.584847 -0.811144 -0.000000
vn -0.584847 -0.811144 -0.000000
vn -0.584847 -0.811144 -0.000000
vn -0.495125 -0.868822 -0.000000
vn -0.495125 -0.868822 -0.000000
vn -0.495125 -0.868822 -0.000000
vn -0.495125 -0.868822 -0.000000
vn -0.847611 0.530619 0.000000
vn -0.847611 0.530619 0.000000
vn -0.847611 0.530619 0.000000
vn -0.847611 0.530619 0.000000
vn -0.866186 0.499722 0.000000
vn -0.866186 0.499722 0.000000
vn -0.866186 0.499722 0.000000
vn -0.866186 0.499722 0.000000
vn -0.855337 0.518072 0.000000
vn -0.855337 0.518072 0.000000
vn -0.855337 0.518072 0.000000
vn -0.855337 0.518072 0.000000
vn -0.955434 0.295205 0.000000
vn -0.955434 0.295205 0.000000
vn -0.955434 0.295205 0.000000
vn -0.955434 0.295205 0.000000
vn -0.749952 0.661492 0.000000
vn -0.749952 0.661492 0.000000
vn -0.749952 0.661492 0.000000
vn -0.749952 0.661492 0.000000
vn -0.856873 0.515527 0.000000
vn -0.856873 0.515527 0.000000
vn -0.856873 0.515527 0.000000
vn -0.856873 0.515527 0.000000
vn -0.899005 0.437939 0.000000
vn -0.899005 0.437939 0.000000
vn -0.899005 0.437939 0.000000
vn -0.899005 0.437939 0.000000
vn -0.920469 0.390816 0.000000
vn -0.920469 0.390816 0.000000
vn -0.920469 0.390816 0.000000
vn -0.920469 0.390816 0.000000
vn -0.936505 0.350653 0.000000
vn -0.936505 0.350653 0.000000
vn -0.936505 0.350653 0.000000
vn -0.936505 0.350653 0.000000
vn -0.946033 0.324071 0.000000
vn -0.946033 0.324071 0.000000
vn -0.946033 0.324071 0.000000
vn -0.946033 0.324071 0.000000
vn -0.958848 0.283920 0.000000
vn -0.958848 0.283920 0.000000
vn -0.958848 0.283920 0.000000
vn -0.958848 0.283920 0.000000
vn -0.978456 0.206454 0.000000
vn -0.978456 0.206454 0.000000
vn -0.978456 0.206454 0.000000
vn -0.978456 0.206454 0.000000
vn -0.992680 0.120770 0.000000
vn -0.992680 0.120770 0.000000
vn -0.992680 0.120770 0.000000
vn -0.992680 0.120770 0.000000
vn -0.999622 0.027484 0.000000
vn -0.999622 0.027484 0.000000
vn -0.999622 0.027484 0.000000
vn -0.999622 0.027484 0.000000
vn -0.997367 -0.072514 -0.000000
vn -0.997367 -0.072514 -0.000000
vn -0.997367 -0.072514 -0.000000
vn -0.997367 -0.072514 -0.000000
vn -0.984045 -0.177922 -0.000000
vn -0.984045 -0.177922 -0.000000
vn -0.984045 -0.177922 -0.000000
vn -0.984045 -0.177922 -0.000000
vn -0.958453 -0.285251 -0.000000
vn -0.958453 -0.285251 -0.000000
vn -0.958453 -0.285251 -0.000000
vn -0.958453 -0.285251 -0.000000
vn -0.920140 -0.391589 -0.000000
vn -0.920140 -0.391589 -0.000000
vn -0.920140 -0.391589 -0.000000
vn -0.920140 -0.391589 -0.000000
vn -0.854825 -0.518917 -0.000000
vn -0.854825 -0.518917 -0.000000
vn -0.854825 -0.518917 -0.000000
vn -0.854825 -0.518917 -0.000000
vn -0.777124 -0.629348 -0.000000
vn -0.777124 -0.629348 -0.000000
vn -0.777124 -0.629348 -0.000000
vn -0.777124 -0.629348 -0.000000
vn -0.708674 -0.705536 -0.000000
vn -0.708674 -0.705536 -0.000000
vn -0.708674 -0.705536 -0.000000
vn -0.708674 -0.705536 -0.000000
vn -0.646435 -0.762969 -0.000000
vn -0.646435 -0.762969 -0.000000
vn -0.646435 -0.762969 -0.000000
vn -0.646435 -0.762969 -0.000000
vn -0.558012 -0.829833 -0.000000
vn -0.558012 -0.829833 -0.000000
vn -0.558012 -0.829833 -0.000000
vn -0.558012 -0.829833 -0.000000
vn -0.421369 -0.906889 -0.000000
vn -0.421369 -0.906889 -0.000000
vn -0.421369 -0.906889 -0.000000
vn -0.421369 -0.906889 -0.000000
vn -0.645059 -0.764133 -0.000000
vn -0.645059 -0.764133 -0.000000
vn -0.645059 -0.764133 -0.000000
vn -0.645059 -0.764133 -0.000000
vn -0.388930 -0.921267 -0.000000
vn -0.388930 -0.921267 -0.000000
vn -0.388930 -0.921267 -0.000000
vn -0.388930 -0.921267 -0.000000
vn -0.209597 -0.977788 -0.000000
vn -0.209597 -0.977788 -0.000000
vn -0.209597 -0.977788 -0.000000
vn -0.209597 -0.977788 -0.000000
vn -0.043419 -0.999057 -0.000000
vn -0.043419 -0.999057 -0.000000
vn -0.043419 -0.999057 -0.000000
vn -0.043419 -0.999057 -0.000000
vn 0.134617 -0.990898 0.000000
vn 0.134617 -0.990898 0.000000
vn 0.134617 -0.990898 0.000000
vn 0.134617 -0.990898 0.000000
vn 0.330769 -0.943712 0.000000
vn 0.330769 -0.943712 0.000000
vn 0.330769 -0.943712 0.000000
vn 0.330769 -0.943712 0.000000
vn 0.535262 -0.844686 0.000000
vn 0.535262 -0.844686 0.000000
vn 0.535262 -0.844686 0.000000
vn 0.535262 -0.844686 0.000000
vn 0.722393 -0.691482 0.000000
vn 0.722393 -0.691482 0.000000
vn 0.722393 -0.691482 0.000000
vn 0.722393 -0.691482 0.000000
vn 0.826295 -0.563238 0.000000
vn 0.826295 -0.563238 0.000000
vn 0.826295 -0.563238 0.000000
vn 0.826295 -0.563238 0.000000
vn -0.900937 -0.433949 -0.000000
vn -0.900937 -0.433949 -0.000000
vn -0.900937 -0.433949 -0.000000
vn -0.900937 -0.433949 -0.000000
vn -0.839774 -0.542936 -0.000000
vn -0.839774 -0.542936 -0.000000
vn -0.839774 -0.542936 -0.000000
vn -0.839774 -0.542936 -0.000000
vn -0.756187 -0.654355 -0.000000
vn -0.756187 -0.654355 -0.000000
vn -0.756187 -0.654355 -0.000000
vn -0.756187 -0.654355 -0.000000
vn -0.657869 -0.753133 -0.000000
vn -0.657869 -0.753133 -0.000000
vn -0.657869 -0.753133 -0.000000
vn -0.657869 -0.753133 -0.000000
vn -0.548252 -0.836313 -0.000000
vn -0.548252 -0.836313 -0.000000
vn -0.548252 -0.836313 -0.000000
vn -0.548252 -0.836313 -0.000000
vn -0.430547 -0.902568 -0.000000
vn -0.430547 -0.902568 -0.000000
vn -0.430547 -0.902568 -0.000000
vn -0.430547 -0.902568 -0.000000
vn -0.308602 -0.951191 -0.000000
vn -0.308602 -0.951191 -0.000000
vn -0.308602 -0.951191 -0.000000
vn -0.308602 -0.951191 -0.000000
vn -0.185371 -0.982669 -0.000000
vn -0.185371 -0.982669 -0.000000
vn -0.185371 -0.982669 -0.000000
vn -0.185371 -0.982669 -0.000000
vn -0.063438 -0.997986 -0.000000
vn -0.063438 -0.997986 -0.000000
vn -0.063438 -0.997986 -0.000000
vn -0.063438 -0.997986 -0.000000
vn 0.036284 -0.999342 0.000000
vn 0.036284 -0.999342 0.000000
vn 0.036284 -0.999342 0.000000
vn 0.036284 -0.999342 0.000000
vn 0.117464 -0.993077 0.000000
vn 0.117464 -0.993077 0.000000
vn 0.117464 -0.993077 0.000000
vn 0.117464 -0.993077 0.000000
vn 0.198439 -0.980113 0.000000
vn 0.198439 -0.980113 0.000000
vn 0.198439 -0.980113 0.000000
vn 0.198439 -0.980113 0.000000
vn 0.277200 -0.960812 0.000000
vn 0.277200 -0.960812 0.000000
vn 0.277200 -0.960812 0.000000
vn 0.277200 -0.960812 0.000000
vn 0.352077 -0.935971 0.000000
vn 0.352077 -0.935971 0.000000
vn 0.352077 -0.935971 0.000000
vn 0.352077 -0.935971 0.000000
vn 0.421471 -0.906842 0.000000
vn 0.421471 -0.906842 0.000000
vn 0.421471 -0.906842 0.000000
vn 0.421471 -0.906842 0.000000
vn 0.485413 -0.874285 0.000000
vn 0.485413 -0.874285 0.000000
vn 0.485413 -0.874285 0.000000
vn 0.485413 -0.874285 0.000000
vn 0.542907 -0.839793 0.000000
vn 0.542907 -0.839793 0.000000
vn 0.542907 -0.839793 0.000000
vn 0.542907 -0.839793 0.000000
vn 0.609301 -0.792939 0.000000
vn 0.609301 -0.792939 0.000000
vn 0.609301 -0.792939 0.000000
vn 0.609301 -0.792939 0.000000
vn 0.669773 -0.742566 0.000000
vn 0.669773 -0.742566 0.000000
vn 0.669773 -0.742566 0.000000
vn 0.669773 -0.742566 0.000000
vn 0.718585 -0.695439 0.000000
vn 0.718585 -0.695439 0.000000
vn 0.718585 -0.695439 0.000000
vn 0.718585 -0.695439 0.000000
vn 0.763462 -0.645853 0.000000
vn 0.763462 -0.645853 0.000000
vn 0.763462 -0.645853 0.000000
vn 0.763462 -0.645853 0.000000
vn 0.808088 -0.589061 0.000000
vn 0.808088 -0.589061 0.000000
vn 0.808088 -0.589061 0.000000
vn 0.808088 -0.589061 0.000000
vn 0.854528 -0.519406 0.000000
vn 0.854528 -0.519406 0.000000
vn 0.854528 -0.519406 0.000000
vn 0.854528 -0.519406 0.000000
vn 0.903972 -0.427591 0.000000
vn 0.903972 -0.427591 0.000000
vn 0.903972 -0.427591 0.000000
vn 0.903972 -0.427591 0.000000
vn 0.953090 -0.302687 0.000000
vn 0.953090 -0.302687 0.000000
vn 0.953090 -0.302687 0.000000
vn 0.953090 -0.302687 0.000000
vn -0.638963 -0.769237 -0.000000
vn -0.638963 -0.769237 -0.000000
vn -0.638963 -0.769237 -0.000000
vn -0.638963 -0.769237 -0.000000
vn -0.731570 -0.681766 -0.000000
vn -0.731570 -0.681766 -0.000000
vn -0.731570 -0.681766 -0.000000
vn -0.731570 -0.681766 -0.000000
vn -0.799039 -0.601279 -0.000000
vn -0.799039 -0.601279 -0.000000
vn -0.799039 -0.601279 -0.000000
vn -0.799039 -0.601279 -0.000000
vn -0.726364 -0.687310 -0.000000
vn -0.726364 -0.687310 -0.000000
vn -0.726364 -0.687310 -0.000000
vn -0.726364 -0.687310 -0.000000
vn -0.598812 -0.800890 -0.000000
vn -0.598812 -0.800890 -0.000000
vn -0.598812 -0.800890 -0.000000
vn -0.598812 -0.800890 -0.000000
vn -0.522809 -0.852450 -0.000000
vn -0.522809 -0.852450 -0.000000
vn -0.522809 -0.852450 -0.000000
vn -0.522809 -0.852450 -0.000000
vn -0.443547 -0.896251 -0.000000
vn -0.443547 -0.896251 -0.000000
vn -0.443547 -0.896251 -0.000000
vn -0.443547 -0.896251 -0.000000
vn -0.360159 -0.932891 -0.000000
vn -0.360159 -0.932891 -0.000000
vn -0.360159 -0.932891 -0.000000
vn -0.360159 -0.932891 -0.000000
vn -0.273297 -0.961930 -0.000000
vn -0.273297 -0.961930 -0.000000
vn -0.273297 -0.961930 -0.000000
vn -0.273297 -0.961930 -0.000000
vn -0.183146 -0.983086 -0.000000
vn -0.183146 -0.983086 -0.000000
vn -0.183146 -0.983086 -0.000000
vn -0.183146 -0.983086 -0.000000
vn -0.089162 -0.996017 -0.000000
vn -0.089162 -0.996017 -0.000000
vn -0.089162 -0.996017 -0.000000
vn -0.089162 -0.996017 -0.000000
vn 0.007273 -0.999974 0.000000
vn 0.007273 -0.999974 0.000000
vn 0.007273 -0.999974 0.000000
vn 0.007273 -0.999974 0.000000
vn 0.137979 -0.990435 0.000000
vn 0.137979 -0.990435 0.000000
vn 0.137979 -0.990435 0.000000
vn 0.137979 -0.990435 0.000000
vn 0.303897 -0.952705 0.000000
vn 0.303897 -0.952705 0.000000
vn 0.303897 -0.952705 0.000000
vn 0.303897 -0.952705 0.000000
vn 0.458610 -0.888638 0.000000
vn 0.458610 -0.888638 0.000000
vn 0.458610 -0.888638 0.000000
vn 0.458610 -0.888638 0.000000
vn 0.592803 -0.805347 0.000000
vn 0.592803 -0.805347 0.000000
vn 0.592803 -0.805347 0.000000
vn 0.592803 -0.805347 0.000000
vn 0.702823 -0.711365 0.000000
vn 0.702823 -0.711365 0.000000
vn 0.702823 -0.711365 0.000000
vn 0.702823 -0.711365 0.000000
vn 0.789120 -0.614239 0.000000
vn 0.789120 -0.614239 0.000000
vn 0.789120 -0.614239 0.000000
vn 0.789120 -0.614239 0.000000
vn 0.854968 -0.518681 0.000000
vn 0.854968 -0.518681 0.000000
vn 0.854968 -0.518681 0.000000
vn 0.854968 -0.518681 0.000000
vn 0.904756 -0.425930 0.000000
vn 0.904756 -0.425930 0.000000
vn 0.904756 -0.425930 0.000000
vn 0.904756 -0.425930 0.000000
vn 0.951488 -0.307686 0.000000
vn 0.951488 -0.307686 0.000000
vn 0.951488 -0.307686 0.000000
vn 0.951488 -0.307686 0.000000
vn 0.984892 -0.173168 0.000000
vn 0.984892 -0.173168 0.000000
vn 0.984892 -0.173168 0.000000
vn 0.984892 -0.173168 0.000000
vn 0.998339 -0.057618 0.000000
vn 0.998339 -0.057618 0.000000
vn 0.998339 -0.057618 0.000000
vn 0.998339 -0.057618 0.000000
vn 0.999187 0.040327 0.000000
vn 0.999187 0.040327 0.000000
vn 0.999187 0.040327 0.000000
vn 0.999187 0.040327 0.000000
vn 0.992362 0.123361 0.000000
vn 0.992362 0.123361 0.000000
vn 0.992362 0.123361 0.000000
vn 0.992362 0.123361 0.000000
vn 0.980785 0.195092 0.000000
vn 0.980785 0.195092 0.000000
vn 0.980785 0.195092 0.000000
vn 0.980785 0.195092 0.000000
vn 0.966144 0.258004 0.000000
vn 0.966144 0.258004 0.000000
vn 0.966144 0.258004 0.000000
vn 0.966144 0.258004 0.000000
vn 0.948899 0.315579 0.000000
vn 0.948899 0.315579 0.000000
vn 0.948899 0.315579 0.000000
vn 0.948899 0.315579 0.000000
vn 0.928390 0.371606 0.000000
vn 0.928390 0.371606 0.000000
vn 0.928390 0.371606 0.000000
vn 0.928390 0.371606 0.000000
vn 0.907539 0.419967 0.000000
vn 0.907539 0.419967 0.000000
vn 0.907539 0.419967 0.000000
vn 0.907539 0.419967 0.000000
vn 0.893272 0.449516 0.000000
vn 0.893272 0.449516 0.000000
vn 0.893272 0.449516 0.000000
vn 0.893272 0.449516 0.000000
vn 0.890910 0.454179 0.000000
vn 0.890910 0.454179 0.000000
vn 0.890910 0.454179 0.000000
vn 0.890910 0.454179 0.000000
vn 0.867089 0.498153 0.000000
vn 0.867089 0.498153 0.000000
vn 0.867089 0.498153 0.000000
vn 0.867089 0.498153 0.000000
vn 0.845217 0.534423 0.000000
vn 0.845217 0.534423 0.000000
vn 0.845217 0.534423 0.000000
vn 0.845217 0.534423 0.000000
vn 0.648910 -0.760865 0.000000
vn 0.648910 -0.760865 0.000000
vn 0.648910 -0.760865 0.000000
vn 0.648910 -0.760865 0.000000
vn 0.688825 -0.724927 0.000000
vn 0.688825 -0.724927 0.000000
vn 0.688825 -0.724927 0.000000
vn 0.688825 -0.724927 0.000000
vn 0.718420 -0.695610 0.000000
vn 0.718420 -0.695610 0.000000
vn 0.718420 -0.695610 0.000000
vn 0.718420 -0.695610 0.000000
vn 0.744972 -0.667096 0.000000
vn 0.744972 -0.667096 0.000000
vn 0.744972 -0.667096 0.000000
vn 0.744972 -0.667096 0.000000
vn 0.771495 -0.636236 0.000000
vn 0.771495 -0.636236 0.000000
vn 0.771495 -0.636236 0.000000
vn 0.771495 -0.636236 0.000000
vn 0.797207 -0.603706 0.000000
vn 0.797207 -0.603706 0.000000
vn 0.797207 -0.603706 0.000000
vn 0.797207 -0.603706 0.000000
vn 0.821933 -0.569584 0.000000
vn 0.821933 -0.569584 0.000000
vn 0.821933 -0.569584 0.000000
vn 0.821933 -0.569584 0.000000
vn 0.845198 -0.534454 0.000000
vn 0.845198 -0.534454 0.000000
vn 0.845198 -0.534454 0.000000
vn 0.845198 -0.534454 0.000000
vn 0.866657 -0.498904 0.000000
vn 0.866657 -0.498904 0.000000
vn 0.866657 -0.498904 0.000000
vn 0.866657 -0.498904 0.000000
vn 0.886161 -0.463378 0.000000
vn 0.886161 -0.463378 0.000000
vn 0.886161 -0.463378 0.000000
vn 0.886161 -0.463378 0.000000
vn 0.898419 -0.439140 0.000000
vn 0.898419 -0.439140 0.000000
vn 0.898419 -0.439140 0.000000
vn 0.898419 -0.439140 0.000000
vn 0.907577 -0.419885 0.000000
vn 0.907577 -0.419885 0.000000
vn 0.907577 -0.419885 0.000000
vn 0.907577 -0.419885 0.000000
vn 0.925332 -0.379158 0.000000
vn 0.925332 -0.379158 0.000000
vn 0.925332 -0.379158 0.000000
vn 0.925332 -0.379158 0.000000
vn 0.967451 -0.253058 0.000000
vn 0.967451 -0.253058 0.000000
vn 0.967451 -0.253058 0.000000
vn 0.967451 -0.253058 0.000000
vn 0.840094 -0.542440 0.000000
vn 0.840094 -0.542440 0.000000
vn 0.840094 -0.542440 0.000000
vn 0.840094 -0.542440 0.000000
vn 0.923605 -0.383347 0.000000
vn 0.923605 -0.383347 0.000000
vn 0.923605 -0.383347 0.000000
vn 0.923605 -0.383347 0.000000
vn 0.949612 -0.313427 0.000000
vn 0.949612 -0.313427 0.000000
vn 0.949612 -0.313427 0.000000
vn 0.949612 -0.313427 0.000000
vn 0.961352 -0.275322 0.000000
vn 0.961352 -0.275322 0.000000
vn 0.961352 -0.275322 0.000000
vn 0.961352 -0.275322 0.000000
vn 0.969644 -0.244520 0.000000
vn 0.969644 -0.244520 0.000000
vn 0.969644 -0.244520 0.000000
vn 0.969644 -0.244520 0.000000
vn 0.974334 -0.225106 0.000000
vn 0.974334 -0.225106 0.000000
vn 0.974334 -0.225106 0.000000
vn 0.974334 -0.225106 0.000000
vn 0.983310 -0.181937 0.000000
vn 0.983310 -0.181937 0.000000
vn 0.983310 -0.181937 0.000000
vn 0.983310 -0.181937 0.000000
vn 0.994858 -0.101278 0.000000
vn 0.994858 -0.101278 0.000000
vn 0.994858 -0.101278 0.000000
vn 0.994858 -0.101278 0.000000
vn 0.999754 -0.022199 0.000000
vn 0.999754 -0.022199 0.000000
vn 0.999754 -0.022199 0.000000
vn 0.999754 -0.022199 0.000000
vn 0.998299 0.058295 0.000000
vn 0.998299 0.058295 0.000000
vn 0.998299 0.058295 0.000000
vn 0.998299 0.058295 0.000000
vn 0.989724 0.142990 0.000000
vn 0.989724 0.142990 0.000000
vn 0.989724 0.142990 0.000000
vn 0.989724 0.142990 0.000000
vn 0.972173 0.234262 0.000000
vn 0.972173 0.234262 0.000000
vn 0.972173 0.234262 0.000000
vn 0.972173 0.234262 0.000000
vn 0.942390 0.334516 0.000000
vn 0.942390 0.334516 0.000000
vn 0.942390 0.334516 0.000000
vn 0.942390 0.334516 0.000000
vn 0.895666 0.444726 0.000000
vn 0.895666 0.444726 0.000000
vn 0.895666 0.444726 0.000000
vn 0.895666 0.444726 0.000000
vn 0.852471 0.522774 0.000000
vn 0.852471 0.522774 0.000000
vn 0.852471 0.522774 0.000000
vn 0.852471 0.522774 0.000000
vn 0.827408 0.561602 0.000000
vn 0.827408 0.561602 0.000000
vn 0.827408 0.561602 0.000000
vn 0.827408 0.561602 0.000000
vn 0.799076 0.601230 0.000000
vn 0.799076 0.601230 0.000000
vn 0.799076 0.601230 0.000000
vn 0.799076 0.601230 0.000000
vn 0.767197 0.641411 0.000000
vn 0.767197 0.641411 0.000000
vn 0.767197 0.641411 0.000000
vn 0.767197 0.641411 0.000000
vn 0.730863 0.682524 0.000000
vn 0.730863 0.682524 0.000000
vn 0.730863 0.682524 0.000000
vn 0.730863 0.682524 0.000000
vn 0.689239 0.724535 0.000000
vn 0.689239 0.724535 0.000000
vn 0.689239 0.724535 0.000000
vn 0.689239 0.724535 0.000000
vn 0.641477 0.767142 0.000000
vn 0.641477 0.767142 0.000000
vn 0.641477 0.767142 0.000000
vn 0.641477 0.767142 0.000000
vn 0.586549 0.809914 0.000000
vn 0.586549 0.809914 0.000000
vn 0.586549 0.809914 0.000000
vn 0.586549 0.809914 0.000000
vn 0.818135 0.575026 0.000000
vn 0.818135 0.575026 0.000000
vn 0.818135 0.575026 0.000000
vn 0.818135 0.575026 0.000000
vn 0.814054 0.580789 0.000000
vn 0.814054 0.580789 0.000000
vn 0.814054 0.580789 0.000000
vn 0.814054 0.580789 0.000000
vn 0.848709 0.528860 0.000000
vn 0.848709 0.528860 0.000000
vn 0.848709 0.528860 0.000000
vn 0.848709 0.528860 0.000000
vn 0.882057 0.471143 0.000000
vn 0.882057 0.471143 0.000000
vn 0.882057 0.471143 0.000000
vn 0.882057 0.471143 0.000000
vn 0.913354 0.407167 0.000000
vn 0.913354 0.407167 0.000000
vn 0.913354 0.407167 0.000000
vn 0.913354 0.407167 0.000000
vn 0.941204 0.337838 0.000000
vn 0.941204 0.337838 0.000000
vn 0.941204 0.337838 0.000000
vn 0.941204 0.337838 0.000000
vn 0.965071 0.261987 0.000000
vn 0.965071 0.261987 0.000000
vn 0.965071 0.261987 0.000000
vn 0.965071 0.261987 0.000000
vn 0.983305 0.181964 0.000000
vn 0.983305 0.181964 0.000000
vn 0.983305 0.181964 0.000000
vn 0.983305 0.181964 0.000000
vn 0.995258 0.097266 0.000000
vn 0.995258 0.097266 0.000000
vn 0.995258 0.097266 0.000000
vn 0.995258 0.097266 0.000000
vn 0.189131 -0.981952 0.000000
vn 0.189131 -0.981952 0.000000
vn 0.189131 -0.981952 0.000000
vn 0.189131 -0.981952 0.000000
vn 0.113854 -0.993497 0.000000
vn 0.113854 -0.993497 0.000000
vn 0.113854 -0.993497 0.000000
vn 0.113854 -0.993497 0.000000
vn 0.066105 -0.997813 0.000000
vn 0.066105 -0.997813 0.000000
vn 0.066105 -0.997813 0.000000
vn 0.066105 -0.997813 0.000000
vn 0.029716 -0.999558 0.000000
vn 0.029716 -0.999558 0.000000
vn 0.029716 -0.999558 0.000000
vn 0.029716 -0.999558 0.000000
vn -0.003301 -0.999995 -0.000000
vn -0.003301 -0.999995 -0.000000
vn -0.003301 -0.999995 -0.000000
vn -0.003301 -0.999995 -0.000000
vn -0.038076 -0.999275 -0.000000
vn -0.038076 -0.999275 -0.000000
vn -0.038076 -0.999275 -0.000000
vn -0.038076 -0.999275 -0.000000
vn -0.082049 -0.996628 -0.000000
vn -0.082049 -0.996628 -0.000000
vn -0.082049 -0.996628 -0.000000
vn -0.082049 -0.996628 -0.000000
vn -0.148303 -0.988942 -0.000000
vn -0.148303 -0.988942 -0.000000
vn -0.148303 -0.988942 -0.000000
vn -0.148303 -0.988942 -0.000000
vn -0.098312 -0.995156 -0.000000
vn -0.098312 -0.995156 -0.000000
vn -0.098312 -0.995156 -0.000000
vn -0.098312 -0.995156 -0.000000
vn -0.163180 -0.986596 -0.000000
vn -0.163180 -0.986596 -0.000000
vn -0.163180 -0.986596 -0.000000
vn -0.163180 -0.986596 -0.000000
vn -0.214680 -0.976684 -0.000000
vn -0.214680 -0.976684 -0.000000
vn -0.214680 -0.976684 -0.000000
vn -0.214680 -0.976684 -0.000000
vn -0.260225 -0.965548 -0.000000
vn -0.260225 -0.965548 -0.000000
vn -0.260225 -0.965548 -0.000000
vn -0.260225 -0.965548 -0.000000
vn -0.304668 -0.952459 -0.000000
vn -0.304668 -0.952459 -0.000000
vn -0.304668 -0.952459 -0.000000
vn -0.304668 -0.952459 -0.000000
vn -0.352957 -0.935640 -0.000000
vn -0.352957 -0.935640 -0.000000
vn -0.352957 -0.935640 -0.000000
vn -0.352957 -0.935640 -0.000000
vn -0.410957 -0.911655 -0.000000
vn -0.410957 -0.911655 -0.000000
vn -0.410957 -0.911655 -0.000000
vn -0.410957 -0.911655 -0.000000
vn -0.488296 -0.872678 -0.000000
vn -0.488296 -0.872678 -0.000000
vn -0.488296 -0.872678 -0.000000
vn -0.488296 -0.872678 -0.000000
vn -0.627032 -0.778993 -0.000000
vn -0.627032 -0.778993 -0.000000
vn -0.627032 -0.778993 -0.000000
vn -0.627032 -0.778993 -0.000000
vn -0.643941 -0.765075 -0.000000
vn -0.643941 -0.765075 -0.000000
vn -0.643941 -0.765075 -0.000000
vn -0.643941 -0.765075 -0.000000
vn -0.421877 -0.906653 -0.000000
vn -0.421877 -0.906653 -0.000000
vn -0.421877 -0.906653 -0.000000
vn -0.421877 -0.906653 -0.000000
vn -0.046105 -0.998937 -0.000000
vn -0.046105 -0.998937 -0.000000
vn -0.046105 -0.998937 -0.000000
vn -0.046105 -0.998937 -0.000000
vn 0.379131 -0.925343 0.000000
vn 0.379131 -0.925343 0.000000
vn 0.379131 -0.925343 0.000000
vn 0.379131 -0.925343 0.000000
vn 0.640405 -0.768038 0.000000
vn 0.640405 -0.768038 0.000000
vn 0.640405 -0.768038 0.000000
vn 0.640405 -0.768038 0.000000
vn 0.789940 -0.613184 0.000000
vn 0.789940 -0.613184 0.000000
vn 0.789940 -0.613184 0.000000
vn 0.789940 -0.613184 0.000000
vn 0.886701 -0.462344 0.000000
vn 0.886701 -0.462344 0.000000
vn 0.886701 -0.462344 0.000000
vn 0.886701 -0.462344 0.000000
vn 0.937646 -0.347592 0.000000
vn 0.937646 -0.347592 0.000000
vn 0.937646 -0.347592 0.000000
vn 0.937646 -0.347592 0.000000
vn 0.964915 -0.262562 0.000000
vn 0.964915 -0.262562 0.000000
vn 0.964915 -0.262562 0.000000
vn 0.964915 -0.262562 0.000000
vn 0.984763 -0.173901 0.000000
vn 0.984763 -0.173901 0.000000
vn 0.984763 -0.173901 0.000000
vn 0.984763 -0.173901 0.000000
vn 0.995167 -0.098195 0.000000
vn 0.995167 -0.098195 0.000000
vn 0.995167 -0.098195 0.000000
vn 0.995167 -0.098195 0.000000
vn 0.999484 -0.032131 0.000000
vn 0.999484 -0.032131 0.000000
vn 0.999484 -0.032131 0.000000
vn 0.999484 -0.032131 0.000000
vn 0.998811 0.048745 0.000000
vn 0.998811 0.048745 0.000000
vn 0.998811 0.048745 0.000000
vn 0.998811 0.048745 0.000000
vn 0.991066 0.133371 0.000000
vn 0.991066 0.133371 0.000000
vn 0.991066 0.133371 0.000000
vn 0.991066 0.133371 0.000000
vn 0.974920 0.222557 0.000000
vn 0.974920 0.222557 0.000000
vn 0.974920 0.222557 0.000000
vn 0.974920 0.222557 0.000000
vn 0.948417 0.317024 0.000000
vn 0.948417 0.317024 0.000000
vn 0.948417 0.317024 0.000000
vn 0.948417 0.317024 0.000000
vn 0.909212 0.416333 0.000000
vn 0.909212 0.416333 0.000000
vn 0.909212 0.416333 0.000000
vn 0.909212 0.416333 0.000000
vn 0.854645 0.519212 0.000000
vn 0.854645 0.519212 0.000000
vn 0.854645 0.519212 0.000000
vn 0.854645 0.519212 0.000000
vn 0.782409 0.622765 0.000000
vn 0.782409 0.622765 0.000000
vn 0.782409 0.622765 0.000000
vn 0.782409 0.622765 0.000000
vn 0.736813 0.676096 0.000000
vn 0.736813 0.676096 0.000000
vn 0.736813 0.676096 0.000000
vn 0.736813 0.676096 0.000000
vn 0.705891 0.708320 0.000000
vn 0.705891 0.708320 0.000000
vn 0.705891 0.708320 0.000000
vn 0.705891 0.708320 0.000000
vn 0.713345 0.700813 0.000000
vn 0.713345 0.700813 0.000000
vn 0.713345 0.700813 0.000000
vn 0.713345 0.700813 0.000000
vn 0.611977 0.790876 0.000000
vn 0.611977 0.790876 0.000000
vn 0.611977 0.790876 0.000000
vn 0.611977 0.790876 0.000000
vn 0.628416 0.777877 0.000000
vn 0.628416 0.777877 0.000000
vn 0.628416 0.777877 0.000000
vn 0.628416 0.777877 0.000000
vn 0.515349 0.856980 0.000000
vn 0.515349 0.856980 0.000000
vn 0.515349 0.856980 0.000000
vn 0.515349 0.856980 0.000000
vn 0.429536 0.903050 0.000000
vn 0.429536 0.903050 0.000000
vn 0.429536 0.903050 0.000000
vn 0.429536 0.903050 0.000000
vn 0.361150 0.932508 0.000000
vn 0.361150 0.932508 0.000000
vn 0.361150 0.932508 0.000000
vn 0.361150 0.932508 0.000000
vn 0.302664 0.953097 0.000000
vn 0.302664 0.953097 0.000000
vn 0.302664 0.953097 0.000000
vn 0.302664 0.953097 0.000000
vn 0.248251 0.968696 0.000000
vn 0.248251 0.968696 0.000000
vn 0.248251 0.968696 0.000000
vn 0.248251 0.968696 0.000000
vn 0.191755 0.981443 0.000000
vn 0.191755 0.981443 0.000000
vn 0.191755 0.981443 0.000000
vn 0.191755 0.981443 0.000000
vn 0.125237 0.992127 0.000000
vn 0.125237 0.992127 0.000000
vn 0.125237 0.992127 0.000000
vn 0.125237 0.992127 0.000000
vn 0.041351 0.999145 0.000000
vn 0.041351 0.999145 0.000000
vn 0.041351 0.999145 0.000000
vn 0.041351 0.999145 0.000000
vn -0.062824 0.998025 0.000000
vn -0.062824 0.998025 0.000000
vn -0.062824 0.998025 0.000000
vn -0.062824 0.998025 0.000000
vn -0.137420 0.990513 0.000000
vn -0.137420 0.990513 0.000000
vn -0.137420 0.990513 0.000000
vn -0.137420 0.990513 0.000000
vn -0.236475 0.971638 0.000000
vn -0.236475 0.971638 0.000000
vn -0.236475 0.971638 0.000000
vn -0.236475 0.971638 0.000000
vn -0.016748 0.999860 0.000000
vn -0.016748 0.999860 0.000000
vn -0.016748 0.999860 0.000000
vn -0.016748 0.999860 0.000000
vn 0.272499 0.962156 0.000000
vn 0.272499 0.962156 0.000000
vn 0.272499 0.962156 0.000000
vn 0.272499 0.962156 0.000000
vn 0.853489 -0.521111 0.000000
vn 0.853489 -0.521111 0.000000
vn 0.853489 -0.521111 0.000000
vn 0.853489 -0.521111 0.000000
vn 0.895376 -0.445311 0.000000
vn 0.895376 -0.445311 0.000000
vn 0.895376 -0.445311 0.000000
vn 0.895376 -0.445311 0.000000
vn 0.970025 -0.243004 0.000000
vn 0.970025 -0.243004 0.000000
vn 0.970025 -0.243004 0.000000
vn 0.970025 -0.243004 0.000000
vn 0.999545 0.030162 0.000000
vn 0.999545 0.030162 0.000000
vn 0.999545 0.030162 0.000000
vn 0.999545 0.030162 0.000000
vn 0.965343 0.260985 0.000000
vn 0.965343 0.260985 0.000000
vn 0.965343 0.260985 0.000000
vn 0.965343 0.260985 0.000000
vn 0.879731 0.475471 0.000000
vn 0.879731 0.475471 0.000000
vn 0.879731 0.475471 0.000000
vn 0.879731 0.475471 0.000000
vn 0.746477 0.665411 0.000000
vn 0.746477 0.665411 0.000000
vn 0.746477 0.665411 0.000000
vn 0.746477 0.665411 0.000000
vn 0.592179 0.805806 0.000000
vn 0.592179 0.805806 0.000000
vn 0.592179 0.805806 0.000000
vn 0.592179 0.805806 0.000000
vn 0.384982 0.922924 0.000000
vn 0.384982 0.922924 0.000000
vn 0.384982 0.922924 0.000000
vn 0.384982 0.922924 0.000000
vn 0.185928 0.982563 0.000000
vn 0.185928 0.982563 0.000000
vn 0.185928 0.982563 0.000000
vn 0.185928 0.982563 0.000000
vn 0.045379 0.998970 0.000000
vn 0.045379 0.998970 0.000000
vn 0.045379 0.998970 0.000000
vn 0.045379 0.998970 0.000000
vn -0.077502 0.996992 0.000000
vn -0.077502 0.996992 0.000000
vn -0.077502 0.996992 0.000000
vn -0.077502 0.996992 0.000000
vn -0.176281 0.984340 0.000000
vn -0.176281 0.984340 0.000000
vn -0.176281 0.984340 0.000000
vn -0.176281 0.984340 0.000000
vn -0.258422 0.966032 0.000000
vn -0.258422 0.966032 0.000000
vn -0.258422 0.966032 0.000000
vn -0.258422 0.966032 0.000000
vn 0.308834 -0.951116 0.000000
vn 0.308834 -0.951116 0.000000
vn 0.308834 -0.951116 0.000000
vn 0.308834 -0.951116 0.000000
vn 0.266055 -0.963958 0.000000
vn 0.266055 -0.963958 0.000000
vn 0.266055 -0.963958 0.000000
vn 0.266055 -0.963958 0.000000
vn 0.995294 -0.096896 0.000000
vn 0.995294 -0.096896 0.000000
vn 0.995294 -0.096896 0.000000
vn 0.995294 -0.096896 0.000000
vn 0.994954 0.100335 0.000000
vn 0.994954 0.100335 0.000000
vn 0.994954 0.100335 0.000000
vn 0.994954 0.100335 0.000000
vn 0.955031 0.296507 0.000000
vn 0.955031 0.296507 0.000000
vn 0.955031 0.296507 0.000000
vn 0.955031 0.296507 0.000000
vn 0.878863 0.477075 0.000000
vn 0.878863 0.477075 0.000000
vn 0.878863 0.477075 0.000000
vn 0.878863 0.477075 0.000000
vn 0.771373 0.636383 0.000000
vn 0.771373 0.636383 0.000000
vn 0.771373 0.636383 0.000000
vn 0.771373 0.636383 0.000000
vn 0.636383 0.771373 0.000000
vn 0.636383 0.771373 0.000000
vn 0.636383 0.771373 0.000000
vn 0.636383 0.771373 0.000000
vn 0.477075 0.878863 0.000000
vn 0.477075 0.878863 0.000000
vn 0.477075 0.878863 0.000000
vn 0.477075 0.878863 0.000000
vn 0.296507 0.955031 0.000000
vn 0.296507 0.955031 0.000000
vn 0.296507 0.955031 0.000000
vn 0.296507 0.955031 0.000000
vn 0.100335 0.994954 0.000000
vn 0.100335 0.994954 0.000000
vn 0.100335 0.994954 0.000000
vn 0.100335 0.994954 0.000000
vn -0.100335 0.994954 0.000000
vn -0.100335 0.994954 0.000000
vn -0.100335 0.994954 0.000000
vn -0.100335 0.994954 0.000000
vn -0.296507 0.955031 0.000000
vn -0.296507 0.955031 0.000000
vn -0.296507 0.955031 0.000000
vn -0.296507 0.955031 0.000000
vn -0.477075 0.878863 0.000000
vn -0.477075 0.878863 0.000000
vn -0.477075 0.878863 0.000000
vn -0.477075 0.878863 0.000000
vn -0.636383 0.771373 0.000000
vn -0.636383 0.771373 0.000000
vn -0.636383 0.771373 0.000000
vn -0.636383 0.771373 0.000000
vn 0.000000 0.000000 1.000000
vn 0.000000 0.000000 1.000000
vn 0.000000 0.000000 1.000000
vn 0.000000 0.000000 1.000000
vn 0.000000 0.000000 1.000000
vn 0.000000 0.000000 1.000000
vn 0.000000 0.000000 1.000000
vn 0.000000 0.000000 1.000000
vn 0.000000 0.000000 1.000000
vn 0.000000 0.000000 1.000000
vn 0.000000 0.000000 1.000000
vn 0.000000 0.000000 1.000000
vn 0.000000 0.000000 1.000000
vn 0.000000 0.000000 1.000000
vn 0.000000 0.000000 1.000000
vn 0.000000 0.000000 1.000000
vn 0.000000 0.000000 1.000000
vn 0.000000 0.000000 1.000000
vn 0.000000 0.000000 1.000000
vn 0.000000 0.000000 1.000000
vn 0.000000 0.000000 1.000000
vn 0.000000 0.000000 1.000000
vn 0.000000 0.000000 1.000000
vn 0.000000 0.000000 1.000000
vn 0.000000 0.000000 1.000000
vn 0.000000 0.000000 1.000000
vn 0.000000 0.000000 1.000000
vn 0.000000 0.000000 1.000000
vn 0.000000 0.000000 1.000000
vn 0.000000 0.000000 1.000000
vn 0.000000 0.000000 1.000000
vn 0.000000 0.000000 1.000000
vn 0.000000 0.000000 1.000000
vn 0.000000 0.000000 1.000000
vn 0.000000 0.000000 1.000000
vn 0.000000 0.000000 1.000000
vn 0.000000 0.000000 1.000000
vn 0.000000 0.000000 1.000000
vn 0.000000 0.000000 1.000000
vn 0.000000 0.000000 1.000000
vn 0.000000 0.000000 1.000000
vn 0.000000 0.000000 1.000000
vn 0.000000 0.000000 1.000000
vn 0.000000 0.000000 1.000000
vn 0.000000 0.000000 1.000000
vn 0.000000 0.000000 1.000000
vn 0.000000 0.000000 1.000000
vn 0.000000 0.000000 1.000000
vn 0.000000 0.000000 1.000000
vn 0.000000 0.000000 1.000000
vn 0.000000 0.000000 1.000000
vn 0.000000 0.000000 1.000000
vn 0.000000 0.000000 1.000000
vn 0.000000 0.000000 1.000000
vn 0.000000 0.000000 1.000000
vn 0.000000 0.000000 1.000000
vn 0.000000 0.000000 1.000000
vn 0.000000 0.000000 1.000000
vn 0.000000 0.000000 1.000000
vn 0.000000 0.000000 1.000000
vn 0.000000 0.000000 1.000000
vn 0.000000 0.000000 1.000000
vn 0.000000 0.000000 1.000000
vn 0.000000 0.000000 1.000000
vn 0.000000 0.000000 1.000000
vn 0.000000 0.000000 1.000000
vn 0.000000 0.000000 1.000000
vn 0.000000 0.000000 1.000000
vn 0.000000 0.000000 1.000000
vn 0.000000 0.000000 1.000000
vn 0.000000 0.000000 1.000000
vn 0.000000 0.000000 1.000000
vn 0.000000 0.000000 1.000000
vn 0.000000 0.000000 1.000000
vn 0.000000 0.000000 1.000000
vn 0.000000 0.000000 1.000000
vn 0.000000 0.000000 1.000000
vn 0.000000 0.000000 1.000000
vn 0.000000 0.000000 1.000000
vn 0.000000 0.000000 1.000000
vn 0.000000 0.000000 1.000000
vn 0.000000 0.000000 1.000000
vn 0.000000 0.000000 1.000000
vn 0.000000 0.000000 1.000000
vn 0.000000 0.000000 1.000000
vn 0.000000 0.000000 1.000000
vn 0.000000 0.000000 1.000000
vn 0.000000 0.000000 1.000000
vn 0.000000 0.000000 1.000000
vn 0.000000 0.000000 1.000000
vn 0.000000 0.000000 1.000000
vn 0.000000 0.000000 1.000000
vn 0.000000 0.000000 1.000000
vn 0.000000 0.000000 1.000000
vn 0.000000 0.000000 1.000000
vn 0.000000 0.000000 1.000000
vn 0.000000 0.000000 1.000000
vn 0.000000 0.000000 1.000000
vn 0.000000 0.000000 1.000000
vn 0.000000 0.000000 1.000000
vn 0.000000 0.000000 1.000000
vn 0.000000 0.000000 1.000000
vn 0.000000 0.000000 1.000000
vn 0.000000 0.000000 1.000000
vn 0.000000 0.000000 1.000000
vn 0.000000 0.000000 1.000000
vn 0.000000 0.000000 1.000000
vn 0.000000 0.000000 1.000000
vn 0.000000 0.000000 1.000000
vn 0.000000 0.000000 1.000000
vn 0.000000 0.000000 1.000000
vn 0.000000 0.000000 1.000000
vn 0.000000 0.000000 1.000000
vn 0.000000 0.000000 1.000000
vn 0.000000 0.000000 1.000000
vn 0.000000 0.000000 1.000000
vn 0.000000 0.000000 1.000000
vn 0.000000 0.000000 1.000000
vn 0.000000 0.000000 1.000000
vn 0.000000 0.000000 1.000000
vn 0.000000 0.000000 1.000000
vn 0.000000 0.000000 1.000000
vn 0.000000 0.000000 1.000000
vn 0.000000 0.000000 1.000000
vn 0.000000 0.000000 1.000000
vn 0.000000 0.000000 1.000000
vn 0.000000 0.000000 1.000000
vn 0.000000 0.000000 1.000000
vn 0.000000 0.000000 1.000000
vn 0.000000 0.000000 1.000000
vn 0.000000 0.000000 1.000000
vn 0.000000 0.000000 1.000000
vn 0.000000 0.000000 1.000000
vn 0.000000 0.000000 1.000000
vn 0.000000 0.000000 1.000000
vn 0.000000 0.000000 1.000000
vn 0.000000 0.000000 1.000000
vn 0.000000 0.000000 1.000000
vn 0.000000 0.000000 1.000000
vn 0.000000 0.000000 1.000000
vn 0.000000 0.000000 1.000000
vn 0.000000 0.000000 1.000000
vn 0.000000 0.000000 1.000000
vn 0.000000 0.000000 1.000000
vn 0.000000 0.000000 1.000000
vn 0.000000 0.000000 1.000000
vn 0.000000 0.000000 1.000000
vn 0.000000 0.000000 1.000000
vn 0.000000 0.000000 1.000000
vn 0.000000 0.000000 1.000000
vn 0.000000 0.000000 1.000000
vn 0.000000 0.000000 1.000000
vn 0.000000 0.000000 1.000000
vn 0.000000 0.000000 1.000000
vn 0.000000 0.000000 1.000000
vn 0.000000 0.000000 1.000000
vn 0.000000 0.000000 1.000000
vn 0.000000 0.000000 1.000000
vn 0.000000 0.000000 1.000000
vn 0.000000 0.000000 1.000000
vn 0.000000 0.000000 1.000000
vn 0.000000 0.000000 1.000000
vn 0.000000 0.000000 1.000000
vn 0.000000 0.000000 1.000000
vn 0.000000 0.000000 1.000000
vn 0.000000 0.000000 1.000000
vn 0.000000 0.000000 1.000000
vn 0.000000 0.000000 1.000000
vn 0.000000 0.000000 1.000000
vn 0.000000 0.000000 1.000000
vn 0.000000 0.000000 1.000000
vn 0.000000 0.000000 1.000000
vn 0.000000 0.000000 1.000000
vn 0.000000 0.000000 1.000000
vn 0.000000 0.000000 1.000000
vn 0.000000 0.000000 1.000000
vn 0.000000 0.000000 1.000000
vn 0.000000 0.000000 1.000000
vn 0.000000 0.000000 1.000000
vn 0.000000 0.000000 1.000000
vn 0.000000 0.000000 1.000000
vn 0.000000 0.000000 1.000000
vn 0.000000 0.000000 1.000000
vn 0.000000 0.000000 1.000000
vn 0.000000 0.000000 1.000000
vn 0.000000 0.000000 1.000000
vn 0.000000 0.000000 1.000000
vn 0.000000 0.000000 1.000000
vn 0.000000 0.000000 1.000000
vn 0.000000 0.000000 1.000000
vn 0.000000 0.000000 1.000000
vn 0.000000 0.000000 1.000000
vn 0.000000 0.000000 1.000000
vn 0.000000 0.000000 1.000000
vn 0.000000 0.000000 1.000000
vn 0.000000 0.000000 1.000000
vn 0.000000 0.000000 1.000000
vn 0.000000 0.000000 1.000000
vn 0.000000 0.000000 1.000000
vn 0.000000 0.000000 1.000000
vn 0.000000 0.000000 1.000000
vn 0.000000 0.000000 1.000000
vn 0.000000 0.000000 1.000000
vn 0.000000 0.000000 1.000000
vn 0.000000 0.000000 1.000000
vn 0.000000 0.000000 1.000000
vn 0.000000 0.000000 1.000000
vn 0.000000 0.000000 1.000000
vn 0.000000 0.000000 1.000000
vn 0.000000 0.000000 1.000000
vn 0.000000 0.000000 1.000000
vn 0.000000 0.000000 1.000000
vn 0.000000 0.000000 1.000000
vn 0.000000 0.000000 1.000000
vn 0.000000 0.000000 1.000000
vn 0.000000 0.000000 1.000000
vn 0.000000 0.000000 1.000000
vn 0.000000 0.000000 1.000000
vn 0.000000 0.000000 1.000000
vn 0.000000 0.000000 1.000000
vn 0.000000 0.000000 1.000000
vn 0.000000 0.000000 1.000000
vn 0.000000 0.000000 1.000000
vn 0.000000 0.000000 1.000000
vn 0.000000 0.000000 1.000000
vn 0.000000 0.000000 1.000000
vn 0.000000 0.000000 1.000000
vn 0.000000 0.000000 1.000000
vn 0.000000 0.000000 1.000000
vn 0.000000 0.000000 1.000000
vn 0.000000 0.000000 1.000000
vn 0.000000 0.000000 1.000000
vn 0.000000 0.000000 1.000000
vn 0.000000 0.000000 1.000000
vn 0.000000 0.000000 1.000000
vn 0.000000 0.000000 1.000000
vn 0.000000 0.000000 1.000000
vn 0.000000 0.000000 1.000000
vn 0.000000 0.000000 1.000000
vn 0.000000 0.000000 1.000000
vn 0.000000 0.000000 1.000000
vn 0.000000 0.000000 1.000000
vn 0.000000 0.000000 1.000000
vn 0.000000 0.000000 1.000000
vn 0.000000 0.000000 1.000000
vn 0.000000 0.000000 1.000000
vn 0.000000 0.000000 1.000000
vn 0.000000 0.000000 1.000000
vn 0.000000 0.000000 1.000000
vn 0.000000 0.000000 1.000000
vn 0.000000 0.000000 1.000000
vn 0.000000 0.000000 1.000000
vn 0.000000 0.000000 1.000000
vn 0.000000 0.000000 1.000000
vn 0.000000 0.000000 1.000000
vn 0.000000 0.000000 1.000000
vn 0.000000 0.000000 1.000000
vn 0.000000 0.000000 1.000000
vn 0.000000 0.000000 1.000000
vn 0.000000 0.000000 1.000000
vn 0.000000 0.000000 1.000000
vn 0.000000 0.000000 1.000000
vn 0.000000 0.000000 1.000000
vn 0.000000 0.000000 1.000000
vn 0.000000 0.000000 1.000000
vn 0.000000 0.000000 1.000000
vn 0.000000 0.000000 1.000000
vn 0.000000 0.000000 1.000000
vn 0.000000 0.000000 1.000000
vn 0.000000 0.000000 1.000000
vn 0.000000 0.000000 1.000000
vn 0.000000 0.000000 1.000000
vn 0.000000 0.000000 1.000000
vn 0.000000 0.000000 1.000000
vn 0.000000 0.000000 1.000000
vn 0.000000 0.000000 1.000000
vn 0.000000 0.000000 1.000000
vn 0.000000 0.000000 1.000000
vn 0.000000 0.000000 1.000000
vn 0.000000 0.000000 1.000000
vn 0.000000 0.000000 1.000000
vn 0.000000 0.000000 1.000000
vn 0.000000 0.000000 1.000000
vn 0.000000 0.000000 1.000000
vn 0.000000 0.000000 1.000000
vn 0.000000 0.000000 1.000000
vn 0.000000 0.000000 1.000000
vn 0.000000 0.000000 1.000000
vn 0.000000 0.000000 1.000000
vn 0.000000 0.000000 1.000000
vn 0.000000 0.000000 1.000000
vn 0.000000 0.000000 1.000000
vn 0.000000 0.000000 1.000000
vn 0.000000 0.000000 1.000000
vn 0.000000 0.000000 1.000000
vn 0.000000 0.000000 1.000000
vn 0.000000 0.000000 1.000000
vn 0.000000 0.000000 1.000000
vn 0.000000 0.000000 1.000000
vn 0.000000 0.000000 1.000000
vn 0.000000 0.000000 1.000000
vn 0.000000 0.000000 1.000000
vn 0.000000 0.000000 1.000000
vn 0.000000 0.000000 1.000000
vn 0.000000 0.000000 1.000000
vn 0.000000 0.000000 1.000000
vn 0.000000 0.000000 1.000000
vn 0.000000 0.000000 1.000000
vn 0.000000 0.000000 1.000000
vn 0.000000 0.000000 1.000000
vn 0.000000 0.000000 1.000000
vn 0.000000 0.000000 1.000000
vn 0.000000 0.000000 1.000000
vn 0.000000 0.000000 1.000000
vn 0.000000 0.000000 -1.000000
vn 0.000000 0.000000 -1.000000
vn 0.000000 0.000000 -1.000000
vn 0.000000 0.000000 -1.000000
vn 0.000000 0.000000 -1.000000
vn 0.000000 0.000000 -1.000000
vn 0.000000 0.000000 -1.000000
vn 0.000000 0.000000 -1.000000
vn 0.000000 0.000000 -1.000000
vn 0.000000 0.000000 -1.000000
vn 0.000000 0.000000 -1.000000
vn 0.000000 0.000000 -1.000000
vn 0.000000 0.000000 -1.000000
vn 0.000000 0.000000 -1.000000
vn 0.000000 0.000000 -1.000000
vn 0.000000 0.000000 -1.000000
vn 0.000000 0.000000 -1.000000
vn 0.000000 0.000000 -1.000000
vn 0.000000 0.000000 -1.000000
vn 0.000000 0.000000 -1.000000
vn 0.000000 0.000000 -1.000000
vn 0.000000 0.000000 -1.000000
vn 0.000000 0.000000 -1.000000
vn 0.000000 0.000000 -1.000000
vn 0.000000 0.000000 -1.000000
vn 0.000000 0.000000 -1.000000
vn 0.000000 0.000000 -1.000000
vn 0.000000 0.000000 -1.000000
vn 0.000000 0.000000 -1.000000
vn 0.000000 0.000000 -1.000000
vn 0.000000 0.000000 -1.000000
vn 0.000000 0.000000 -1.000000
vn 0.000000 0.000000 -1.000000
vn 0.000000 0.000000 -1.000000
vn 0.000000 0.000000 -1.000000
vn 0.000000 0.000000 -1.000000
vn 0.000000 0.000000 -1.000000
vn 0.000000 0.000000 -1.000000
vn 0.000000 0.000000 -1.000000
vn 0.000000 0.000000 -1.000000
vn 0.000000 0.000000 -1.000000
vn 0.000000 0.000000 -1.000000
vn 0.000000 0.000000 -1.000000
vn 0.000000 0.000000 -1.000000
vn 0.000000 0.000000 -1.000000
vn 0.000000 0.000000 -1.000000
vn 0.000000 0.000000 -1.000000
vn 0.000000 0.000000 -1.000000
vn 0.000000 0.000000 -1.000000
vn 0.000000 0.000000 -1.000000
vn 0.000000 0.000000 -1.000000
vn 0.000000 0.000000 -1.000000
vn 0.000000 0.000000 -1.000000
vn 0.000000 0.000000 -1.000000
vn 0.000000 0.000000 -1.000000
vn 0.000000 0.000000 -1.000000
vn 0.000000 0.000000 -1.000000
vn 0.000000 0.000000 -1.000000
vn 0.000000 0.000000 -1.000000
vn 0.000000 0.000000 -1.000000
vn 0.000000 0.000000 -1.000000
vn 0.000000 0.000000 -1.000000
vn 0.000000 0.000000 -1.000000
vn 0.000000 0.000000 -1.000000
vn 0.000000 0.000000 -1.000000
vn 0.000000 0.000000 -1.000000
vn 0.000000 0.000000 -1.000000
vn 0.000000 0.000000 -1.000000
vn 0.000000 0.000000 -1.000000
vn 0.000000 0.000000 -1.000000
vn 0.000000 0.000000 -1.000000
vn 0.000000 0.000000 -1.000000
vn 0.000000 0.000000 -1.000000
vn 0.000000 0.000000 -1.000000
vn 0.000000 0.000000 -1.000000
vn 0.000000 0.000000 -1.000000
vn 0.000000 0.000000 -1.000000
vn 0.000000 0.000000 -1.000000
vn 0.000000 0.000000 -1.000000
vn 0.000000 0.000000 -1.000000
vn 0.000000 0.000000 -1.000000
vn 0.000000 0.000000 -1.000000
vn 0.000000 0.000000 -1.000000
vn 0.000000 0.000000 -1.000000
vn 0.000000 0.000000 -1.000000
vn 0.000000 0.000000 -1.000000
vn 0.000000 0.000000 -1.000000
vn 0.000000 0.000000 -1.000000
vn 0.000000 0.000000 -1.000000
vn 0.000000 0.000000 -1.000000
vn 0.000000 0.000000 -1.000000
vn 0.000000 0.000000 -1.000000
vn 0.000000 0.000000 -1.000000
vn 0.000000 0.000000 -1.000000
vn 0.000000 0.000000 -1.000000
vn 0.000000 0.000000 -1.000000
vn 0.000000 0.000000 -1.000000
vn 0.000000 0.000000 -1.000000
vn 0.000000 0.000000 -1.000000
vn 0.000000 0.000000 -1.000000
vn 0.000000 0.000000 -1.000000
vn 0.000000 0.000000 -1.000000
vn 0.000000 0.000000 -1.000000
vn 0.000000 0.000000 -1.000000
vn 0.000000 0.000000 -1.000000
vn 0.000000 0.000000 -1.000000
vn 0.000000 0.000000 -1.000000
vn 0.000000 0.000000 -1.000000
vn 0.000000 0.000000 -1.000000
vn 0.000000 0.000000 -1.000000
vn 0.000000 0.000000 -1.000000
vn 0.000000 0.000000 -1.000000
vn 0.000000 0.000000 -1.000000
vn 0.000000 0.000000 -1.000000
vn 0.000000 0.000000 -1.000000
vn 0.000000 0.000000 -1.000000
vn 0.000000 0.000000 -1.000000
vn 0.000000 0.000000 -1.000000
vn 0.000000 0.000000 -1.000000
vn 0.000000 0.000000 -1.000000
vn 0.000000 0.000000 -1.000000
vn 0.000000 0.000000 -1.000000
vn 0.000000 0.000000 -1.000000
vn 0.000000 0.000000 -1.000000
vn 0.000000 0.000000 -1.000000
vn 0.000000 0.000000 -1.000000
vn 0.000000 0.000000 -1.000000
vn 0.000000 0.000000 -1.000000
vn 0.000000 0.000000 -1.000000
vn 0.000000 0.000000 -1.000000
vn 0.000000 0.000000 -1.000000
vn 0.000000 0.000000 -1.000000
vn 0.000000 0.000000 -1.000000
vn 0.000000 0.000000 -1.000000
vn 0.000000 0.000000 -1.000000
vn 0.000000 0.000000 -1.000000
vn 0.000000 0.000000 -1.000000
vn 0.000000 0.000000 -1.000000
vn 0.000000 0.000000 -1.000000
vn 0.000000 0.000000 -1.000000
vn 0.000000 0.000000 -1.000000
vn 0.000000 0.000000 -1.000000
vn 0.000000 0.000000 -1.000000
vn 0.000000 0.000000 -1.000000
vn 0.000000 0.000000 -1.000000
vn 0.000000 0.000000 -1.000000
vn 0.000000 0.000000 -1.000000
vn 0.000000 0.000000 -1.000000
vn 0.000000 0.000000 -1.000000
vn 0.000000 0.000000 -1.000000
vn 0.000000 0.000000 -1.000000
vn 0.000000 0.000000 -1.000000
vn 0.000000 0.000000 -1.000000
vn 0.000000 0.000000 -1.000000
vn 0.000000 0.000000 -1.000000
vn 0.000000 0.000000 -1.000000
vn 0.000000 0.000000 -1.000000
vn 0.000000 0.000000 -1.000000
vn 0.000000 0.000000 -1.000000
vn 0.000000 0.000000 -1.000000
vn 0.000000 0.000000 -1.000000
vn 0.000000 0.000000 -1.000000
vn 0.000000 0.000000 -1.000000
vn 0.000000 0.000000 -1.000000
vn 0.000000 0.000000 -1.000000
vn 0.000000 0.000000 -1.000000
vn 0.000000 0.000000 -1.000000
vn 0.000000 0.000000 -1.000000
vn 0.000000 0.000000 -1.000000
vn 0.000000 0.000000 -1.000000
vn 0.000000 0.000000 -1.000000
vn 0.000000 0.000000 -1.000000
vn 0.000000 0.000000 -1.000000
vn 0.000000 0.000000 -1.000000
vn 0.000000 0.000000 -1.000000
vn 0.000000 0.000000 -1.000000
vn 0.000000 0.000000 -1.000000
vn 0.000000 0.000000 -1.000000
vn 0.000000 0.000000 -1.000000
vn 0.000000 0.000000 -1.000000
vn 0.000000 0.000000 -1.000000
vn 0.000000 0.000000 -1.000000
vn 0.000000 0.000000 -1.000000
vn 0.000000 0.000000 -1.000000
vn 0.000000 0.000000 -1.000000
vn 0.000000 0.000000 -1.000000
vn 0.000000 0.000000 -1.000000
vn 0.000000 0.000000 -1.000000
vn 0.000000 0.000000 -1.000000
vn 0.000000 0.000000 -1.000000
vn 0.000000 0.000000 -1.000000
vn 0.000000 0.000000 -1.000000
vn 0.000000 0.000000 -1.000000
vn 0.000000 0.000000 -1.000000
vn 0.000000 0.000000 -1.000000
vn 0.000000 0.000000 -1.000000
vn 0.000000 0.000000 -1.000000
vn 0.000000 0.000000 -1.000000
vn 0.000000 0.000000 -1.000000
vn 0.000000 0.000000 -1.000000
vn 0.000000 0.000000 -1.000000
vn 0.000000 0.000000 -1.000000
vn 0.000000 0.000000 -1.000000
vn 0.000000 0.000000 -1.000000
vn 0.000000 0.000000 -1.000000
vn 0.000000 0.000000 -1.000000
vn 0.000000 0.000000 -1.000000
vn 0.000000 0.000000 -1.000000
vn 0.000000 0.000000 -1.000000
vn 0.000000 0.000000 -1.000000
vn 0.000000 0.000000 -1.000000
vn 0.000000 0.000000 -1.000000
vn 0.000000 0.000000 -1.000000
vn 0.000000 0.000000 -1.000000
vn 0.000000 0.000000 -1.000000
vn 0.000000 0.000000 -1.000000
vn 0.000000 0.000000 -1.000000
vn 0.000000 0.000000 -1.000000
vn 0.000000 0.000000 -1.000000
vn 0.000000 0.000000 -1.000000
vn 0.000000 0.000000 -1.000000
vn 0.000000 0.000000 -1.000000
vn 0.000000 0.000000 -1.000000
vn 0.000000 0.000000 -1.000000
vn 0.000000 0.000000 -1.000000
vn 0.000000 0.000000 -1.000000
vn 0.000000 0.000000 -1.000000
vn 0.000000 0.000000 -1.000000
vn 0.000000 0.000000 -1.000000
vn 0.000000 0.000000 -1.000000
vn 0.000000 0.000000 -1.000000
vn 0.000000 0.000000 -1.000000
vn 0.000000 0.000000 -1.000000
vn 0.000000 0.000000 -1.000000
vn 0.000000 0.000000 -1.000000
vn 0.000000 0.000000 -1.000000
vn 0.000000 0.000000 -1.000000
vn 0.000000 0.000000 -1.000000
vn 0.000000 0.000000 -1.000000
vn 0.000000 0.000000 -1.000000
vn 0.000000 0.000000 -1.000000
vn 0.000000 0.000000 -1.000000
vn 0.000000 0.000000 -1.000000
vn 0.000000 0.000000 -1.000000
vn 0.000000 0.000000 -1.000000
vn 0.000000 0.000000 -1.000000
vn 0.000000 0.000000 -1.000000
vn 0.000000 0.000000 -1.000000
vn 0.000000 0.000000 -1.000000
vn 0.000000 0.000000 -1.000000
vn 0.000000 0.000000 -1.000000
vn 0.000000 0.000000 -1.000000
vn 0.000000 0.000000 -1.000000
vn 0.000000 0.000000 -1.000000
vn 0.000000 0.000000 -1.000000
vn 0.000000 0.000000 -1.000000
vn 0.000000 0.000000 -1.000000
vn 0.000000 0.000000 -1.000000
vn 0.000000 0.000000 -1.000000
vn 0.000000 0.000000 -1.000000
vn 0.000000 0.000000 -1.000000
vn 0.000000 0.000000 -1.000000
vn 0.000000 0.000000 -1.000000
vn 0.000000 0.000000 -1.000000
vn 0.000000 0.000000 -1.000000
vn 0.000000 0.000000 -1.000000
vn 0.000000 0.000000 -1.000000
vn 0.000000 0.000000 -1.000000
vn 0.000000 0.000000 -1.000000
vn 0.000000 0.000000 -1.000000
vn 0.000000 0.000000 -1.000000
vn 0.000000 0.000000 -1.000000
vn 0.000000 0.000000 -1.000000
vn 0.000000 0.000000 -1.000000
vn 0.000000 0.000000 -1.000000
vn 0.000000 0.000000 -1.000000
vn 0.000000 0.000000 -1.000000
vn 0.000000 0.000000 -1.000000
vn 0.000000 0.000000 -1.000000
vn 0.000000 0.000000 -1.000000
vn 0.000000 0.000000 -1.000000
vn 0.000000 0.000000 -1.000000
vn 0.000000 0.000000 -1.000000
vn 0.000000 0.000000 -1.000000
vn 0.000000 0.000000 -1.000000
vn 0.000000 0.000000 -1.000000
vn 0.000000 0.000000 -1.000000
vn 0.000000 0.000000 -1.000000
vn 0.000000 0.000000 -1.000000
vn 0.000000 0.000000 -1.000000
vn 0.000000 0.000000 -1.000000
vn 0.000000 0.000000 -1.000000
vn 0.000000 0.000000 -1.000000
vn 0.000000 0.000000 -1.000000
vn 0.000000 0.000000 -1.000000
vn 0.000000 0.000000 -1.000000
vn 0.000000 0.000000 -1.000000
vn 0.000000 0.000000 -1.000000
vn 0.000000 0.000000 -1.000000
vn 0.000000 0.000000 -1.000000
vn 0.000000 0.000000 -1.000000
vn 0.000000 0.000000 -1.000000
vn 0.000000 0.000000 -1.000000
vn 0.000000 0.000000 -1.000000
vn 0.000000 0.000000 -1.000000
vn 0.000000 0.000000 -1.000000
vn 0.000000 0.000000 -1.000000
vn 0.000000 0.000000 -1.000000
vn 0.000000 0.000000 -1.000000
vn 0.000000 0.000000 -1.000000
vn 0.000000 0.000000 -1.000000
vn 0.000000 0.000000 -1.000000
vn 0.000000 0.000000 -1.000000
vn 0.000000 0.000000 -1.000000
usemtl ABS_(blanco)_(1)_(1)
f 1/1/1 2/2/2 4/3/3
f 4/3/3 2/2/2 3/4/4
f 5/5/5 1/6/6 6/7/7
f 6/7/7 1/6/6 4/8/8
f 7/9/9 5/10/10 8/11/11
f 8/11/11 5/10/10 6/12/12
f 9/13/13 7/14/14 10/15/15
f 10/15/15 7/14/14 8/16/16
f 11/17/17 9/18/18 12/19/19
f 12/19/19 9/18/18 10/20/20
f 13/21/21 11/22/22 14/23/23
f 14/23/23 11/22/22 12/24/24
f 15/25/25 13/26/26 16/27/27
f 16/27/27 13/26/26 14/28/28
f 17/29/29 15/30/30 18/31/31
f 18/31/31 15/30/30 16/32/32
f 19/33/33 17/34/34 20/35/35
f 20/35/35 17/34/34 18/36/36
f 21/37/37 19/38/38 22/39/39
f 22/39/39 19/38/38 20/40/40
f 23/41/41 21/42/42 24/43/43
f 24/43/43 21/42/42 22/44/44
f 25/45/45 23/46/46 26/47/47
f 26/47/47 23/46/46 24/48/48
f 27/49/49 25/50/50 28/51/51
f 28/51/51 25/50/50 26/52/52
f 29/53/53 27/54/54 30/55/55
f 30/55/55 27/54/54 28/56/56
f 31/57/57 29/58/58 32/59/59
f 32/59/59 29/58/58 30/60/60
f 33/61/61 31/62/62 34/63/63
f 34/63/63 31/62/62 32/64/64
f 35/65/65 33/66/66 36/67/67
f 36/67/67 33/66/66 34/68/68
f 37/69/69 35/70/70 38/71/71
f 38/71/71 35/70/70 36/72/72
f 39/73/73 37/74/74 40/75/75
f 40/75/75 37/74/74 38/76/76
f 41/77/77 39/78/78 42/79/79
f 42/79/79 39/78/78 40/80/80
f 43/81/81 41/82/82 44/83/83
f 44/83/83 41/82/82 42/84/84
f 45/85/85 43/86/86 46/87/87
f 46/87/87 43/86/86 44/88/88
f 47/89/89 45/90/90 48/91/91
f 48/91/91 45/90/90 46/92/92
f 49/93/93 47/94/94 50/95/95
f 50/95/95 47/94/94 48/96/96
f 51/97/97 49/98/98 52/99/99
f 52/99/99 49/98/98 50/100/100
f 53/101/101 51/102/102 54/103/103
f 54/103/103 51/102/102 52/104/104
f 55/105/105 53/106/106 56/107/107
f 56/107/107 53/106/106 54/108/108
f 57/109/109 55/110/110 58/111/111
f 58/111/111 55/110/110 56/112/112
f 59/113/113 57/114/114 60/115/115
f 60/115/115 57/114/114 58/116/116
f 61/117/117 59/118/118 62/119/119
f 62/119/119 59/118/118 60/120/120
f 63/121/121 61/122/122 64/123/123
f 64/123/123 61/122/122 62/124/124
f 2/125/125 63/126/126 3/127/127
f 3/127/127 63/126/126 64/128/128
f 65/129/129 66/130/130 68/131/131
f 68/131/131 66/130/130 67/132/132
f 69/133/133 65/134/134 70/135/135
f 70/135/135 65/134/134 68/136/136
f 71/137/137 69/138/138 72/139/139
f 72/139/139 69/138/138 70/140/140
f 73/141/141 71/142/142 74/143/143
f 74/143/143 71/142/142 72/144/144
f 75/145/145 73/146/146 76/147/147
f 76/147/147 73/146/146 74/148/148
f 77/149/149 75/150/150 78/151/151
f 78/151/151 75/150/150 76/152/152
f 79/153/153 77/154/154 80/155/155
f 80/155/155 77/154/154 78/156/156
f 81/157/157 79/158/158 82/159/159
f 82/159/159 79/158/158 80/160/160
f 83/161/161 81/162/162 84/163/163
f 84/163/163 81/162/162 82/164/164
f 85/165/165 83/166/166 86/167/167
f 86/167/167 83/166/166 84/168/168
f 87/169/169 85/170/170 88/171/171
f 88/171/171 85/170/170 86/172/172
f 89/173/173 87/174/174 90/175/175
f 90/175/175 87/174/174 88/176/176
f 91/177/177 89/178/178 92/179/179
f 92/179/179 89/178/178 90/180/180
f 93/181/181 91/182/182 94/183/183
f 94/183/183 91/182/182 92/184/184
f 95/185/185 93/186/186 96/187/187
f 96/187/187 93/186/186 94/188/188
f 97/189/189 95/190/190 98/191/191
f 98/191/191 95/190/190 96/192/192
f 99/193/193 97/194/194 100/195/195
f 100/195/195 97/194/194 98/196/196
f 101/197/197 99/198/198 102/199/199
f 102/199/199 99/198/198 100/200/200
f 103/201/201 101/202/202 104/203/203
f 104/203/203 101/202/202 102/204/204
f 105/205/205 103/206/206 106/207/207
f 106/207/207 103/206/206 104/208/208
f 107/209/209 105/210/210 108/211/211
f 108/211/211 105/210/210 106/212/212
f 109/213/213 107/214/214 110/215/215
f 110/215/215 107/214/214 108/216/216
f 111/217/217 109/218/218 112/219/219
f 112/219/219 109/218/218 110/220/220
f 113/221/221 111/222/222 114/223/223
f 114/223/223 111/222/222 112/224/224
f 115/225/225 113/226/226 116/227/227
f 116/227/227 113/226/226 114/228/228
f 117/229/229 115/230/230 118/231/231
f 118/231/231 115/230/230 116/232/232
f 119/233/233 117/234/234 120/235/235
f 120/235/235 117/234/234 118/236/236
f 121/237/237 119/238/238 122/239/239
f 122/239/239 119/238/238 120/240/240
f 123/241/241 121/242/242 124/243/243
f 124/243/243 121/242/242 122/244/244
f 125/245/245 123/246/246 126/247/247
f 126/247/247 123/246/246 124/248/248
f 127/249/249 125/250/250 128/251/251
f 128/251/251 125/250/250 126/252/252
f 129/253/253 127/254/254 130/255/255
f 130/255/255 127/254/254 128/256/256
f 131/257/257 129/258/258 132/259/259
f 132/259/259 129/258/258 130/260/260
f 133/261/261 131/262/262 134/263/263
f 134/263/263 131/262/262 132/264/264
f 135/265/265 133/266/266 136/267/267
f 136/267/267 133/266/266 134/268/268
f 137/269/269 135/270/270 138/271/271
f 138/271/271 135/270/270 136/272/272
f 139/273/273 137/274/274 140/275/275
f 140/275/275 137/274/274 138/276/276
f 141/277/277 139/278/278 142/279/279
f 142/279/279 139/278/278 140/280/280
f 143/281/281 141/282/282 144/283/283
f 144/283/283 141/282/282 142/284/284
f 145/285/285 143/286/286 146/287/287
f 146/287/287 143/286/286 144/288/288
f 147/289/289 145/290/290 148/291/291
f 148/291/291 145/290/290 146/292/292
f 149/293/293 147/294/294 150/295/295
f 150/295/295 147/294/294 148/296/296
f 151/297/297 149/298/298 152/299/299
f 152/299/299 149/298/298 150/300/300
f 153/301/301 151/302/302 154/303/303
f 154/303/303 151/302/302 152/304/304
f 155/305/305 153/306/306 156/307/307
f 156/307/307 153/306/306 154/308/308
f 157/309/309 155/310/310 158/311/311
f 158/311/311 155/310/310 156/312/312
f 159/313/313 157/314/314 160/315/315
f 160/315/315 157/314/314 158/316/316
f 161/317/317 159/318/318 162/319/319
f 162/319/319 159/318/318 160/320/320
f 163/321/321 161/322/322 164/323/323
f 164/323/323 161/322/322 162/324/324
f 165/325/325 163/326/326 166/327/327
f 166/327/327 163/326/326 164/328/328
f 167/329/329 165/330/330 168/331/331
f 168/331/331 165/330/330 166/332/332
f 169/333/333 167/334/334 170/335/335
f 170/335/335 167/334/334 168/336/336
f 171/337/337 169/338/338 172/339/339
f 172/339/339 169/338/338 170/340/340
f 173/341/341 171/342/342 174/343/343
f 174/343/343 171/342/342 172/344/344
f 175/345/345 173/346/346 176/347/347
f 176/347/347 173/346/346 174/348/348
f 177/349/349 175/350/350 178/351/351
f 178/351/351 175/350/350 176/352/352
f 179/353/353 177/354/354 180/355/355
f 180/355/355 177/354/354 178/356/356
f 181/357/357 179/358/358 182/359/359
f 182/359/359 179/358/358 180/360/360
f 183/361/361 181/362/362 184/363/363
f 184/363/363 181/362/362 182/364/364
f 185/365/365 183/366/366 186/367/367
f 186/367/367 183/366/366 184/368/368
f 187/369/369 185/370/370 188/371/371
f 188/371/371 185/370/370 186/372/372
f 189/373/373 187/374/374 190/375/375
f 190/375/375 187/374/374 188/376/376
f 191/377/377 189/378/378 192/379/379
f 192/379/379 189/378/378 190/380/380
f 193/381/381 191/382/382 194/383/383
f 194/383/383 191/382/382 192/384/384
f 195/385/385 193/386/386 196/387/387
f 196/387/387 193/386/386 194/388/388
f 197/389/389 195/390/390 198/391/391
f 198/391/391 195/390/390 196/392/392
f 199/393/393 197/394/394 200/395/395
f 200/395/395 197/394/394 198/396/396
f 201/397/397 199/398/398 202/399/399
f 202/399/399 199/398/398 200/400/400
f 203/401/401 201/402/402 204/403/403
f 204/403/403 201/402/402 202/404/404
f 205/405/405 203/406/406 206/407/407
f 206/407/407 203/406/406 204/408/408
f 207/409/409 205/410/410 208/411/411
f 208/411/411 205/410/410 206/412/412
f 209/413/413 207/414/414 210/415/415
f 210/415/415 207/414/414 208/416/416
f 211/417/417 209/418/418 212/419/419
f 212/419/419 209/418/418 210/420/420
f 213/421/421 211/422/422 214/423/423
f 214/423/423 211/422/422 212/424/424
f 215/425/425 213/426/426 216/427/427
f 216/427/427 213/426/426 214/428/428
f 217/429/429 215/430/430 218/431/431
f 218/431/431 215/430/430 216/432/432
f 219/433/433 217/434/434 220/435/435
f 220/435/435 217/434/434 218/436/436
f 221/437/437 219/438/438 222/439/439
f 222/439/439 219/438/438 220/440/440
f 223/441/441 221/442/442 224/443/443
f 224/443/443 221/442/442 222/444/444
f 225/445/445 223/446/446 226/447/447
f 226/447/447 223/446/446 224/448/448
f 227/449/449 225/450/450 228/451/451
f 228/451/451 225/450/450 226/452/452
f 229/453/453 227/454/454 230/455/455
f 230/455/455 227/454/454 228/456/456
f 231/457/457 229/458/458 232/459/459
f 232/459/459 229/458/458 230/460/460
f 233/461/461 231/462/462 234/463/463
f 234/463/463 231/462/462 232/464/464
f 235/465/465 233/466/466 236/467/467
f 236/467/467 233/466/466 234/468/468
f 237/469/469 235/470/470 238/471/471
f 238/471/471 235/470/470 236/472/472
f 239/473/473 237/474/474 240/475/475
f 240/475/475 237/474/474 238/476/476
f 241/477/477 239/478/478 242/479/479
f 242/479/479 239/478/478 240/480/480
f 243/481/481 241/482/482 244/483/483
f 244/483/483 241/482/482 242/484/484
f 245/485/485 243/486/486 246/487/487
f 246/487/487 243/486/486 244/488/488
f 247/489/489 245/490/490 248/491/491
f 248/491/491 245/490/490 246/492/492
f 249/493/493 247/494/494 250/495/495
f 250/495/495 247/494/494 248/496/496
f 251/497/497 249/498/498 252/499/499
f 252/499/499 249/498/498 250/500/500
f 253/501/501 251/502/502 254/503/503
f 254/503/503 251/502/502 252/504/504
f 255/505/505 253/506/506 256/507/507
f 256/507/507 253/506/506 254/508/508
f 257/509/509 255/510/510 258/511/511
f 258/511/511 255/510/510 256/512/512
f 259/513/513 257/514/514 260/515/515
f 260/515/515 257/514/514 258/516/516
f 261/517/517 259/518/518 262/519/519
f 262/519/519 259/518/518 260/520/520
f 263/521/521 261/522/522 264/523/523
f 264/523/523 261/522/522 262/524/524
f 265/525/525 263/526/526 266/527/527
f 266/527/527 263/526/526 264/528/528
f 267/529/529 265/530/530 268/531/531
f 268/531/531 265/530/530 266/532/532
f 269/533/533 267/534/534 270/535/535
f 270/535/535 267/534/534 268/536/536
f 271/537/537 269/538/538 272/539/539
f 272/539/539 269/538/538 270/540/540
f 273/541/541 271/542/542 274/543/543
f 274/543/543 271/542/542 272/544/544
f 275/545/545 273/546/546 276/547/547
f 276/547/547 273/546/546 274/548/548
f 277/549/549 275/550/550 278/551/551
f 278/551/551 275/550/550 276/552/552
f 279/553/553 277/554/554 280/555/555
f 280/555/555 277/554/554 278/556/556
f 281/557/557 279/558/558 282/559/559
f 282/559/559 279/558/558 280/560/560
f 283/561/561 281/562/562 284/563/563
f 284/563/563 281/562/562 282/564/564
f 285/565/565 283/566/566 286/567/567
f 286/567/567 283/566/566 284/568/568
f 287/569/569 285/570/570 288/571/571
f 288/571/571 285/570/570 286/572/572
f 289/573/573 287/574/574 290/575/575
f 290/575/575 287/574/574 288/576/576
f 291/577/577 289/578/578 292/579/579
f 292/579/579 289/578/578 290/580/580
f 293/581/581 291/582/582 294/583/583
f 294/583/583 291/582/582 292/584/584
f 295/585/585 293/586/586 296/587/587
f 296/587/587 293/586/586 294/588/588
f 297/589/589 295/590/590 298/591/591
f 298/591/591 295/590/590 296/592/592
f 299/593/593 297/594/594 300/595/595
f 300/595/595 297/594/594 298/596/596
f 301/597/597 299/598/598 302/599/599
f 302/599/599 299/598/598 300/600/600
f 303/601/601 301/602/602 304/603/603
f 304/603/603 301/602/602 302/604/604
f 305/605/605 303/606/606 306/607/607
f 306/607/607 303/606/606 304/608/608
f 307/609/609 305/610/610 308/611/611
f 308/611/611 305/610/610 306/612/612
f 309/613/613 307/614/614 310/615/615
f 310/615/615 307/614/614 308/616/616
f 311/617/617 309/618/618 312/619/619
f 312/619/619 309/618/618 310/620/620
f 313/621/621 311/622/622 314/623/623
f 314/623/623 311/622/622 312/624/624
f 315/625/625 313/626/626 316/627/627
f 316/627/627 313/626/626 314/628/628
f 317/629/629 315/630/630 318/631/631
f 318/631/631 315/630/630 316/632/632
f 319/633/633 317/634/634 320/635/635
f 320/635/635 317/634/634 318/636/636
f 321/637/637 319/638/638 322/639/639
f 322/639/639 319/638/638 320/640/640
f 323/641/641 321/642/642 324/643/643
f 324/643/643 321/642/642 322/644/644
f 325/645/645 323/646/646 326/647/647
f 326/647/647 323/646/646 324/648/648
f 327/649/649 325/650/650 328/651/651
f 328/651/651 325/650/650 326/652/652
f 329/653/653 327/654/654 330/655/655
f 330/655/655 327/654/654 328/656/656
f 331/657/657 329/658/658 332/659/659
f 332/659/659 329/658/658 330/660/660
f 333/661/661 331/662/662 334/663/663
f 334/663/663 331/662/662 332/664/664
f 335/665/665 333/666/666 336/667/667
f 336/667/667 333/666/666 334/668/668
f 337/669/669 335/670/670 338/671/671
f 338/671/671 335/670/670 336/672/672
f 339/673/673 337/674/674 340/675/675
f 340/675/675 337/674/674 338/676/676
f 341/677/677 339/678/678 342/679/679
f 342/679/679 339/678/678 340/680/680
f 343/681/681 341/682/682 344/683/683
f 344/683/683 341/682/682 342/684/684
f 345/685/685 343/686/686 346/687/687
f 346/687/687 343/686/686 344/688/688
f 347/689/689 345/690/690 348/691/691
f 348/691/691 345/690/690 346/692/692
f 349/693/693 347/694/694 350/695/695
f 350/695/695 347/694/694 348/696/696
f 351/697/697 349/698/698 352/699/699
f 352/699/699 349/698/698 350/700/700
f 353/701/701 351/702/702 354/703/703
f 354/703/703 351/702/702 352/704/704
f 355/705/705 353/706/706 356/707/707
f 356/707/707 353/706/706 354/708/708
f 357/709/709 355/710/710 358/711/711
f 358/711/711 355/710/710 356/712/712
f 359/713/713 357/714/714 360/715/715
f 360/715/715 357/714/714 358/716/716
f 361/717/717 359/718/718 362/719/719
f 362/719/719 359/718/718 360/720/720
f 363/721/721 361/722/722 364/723/723
f 364/723/723 361/722/722 362/724/724
f 365/725/725 363/726/726 366/727/727
f 366/727/727 363/726/726 364/728/728
f 367/729/729 365/730/730 368/731/731
f 368/731/731 365/730/730 366/732/732
f 369/733/733 367/734/734 370/735/735
f 370/735/735 367/734/734 368/736/736
f 371/737/737 369/738/738 372/739/739
f 372/739/739 369/738/738 370/740/740
f 373/741/741 371/742/742 374/743/743
f 374/743/743 371/742/742 372/744/744
f 375/745/745 373/746/746 376/747/747
f 376/747/747 373/746/746 374/748/748
f 377/749/749 375/750/750 378/751/751
f 378/751/751 375/750/750 376/752/752
f 379/753/753 377/754/754 380/755/755
f 380/755/755 377/754/754 378/756/756
f 381/757/757 379/758/758 382/759/759
f 382/759/759 379/758/758 380/760/760
f 383/761/761 381/762/762 384/763/763
f 384/763/763 381/762/762 382/764/764
f 385/765/765 383/766/766 386/767/767
f 386/767/767 383/766/766 384/768/768
f 387/769/769 385/770/770 388/771/771
f 388/771/771 385/770/770 386/772/772
f 389/773/773 387/774/774 390/775/775
f 390/775/775 387/774/774 388/776/776
f 391/777/777 389/778/778 392/779/779
f 392/779/779 389/778/778 390/780/780
f 393/781/781 391/782/782 394/783/783
f 394/783/783 391/782/782 392/784/784
f 395/785/785 393/786/786 396/787/787
f 396/787/787 393/786/786 394/788/788
f 397/789/789 395/790/790 398/791/791
f 398/791/791 395/790/790 396/792/792
f 399/793/793 397/794/794 400/795/795
f 400/795/795 397/794/794 398/796/796
f 401/797/797 399/798/798 402/799/799
f 402/799/799 399/798/798 400/800/800
f 403/801/801 401/802/802 404/803/803
f 404/803/803 401/802/802 402/804/804
f 405/805/805 403/806/806 406/807/807
f 406/807/807 403/806/806 404/808/808
f 407/809/809 405/810/810 408/811/811
f 408/811/811 405/810/810 406/812/812
f 409/813/813 407/814/814 410/815/815
f 410/815/815 407/814/814 408/816/816
f 411/817/817 409/818/818 412/819/819
f 412/819/819 409/818/818 410/820/820
f 413/821/821 411/822/822 414/823/823
f 414/823/823 411/822/822 412/824/824
f 415/825/825 413/826/826 416/827/827
f 416/827/827 413/826/826 414/828/828
f 417/829/829 415/830/830 418/831/831
f 418/831/831 415/830/830 416/832/832
f 419/833/833 417/834/834 420/835/835
f 420/835/835 417/834/834 418/836/836
f 421/837/837 419/838/838 422/839/839
f 422/839/839 419/838/838 420/840/840
f 423/841/841 421/842/842 424/843/843
f 424/843/843 421/842/842 422/844/844
f 425/845/845 423/846/846 426/847/847
f 426/847/847 423/846/846 424/848/848
f 427/849/849 425/850/850 428/851/851
f 428/851/851 425/850/850 426/852/852
f 429/853/853 427/854/854 430/855/855
f 430/855/855 427/854/854 428/856/856
f 431/857/857 429/858/858 432/859/859
f 432/859/859 429/858/858 430/860/860
f 433/861/861 431/862/862 434/863/863
f 434/863/863 431/862/862 432/864/864
f 435/865/865 433/866/866 436/867/867
f 436/867/867 433/866/866 434/868/868
f 437/869/869 435/870/870 438/871/871
f 438/871/871 435/870/870 436/872/872
f 439/873/873 437/874/874 440/875/875
f 440/875/875 437/874/874 438/876/876
f 441/877/877 439/878/878 442/879/879
f 442/879/879 439/878/878 440/880/880
f 443/881/881 441/882/882 444/883/883
f 444/883/883 441/882/882 442/884/884
f 445/885/885 443/886/886 446/887/887
f 446/887/887 443/886/886 444/888/888
f 447/889/889 445/890/890 448/891/891
f 448/891/891 445/890/890 446/892/892
f 449/893/893 447/894/894 450/895/895
f 450/895/895 447/894/894 448/896/896
f 451/897/897 449/898/898 452/899/899
f 452/899/899 449/898/898 450/900/900
f 453/901/901 451/902/902 454/903/903
f 454/903/903 451/902/902 452/904/904
f 455/905/905 453/906/906 456/907/907
f 456/907/907 453/906/906 454/908/908
f 457/909/909 455/910/910 458/911/911
f 458/911/911 455/910/910 456/912/912
f 459/913/913 457/914/914 460/915/915
f 460/915/915 457/914/914 458/916/916
f 461/917/917 459/918/918 462/919/919
f 462/919/919 459/918/918 460/920/920
f 463/921/921 461/922/922 464/923/923
f 464/923/923 461/922/922 462/924/924
f 465/925/925 463/926/926 466/927/927
f 466/927/927 463/926/926 464/928/928
f 467/929/929 465/930/930 468/931/931
f 468/931/931 465/930/930 466/932/932
f 469/933/933 467/934/934 470/935/935
f 470/935/935 467/934/934 468/936/936
f 471/937/937 469/938/938 472/939/939
f 472/939/939 469/938/938 470/940/940
f 473/941/941 471/942/942 474/943/943
f 474/943/943 471/942/942 472/944/944
f 475/945/945 473/946/946 476/947/947
f 476/947/947 473/946/946 474/948/948
f 477/949/949 475/950/950 478/951/951
f 478/951/951 475/950/950 476/952/952
f 479/953/953 477/954/954 480/955/955
f 480/955/955 477/954/954 478/956/956
f 481/957/957 479/958/958 482/959/959
f 482/959/959 479/958/958 480/960/960
f 483/961/961 481/962/962 484/963/963
f 484/963/963 481/962/962 482/964/964
f 485/965/965 483/966/966 486/967/967
f 486/967/967 483/966/966 484/968/968
f 487/969/969 485/970/970 488/971/971
f 488/971/971 485/970/970 486/972/972
f 489/973/973 487/974/974 490/975/975
f 490/975/975 487/974/974 488/976/976
f 491/977/977 489/978/978 492/979/979
f 492/979/979 489/978/978 490/980/980
f 493/981/981 491/982/982 494/983/983
f 494/983/983 491/982/982 492/984/984
f 495/985/985 493/986/986 496/987/987
f 496/987/987 493/986/986 494/988/988
f 497/989/989 495/990/990 498/991/991
f 498/991/991 495/990/990 496/992/992
f 499/993/993 497/994/994 500/995/995
f 500/995/995 497/994/994 498/996/996
f 501/997/997 499/998/998 502/999/999
f 502/999/999 499/998/998 500/1000/1000
f 503/1001/1001 501/1002/1002 504/1003/1003
f 504/1003/1003 501/1002/1002 502/1004/1004
f 505/1005/1005 503/1006/1006 506/1007/1007
f 506/1007/1007 503/1006/1006 504/1008/1008
f 507/1009/1009 505/1010/1010 508/1011/1011
f 508/1011/1011 505/1010/1010 506/1012/1012
f 509/1013/1013 507/1014/1014 510/1015/1015
f 510/1015/1015 507/1014/1014 508/1016/1016
f 511/1017/1017 509/1018/1018 512/1019/1019
f 512/1019/1019 509/1018/1018 510/1020/1020
f 513/1021/1021 511/1022/1022 514/1023/1023
f 514/1023/1023 511/1022/1022 512/1024/1024
f 515/1025/1025 513/1026/1026 516/1027/1027
f 516/1027/1027 513/1026/1026 514/1028/1028
f 517/1029/1029 515/1030/1030 518/1031/1031
f 518/1031/1031 515/1030/1030 516/1032/1032
f 519/1033/1033 517/1034/1034 520/1035/1035
f 520/1035/1035 517/1034/1034 518/1036/1036
f 521/1037/1037 519/1038/1038 522/1039/1039
f 522/1039/1039 519/1038/1038 520/1040/1040
f 523/1041/1041 521/1042/1042 524/1043/1043
f 524/1043/1043 521/1042/1042 522/1044/1044
f 525/1045/1045 523/1046/1046 526/1047/1047
f 526/1047/1047 523/1046/1046 524/1048/1048
f 527/1049/1049 525/1050/1050 528/1051/1051
f 528/1051/1051 525/1050/1050 526/1052/1052
f 529/1053/1053 527/1054/1054 530/1055/1055
f 530/1055/1055 527/1054/1054 528/1056/1056
f 531/1057/1057 529/1058/1058 532/1059/1059
f 532/1059/1059 529/1058/1058 530/1060/1060
f 533/1061/1061 531/1062/1062 534/1063/1063
f 534/1063/1063 531/1062/1062 532/1064/1064
f 535/1065/1065 533/1066/1066 536/1067/1067
f 536/1067/1067 533/1066/1066 534/1068/1068
f 537/1069/1069 535/1070/1070 538/1071/1071
f 538/1071/1071 535/1070/1070 536/1072/1072
f 539/1073/1073 537/1074/1074 540/1075/1075
f 540/1075/1075 537/1074/1074 538/1076/1076
f 541/1077/1077 539/1078/1078 542/1079/1079
f 542/1079/1079 539/1078/1078 540/1080/1080
f 543/1081/1081 541/1082/1082 544/1083/1083
f 544/1083/1083 541/1082/1082 542/1084/1084
f 545/1085/1085 543/1086/1086 546/1087/1087
f 546/1087/1087 543/1086/1086 544/1088/1088
f 547/1089/1089 545/1090/1090 548/1091/1091
f 548/1091/1091 545/1090/1090 546/1092/1092
f 549/1093/1093 547/1094/1094 550/1095/1095
f 550/1095/1095 547/1094/1094 548/1096/1096
f 551/1097/1097 549/1098/1098 552/1099/1099
f 552/1099/1099 549/1098/1098 550/1100/1100
f 553/1101/1101 551/1102/1102 554/1103/1103
f 554/1103/1103 551/1102/1102 552/1104/1104
f 555/1105/1105 553/1106/1106 556/1107/1107
f 556/1107/1107 553/1106/1106 554/1108/1108
f 557/1109/1109 555/1110/1110 558/1111/1111
f 558/1111/1111 555/1110/1110 556/1112/1112
f 559/1113/1113 557/1114/1114 560/1115/1115
f 560/1115/1115 557/1114/1114 558/1116/1116
f 561/1117/1117 559/1118/1118 562/1119/1119
f 562/1119/1119 559/1118/1118 560/1120/1120
f 563/1121/1121 561/1122/1122 564/1123/1123
f 564/1123/1123 561/1122/1122 562/1124/1124
f 565/1125/1125 563/1126/1126 566/1127/1127
f 566/1127/1127 563/1126/1126 564/1128/1128
f 567/1129/1129 565/1130/1130 568/1131/1131
f 568/1131/1131 565/1130/1130 566/1132/1132
f 569/1133/1133 567/1134/1134 570/1135/1135
f 570/1135/1135 567/1134/1134 568/1136/1136
f 571/1137/1137 569/1138/1138 572/1139/1139
f 572/1139/1139 569/1138/1138 570/1140/1140
f 573/1141/1141 571/1142/1142 574/1143/1143
f 574/1143/1143 571/1142/1142 572/1144/1144
f 575/1145/1145 573/1146/1146 576/1147/1147
f 576/1147/1147 573/1146/1146 574/1148/1148
f 577/1149/1149 575/1150/1150 578/1151/1151
f 578/1151/1151 575/1150/1150 576/1152/1152
f 579/1153/1153 577/1154/1154 580/1155/1155
f 580/1155/1155 577/1154/1154 578/1156/1156
f 581/1157/1157 579/1158/1158 582/1159/1159
f 582/1159/1159 579/1158/1158 580/1160/1160
f 583/1161/1161 581/1162/1162 584/1163/1163
f 584/1163/1163 581/1162/1162 582/1164/1164
f 585/1165/1165 583/1166/1166 586/1167/1167
f 586/1167/1167 583/1166/1166 584/1168/1168
f 587/1169/1169 585/1170/1170 588/1171/1171
f 588/1171/1171 585/1170/1170 586/1172/1172
f 589/1173/1173 587/1174/1174 590/1175/1175
f 590/1175/1175 587/1174/1174 588/1176/1176
f 591/1177/1177 589/1178/1178 592/1179/1179
f 592/1179/1179 589/1178/1178 590/1180/1180
f 593/1181/1181 591/1182/1182 594/1183/1183
f 594/1183/1183 591/1182/1182 592/1184/1184
f 595/1185/1185 593/1186/1186 596/1187/1187
f 596/1187/1187 593/1186/1186 594/1188/1188
f 597/1189/1189 595/1190/1190 598/1191/1191
f 598/1191/1191 595/1190/1190 596/1192/1192
f 599/1193/1193 597/1194/1194 600/1195/1195
f 600/1195/1195 597/1194/1194 598/1196/1196
f 601/1197/1197 599/1198/1198 602/1199/1199
f 602/1199/1199 599/1198/1198 600/1200/1200
f 603/1201/1201 601/1202/1202 604/1203/1203
f 604/1203/1203 601/1202/1202 602/1204/1204
f 605/1205/1205 603/1206/1206 606/1207/1207
f 606/1207/1207 603/1206/1206 604/1208/1208
f 607/1209/1209 605/1210/1210 608/1211/1211
f 608/1211/1211 605/1210/1210 606/1212/1212
f 609/1213/1213 607/1214/1214 610/1215/1215
f 610/1215/1215 607/1214/1214 608/1216/1216
f 611/1217/1217 609/1218/1218 612/1219/1219
f 612/1219/1219 609/1218/1218 610/1220/1220
f 613/1221/1221 611/1222/1222 614/1223/1223
f 614/1223/1223 611/1222/1222 612/1224/1224
f 615/1225/1225 613/1226/1226 616/1227/1227
f 616/1227/1227 613/1226/1226 614/1228/1228
f 617/1229/1229 615/1230/1230 618/1231/1231
f 618/1231/1231 615/1230/1230 616/1232/1232
f 619/1233/1233 617/1234/1234 620/1235/1235
f 620/1235/1235 617/1234/1234 618/1236/1236
f 621/1237/1237 619/1238/1238 622/1239/1239
f 622/1239/1239 619/1238/1238 620/1240/1240
f 623/1241/1241 621/1242/1242 624/1243/1243
f 624/1243/1243 621/1242/1242 622/1244/1244
f 625/1245/1245 623/1246/1246 626/1247/1247
f 626/1247/1247 623/1246/1246 624/1248/1248
f 627/1249/1249 625/1250/1250 628/1251/1251
f 628/1251/1251 625/1250/1250 626/1252/1252
f 66/1253/1253 627/1254/1254 67/1255/1255
f 67/1255/1255 627/1254/1254 628/1256/1256
f 61/1257/1257 63/1258/1258 599/1259/1259
f 599/1259/1259 63/1258/1258 2/1260/1260
f 599/1259/1259 2/1260/1260 1/1261/1261
f 1/1261/1261 5/1262/1262 599/1259/1259
f 599/1259/1259 5/1262/1262 571/1263/1263
f 599/1259/1259 571/1263/1263 597/1264/1264
f 597/1264/1264 571/1263/1263 595/1265/1265
f 595/1265/1265 571/1263/1263 593/1266/1266
f 593/1266/1266 571/1263/1263 591/1267/1267
f 591/1267/1267 571/1263/1263 589/1268/1268
f 589/1268/1268 571/1263/1263 573/1269/1269
f 589/1268/1268 573/1269/1269 575/1270/1270
f 571/1263/1263 5/1262/1262 569/1271/1271
f 569/1271/1271 5/1262/1262 7/1272/1272
f 569/1271/1271 7/1272/1272 9/1273/1273
f 11/1274/1274 87/1275/1275 9/1273/1273
f 9/1273/1273 87/1275/1275 555/1276/1276
f 9/1273/1273 555/1276/1276 569/1271/1271
f 569/1271/1271 555/1276/1276 557/1277/1277
f 569/1271/1271 557/1277/1277 567/1278/1278
f 567/1278/1278 557/1277/1277 559/1279/1279
f 567/1278/1278 559/1279/1279 563/1280/1280
f 563/1280/1280 559/1279/1279 561/1281/1281
f 11/1274/1274 13/1282/1282 87/1275/1275
f 87/1275/1275 13/1282/1282 15/1283/1283
f 87/1275/1275 15/1283/1283 17/1284/1284
f 87/1275/1275 17/1284/1284 83/1285/1285
f 83/1285/1285 17/1284/1284 19/1286/1286
f 83/1285/1285 19/1286/1286 81/1287/1287
f 81/1287/1287 19/1286/1286 21/1288/1288
f 81/1287/1287 21/1288/1288 79/1289/1289
f 79/1289/1289 21/1288/1288 23/1290/1290
f 79/1289/1289 23/1290/1290 77/1291/1291
f 77/1291/1291 23/1290/1290 75/1292/1292
f 75/1292/1292 23/1290/1290 25/1293/1293
f 75/1292/1292 25/1293/1293 73/1294/1294
f 73/1294/1294 25/1293/1293 71/1295/1295
f 71/1295/1295 25/1293/1293 27/1296/1296
f 71/1295/1295 27/1296/1296 69/1297/1297
f 69/1297/1297 27/1296/1296 65/1298/1298
f 65/1298/1298 27/1296/1296 29/1299/1299
f 65/1298/1298 29/1299/1299 31/1300/1300
f 31/1300/1300 33/1301/1301 65/1298/1298
f 65/1298/1298 33/1301/1301 35/1302/1302
f 65/1298/1298 35/1302/1302 37/1303/1303
f 37/1303/1303 39/1304/1304 65/1298/1298
f 65/1298/1298 39/1304/1304 41/1305/1305
f 65/1298/1298 41/1305/1305 66/1306/1306
f 66/1306/1306 41/1305/1305 627/1307/1307
f 627/1307/1307 41/1305/1305 625/1308/1308
f 625/1308/1308 41/1305/1305 623/1309/1309
f 623/1309/1309 41/1305/1305 621/1310/1310
f 621/1310/1310 41/1305/1305 43/1311/1311
f 621/1310/1310 43/1311/1311 619/1312/1312
f 619/1312/1312 43/1311/1311 45/1313/1313
f 619/1312/1312 45/1313/1313 617/1314/1314
f 617/1314/1314 45/1313/1313 47/1315/1315
f 617/1314/1314 47/1315/1315 615/1316/1316
f 615/1316/1316 47/1315/1315 49/1317/1317
f 615/1316/1316 49/1317/1317 51/1318/1318
f 615/1316/1316 51/1318/1318 613/1319/1319
f 613/1319/1319 51/1318/1318 53/1320/1320
f 613/1319/1319 53/1320/1320 611/1321/1321
f 611/1321/1321 53/1320/1320 55/1322/1322
f 611/1321/1321 55/1322/1322 609/1323/1323
f 609/1323/1323 55/1322/1322 607/1324/1324
f 607/1324/1324 55/1322/1322 57/1325/1325
f 607/1324/1324 57/1325/1325 599/1259/1259
f 599/1259/1259 57/1325/1325 59/1326/1326
f 599/1259/1259 59/1326/1326 61/1257/1257
f 83/1285/1285 85/1327/1327 87/1275/1275
f 89/1328/1328 121/1329/1329 87/1275/1275
f 87/1275/1275 121/1329/1329 463/1330/1330
f 87/1275/1275 463/1330/1330 549/1331/1331
f 549/1331/1331 463/1330/1330 465/1332/1332
f 549/1331/1331 465/1332/1332 467/1333/1333
f 91/1334/1334 107/1335/1335 89/1328/1328
f 89/1328/1328 107/1335/1335 109/1336/1336
f 89/1328/1328 109/1336/1336 111/1337/1337
f 93/1338/1338 95/1339/1339 91/1334/1334
f 91/1334/1334 95/1339/1339 97/1340/1340
f 91/1334/1334 97/1340/1340 99/1341/1341
f 99/1341/1341 101/1342/1342 91/1334/1334
f 91/1334/1334 101/1342/1342 103/1343/1343
f 91/1334/1334 103/1343/1343 105/1344/1344
f 105/1344/1344 107/1335/1335 91/1334/1334
f 111/1337/1337 113/1345/1345 89/1328/1328
f 89/1328/1328 113/1345/1345 121/1329/1329
f 113/1345/1345 115/1346/1346 121/1329/1329
f 121/1329/1329 115/1346/1346 117/1347/1347
f 121/1329/1329 117/1347/1347 119/1348/1348
f 123/1349/1349 185/1350/1350 121/1329/1329
f 121/1329/1329 185/1350/1350 187/1351/1351
f 121/1329/1329 187/1351/1351 189/1352/1352
f 125/1353/1353 127/1354/1354 123/1349/1349
f 123/1349/1349 127/1354/1354 129/1355/1355
f 123/1349/1349 129/1355/1355 131/1356/1356
f 131/1356/1356 133/1357/1357 123/1349/1349
f 123/1349/1349 133/1357/1357 135/1358/1358
f 123/1349/1349 135/1358/1358 137/1359/1359
f 137/1359/1359 139/1360/1360 123/1349/1349
f 123/1349/1349 139/1360/1360 141/1361/1361
f 123/1349/1349 141/1361/1361 143/1362/1362
f 143/1362/1362 145/1363/1363 123/1349/1349
f 123/1349/1349 145/1363/1363 147/1364/1364
f 123/1349/1349 147/1364/1364 149/1365/1365
f 149/1365/1365 151/1366/1366 123/1349/1349
f 123/1349/1349 151/1366/1366 153/1367/1367
f 123/1349/1349 153/1367/1367 155/1368/1368
f 155/1368/1368 157/1369/1369 123/1349/1349
f 123/1349/1349 157/1369/1369 159/1370/1370
f 123/1349/1349 159/1370/1370 161/1371/1371
f 161/1371/1371 163/1372/1372 123/1349/1349
f 123/1349/1349 163/1372/1372 165/1373/1373
f 123/1349/1349 165/1373/1373 167/1374/1374
f 167/1374/1374 169/1375/1375 123/1349/1349
f 123/1349/1349 169/1375/1375 171/1376/1376
f 123/1349/1349 171/1376/1376 175/1377/1377
f 175/1377/1377 171/1376/1376 173/1378/1378
f 177/1379/1379 179/1380/1380 175/1377/1377
f 175/1377/1377 179/1380/1380 181/1381/1381
f 175/1377/1377 181/1381/1381 123/1349/1349
f 123/1349/1349 181/1381/1381 185/1350/1350
f 181/1381/1381 183/1382/1382 185/1350/1350
f 191/1383/1383 255/1384/1384 189/1352/1352
f 189/1352/1352 255/1384/1384 305/1385/1385
f 189/1352/1352 305/1385/1385 373/1386/1386
f 373/1386/1386 305/1385/1385 307/1387/1387
f 373/1386/1386 307/1387/1387 371/1388/1388
f 371/1388/1388 307/1387/1387 309/1389/1389
f 371/1388/1388 309/1389/1389 369/1390/1390
f 369/1390/1390 309/1389/1389 367/1391/1391
f 367/1391/1391 309/1389/1389 311/1392/1392
f 367/1391/1391 311/1392/1392 317/1393/1393
f 317/1393/1393 311/1392/1392 315/1394/1394
f 315/1394/1394 311/1392/1392 313/1395/1395
f 191/1383/1383 193/1396/1396 255/1384/1384
f 255/1384/1384 193/1396/1396 197/1397/1397
f 255/1384/1384 197/1397/1397 253/1398/1398
f 253/1398/1398 197/1397/1397 251/1399/1399
f 251/1399/1399 197/1397/1397 249/1400/1400
f 249/1400/1400 197/1397/1397 247/1401/1401
f 247/1401/1401 197/1397/1397 245/1402/1402
f 245/1402/1402 197/1397/1397 205/1403/1403
f 245/1402/1402 205/1403/1403 207/1404/1404
f 193/1396/1396 195/1405/1405 197/1397/1397
f 199/1406/1406 201/1407/1407 197/1397/1397
f 197/1397/1397 201/1407/1407 203/1408/1408
f 197/1397/1397 203/1408/1408 205/1403/1403
f 245/1402/1402 207/1404/1404 243/1409/1409
f 243/1409/1409 207/1404/1404 209/1410/1410
f 243/1409/1409 209/1410/1410 241/1411/1411
f 241/1411/1411 209/1410/1410 237/1412/1412
f 241/1411/1411 237/1412/1412 239/1413/1413
f 209/1410/1410 211/1414/1414 237/1412/1412
f 237/1412/1412 211/1414/1414 213/1415/1415
f 237/1412/1412 213/1415/1415 215/1416/1416
f 215/1416/1416 217/1417/1417 237/1412/1412
f 237/1412/1412 217/1417/1417 219/1418/1418
f 237/1412/1412 219/1418/1418 221/1419/1419
f 221/1419/1419 223/1420/1420 237/1412/1412
f 237/1412/1412 223/1420/1420 229/1421/1421
f 237/1412/1412 229/1421/1421 231/1422/1422
f 225/1423/1423 227/1424/1424 223/1420/1420
f 223/1420/1420 227/1424/1424 229/1421/1421
f 231/1422/1422 233/1425/1425 237/1412/1412
f 237/1412/1412 233/1425/1425 235/1426/1426
f 257/1427/1427 261/1428/1428 255/1384/1384
f 255/1384/1384 261/1428/1428 263/1429/1429
f 255/1384/1384 263/1429/1429 265/1430/1430
f 257/1427/1427 259/1431/1431 261/1428/1428
f 265/1430/1430 267/1432/1432 255/1384/1384
f 255/1384/1384 267/1432/1432 269/1433/1433
f 255/1384/1384 269/1433/1433 271/1434/1434
f 271/1434/1434 273/1435/1435 255/1384/1384
f 255/1384/1384 273/1435/1435 305/1385/1385
f 273/1435/1435 275/1436/1436 305/1385/1385
f 305/1385/1385 275/1436/1436 277/1437/1437
f 305/1385/1385 277/1437/1437 279/1438/1438
f 279/1438/1438 281/1439/1439 305/1385/1385
f 305/1385/1385 281/1439/1439 283/1440/1440
f 305/1385/1385 283/1440/1440 285/1441/1441
f 285/1441/1441 287/1442/1442 305/1385/1385
f 305/1385/1385 287/1442/1442 289/1443/1443
f 305/1385/1385 289/1443/1443 291/1444/1444
f 291/1444/1444 293/1445/1445 305/1385/1385
f 305/1385/1385 293/1445/1445 295/1446/1446
f 305/1385/1385 295/1446/1446 297/1447/1447
f 297/1447/1447 299/1448/1448 305/1385/1385
f 305/1385/1385 299/1448/1448 301/1449/1449
f 305/1385/1385 301/1449/1449 303/1450/1450
f 317/1393/1393 319/1451/1451 367/1391/1391
f 367/1391/1391 319/1451/1451 321/1452/1452
f 367/1391/1391 321/1452/1452 365/1453/1453
f 365/1453/1453 321/1452/1452 323/1454/1454
f 365/1453/1453 323/1454/1454 325/1455/1455
f 365/1453/1453 325/1455/1455 363/1456/1456
f 363/1456/1456 325/1455/1455 327/1457/1457
f 363/1456/1456 327/1457/1457 329/1458/1458
f 331/1459/1459 359/1460/1460 329/1458/1458
f 329/1458/1458 359/1460/1460 361/1461/1461
f 329/1458/1458 361/1461/1461 363/1456/1456
f 359/1460/1460 331/1459/1459 357/1462/1462
f 357/1462/1462 331/1459/1459 333/1463/1463
f 357/1462/1462 333/1463/1463 355/1464/1464
f 355/1464/1464 333/1463/1463 335/1465/1465
f 355/1464/1464 335/1465/1465 337/1466/1466
f 337/1466/1466 339/1467/1467 355/1464/1464
f 355/1464/1464 339/1467/1467 341/1468/1468
f 355/1464/1464 341/1468/1468 353/1469/1469
f 353/1469/1469 341/1468/1468 343/1470/1470
f 353/1469/1469 343/1470/1470 345/1471/1471
f 347/1472/1472 349/1473/1473 345/1471/1471
f 345/1471/1471 349/1473/1473 351/1474/1474
f 345/1471/1471 351/1474/1474 353/1469/1469
f 375/1475/1475 445/1476/1476 373/1386/1386
f 373/1386/1386 445/1476/1476 447/1477/1477
f 373/1386/1386 447/1477/1477 449/1478/1478
f 375/1475/1475 377/1479/1479 445/1476/1476
f 445/1476/1476 377/1479/1479 379/1480/1480
f 445/1476/1476 379/1480/1480 381/1481/1481
f 381/1481/1481 383/1482/1482 445/1476/1476
f 445/1476/1476 383/1482/1482 385/1483/1483
f 445/1476/1476 385/1483/1483 387/1484/1484
f 387/1484/1484 389/1485/1485 445/1476/1476
f 445/1476/1476 389/1485/1485 391/1486/1486
f 445/1476/1476 391/1486/1486 393/1487/1487
f 445/1476/1476 393/1487/1487 401/1488/1488
f 401/1488/1488 393/1487/1487 395/1489/1489
f 401/1488/1488 395/1489/1489 397/1490/1490
f 397/1490/1490 399/1491/1491 401/1488/1488
f 403/1492/1492 405/1493/1493 401/1488/1488
f 401/1488/1488 405/1493/1493 407/1494/1494
f 401/1488/1488 407/1494/1494 409/1495/1495
f 409/1495/1495 411/1496/1496 401/1488/1488
f 401/1488/1488 411/1496/1496 413/1497/1497
f 401/1488/1488 413/1497/1497 445/1476/1476
f 445/1476/1476 413/1497/1497 415/1498/1498
f 445/1476/1476 415/1498/1498 417/1499/1499
f 417/1499/1499 419/1500/1500 445/1476/1476
f 445/1476/1476 419/1500/1500 421/1501/1501
f 445/1476/1476 421/1501/1501 423/1502/1502
f 423/1502/1502 425/1503/1503 445/1476/1476
f 445/1476/1476 425/1503/1503 427/1504/1504
f 445/1476/1476 427/1504/1504 429/1505/1505
f 429/1505/1505 431/1506/1506 445/1476/1476
f 445/1476/1476 431/1506/1506 433/1507/1507
f 445/1476/1476 433/1507/1507 435/1508/1508
f 435/1508/1508 437/1509/1509 445/1476/1476
f 445/1476/1476 437/1509/1509 439/1510/1510
f 445/1476/1476 439/1510/1510 441/1511/1511
f 441/1511/1511 443/1512/1512 445/1476/1476
f 373/1386/1386 449/1478/1478 189/1352/1352
f 189/1352/1352 449/1478/1478 451/1513/1513
f 189/1352/1352 451/1513/1513 453/1514/1514
f 453/1514/1514 455/1515/1515 189/1352/1352
f 189/1352/1352 455/1515/1515 121/1329/1329
f 455/1515/1515 457/1516/1516 121/1329/1329
f 121/1329/1329 457/1516/1516 459/1517/1517
f 121/1329/1329 459/1517/1517 461/1518/1518
f 461/1518/1518 463/1330/1330 121/1329/1329
f 467/1333/1333 469/1519/1519 549/1331/1331
f 549/1331/1331 469/1519/1519 471/1520/1520
f 549/1331/1331 471/1520/1520 473/1521/1521
f 475/1522/1522 531/1523/1523 473/1521/1521
f 473/1521/1521 531/1523/1523 533/1524/1524
f 473/1521/1521 533/1524/1524 535/1525/1525
f 477/1526/1526 523/1527/1527 475/1522/1522
f 475/1522/1522 523/1527/1527 525/1528/1528
f 475/1522/1522 525/1528/1528 527/1529/1529
f 477/1526/1526 479/1530/1530 523/1527/1527
f 523/1527/1527 479/1530/1530 481/1531/1531
f 523/1527/1527 481/1531/1531 483/1532/1532
f 483/1532/1532 485/1533/1533 523/1527/1527
f 523/1527/1527 485/1533/1533 487/1534/1534
f 523/1527/1527 487/1534/1534 489/1535/1535
f 489/1535/1535 491/1536/1536 523/1527/1527
f 523/1527/1527 491/1536/1536 493/1537/1537
f 523/1527/1527 493/1537/1537 521/1538/1538
f 521/1538/1538 493/1537/1537 495/1539/1539
f 521/1538/1538 495/1539/1539 519/1540/1540
f 519/1540/1540 495/1539/1539 517/1541/1541
f 517/1541/1541 495/1539/1539 497/1542/1542
f 517/1541/1541 497/1542/1542 515/1543/1543
f 515/1543/1543 497/1542/1542 513/1544/1544
f 513/1544/1544 497/1542/1542 511/1545/1545
f 511/1545/1545 497/1542/1542 509/1546/1546
f 509/1546/1546 497/1542/1542 507/1547/1547
f 507/1547/1547 497/1542/1542 505/1548/1548
f 505/1548/1548 497/1542/1542 499/1549/1549
f 505/1548/1548 499/1549/1549 501/1550/1550
f 501/1550/1550 503/1551/1551 505/1548/1548
f 527/1529/1529 529/1552/1552 475/1522/1522
f 475/1522/1522 529/1552/1552 531/1523/1523
f 535/1525/1525 537/1553/1553 473/1521/1521
f 473/1521/1521 537/1553/1553 539/1554/1554
f 473/1521/1521 539/1554/1554 543/1555/1555
f 543/1555/1555 539/1554/1554 541/1556/1556
f 543/1555/1555 545/1557/1557 473/1521/1521
f 473/1521/1521 545/1557/1557 547/1558/1558
f 473/1521/1521 547/1558/1558 549/1331/1331
f 549/1331/1331 551/1559/1559 87/1275/1275
f 87/1275/1275 551/1559/1559 553/1560/1560
f 87/1275/1275 553/1560/1560 555/1276/1276
f 563/1280/1280 565/1561/1561 567/1278/1278
f 589/1268/1268 575/1270/1270 587/1562/1562
f 587/1562/1562 575/1270/1270 577/1563/1563
f 587/1562/1562 577/1563/1563 585/1564/1564
f 585/1564/1564 577/1563/1563 583/1565/1565
f 583/1565/1565 577/1563/1563 579/1566/1566
f 583/1565/1565 579/1566/1566 581/1567/1567
f 599/1259/1259 601/1568/1568 607/1324/1324
f 607/1324/1324 601/1568/1568 605/1569/1569
f 605/1569/1569 601/1568/1568 603/1570/1570
f 4/1571/1571 3/1572/1572 600/1573/1573
f 600/1573/1573 3/1572/1572 64/1574/1574
f 600/1573/1573 64/1574/1574 62/1575/1575
f 62/1575/1575 60/1576/1576 600/1573/1573
f 600/1573/1573 60/1576/1576 58/1577/1577
f 600/1573/1573 58/1577/1577 608/1578/1578
f 608/1578/1578 58/1577/1577 56/1579/1579
f 608/1578/1578 56/1579/1579 610/1580/1580
f 610/1580/1580 56/1579/1579 612/1581/1581
f 612/1581/1581 56/1579/1579 54/1582/1582
f 612/1581/1581 54/1582/1582 52/1583/1583
f 52/1583/1583 50/1584/1584 612/1581/1581
f 612/1581/1581 50/1584/1584 48/1585/1585
f 612/1581/1581 48/1585/1585 46/1586/1586
f 46/1586/1586 44/1587/1587 612/1581/1581
f 612/1581/1581 44/1587/1587 42/1588/1588
f 612/1581/1581 42/1588/1588 614/1589/1589
f 614/1589/1589 42/1588/1588 616/1590/1590
f 616/1590/1590 42/1588/1588 618/1591/1591
f 618/1591/1591 42/1588/1588 620/1592/1592
f 620/1592/1592 42/1588/1588 622/1593/1593
f 622/1593/1593 42/1588/1588 40/1594/1594
f 622/1593/1593 40/1594/1594 624/1595/1595
f 624/1595/1595 40/1594/1594 38/1596/1596
f 624/1595/1595 38/1596/1596 626/1597/1597
f 626/1597/1597 38/1596/1596 36/1598/1598
f 626/1597/1597 36/1598/1598 628/1599/1599
f 628/1599/1599 36/1598/1598 34/1600/1600
f 628/1599/1599 34/1600/1600 32/1601/1601
f 628/1599/1599 32/1601/1601 67/1602/1602
f 67/1602/1602 32/1601/1601 30/1603/1603
f 67/1602/1602 30/1603/1603 68/1604/1604
f 68/1604/1604 30/1603/1603 28/1605/1605
f 68/1604/1604 28/1605/1605 70/1606/1606
f 70/1606/1606 28/1605/1605 72/1607/1607
f 72/1607/1607 28/1605/1605 26/1608/1608
f 72/1607/1607 26/1608/1608 74/1609/1609
f 74/1609/1609 26/1608/1608 76/1610/1610
f 76/1610/1610 26/1608/1608 24/1611/1611
f 76/1610/1610 24/1611/1611 78/1612/1612
f 78/1612/1612 24/1611/1611 80/1613/1613
f 80/1613/1613 24/1611/1611 22/1614/1614
f 80/1613/1613 22/1614/1614 82/1615/1615
f 82/1615/1615 22/1614/1614 20/1616/1616
f 82/1615/1615 20/1616/1616 84/1617/1617
f 84/1617/1617 20/1616/1616 18/1618/1618
f 84/1617/1617 18/1618/1618 88/1619/1619
f 88/1619/1619 18/1618/1618 16/1620/1620
f 88/1619/1619 16/1620/1620 14/1621/1621
f 14/1621/1621 12/1622/1622 88/1619/1619
f 88/1619/1619 12/1622/1622 10/1623/1623
f 88/1619/1619 10/1623/1623 556/1624/1624
f 556/1624/1624 10/1623/1623 570/1625/1625
f 556/1624/1624 570/1625/1625 558/1626/1626
f 558/1626/1626 570/1625/1625 568/1627/1627
f 558/1626/1626 568/1627/1627 560/1628/1628
f 560/1628/1628 568/1627/1627 564/1629/1629
f 560/1628/1628 564/1629/1629 562/1630/1630
f 10/1623/1623 8/1631/1631 570/1625/1625
f 570/1625/1625 8/1631/1631 6/1632/1632
f 570/1625/1625 6/1632/1632 572/1633/1633
f 572/1633/1633 6/1632/1632 600/1573/1573
f 572/1633/1633 600/1573/1573 598/1634/1634
f 6/1632/1632 4/1571/1571 600/1573/1573
f 600/1573/1573 608/1578/1578 602/1635/1635
f 602/1635/1635 608/1578/1578 606/1636/1636
f 602/1635/1635 606/1636/1636 604/1637/1637
f 598/1634/1634 596/1638/1638 572/1633/1633
f 572/1633/1633 596/1638/1638 594/1639/1639
f 572/1633/1633 594/1639/1639 592/1640/1640
f 592/1640/1640 590/1641/1641 572/1633/1633
f 572/1633/1633 590/1641/1641 574/1642/1642
f 574/1642/1642 590/1641/1641 576/1643/1643
f 576/1643/1643 590/1641/1641 588/1644/1644
f 576/1643/1643 588/1644/1644 578/1645/1645
f 578/1645/1645 588/1644/1644 586/1646/1646
f 578/1645/1645 586/1646/1646 584/1647/1647
f 582/1648/1648 580/1649/1649 584/1647/1647
f 584/1647/1647 580/1649/1649 578/1645/1645
f 568/1627/1627 566/1650/1650 564/1629/1629
f 556/1624/1624 554/1651/1651 88/1619/1619
f 88/1619/1619 554/1651/1651 552/1652/1652
f 88/1619/1619 552/1652/1652 550/1653/1653
f 548/1654/1654 474/1655/1655 550/1653/1653
f 550/1653/1653 474/1655/1655 472/1656/1656
f 550/1653/1653 472/1656/1656 470/1657/1657
f 548/1654/1654 546/1658/1658 474/1655/1655
f 474/1655/1655 546/1658/1658 544/1659/1659
f 474/1655/1655 544/1659/1659 540/1660/1660
f 540/1660/1660 544/1659/1659 542/1661/1661
f 540/1660/1660 538/1662/1662 474/1655/1655
f 474/1655/1655 538/1662/1662 536/1663/1663
f 474/1655/1655 536/1663/1663 534/1664/1664
f 534/1664/1664 532/1665/1665 474/1655/1655
f 474/1655/1655 532/1665/1665 530/1666/1666
f 474/1655/1655 530/1666/1666 528/1667/1667
f 528/1667/1667 526/1668/1668 474/1655/1655
f 474/1655/1655 526/1668/1668 524/1669/1669
f 474/1655/1655 524/1669/1669 522/1670/1670
f 520/1671/1671 486/1672/1672 522/1670/1670
f 522/1670/1670 486/1672/1672 484/1673/1673
f 522/1670/1670 484/1673/1673 482/1674/1674
f 518/1675/1675 496/1676/1676 520/1671/1671
f 520/1671/1671 496/1676/1676 494/1677/1677
f 520/1671/1671 494/1677/1677 492/1678/1678
f 496/1676/1676 518/1675/1675 498/1679/1679
f 498/1679/1679 518/1675/1675 516/1680/1680
f 498/1679/1679 516/1680/1680 514/1681/1681
f 514/1681/1681 512/1682/1682 498/1679/1679
f 498/1679/1679 512/1682/1682 510/1683/1683
f 498/1679/1679 510/1683/1683 508/1684/1684
f 508/1684/1684 506/1685/1685 498/1679/1679
f 498/1679/1679 506/1685/1685 500/1686/1686
f 500/1686/1686 506/1685/1685 502/1687/1687
f 502/1687/1687 506/1685/1685 504/1688/1688
f 492/1678/1678 490/1689/1689 520/1671/1671
f 520/1671/1671 490/1689/1689 488/1690/1690
f 520/1671/1671 488/1690/1690 486/1672/1672
f 482/1674/1674 480/1691/1691 522/1670/1670
f 522/1670/1670 480/1691/1691 478/1692/1692
f 522/1670/1670 478/1692/1692 476/1693/1693
f 476/1693/1693 474/1655/1655 522/1670/1670
f 470/1657/1657 468/1694/1694 550/1653/1653
f 550/1653/1653 468/1694/1694 466/1695/1695
f 550/1653/1653 466/1695/1695 464/1696/1696
f 462/1697/1697 122/1698/1698 464/1696/1696
f 464/1696/1696 122/1698/1698 88/1619/1619
f 464/1696/1696 88/1619/1619 550/1653/1653
f 462/1697/1697 460/1699/1699 122/1698/1698
f 122/1698/1698 460/1699/1699 458/1700/1700
f 122/1698/1698 458/1700/1700 456/1701/1701
f 122/1698/1698 456/1701/1701 190/1702/1702
f 190/1702/1702 456/1701/1701 454/1703/1703
f 190/1702/1702 454/1703/1703 452/1704/1704
f 452/1704/1704 450/1705/1705 190/1702/1702
f 190/1702/1702 450/1705/1705 374/1706/1706
f 190/1702/1702 374/1706/1706 306/1707/1707
f 306/1707/1707 374/1706/1706 308/1708/1708
f 308/1708/1708 374/1706/1706 372/1709/1709
f 308/1708/1708 372/1709/1709 310/1710/1710
f 310/1710/1710 372/1709/1709 370/1711/1711
f 310/1710/1710 370/1711/1711 368/1712/1712
f 450/1705/1705 448/1713/1713 374/1706/1706
f 374/1706/1706 448/1713/1713 446/1714/1714
f 374/1706/1706 446/1714/1714 376/1715/1715
f 376/1715/1715 446/1714/1714 378/1716/1716
f 378/1716/1716 446/1714/1714 380/1717/1717
f 380/1717/1717 446/1714/1714 382/1718/1718
f 382/1718/1718 446/1714/1714 384/1719/1719
f 384/1719/1719 446/1714/1714 386/1720/1720
f 386/1720/1720 446/1714/1714 388/1721/1721
f 388/1721/1721 446/1714/1714 390/1722/1722
f 390/1722/1722 446/1714/1714 392/1723/1723
f 392/1723/1723 446/1714/1714 394/1724/1724
f 394/1724/1724 446/1714/1714 402/1725/1725
f 394/1724/1724 402/1725/1725 396/1726/1726
f 396/1726/1726 402/1725/1725 398/1727/1727
f 398/1727/1727 402/1725/1725 400/1728/1728
f 444/1729/1729 442/1730/1730 446/1714/1714
f 446/1714/1714 442/1730/1730 440/1731/1731
f 446/1714/1714 440/1731/1731 438/1732/1732
f 438/1732/1732 436/1733/1733 446/1714/1714
f 446/1714/1714 436/1733/1733 434/1734/1734
f 446/1714/1714 434/1734/1734 432/1735/1735
f 432/1735/1735 430/1736/1736 446/1714/1714
f 446/1714/1714 430/1736/1736 428/1737/1737
f 446/1714/1714 428/1737/1737 426/1738/1738
f 426/1738/1738 424/1739/1739 446/1714/1714
f 446/1714/1714 424/1739/1739 422/1740/1740
f 446/1714/1714 422/1740/1740 420/1741/1741
f 420/1741/1741 418/1742/1742 446/1714/1714
f 446/1714/1714 418/1742/1742 416/1743/1743
f 446/1714/1714 416/1743/1743 414/1744/1744
f 446/1714/1714 414/1744/1744 402/1725/1725
f 402/1725/1725 414/1744/1744 412/1745/1745
f 402/1725/1725 412/1745/1745 410/1746/1746
f 410/1746/1746 408/1747/1747 402/1725/1725
f 402/1725/1725 408/1747/1747 406/1748/1748
f 402/1725/1725 406/1748/1748 404/1749/1749
f 366/1750/1750 322/1751/1751 368/1712/1712
f 368/1712/1712 322/1751/1751 320/1752/1752
f 368/1712/1712 320/1752/1752 318/1753/1753
f 364/1754/1754 326/1755/1755 366/1750/1750
f 366/1750/1750 326/1755/1755 324/1756/1756
f 366/1750/1750 324/1756/1756 322/1751/1751
f 362/1757/1757 330/1758/1758 364/1754/1754
f 364/1754/1754 330/1758/1758 328/1759/1759
f 364/1754/1754 328/1759/1759 326/1755/1755
f 362/1757/1757 360/1760/1760 330/1758/1758
f 330/1758/1758 360/1760/1760 332/1761/1761
f 332/1761/1761 360/1760/1760 358/1762/1762
f 332/1761/1761 358/1762/1762 334/1763/1763
f 334/1763/1763 358/1762/1762 356/1764/1764
f 334/1763/1763 356/1764/1764 336/1765/1765
f 336/1765/1765 356/1764/1764 338/1766/1766
f 338/1766/1766 356/1764/1764 340/1767/1767
f 340/1767/1767 356/1764/1764 342/1768/1768
f 342/1768/1768 356/1764/1764 354/1769/1769
f 342/1768/1768 354/1769/1769 344/1770/1770
f 344/1770/1770 354/1769/1769 346/1771/1771
f 346/1771/1771 354/1769/1769 352/1772/1772
f 346/1771/1771 352/1772/1772 350/1773/1773
f 350/1773/1773 348/1774/1774 346/1771/1771
f 368/1712/1712 318/1753/1753 312/1775/1775
f 312/1775/1775 318/1753/1753 316/1776/1776
f 312/1775/1775 316/1776/1776 314/1777/1777
f 312/1775/1775 310/1710/1710 368/1712/1712
f 304/1778/1778 302/1779/1779 306/1707/1707
f 306/1707/1707 302/1779/1779 300/1780/1780
f 306/1707/1707 300/1780/1780 298/1781/1781
f 298/1781/1781 296/1782/1782 306/1707/1707
f 306/1707/1707 296/1782/1782 294/1783/1783
f 306/1707/1707 294/1783/1783 292/1784/1784
f 292/1784/1784 290/1785/1785 306/1707/1707
f 306/1707/1707 290/1785/1785 288/1786/1786
f 306/1707/1707 288/1786/1786 286/1787/1787
f 286/1787/1787 284/1788/1788 306/1707/1707
f 306/1707/1707 284/1788/1788 282/1789/1789
f 306/1707/1707 282/1789/1789 280/1790/1790
f 280/1790/1790 278/1791/1791 306/1707/1707
f 306/1707/1707 278/1791/1791 276/1792/1792
f 306/1707/1707 276/1792/1792 274/1793/1793
f 306/1707/1707 274/1793/1793 256/1794/1794
f 256/1794/1794 274/1793/1793 272/1795/1795
f 256/1794/1794 272/1795/1795 270/1796/1796
f 270/1796/1796 268/1797/1797 256/1794/1794
f 256/1794/1794 268/1797/1797 266/1798/1798
f 256/1794/1794 266/1798/1798 264/1799/1799
f 264/1799/1799 262/1800/1800 256/1794/1794
f 256/1794/1794 262/1800/1800 258/1801/1801
f 258/1801/1801 262/1800/1800 260/1802/1802
f 254/1803/1803 198/1804/1804 256/1794/1794
f 256/1794/1794 198/1804/1804 194/1805/1805
f 256/1794/1794 194/1805/1805 192/1806/1806
f 254/1803/1803 252/1807/1807 198/1804/1804
f 198/1804/1804 252/1807/1807 250/1808/1808
f 198/1804/1804 250/1808/1808 248/1809/1809
f 248/1809/1809 246/1810/1810 198/1804/1804
f 198/1804/1804 246/1810/1810 206/1811/1811
f 198/1804/1804 206/1811/1811 204/1812/1812
f 206/1811/1811 246/1810/1810 208/1813/1813
f 208/1813/1813 246/1810/1810 244/1814/1814
f 208/1813/1813 244/1814/1814 242/1815/1815
f 240/1816/1816 238/1817/1817 242/1815/1815
f 242/1815/1815 238/1817/1817 208/1813/1813
f 236/1818/1818 234/1819/1819 238/1817/1817
f 238/1817/1817 234/1819/1819 232/1820/1820
f 238/1817/1817 232/1820/1820 230/1821/1821
f 238/1817/1817 230/1821/1821 216/1822/1822
f 216/1822/1822 230/1821/1821 228/1823/1823
f 216/1822/1822 228/1823/1823 226/1824/1824
f 216/1822/1822 226/1824/1824 218/1825/1825
f 218/1825/1825 226/1824/1824 224/1826/1826
f 218/1825/1825 224/1826/1826 222/1827/1827
f 222/1827/1827 220/1828/1828 218/1825/1825
f 216/1822/1822 214/1829/1829 238/1817/1817
f 238/1817/1817 214/1829/1829 212/1830/1830
f 238/1817/1817 212/1830/1830 210/1831/1831
f 210/1831/1831 208/1813/1813 238/1817/1817
f 204/1812/1812 202/1832/1832 198/1804/1804
f 198/1804/1804 202/1832/1832 200/1833/1833
f 198/1804/1804 196/1834/1834 194/1805/1805
f 192/1806/1806 190/1702/1702 256/1794/1794
f 256/1794/1794 190/1702/1702 306/1707/1707
f 190/1702/1702 188/1835/1835 122/1698/1698
f 122/1698/1698 188/1835/1835 186/1836/1836
f 122/1698/1698 186/1836/1836 124/1837/1837
f 124/1837/1837 186/1836/1836 182/1838/1838
f 124/1837/1837 182/1838/1838 176/1839/1839
f 176/1839/1839 182/1838/1838 180/1840/1840
f 176/1839/1839 180/1840/1840 178/1841/1841
f 186/1836/1836 184/1842/1842 182/1838/1838
f 174/1843/1843 172/1844/1844 176/1839/1839
f 176/1839/1839 172/1844/1844 124/1837/1837
f 172/1844/1844 170/1845/1845 124/1837/1837
f 124/1837/1837 170/1845/1845 168/1846/1846
f 124/1837/1837 168/1846/1846 166/1847/1847
f 166/1847/1847 164/1848/1848 124/1837/1837
f 124/1837/1837 164/1848/1848 162/1849/1849
f 124/1837/1837 162/1849/1849 160/1850/1850
f 160/1850/1850 158/1851/1851 124/1837/1837
f 124/1837/1837 158/1851/1851 156/1852/1852
f 124/1837/1837 156/1852/1852 154/1853/1853
f 154/1853/1853 152/1854/1854 124/1837/1837
f 124/1837/1837 152/1854/1854 150/1855/1855
f 124/1837/1837 150/1855/1855 148/1856/1856
f 148/1856/1856 146/1857/1857 124/1837/1837
f 124/1837/1837 146/1857/1857 144/1858/1858
f 124/1837/1837 144/1858/1858 142/1859/1859
f 142/1859/1859 140/1860/1860 124/1837/1837
f 124/1837/1837 140/1860/1860 138/1861/1861
f 124/1837/1837 138/1861/1861 136/1862/1862
f 136/1862/1862 134/1863/1863 124/1837/1837
f 124/1837/1837 134/1863/1863 132/1864/1864
f 124/1837/1837 132/1864/1864 130/1865/1865
f 130/1865/1865 128/1866/1866 124/1837/1837
f 124/1837/1837 128/1866/1866 126/1867/1867
f 120/1868/1868 118/1869/1869 122/1698/1698
f 122/1698/1698 118/1869/1869 116/1870/1870
f 122/1698/1698 116/1870/1870 114/1871/1871
f 122/1698/1698 114/1871/1871 90/1872/1872
f 90/1872/1872 114/1871/1871 112/1873/1873
f 90/1872/1872 112/1873/1873 110/1874/1874
f 110/1874/1874 108/1875/1875 90/1872/1872
f 90/1872/1872 108/1875/1875 92/1876/1876
f 92/1876/1876 108/1875/1875 106/1877/1877
f 92/1876/1876 106/1877/1877 104/1878/1878
f 104/1878/1878 102/1879/1879 92/1876/1876
f 92/1876/1876 102/1879/1879 100/1880/1880
f 92/1876/1876 100/1880/1880 98/1881/1881
f 98/1881/1881 96/1882/1882 92/1876/1876
f 92/1876/1876 96/1882/1882 94/1883/1883
f 90/1872/1872 88/1619/1619 122/1698/1698
f 88/1619/1619 86/1884/1884 84/1617/1617
g naranja

v 28.439450 -945.589090 -0.150000
v 28.469040 -945.564680 -0.150000
v 28.469040 -945.564680 -0.300000
v 28.439450 -945.589090 -0.300000
v 28.405470 -945.607540 -0.150000
v 28.405470 -945.607540 -0.300000
v 28.367930 -945.619190 -0.150000
v 28.367930 -945.619190 -0.300000
v 28.327620 -945.623260 -0.150000
v 28.327620 -945.623260 -0.300000
v 28.287300 -945.619190 -0.150000
v 28.287300 -945.619190 -0.300000
v 28.249770 -945.607540 -0.150000
v 28.249770 -945.607540 -0.300000
v 28.215790 -945.589090 -0.150000
v 28.215790 -945.589090 -0.300000
v 28.186200 -945.564680 -0.150000
v 28.186200 -945.564680 -0.300000
v 28.161770 -945.535080 -0.150000
v 28.161770 -945.535080 -0.300000
v 28.143340 -945.501110 -0.150000
v 28.143340 -945.501110 -0.300000
v 28.131680 -945.463560 -0.150000
v 28.131680 -945.463560 -0.300000
v 28.127620 -945.423260 -0.150000
v 28.127620 -945.423260 -0.300000
v 28.131690 -945.382950 -0.150000
v 28.131690 -945.382950 -0.300000
v 28.143340 -945.345410 -0.150000
v 28.143340 -945.345410 -0.300000
v 28.161780 -945.311430 -0.150000
v 28.161780 -945.311430 -0.300000
v 28.186200 -945.281840 -0.150000
v 28.186200 -945.281840 -0.300000
v 28.215800 -945.257420 -0.150000
v 28.215800 -945.257420 -0.300000
v 28.249770 -945.238980 -0.150000
v 28.249770 -945.238980 -0.300000
v 28.287310 -945.227320 -0.150000
v 28.287310 -945.227320 -0.300000
v 28.327620 -945.223260 -0.150000
v 28.327620 -945.223260 -0.300000
v 28.367930 -945.227330 -0.150000
v 28.367930 -945.227330 -0.300000
v 28.405470 -945.238980 -0.150000
v 28.405470 -945.238980 -0.300000
v 28.439450 -945.257420 -0.150000
v 28.439450 -945.257420 -0.300000
v 28.469040 -945.281840 -0.150000
v 28.469040 -945.281840 -0.300000
v 28.493460 -945.311440 -0.150000
v 28.493460 -945.311440 -0.300000
v 28.511900 -945.345410 -0.150000
v 28.511900 -945.345410 -0.300000
v 28.523560 -945.382950 -0.150000
v 28.523560 -945.382950 -0.300000
v 28.527620 -945.423260 -0.150000
v 28.527620 -945.423260 -0.300000
v 28.523560 -945.463570 -0.150000
v 28.523560 -945.463570 -0.300000
v 28.511900 -945.501110 -0.150000
v 28.511900 -945.501110 -0.300000
v 28.493460 -945.535080 -0.150000
v 28.493460 -945.535080 -0.300000
v 27.995940 -945.199620 -0.150000
v 28.044780 -945.140420 -0.150000
v 28.044780 -945.140420 -0.300000
v 27.995940 -945.199620 -0.300000
v 27.959060 -945.267560 -0.150000
v 27.959060 -945.267560 -0.300000
v 27.935750 -945.342640 -0.150000
v 27.935750 -945.342640 -0.300000
v 27.927620 -945.423260 -0.150000
v 27.927620 -945.423260 -0.300000
v 27.935750 -945.503870 -0.150000
v 27.935750 -945.503870 -0.300000
v 27.959060 -945.578960 -0.150000
v 27.959060 -945.578960 -0.300000
v 27.995930 -945.646900 -0.150000
v 27.995930 -945.646900 -0.300000
v 28.044780 -945.706100 -0.150000
v 28.044780 -945.706100 -0.300000
v 28.103980 -945.754940 -0.150000
v 28.103980 -945.754940 -0.300000
v 28.164770 -945.788710 -0.150000
v 28.164770 -945.788710 -0.300000
v 28.165470 -945.788100 -0.150000
v 28.165470 -945.788100 -0.300000
v 28.115640 -945.836130 -0.150000
v 28.115640 -945.836130 -0.300000
v 28.067520 -945.890830 -0.150000
v 28.067520 -945.890830 -0.300000
v 27.985270 -946.007320 -0.150000
v 27.985270 -946.007320 -0.300000
v 27.933690 -946.103340 -0.150000
v 27.933690 -946.103340 -0.300000
v 27.891930 -946.201380 -0.150000
v 27.891930 -946.201380 -0.300000
v 27.859440 -946.301440 -0.150000
v 27.859440 -946.301440 -0.300000
v 27.835660 -946.403500 -0.150000
v 27.835660 -946.403500 -0.300000
v 27.820030 -946.507550 -0.150000
v 27.820030 -946.507550 -0.300000
v 27.811970 -946.613580 -0.150000
v 27.811970 -946.613580 -0.300000
v 27.810940 -946.721570 -0.150000
v 27.810940 -946.721570 -0.300000
v 27.816370 -946.831520 -0.150000
v 27.816370 -946.831520 -0.300000
v 27.825570 -946.904350 -0.150000
v 27.825570 -946.904350 -0.300000
v 27.842780 -947.002110 -0.150000
v 27.842780 -947.002110 -0.300000
v 27.853170 -947.051490 -0.150000
v 27.853170 -947.051490 -0.300000
v 27.864100 -947.096490 -0.150000
v 27.864100 -947.096490 -0.300000
v 27.875070 -947.133570 -0.150000
v 27.875070 -947.133570 -0.300000
v 27.885610 -947.159190 -0.150000
v 27.885610 -947.159190 -0.300000
v 27.871300 -947.184780 -0.150000
v 27.871300 -947.184780 -0.300000
v 27.845370 -947.216430 -0.150000
v 27.845370 -947.216430 -0.300000
v 27.820040 -947.253780 -0.150000
v 27.820040 -947.253780 -0.300000
v 27.795750 -947.295280 -0.150000
v 27.795750 -947.295280 -0.300000
v 27.772920 -947.339390 -0.150000
v 27.772920 -947.339390 -0.300000
v 27.751990 -947.384530 -0.150000
v 27.751990 -947.384530 -0.300000
v 27.733390 -947.429170 -0.150000
v 27.733390 -947.429170 -0.300000
v 27.717540 -947.471760 -0.150000
v 27.717540 -947.471760 -0.300000
v 27.704890 -947.510730 -0.150000
v 27.704890 -947.510730 -0.300000
v 27.689920 -947.566040 -0.150000
v 27.689920 -947.566040 -0.300000
v 27.677410 -947.622860 -0.150000
v 27.677410 -947.622860 -0.300000
v 27.667370 -947.680950 -0.150000
v 27.667370 -947.680950 -0.300000
v 27.659800 -947.740040 -0.150000
v 27.659800 -947.740040 -0.300000
v 27.654670 -947.799870 -0.150000
v 27.654670 -947.799870 -0.300000
v 27.652000 -947.860190 -0.150000
v 27.652000 -947.860190 -0.300000
v 27.651760 -947.920740 -0.150000
v 27.651760 -947.920740 -0.300000
v 27.653970 -947.981250 -0.150000
v 27.653970 -947.981250 -0.300000
v 27.662230 -948.076990 -0.150000
v 27.662230 -948.076990 -0.300000
v 27.676050 -948.169900 -0.150000
v 27.676050 -948.169900 -0.300000
v 27.695500 -948.260120 -0.150000
v 27.695500 -948.260120 -0.300000
v 27.720660 -948.347820 -0.150000
v 27.720660 -948.347820 -0.300000
v 27.751600 -948.433140 -0.150000
v 27.751600 -948.433140 -0.300000
v 27.788380 -948.516220 -0.150000
v 27.788380 -948.516220 -0.300000
v 27.831080 -948.597230 -0.150000
v 27.831080 -948.597230 -0.300000
v 27.879770 -948.676300 -0.150000
v 27.879770 -948.676300 -0.300000
v 27.933730 -948.747500 -0.150000
v 27.933730 -948.747500 -0.300000
v 27.936000 -948.749610 -0.150000
v 27.936000 -948.749610 -0.300000
v 27.950040 -948.771050 -0.150000
v 27.950040 -948.771050 -0.300000
v 27.977470 -948.804070 -0.150000
v 27.977470 -948.804070 -0.300000
v 28.005490 -948.835640 -0.150000
v 28.005490 -948.835640 -0.300000
v 28.021310 -948.852740 -0.150000
v 28.021310 -948.852740 -0.300000
v 28.121450 -948.942580 -0.150000
v 28.121450 -948.942580 -0.300000
v 28.231850 -949.022180 -0.150000
v 28.231850 -949.022180 -0.300000
v 28.352770 -949.091090 -0.150000
v 28.352770 -949.091090 -0.300000
v 28.301230 -949.173420 -0.150000
v 28.301230 -949.173420 -0.300000
v 28.275730 -949.217620 -0.150000
v 28.275730 -949.217620 -0.300000
v 28.261260 -949.241510 -0.150000
v 28.261260 -949.241510 -0.300000
v 28.254960 -949.261900 -0.150000
v 28.254960 -949.261900 -0.300000
v 28.246510 -949.271480 -0.150000
v 28.246510 -949.271480 -0.300000
v 28.237690 -949.286140 -0.150000
v 28.237690 -949.286140 -0.300000
v 28.228790 -949.304410 -0.150000
v 28.228790 -949.304410 -0.300000
v 28.220120 -949.324830 -0.150000
v 28.220120 -949.324830 -0.300000
v 28.204600 -949.366280 -0.150000
v 28.204600 -949.366280 -0.300000
v 28.193460 -949.398800 -0.150000
v 28.193460 -949.398800 -0.300000
v 28.181370 -949.439630 -0.150000
v 28.181370 -949.439630 -0.300000
v 28.172700 -949.480720 -0.150000
v 28.172700 -949.480720 -0.300000
v 28.167690 -949.521900 -0.150000
v 28.167690 -949.521900 -0.300000
v 28.166560 -949.563000 -0.150000
v 28.166560 -949.563000 -0.300000
v 28.169530 -949.603850 -0.150000
v 28.169530 -949.603850 -0.300000
v 28.176840 -949.644280 -0.150000
v 28.176840 -949.644280 -0.300000
v 28.188700 -949.684130 -0.150000
v 28.188700 -949.684130 -0.300000
v 28.205340 -949.723230 -0.150000
v 28.205340 -949.723230 -0.300000
v 28.223090 -949.752470 -0.150000
v 28.223090 -949.752470 -0.300000
v 28.247280 -949.782340 -0.150000
v 28.247280 -949.782340 -0.300000
v 28.260770 -949.795890 -0.150000
v 28.260770 -949.795890 -0.300000
v 28.274650 -949.807650 -0.150000
v 28.274650 -949.807650 -0.300000
v 28.288510 -949.816970 -0.150000
v 28.288510 -949.816970 -0.300000
v 28.301940 -949.823210 -0.150000
v 28.301940 -949.823210 -0.300000
v 28.318240 -949.836970 -0.150000
v 28.318240 -949.836970 -0.300000
v 28.347470 -949.849310 -0.150000
v 28.347470 -949.849310 -0.300000
v 28.386750 -949.857730 -0.150000
v 28.386750 -949.857730 -0.300000
v 28.433230 -949.859750 -0.150000
v 28.433230 -949.859750 -0.300000
v 28.484020 -949.852850 -0.150000
v 28.484020 -949.852850 -0.300000
v 28.536260 -949.834540 -0.150000
v 28.536260 -949.834540 -0.300000
v 28.587090 -949.802330 -0.150000
v 28.587090 -949.802330 -0.300000
v 28.633620 -949.753720 -0.150000
v 28.633620 -949.753720 -0.300000
v 28.660170 -949.714770 -0.150000
v 28.660170 -949.714770 -0.300000
v 28.686570 -949.769580 -0.150000
v 28.686570 -949.769580 -0.300000
v 28.715140 -949.813770 -0.150000
v 28.715140 -949.813770 -0.300000
v 28.748940 -949.852830 -0.150000
v 28.748940 -949.852830 -0.300000
v 28.787520 -949.886530 -0.150000
v 28.787520 -949.886530 -0.300000
v 28.830430 -949.914660 -0.150000
v 28.830430 -949.914660 -0.300000
v 28.877220 -949.936980 -0.150000
v 28.877220 -949.936980 -0.300000
v 28.927430 -949.953270 -0.150000
v 28.927430 -949.953270 -0.300000
v 28.980600 -949.963300 -0.150000
v 28.980600 -949.963300 -0.300000
v 29.036290 -949.966840 -0.150000
v 29.036290 -949.966840 -0.300000
v 29.072370 -949.965530 -0.150000
v 29.072370 -949.965530 -0.300000
v 29.106610 -949.961480 -0.150000
v 29.106610 -949.961480 -0.300000
v 29.139060 -949.954910 -0.150000
v 29.139060 -949.954910 -0.300000
v 29.169770 -949.946050 -0.150000
v 29.169770 -949.946050 -0.300000
v 29.198800 -949.935130 -0.150000
v 29.198800 -949.935130 -0.300000
v 29.226190 -949.922400 -0.150000
v 29.226190 -949.922400 -0.300000
v 29.252000 -949.908070 -0.150000
v 29.252000 -949.908070 -0.300000
v 29.276270 -949.892380 -0.150000
v 29.276270 -949.892380 -0.300000
v 29.294060 -949.878710 -0.150000
v 29.294060 -949.878710 -0.300000
v 29.313340 -949.861320 -0.150000
v 29.313340 -949.861320 -0.300000
v 29.333170 -949.840830 -0.150000
v 29.333170 -949.840830 -0.300000
v 29.352610 -949.817850 -0.150000
v 29.352610 -949.817850 -0.300000
v 29.370710 -949.793020 -0.150000
v 29.370710 -949.793020 -0.300000
v 29.386550 -949.766960 -0.150000
v 29.386550 -949.766960 -0.300000
v 29.399170 -949.740280 -0.150000
v 29.399170 -949.740280 -0.300000
v 29.407640 -949.713610 -0.150000
v 29.407640 -949.713610 -0.300000
v 29.410120 -949.715670 -0.150000
v 29.410120 -949.715670 -0.300000
v 29.416280 -949.722280 -0.150000
v 29.416280 -949.722280 -0.300000
v 29.446350 -949.762240 -0.150000
v 29.446350 -949.762240 -0.300000
v 29.480140 -949.797950 -0.150000
v 29.480140 -949.797950 -0.300000
v 29.499560 -949.812470 -0.150000
v 29.499560 -949.812470 -0.300000
v 29.520610 -949.825380 -0.150000
v 29.520610 -949.825380 -0.300000
v 29.543120 -949.836520 -0.150000
v 29.543120 -949.836520 -0.300000
v 29.566950 -949.845720 -0.150000
v 29.566950 -949.845720 -0.300000
v 29.591940 -949.852820 -0.150000
v 29.591940 -949.852820 -0.300000
v 29.617920 -949.857660 -0.150000
v 29.617920 -949.857660 -0.300000
v 29.644730 -949.860060 -0.150000
v 29.644730 -949.860060 -0.300000
v 29.672230 -949.859860 -0.150000
v 29.672230 -949.859860 -0.300000
v 29.714940 -949.853910 -0.150000
v 29.714940 -949.853910 -0.300000
v 29.753500 -949.841610 -0.150000
v 29.753500 -949.841610 -0.300000
v 29.788010 -949.823800 -0.150000
v 29.788010 -949.823800 -0.300000
v 29.818550 -949.801320 -0.150000
v 29.818550 -949.801320 -0.300000
v 29.845200 -949.774990 -0.150000
v 29.845200 -949.774990 -0.300000
v 29.868030 -949.745660 -0.150000
v 29.868030 -949.745660 -0.300000
v 29.887140 -949.714160 -0.150000
v 29.887140 -949.714160 -0.300000
v 29.902600 -949.681320 -0.150000
v 29.902600 -949.681320 -0.300000
v 29.916020 -949.639820 -0.150000
v 29.916020 -949.639820 -0.300000
v 29.923700 -949.596140 -0.150000
v 29.923700 -949.596140 -0.300000
v 29.926300 -949.551090 -0.150000
v 29.926300 -949.551090 -0.300000
v 29.924460 -949.505500 -0.150000
v 29.924460 -949.505500 -0.300000
v 29.918830 -949.460210 -0.150000
v 29.918830 -949.460210 -0.300000
v 29.910040 -949.416020 -0.150000
v 29.910040 -949.416020 -0.300000
v 29.898760 -949.373780 -0.150000
v 29.898760 -949.373780 -0.300000
v 29.885630 -949.334300 -0.150000
v 29.885630 -949.334300 -0.300000
v 29.870760 -949.297150 -0.150000
v 29.870760 -949.297150 -0.300000
v 29.855230 -949.263590 -0.150000
v 29.855230 -949.263590 -0.300000
v 29.838840 -949.231020 -0.150000
v 29.838840 -949.231020 -0.300000
v 29.821400 -949.196810 -0.150000
v 29.821400 -949.196810 -0.300000
v 29.784660 -949.132860 -0.150000
v 29.784660 -949.132860 -0.300000
v 29.745420 -949.070800 -0.150000
v 29.745420 -949.070800 -0.300000
v 29.777090 -949.043790 -0.150000
v 29.777090 -949.043790 -0.300000
v 29.834720 -948.989030 -0.150000
v 29.834720 -948.989030 -0.300000
v 29.866130 -948.956590 -0.150000
v 29.866130 -948.956590 -0.300000
v 29.895940 -948.923300 -0.150000
v 29.895940 -948.923300 -0.300000
v 29.924210 -948.889020 -0.150000
v 29.924210 -948.889020 -0.300000
v 29.951010 -948.853630 -0.150000
v 29.951010 -948.853630 -0.300000
v 29.976380 -948.817020 -0.150000
v 29.976380 -948.817020 -0.300000
v 30.000390 -948.779050 -0.150000
v 30.000390 -948.779050 -0.300000
v 30.023100 -948.739600 -0.150000
v 30.023100 -948.739600 -0.300000
v 30.044560 -948.698560 -0.150000
v 30.044560 -948.698560 -0.300000
v 30.060260 -948.666440 -0.150000
v 30.060260 -948.666440 -0.300000
v 30.081500 -948.620530 -0.150000
v 30.081500 -948.620530 -0.300000
v 30.100320 -948.574600 -0.150000
v 30.100320 -948.574600 -0.300000
v 30.108740 -948.542410 -0.150000
v 30.108740 -948.542410 -0.300000
v 30.116230 -948.530810 -0.150000
v 30.116230 -948.530810 -0.300000
v 30.124170 -948.511680 -0.150000
v 30.124170 -948.511680 -0.300000
v 30.132230 -948.487260 -0.150000
v 30.132230 -948.487260 -0.300000
v 30.140100 -948.459780 -0.150000
v 30.140100 -948.459780 -0.300000
v 30.154010 -948.404620 -0.150000
v 30.154010 -948.404620 -0.300000
v 30.163360 -948.364150 -0.150000
v 30.163360 -948.364150 -0.300000
v 30.185600 -948.243950 -0.150000
v 30.185600 -948.243950 -0.300000
v 30.198370 -948.118510 -0.150000
v 30.198370 -948.118510 -0.300000
v 30.201220 -947.990160 -0.150000
v 30.201220 -947.990160 -0.300000
v 30.193690 -947.861210 -0.150000
v 30.193690 -947.861210 -0.300000
v 30.175310 -947.733990 -0.150000
v 30.175310 -947.733990 -0.300000
v 30.145630 -947.610820 -0.150000
v 30.145630 -947.610820 -0.300000
v 30.104170 -947.494020 -0.150000
v 30.104170 -947.494020 -0.300000
v 30.050490 -947.385910 -0.150000
v 30.050490 -947.385910 -0.300000
v 30.029100 -947.351030 -0.150000
v 30.029100 -947.351030 -0.300000
v 30.005880 -947.316820 -0.150000
v 30.005880 -947.316820 -0.300000
v 29.980870 -947.283580 -0.150000
v 29.980870 -947.283580 -0.300000
v 29.954150 -947.251620 -0.150000
v 29.954150 -947.251620 -0.300000
v 29.925770 -947.221230 -0.150000
v 29.925770 -947.221230 -0.300000
v 29.895800 -947.192720 -0.150000
v 29.895800 -947.192720 -0.300000
v 29.864300 -947.166380 -0.150000
v 29.864300 -947.166380 -0.300000
v 29.831340 -947.142510 -0.150000
v 29.831340 -947.142510 -0.300000
v 29.815800 -947.120400 -0.150000
v 29.815800 -947.120400 -0.300000
v 29.801110 -947.099810 -0.150000
v 29.801110 -947.099810 -0.300000
v 29.787750 -947.078370 -0.150000
v 29.787750 -947.078370 -0.300000
v 29.775860 -947.056110 -0.150000
v 29.775860 -947.056110 -0.300000
v 29.765580 -947.033050 -0.150000
v 29.765580 -947.033050 -0.300000
v 29.757030 -947.009230 -0.150000
v 29.757030 -947.009230 -0.300000
v 29.750360 -946.984660 -0.150000
v 29.750360 -946.984660 -0.300000
v 29.745680 -946.959370 -0.150000
v 29.745680 -946.959370 -0.300000
v 29.743140 -946.933380 -0.150000
v 29.743140 -946.933380 -0.300000
v 29.804820 -946.921500 -0.150000
v 29.804820 -946.921500 -0.300000
v 29.882220 -946.912630 -0.150000
v 29.882220 -946.912630 -0.300000
v 29.970220 -946.906800 -0.150000
v 29.970220 -946.906800 -0.300000
v 30.063730 -946.904020 -0.150000
v 30.063730 -946.904020 -0.300000
v 30.157650 -946.904330 -0.150000
v 30.157650 -946.904330 -0.300000
v 30.246880 -946.907730 -0.150000
v 30.246880 -946.907730 -0.300000
v 30.326320 -946.914270 -0.150000
v 30.326320 -946.914270 -0.300000
v 30.390870 -946.923950 -0.150000
v 30.390870 -946.923950 -0.300000
v 30.448770 -946.929670 -0.150000
v 30.448770 -946.929670 -0.300000
v 30.511770 -946.940090 -0.150000
v 30.511770 -946.940090 -0.300000
v 30.577510 -946.954540 -0.150000
v 30.577510 -946.954540 -0.300000
v 30.643630 -946.972360 -0.150000
v 30.643630 -946.972360 -0.300000
v 30.707780 -946.992880 -0.150000
v 30.707780 -946.992880 -0.300000
v 30.767610 -947.015450 -0.150000
v 30.767610 -947.015450 -0.300000
v 30.820740 -947.039400 -0.150000
v 30.820740 -947.039400 -0.300000
v 30.864830 -947.064070 -0.150000
v 30.864830 -947.064070 -0.300000
v 30.914760 -947.104260 -0.150000
v 30.914760 -947.104260 -0.300000
v 30.955940 -947.138920 -0.150000
v 30.955940 -947.138920 -0.300000
v 30.976120 -947.148310 -0.150000
v 30.976120 -947.148310 -0.300000
v 30.997570 -947.149300 -0.150000
v 30.997570 -947.149300 -0.300000
v 31.021440 -947.139520 -0.150000
v 31.021440 -947.139520 -0.300000
v 31.048880 -947.116640 -0.150000
v 31.048880 -947.116640 -0.300000
v 31.065150 -947.095680 -0.150000
v 31.065150 -947.095680 -0.300000
v 31.078660 -947.069770 -0.150000
v 31.078660 -947.069770 -0.300000
v 31.089670 -947.040070 -0.150000
v 31.089670 -947.040070 -0.300000
v 31.098470 -947.007730 -0.150000
v 31.098470 -947.007730 -0.300000
v 31.110480 -946.939720 -0.150000
v 31.110480 -946.939720 -0.300000
v 31.116870 -946.874960 -0.150000
v 31.116870 -946.874960 -0.300000
v 31.119980 -946.778220 -0.150000
v 31.119980 -946.778220 -0.300000
v 31.115270 -946.681710 -0.150000
v 31.115270 -946.681710 -0.300000
v 31.102460 -946.586520 -0.150000
v 31.102460 -946.586520 -0.300000
v 31.081280 -946.493740 -0.150000
v 31.081280 -946.493740 -0.300000
v 31.051440 -946.404470 -0.150000
v 31.051440 -946.404470 -0.300000
v 31.012660 -946.319780 -0.150000
v 31.012660 -946.319780 -0.300000
v 30.964660 -946.240770 -0.150000
v 30.964660 -946.240770 -0.300000
v 30.907160 -946.168530 -0.150000
v 30.907160 -946.168530 -0.300000
v 30.870080 -946.128120 -0.150000
v 30.870080 -946.128120 -0.300000
v 30.811750 -946.069990 -0.150000
v 30.811750 -946.069990 -0.300000
v 30.783790 -946.041530 -0.150000
v 30.783790 -946.041530 -0.300000
v 30.748910 -946.014540 -0.150000
v 30.748910 -946.014540 -0.300000
v 30.643830 -945.929650 -0.150000
v 30.643830 -945.929650 -0.300000
v 30.513890 -945.851510 -0.150000
v 30.513890 -945.851510 -0.300000
v 30.365840 -945.781090 -0.150000
v 30.365840 -945.781090 -0.300000
v 30.206450 -945.719360 -0.150000
v 30.206450 -945.719360 -0.300000
v 30.042480 -945.667290 -0.150000
v 30.042480 -945.667290 -0.300000
v 29.880700 -945.625830 -0.150000
v 29.880700 -945.625830 -0.300000
v 29.727870 -945.595970 -0.150000
v 29.727870 -945.595970 -0.300000
v 29.590740 -945.578660 -0.150000
v 29.590740 -945.578660 -0.300000
v 29.330990 -945.567910 -0.150000
v 29.330990 -945.567910 -0.300000
v 29.206920 -945.575720 -0.150000
v 29.206920 -945.575720 -0.300000
v 29.116100 -945.588320 -0.150000
v 29.116100 -945.588320 -0.300000
v 29.104020 -945.591260 -0.150000
v 29.104020 -945.591260 -0.300000
v 29.098050 -945.591360 -0.150000
v 29.098050 -945.591360 -0.300000
v 29.089470 -945.588930 -0.150000
v 29.089470 -945.588930 -0.300000
v 29.099410 -945.572650 -0.150000
v 29.099410 -945.572650 -0.300000
v 29.107840 -945.555700 -0.150000
v 29.107840 -945.555700 -0.300000
v 29.112720 -945.536220 -0.150000
v 29.112720 -945.536220 -0.300000
v 29.112000 -945.512360 -0.150000
v 29.112000 -945.512360 -0.300000
v 29.109410 -945.502780 -0.150000
v 29.109410 -945.502780 -0.300000
v 29.105070 -945.494750 -0.150000
v 29.105070 -945.494750 -0.300000
v 29.099160 -945.488120 -0.150000
v 29.099160 -945.488120 -0.300000
v 29.091880 -945.482770 -0.150000
v 29.091880 -945.482770 -0.300000
v 29.074020 -945.475320 -0.150000
v 29.074020 -945.475320 -0.300000
v 29.053040 -945.471350 -0.150000
v 29.053040 -945.471350 -0.300000
v 28.957280 -945.467000 -0.150000
v 28.957280 -945.467000 -0.300000
v 28.856040 -945.474870 -0.150000
v 28.856040 -945.474870 -0.300000
v 28.751900 -945.493520 -0.150000
v 28.751900 -945.493520 -0.300000
v 28.651675 -945.520331 -0.150000
v 28.651675 -945.520331 -0.300000
v 28.658700 -945.518050 -0.150000
v 28.658700 -945.518050 -0.300000
v 28.720040 -945.501120 -0.150000
v 28.720040 -945.501120 -0.300000
v 28.727620 -945.423260 -0.150000
v 28.727620 -945.423260 -0.300000
v 28.719490 -945.342640 -0.150000
v 28.719490 -945.342640 -0.300000
v 28.696180 -945.267560 -0.150000
v 28.696180 -945.267560 -0.300000
v 28.659300 -945.199620 -0.150000
v 28.659300 -945.199620 -0.300000
v 28.610460 -945.140420 -0.150000
v 28.610460 -945.140420 -0.300000
v 28.551260 -945.091580 -0.150000
v 28.551260 -945.091580 -0.300000
v 28.483320 -945.054700 -0.150000
v 28.483320 -945.054700 -0.300000
v 28.408240 -945.031390 -0.150000
v 28.408240 -945.031390 -0.300000
v 28.327620 -945.023260 -0.150000
v 28.327620 -945.023260 -0.300000
v 28.247000 -945.031390 -0.150000
v 28.247000 -945.031390 -0.300000
v 28.171920 -945.054700 -0.150000
v 28.171920 -945.054700 -0.300000
v 28.103980 -945.091580 -0.150000
v 28.103980 -945.091580 -0.300000
vt 0.000000 0.000000 0.000000
vt 0.038359 0.000000 0.000000
vt 0.000000 0.150000 0.000000
vt 0.038359 0.150000 0.000000
vt 0.000000 0.000000 0.000000
vt 0.038666 0.000000 0.000000
vt 0.000000 0.150000 0.000000
vt 0.038666 0.150000 0.000000
vt 0.000000 0.000000 0.000000
vt 0.039306 0.000000 0.000000
vt 0.000000 0.150000 0.000000
vt 0.039306 0.150000 0.000000
vt 0.000000 0.000000 0.000000
vt 0.040515 0.000000 0.000000
vt 0.000000 0.150000 0.000000
vt 0.040515 0.150000 0.000000
vt 0.000000 0.000000 0.000000
vt 0.040525 0.000000 0.000000
vt 0.000000 0.150000 0.000000
vt 0.040525 0.150000 0.000000
vt 0.000000 0.000000 0.000000
vt 0.039297 0.000000 0.000000
vt 0.000000 0.150000 0.000000
vt 0.039297 0.150000 0.000000
vt 0.000000 0.000000 0.000000
vt 0.038666 0.000000 0.000000
vt 0.000000 0.150000 0.000000
vt 0.038666 0.150000 0.000000
vt 0.000000 0.000000 0.000000
vt 0.038359 0.000000 0.000000
vt 0.000000 0.150000 0.000000
vt 0.038359 0.150000 0.000000
vt 0.000000 0.000000 0.000000
vt 0.038379 0.000000 0.000000
vt 0.000000 0.150000 0.000000
vt 0.038379 0.150000 0.000000
vt 0.000000 0.000000 0.000000
vt 0.038647 0.000000 0.000000
vt 0.000000 0.150000 0.000000
vt 0.038647 0.150000 0.000000
vt 0.000000 0.000000 0.000000
vt 0.039319 0.000000 0.000000
vt 0.000000 0.150000 0.000000
vt 0.039319 0.150000 0.000000
vt 0.000000 0.000000 0.000000
vt 0.040504 0.000000 0.000000
vt 0.000000 0.150000 0.000000
vt 0.040504 0.150000 0.000000
vt 0.000000 0.000000 0.000000
vt 0.040515 0.000000 0.000000
vt -0.000000 0.150000 0.000000
vt 0.040515 0.150000 0.000000
vt 0.000000 0.000000 0.000000
vt 0.039306 0.000000 0.000000
vt -0.000000 0.150000 0.000000
vt 0.039306 0.150000 0.000000
vt 0.000000 0.000000 0.000000
vt 0.038661 0.000000 0.000000
vt -0.000000 0.150000 0.000000
vt 0.038661 0.150000 0.000000
vt 0.000000 0.000000 0.000000
vt 0.038365 0.000000 0.000000
vt -0.000000 0.150000 0.000000
vt 0.038365 0.150000 0.000000
vt 0.000000 0.000000 0.000000
vt 0.038373 0.000000 0.000000
vt -0.000000 0.150000 0.000000
vt 0.038373 0.150000 0.000000
vt 0.000000 0.000000 0.000000
vt 0.038652 0.000000 0.000000
vt -0.000000 0.150000 0.000000
vt 0.038652 0.150000 0.000000
vt 0.000000 0.000000 0.000000
vt 0.039309 0.000000 0.000000
vt -0.000000 0.150000 0.000000
vt 0.039309 0.150000 0.000000
vt 0.000000 0.000000 0.000000
vt 0.040514 0.000000 0.000000
vt -0.000000 0.150000 0.000000
vt 0.040514 0.150000 0.000000
vt 0.000000 0.000000 0.000000
vt 0.040515 0.000000 0.000000
vt 0.000000 0.150000 0.000000
vt 0.040515 0.150000 0.000000
vt 0.000000 0.000000 0.000000
vt 0.039306 0.000000 0.000000
vt 0.000000 0.150000 0.000000
vt 0.039306 0.150000 0.000000
vt 0.000000 0.000000 0.000000
vt 0.038661 0.000000 0.000000
vt 0.000000 0.150000 0.000000
vt 0.038661 0.150000 0.000000
vt 0.000000 0.000000 0.000000
vt 0.038365 0.000000 0.000000
vt 0.000000 0.150000 0.000000
vt 0.038365 0.150000 0.000000
vt 0.000000 0.000000 0.000000
vt 0.038373 0.000000 0.000000
vt 0.000000 0.150000 0.000000
vt 0.038373 0.150000 0.000000
vt 0.000000 0.000000 0.000000
vt 0.038652 0.000000 0.000000
vt 0.000000 0.150000 0.000000
vt 0.038652 0.150000 0.000000
vt 0.000000 0.000000 0.000000
vt 0.039309 0.000000 0.000000
vt 0.000000 0.150000 0.000000
vt 0.039309 0.150000 0.000000
vt 0.000000 0.000000 0.000000
vt 0.040514 0.000000 0.000000
vt 0.000000 0.150000 0.000000
vt 0.040514 0.150000 0.000000
vt 0.000000 0.000000 0.000000
vt 0.040514 0.000000 0.000000
vt 0.000000 0.150000 0.000000
vt 0.040514 0.150000 0.000000
vt 0.000000 0.000000 0.000000
vt 0.039309 0.000000 0.000000
vt 0.000000 0.150000 0.000000
vt 0.039309 0.150000 0.000000
vt 0.000000 0.000000 0.000000
vt 0.038652 0.000000 0.000000
vt 0.000000 0.150000 0.000000
vt 0.038652 0.150000 0.000000
vt 0.000000 0.000000 0.000000
vt 0.038373 0.000000 0.000000
vt 0.000000 0.150000 0.000000
vt 0.038373 0.150000 0.000000
vt 0.000000 0.000000 0.000000
vt 0.076746 0.000000 0.000000
vt 0.000000 0.150000 0.000000
vt 0.076746 0.150000 0.000000
vt 0.000000 0.000000 0.000000
vt 0.077304 0.000000 0.000000
vt 0.000000 0.150000 0.000000
vt 0.077304 0.150000 0.000000
vt 0.000000 0.000000 0.000000
vt 0.078615 0.000000 0.000000
vt 0.000000 0.150000 0.000000
vt 0.078615 0.150000 0.000000
vt 0.000000 0.000000 0.000000
vt 0.081029 0.000000 0.000000
vt 0.000000 0.150000 0.000000
vt 0.081029 0.150000 0.000000
vt 0.000000 0.000000 0.000000
vt 0.081019 0.000000 0.000000
vt 0.000000 0.150000 0.000000
vt 0.081019 0.150000 0.000000
vt 0.000000 0.000000 0.000000
vt 0.078625 0.000000 0.000000
vt 0.000000 0.150000 0.000000
vt 0.078625 0.150000 0.000000
vt 0.000000 0.000000 0.000000
vt 0.077300 0.000000 0.000000
vt 0.000000 0.150000 0.000000
vt 0.077300 0.150000 0.000000
vt 0.000000 0.000000 0.000000
vt 0.076753 0.000000 0.000000
vt 0.000000 0.150000 0.000000
vt 0.076753 0.150000 0.000000
vt 0.000000 0.000000 0.000000
vt 0.076746 0.000000 0.000000
vt 0.000000 0.150000 0.000000
vt 0.076746 0.150000 0.000000
vt 0.000000 0.000000 0.000000
vt 0.069540 0.000000 0.000000
vt 0.000000 0.150000 0.000000
vt 0.069540 0.150000 0.000000
vt -0.000000 0.000000 0.000000
vt 0.000928 -0.000000 0.000000
vt 0.000000 0.150000 0.000000
vt 0.000928 0.150000 0.000000
vt 0.000000 0.000000 0.000000
vt 0.069209 0.000000 0.000000
vt 0.000000 0.150000 0.000000
vt 0.069209 0.150000 0.000000
vt 0.000000 0.000000 0.000000
vt 0.072853 0.000000 0.000000
vt 0.000000 0.150000 0.000000
vt 0.072853 0.150000 0.000000
vt 0.000000 0.000000 0.000000
vt 0.142601 0.000000 0.000000
vt 0.000000 0.150000 0.000000
vt 0.142601 0.150000 0.000000
vt 0.000000 0.000000 0.000000
vt 0.108997 0.000000 0.000000
vt 0.000000 0.150000 0.000000
vt 0.108997 0.150000 0.000000
vt 0.000000 0.000000 0.000000
vt 0.106563 0.000000 0.000000
vt 0.000000 0.150000 0.000000
vt 0.106563 0.150000 0.000000
vt 0.000000 0.000000 0.000000
vt 0.105203 0.000000 0.000000
vt 0.000000 0.150000 0.000000
vt 0.105203 0.150000 0.000000
vt 0.000000 0.000000 0.000000
vt 0.104794 0.000000 0.000000
vt 0.000000 0.150000 0.000000
vt 0.104794 0.150000 0.000000
vt 0.000000 0.000000 0.000000
vt 0.105217 0.000000 0.000000
vt 0.000000 0.150000 0.000000
vt 0.105217 0.150000 0.000000
vt 0.000000 0.000000 0.000000
vt 0.106336 0.000000 0.000000
vt 0.000000 0.150000 0.000000
vt 0.106336 0.150000 0.000000
vt 0.000000 0.000000 0.000000
vt 0.107995 0.000000 0.000000
vt 0.000000 0.150000 0.000000
vt 0.107995 0.150000 0.000000
vt 0.000000 0.000000 0.000000
vt 0.110084 0.000000 0.000000
vt 0.000000 0.150000 0.000000
vt 0.110084 0.150000 0.000000
vt 0.000000 0.000000 0.000000
vt 0.073409 0.000000 0.000000
vt 0.000000 0.150000 0.000000
vt 0.073409 0.150000 0.000000
vt 0.000000 0.000000 0.000000
vt 0.099263 0.000000 0.000000
vt 0.000000 0.150000 0.000000
vt 0.099263 0.150000 0.000000
vt 0.000000 0.000000 0.000000
vt 0.050461 0.000000 0.000000
vt 0.000000 0.150000 0.000000
vt 0.050461 0.150000 0.000000
vt 0.000000 0.000000 0.000000
vt 0.046308 0.000000 0.000000
vt 0.000000 0.150000 0.000000
vt 0.046308 0.150000 0.000000
vt 0.000000 0.000000 0.000000
vt 0.038669 0.000000 0.000000
vt 0.000000 0.150000 0.000000
vt 0.038669 0.150000 0.000000
vt 0.000000 0.000000 0.000000
vt 0.027703 0.000000 0.000000
vt 0.000000 0.150000 0.000000
vt 0.027703 0.150000 0.000000
vt 0.000000 0.000000 0.000000
vt 0.029319 0.000000 0.000000
vt 0.000000 0.150000 0.000000
vt 0.029319 0.150000 0.000000
vt 0.000000 0.000000 0.000000
vt 0.040916 0.000000 0.000000
vt 0.000000 0.150000 0.000000
vt 0.040916 0.150000 0.000000
vt 0.000000 0.000000 0.000000
vt 0.045129 0.000000 0.000000
vt 0.000000 0.150000 0.000000
vt 0.045129 0.150000 0.000000
vt 0.000000 0.000000 0.000000
vt 0.048086 0.000000 0.000000
vt 0.000000 0.150000 0.000000
vt 0.048086 0.150000 0.000000
vt 0.000000 0.000000 0.000000
vt 0.049668 0.000000 0.000000
vt 0.000000 0.150000 0.000000
vt 0.049668 0.150000 0.000000
vt 0.000000 0.000000 0.000000
vt 0.049756 0.000000 0.000000
vt 0.000000 0.150000 0.000000
vt 0.049756 0.150000 0.000000
vt 0.000000 0.000000 0.000000
vt 0.048360 0.000000 0.000000
vt 0.000000 0.150000 0.000000
vt 0.048360 0.150000 0.000000
vt 0.000000 0.000000 0.000000
vt 0.045444 0.000000 0.000000
vt 0.000000 0.150000 0.000000
vt 0.045444 0.150000 0.000000
vt 0.000000 0.000000 0.000000
vt 0.040972 0.000000 0.000000
vt 0.000000 0.150000 0.000000
vt 0.040972 0.150000 0.000000
vt 0.000000 0.000000 0.000000
vt 0.057300 0.000000 0.000000
vt 0.000000 0.150000 0.000000
vt 0.057300 0.150000 0.000000
vt 0.000000 0.000000 0.000000
vt 0.058181 0.000000 0.000000
vt 0.000000 0.150000 0.000000
vt 0.058181 0.150000 0.000000
vt 0.000000 0.000000 0.000000
vt 0.058951 0.000000 0.000000
vt 0.000000 0.150000 0.000000
vt 0.058951 0.150000 0.000000
vt 0.000000 0.000000 0.000000
vt 0.059573 0.000000 0.000000
vt 0.000000 0.150000 0.000000
vt 0.059573 0.150000 0.000000
vt 0.000000 0.000000 0.000000
vt 0.060050 0.000000 0.000000
vt 0.000000 0.150000 0.000000
vt 0.060050 0.150000 0.000000
vt 0.000000 0.000000 0.000000
vt 0.060379 0.000000 0.000000
vt 0.000000 0.150000 0.000000
vt 0.060379 0.150000 0.000000
vt 0.000000 0.000000 0.000000
vt 0.060550 0.000000 0.000000
vt 0.000000 0.150000 0.000000
vt 0.060550 0.150000 0.000000
vt 0.000000 0.000000 0.000000
vt 0.060550 0.000000 0.000000
vt 0.000000 0.150000 0.000000
vt 0.060550 0.150000 0.000000
vt 0.000000 0.000000 0.000000
vt 0.096096 0.000000 0.000000
vt 0.000000 0.150000 0.000000
vt 0.096096 0.150000 0.000000
vt 0.000000 0.000000 0.000000
vt 0.093932 0.000000 0.000000
vt 0.000000 0.150000 0.000000
vt 0.093932 0.150000 0.000000
vt 0.000000 0.000000 0.000000
vt 0.092293 0.000000 0.000000
vt 0.000000 0.150000 0.000000
vt 0.092293 0.150000 0.000000
vt 0.000000 0.000000 0.000000
vt 0.091238 0.000000 0.000000
vt 0.000000 0.150000 0.000000
vt 0.091238 0.150000 0.000000
vt 0.000000 0.000000 0.000000
vt 0.090757 0.000000 0.000000
vt 0.000000 0.150000 0.000000
vt 0.090757 0.150000 0.000000
vt 0.000000 0.000000 0.000000
vt 0.090857 0.000000 0.000000
vt 0.000000 0.150000 0.000000
vt 0.090857 0.150000 0.000000
vt 0.000000 0.000000 0.000000
vt 0.091575 0.000000 0.000000
vt 0.000000 0.150000 0.000000
vt 0.091575 0.150000 0.000000
vt 0.000000 0.000000 0.000000
vt 0.092859 0.000000 0.000000
vt 0.000000 0.150000 0.000000
vt 0.092859 0.150000 0.000000
vt 0.000000 0.000000 0.000000
vt 0.089337 0.000000 0.000000
vt 0.000000 0.150000 0.000000
vt 0.089337 0.150000 0.000000
vt 0.000000 0.000000 0.000000
vt 0.003099 0.000000 0.000000
vt 0.000000 0.150000 0.000000
vt 0.003099 0.150000 0.000000
vt 0.000000 0.000000 0.000000
vt 0.025628 0.000000 0.000000
vt 0.000000 0.150000 0.000000
vt 0.025628 0.150000 0.000000
vt 0.000000 0.000000 0.000000
vt 0.042927 0.000000 0.000000
vt 0.000000 0.150000 0.000000
vt 0.042927 0.150000 0.000000
vt 0.000000 0.000000 0.000000
vt 0.042211 0.000000 0.000000
vt 0.000000 0.150000 0.000000
vt 0.042211 0.150000 0.000000
vt 0.000000 0.000000 0.000000
vt 0.023296 0.000000 0.000000
vt 0.000000 0.150000 0.000000
vt 0.023296 0.150000 0.000000
vt 0.000000 0.000000 0.000000
vt 0.134533 0.000000 0.000000
vt 0.000000 0.150000 0.000000
vt 0.134533 0.150000 0.000000
vt 0.000000 0.000000 0.000000
vt 0.136104 0.000000 0.000000
vt 0.000000 0.150000 0.000000
vt 0.136104 0.150000 0.000000
vt 0.000000 0.000000 0.000000
vt 0.139177 0.000000 0.000000
vt 0.000000 0.150000 0.000000
vt 0.139177 0.150000 0.000000
vt 0.000000 0.000000 0.000000
vt 0.097132 0.000000 0.000000
vt 0.000000 0.150000 0.000000
vt 0.097132 0.150000 0.000000
vt 0.000000 0.000000 0.000000
vt 0.051028 0.000000 0.000000
vt 0.000000 0.150000 0.000000
vt 0.051028 0.150000 0.000000
vt 0.000000 0.000000 0.000000
vt 0.027931 0.000000 0.000000
vt 0.000000 0.150000 0.000000
vt 0.027931 0.150000 0.000000
vt 0.000000 0.000000 0.000000
vt 0.021341 0.000000 0.000000
vt 0.000000 0.150000 0.000000
vt 0.021341 0.150000 0.000000
vt 0.000000 0.000000 0.000000
vt 0.012774 0.000000 0.000000
vt 0.000000 0.150000 0.000000
vt 0.012774 0.150000 0.000000
vt 0.000000 0.000000 0.000000
vt 0.017109 0.000000 0.000000
vt 0.000000 0.150000 0.000000
vt 0.017109 0.150000 0.000000
vt 0.000000 0.000000 0.000000
vt 0.020322 0.000000 0.000000
vt 0.000000 0.150000 0.000000
vt 0.020322 0.150000 0.000000
vt 0.000000 0.000000 0.000000
vt 0.022184 0.000000 0.000000
vt 0.000000 0.150000 0.000000
vt 0.022184 0.150000 0.000000
vt 0.000000 0.000000 0.000000
vt 0.044260 0.000000 0.000000
vt 0.000000 0.150000 0.000000
vt 0.044260 0.150000 0.000000
vt 0.000000 0.000000 0.000000
vt 0.034375 0.000000 0.000000
vt 0.000000 0.150000 0.000000
vt 0.034375 0.150000 0.000000
vt 0.000000 0.000000 0.000000
vt 0.042582 0.000000 0.000000
vt 0.000000 0.150000 0.000000
vt 0.042582 0.150000 0.000000
vt 0.000000 0.000000 0.000000
vt 0.041995 0.000000 0.000000
vt 0.000000 0.150000 0.000000
vt 0.041995 0.150000 0.000000
vt 0.000000 0.000000 0.000000
vt 0.041484 0.000000 0.000000
vt 0.000000 0.150000 0.000000
vt 0.041484 0.150000 0.000000
vt 0.000000 0.000000 0.000000
vt 0.041116 0.000000 0.000000
vt 0.000000 0.150000 0.000000
vt 0.041116 0.150000 0.000000
vt 0.000000 0.000000 0.000000
vt 0.040958 0.000000 0.000000
vt 0.000000 0.150000 0.000000
vt 0.040958 0.150000 0.000000
vt 0.000000 0.000000 0.000000
vt 0.041086 0.000000 0.000000
vt 0.000000 0.150000 0.000000
vt 0.041086 0.150000 0.000000
vt 0.000000 0.000000 0.000000
vt 0.041577 0.000000 0.000000
vt 0.000000 0.150000 0.000000
vt 0.041577 0.150000 0.000000
vt 0.000000 0.000000 0.000000
vt 0.042494 0.000000 0.000000
vt 0.000000 0.150000 0.000000
vt 0.042494 0.150000 0.000000
vt 0.000000 0.000000 0.000000
vt 0.034206 0.000000 0.000000
vt 0.000000 0.150000 0.000000
vt 0.034206 0.150000 0.000000
vt 0.000000 0.000000 0.000000
vt 0.038437 0.000000 0.000000
vt 0.000000 0.150000 0.000000
vt 0.038437 0.150000 0.000000
vt 0.000000 0.000000 0.000000
vt 0.019120 0.000000 0.000000
vt 0.000000 0.150000 0.000000
vt 0.019120 0.150000 0.000000
vt 0.000000 0.000000 0.000000
vt 0.018192 0.000000 0.000000
vt 0.000000 0.150000 0.000000
vt 0.018192 0.150000 0.000000
vt 0.000000 0.000000 0.000000
vt 0.016702 0.000000 0.000000
vt 0.000000 0.150000 0.000000
vt 0.016702 0.150000 0.000000
vt 0.000000 0.000000 0.000000
vt 0.014809 0.000000 0.000000
vt 0.000000 0.150000 0.000000
vt 0.014809 0.150000 0.000000
vt 0.000000 0.000000 0.000000
vt 0.021331 0.000000 0.000000
vt 0.000000 0.150000 0.000000
vt 0.021331 0.150000 0.000000
vt 0.000000 0.000000 0.000000
vt 0.031728 0.000000 0.000000
vt 0.000000 0.150000 0.000000
vt 0.031728 0.150000 0.000000
vt 0.000000 0.000000 0.000000
vt 0.040172 0.000000 0.000000
vt 0.000000 0.150000 0.000000
vt 0.040172 0.150000 0.000000
vt 0.000000 0.000000 0.000000
vt 0.046524 0.000000 0.000000
vt 0.000000 0.150000 0.000000
vt 0.046524 0.150000 0.000000
vt -0.000000 0.000000 0.000000
vt 0.051257 -0.000000 0.000000
vt 0.000000 0.150000 0.000000
vt 0.051257 0.150000 0.000000
vt -0.000000 0.000000 0.000000
vt 0.055356 -0.000000 0.000000
vt 0.000000 0.150000 0.000000
vt 0.055356 0.150000 0.000000
vt -0.000000 0.000000 0.000000
vt 0.060176 -0.000000 0.000000
vt 0.000000 0.150000 0.000000
vt 0.060176 0.150000 0.000000
vt -0.000000 0.000000 0.000000
vt 0.067290 -0.000000 0.000000
vt 0.000000 0.150000 0.000000
vt 0.067290 0.150000 0.000000
vt -0.000000 0.000000 0.000000
vt 0.047138 -0.000000 0.000000
vt 0.000000 0.150000 0.000000
vt 0.047138 0.150000 0.000000
vt 0.000000 0.000000 0.000000
vt 0.060837 0.000000 0.000000
vt 0.000000 0.150000 0.000000
vt 0.060837 0.150000 0.000000
vt 0.000000 0.000000 0.000000
vt 0.052621 0.000000 0.000000
vt 0.000000 0.150000 0.000000
vt 0.052621 0.150000 0.000000
vt 0.000000 0.000000 0.000000
vt 0.051654 0.000000 0.000000
vt 0.000000 0.150000 0.000000
vt 0.051654 0.150000 0.000000
vt 0.000000 0.000000 0.000000
vt 0.051226 0.000000 0.000000
vt 0.000000 0.150000 0.000000
vt 0.051226 0.150000 0.000000
vt 0.000000 0.000000 0.000000
vt 0.051309 0.000000 0.000000
vt 0.000000 0.150000 0.000000
vt 0.051309 0.150000 0.000000
vt 0.000000 0.000000 0.000000
vt 0.051841 0.000000 0.000000
vt 0.000000 0.150000 0.000000
vt 0.051841 0.150000 0.000000
vt 0.000000 0.000000 0.000000
vt 0.052786 0.000000 0.000000
vt 0.000000 0.150000 0.000000
vt 0.052786 0.150000 0.000000
vt 0.000000 0.000000 0.000000
vt 0.054108 0.000000 0.000000
vt 0.000000 0.150000 0.000000
vt 0.054108 0.150000 0.000000
vt 0.000000 0.000000 0.000000
vt 0.055802 0.000000 0.000000
vt 0.000000 0.150000 0.000000
vt 0.055802 0.150000 0.000000
vt -0.000000 0.000000 0.000000
vt 0.036104 -0.000000 0.000000
vt 0.000000 0.150000 0.000000
vt 0.036104 0.150000 0.000000
vt -0.000000 0.000000 0.000000
vt 0.034479 -0.000000 0.000000
vt 0.000000 0.150000 0.000000
vt 0.034479 0.150000 0.000000
vt -0.000000 0.000000 0.000000
vt 0.033108 -0.000000 0.000000
vt 0.000000 0.150000 0.000000
vt 0.033108 0.150000 0.000000
vt -0.000000 0.000000 0.000000
vt 0.031963 -0.000000 0.000000
vt 0.000000 0.150000 0.000000
vt 0.031963 0.150000 0.000000
vt -0.000000 0.000000 0.000000
vt 0.031016 -0.000000 0.000000
vt 0.000000 0.150000 0.000000
vt 0.031016 0.150000 0.000000
vt -0.000000 0.000000 0.000000
vt 0.030204 -0.000000 0.000000
vt 0.000000 0.150000 0.000000
vt 0.030204 0.150000 0.000000
vt -0.000000 0.000000 0.000000
vt 0.029521 -0.000000 0.000000
vt 0.000000 0.150000 0.000000
vt 0.029521 0.150000 0.000000
vt -0.000000 0.000000 0.000000
vt 0.028900 -0.000000 0.000000
vt 0.000000 0.150000 0.000000
vt 0.028900 0.150000 0.000000
vt -0.000000 0.000000 0.000000
vt 0.022436 -0.000000 0.000000
vt 0.000000 0.150000 0.000000
vt 0.022436 0.150000 0.000000
vt -0.000000 0.000000 0.000000
vt 0.025964 -0.000000 0.000000
vt 0.000000 0.150000 0.000000
vt 0.025964 0.150000 0.000000
vt -0.000000 0.000000 0.000000
vt 0.028514 -0.000000 0.000000
vt 0.000000 0.150000 0.000000
vt 0.028514 0.150000 0.000000
vt -0.000000 0.000000 0.000000
vt 0.030100 -0.000000 0.000000
vt 0.000000 0.150000 0.000000
vt 0.030100 0.150000 0.000000
vt -0.000000 0.000000 0.000000
vt 0.030727 -0.000000 0.000000
vt 0.000000 0.150000 0.000000
vt 0.030727 0.150000 0.000000
vt -0.000000 0.000000 0.000000
vt 0.030496 -0.000000 0.000000
vt 0.000000 0.150000 0.000000
vt 0.030496 0.150000 0.000000
vt -0.000000 0.000000 0.000000
vt 0.029514 -0.000000 0.000000
vt 0.000000 0.150000 0.000000
vt 0.029514 0.150000 0.000000
vt -0.000000 0.000000 0.000000
vt 0.027983 -0.000000 0.000000
vt 0.000000 0.150000 0.000000
vt 0.027983 0.150000 0.000000
vt 0.000000 0.000000 0.000000
vt 0.003224 0.000000 0.000000
vt 0.000000 0.150000 0.000000
vt 0.003224 0.150000 0.000000
vt 0.000000 0.000000 0.000000
vt 0.009035 0.000000 0.000000
vt 0.000000 0.150000 0.000000
vt 0.009035 0.150000 0.000000
vt 0.000000 0.000000 0.000000
vt 0.050010 0.000000 0.000000
vt 0.000000 0.150000 0.000000
vt 0.050010 0.150000 0.000000
vt 0.000000 0.000000 0.000000
vt 0.049163 0.000000 0.000000
vt 0.000000 0.150000 0.000000
vt 0.049163 0.150000 0.000000
vt 0.000000 0.000000 0.000000
vt 0.024248 0.000000 0.000000
vt 0.000000 0.150000 0.000000
vt 0.024248 0.150000 0.000000
vt 0.000000 0.000000 0.000000
vt 0.024694 0.000000 0.000000
vt 0.000000 0.150000 0.000000
vt 0.024694 0.150000 0.000000
vt 0.000000 0.000000 0.000000
vt 0.025116 0.000000 0.000000
vt 0.000000 0.150000 0.000000
vt 0.025116 0.150000 0.000000
vt 0.000000 0.000000 0.000000
vt 0.025544 0.000000 0.000000
vt 0.000000 0.150000 0.000000
vt 0.025544 0.150000 0.000000
vt 0.000000 0.000000 0.000000
vt 0.025979 0.000000 0.000000
vt 0.000000 0.150000 0.000000
vt 0.025979 0.150000 0.000000
vt 0.000000 0.000000 0.000000
vt 0.026427 0.000000 0.000000
vt 0.000000 0.150000 0.000000
vt 0.026427 0.150000 0.000000
vt 0.000000 0.000000 0.000000
vt 0.026917 0.000000 0.000000
vt 0.000000 0.150000 0.000000
vt 0.026917 0.150000 0.000000
vt -0.000000 0.000000 0.000000
vt 0.027501 -0.000000 0.000000
vt 0.000000 0.150000 0.000000
vt 0.027501 0.150000 0.000000
vt -0.000000 0.000000 0.000000
vt 0.043122 -0.000000 0.000000
vt 0.000000 0.150000 0.000000
vt 0.043122 0.150000 0.000000
vt -0.000000 0.000000 0.000000
vt 0.040474 -0.000000 0.000000
vt 0.000000 0.150000 0.000000
vt 0.040474 0.150000 0.000000
vt -0.000000 0.000000 0.000000
vt 0.038835 -0.000000 0.000000
vt 0.000000 0.150000 0.000000
vt 0.038835 0.150000 0.000000
vt -0.000000 0.000000 0.000000
vt 0.037922 -0.000000 0.000000
vt 0.000000 0.150000 0.000000
vt 0.037922 0.150000 0.000000
vt -0.000000 0.000000 0.000000
vt 0.037463 -0.000000 0.000000
vt 0.000000 0.150000 0.000000
vt 0.037463 0.150000 0.000000
vt -0.000000 0.000000 0.000000
vt 0.037168 -0.000000 0.000000
vt 0.000000 0.150000 0.000000
vt 0.037168 0.150000 0.000000
vt -0.000000 0.000000 0.000000
vt 0.036843 -0.000000 0.000000
vt 0.000000 0.150000 0.000000
vt 0.036843 0.150000 0.000000
vt -0.000000 0.000000 0.000000
vt 0.036297 -0.000000 0.000000
vt 0.000000 0.150000 0.000000
vt 0.036297 0.150000 0.000000
vt -0.000000 0.000000 0.000000
vt 0.043616 -0.000000 0.000000
vt 0.000000 0.150000 0.000000
vt 0.043616 0.150000 0.000000
vt -0.000000 0.000000 0.000000
vt 0.044350 -0.000000 0.000000
vt 0.000000 0.150000 0.000000
vt 0.044350 0.150000 0.000000
vt -0.000000 0.000000 0.000000
vt 0.045125 -0.000000 0.000000
vt 0.000000 0.150000 0.000000
vt 0.045125 0.150000 0.000000
vt 0.000000 0.000000 0.000000
vt 0.045627 0.000000 0.000000
vt 0.000000 0.150000 0.000000
vt 0.045627 0.150000 0.000000
vt 0.000000 0.000000 0.000000
vt 0.045639 0.000000 0.000000
vt 0.000000 0.150000 0.000000
vt 0.045639 0.150000 0.000000
vt 0.000000 0.000000 0.000000
vt 0.045056 0.000000 0.000000
vt 0.000000 0.150000 0.000000
vt 0.045056 0.150000 0.000000
vt 0.000000 0.000000 0.000000
vt 0.043720 0.000000 0.000000
vt 0.000000 0.150000 0.000000
vt 0.043720 0.150000 0.000000
vt 0.000000 0.000000 0.000000
vt 0.041606 0.000000 0.000000
vt 0.000000 0.150000 0.000000
vt 0.041606 0.150000 0.000000
vt 0.000000 0.000000 0.000000
vt 0.040015 0.000000 0.000000
vt 0.000000 0.150000 0.000000
vt 0.040015 0.150000 0.000000
vt 0.000000 0.000000 0.000000
vt 0.036979 0.000000 0.000000
vt 0.000000 0.150000 0.000000
vt 0.036979 0.150000 0.000000
vt 0.000000 0.000000 0.000000
vt 0.036461 0.000000 0.000000
vt 0.000000 0.150000 0.000000
vt 0.036461 0.150000 0.000000
vt 0.000000 0.000000 0.000000
vt 0.038399 0.000000 0.000000
vt 0.000000 0.150000 0.000000
vt 0.038399 0.150000 0.000000
vt 0.000000 0.000000 0.000000
vt 0.073752 0.000000 0.000000
vt 0.000000 0.150000 0.000000
vt 0.073752 0.150000 0.000000
vt 0.000000 0.000000 0.000000
vt 0.073425 0.000000 0.000000
vt 0.000000 0.150000 0.000000
vt 0.073425 0.150000 0.000000
vt -0.000000 0.000000 0.000000
vt 0.041624 -0.000000 0.000000
vt 0.000000 0.150000 0.000000
vt 0.041624 0.150000 0.000000
vt -0.000000 0.000000 0.000000
vt 0.079498 -0.000000 0.000000
vt 0.000000 0.150000 0.000000
vt 0.079498 0.150000 0.000000
vt -0.000000 0.000000 0.000000
vt 0.045155 -0.000000 0.000000
vt 0.000000 0.150000 0.000000
vt 0.045155 0.150000 0.000000
vt -0.000000 0.000000 0.000000
vt 0.044686 -0.000000 0.000000
vt 0.000000 0.150000 0.000000
vt 0.044686 0.150000 0.000000
vt -0.000000 0.000000 0.000000
vt 0.044433 -0.000000 0.000000
vt 0.000000 0.150000 0.000000
vt 0.044433 0.150000 0.000000
vt -0.000000 0.000000 0.000000
vt 0.044392 -0.000000 0.000000
vt 0.000000 0.150000 0.000000
vt 0.044392 0.150000 0.000000
vt -0.000000 0.000000 0.000000
vt 0.044541 -0.000000 0.000000
vt 0.000000 0.150000 0.000000
vt 0.044541 0.150000 0.000000
vt -0.000000 0.000000 0.000000
vt 0.044924 -0.000000 0.000000
vt 0.000000 0.150000 0.000000
vt 0.044924 0.150000 0.000000
vt -0.000000 0.000000 0.000000
vt 0.045520 -0.000000 0.000000
vt 0.000000 0.150000 0.000000
vt 0.045520 0.150000 0.000000
vt -0.000000 0.000000 0.000000
vt 0.046312 -0.000000 0.000000
vt 0.000000 0.150000 0.000000
vt 0.046312 0.150000 0.000000
vt -0.000000 0.000000 0.000000
vt 0.035752 -0.000000 0.000000
vt 0.000000 0.150000 0.000000
vt 0.035752 0.150000 0.000000
vt -0.000000 0.000000 0.000000
vt 0.050585 -0.000000 0.000000
vt 0.000000 0.150000 0.000000
vt 0.050585 0.150000 0.000000
vt -0.000000 0.000000 0.000000
vt 0.049636 -0.000000 0.000000
vt 0.000000 0.150000 0.000000
vt 0.049636 0.150000 0.000000
vt -0.000000 0.000000 0.000000
vt 0.033273 -0.000000 0.000000
vt 0.000000 0.150000 0.000000
vt 0.033273 0.150000 0.000000
vt -0.000000 0.000000 0.000000
vt 0.013808 -0.000000 0.000000
vt 0.000000 0.150000 0.000000
vt 0.013808 0.150000 0.000000
vt -0.000000 0.000000 0.000000
vt 0.020712 -0.000000 0.000000
vt 0.000000 0.150000 0.000000
vt 0.020712 0.150000 0.000000
vt -0.000000 0.000000 0.000000
vt 0.025716 -0.000000 0.000000
vt 0.000000 0.150000 0.000000
vt 0.025716 0.150000 0.000000
vt -0.000000 0.000000 0.000000
vt 0.028585 -0.000000 0.000000
vt 0.000000 0.150000 0.000000
vt 0.028585 0.150000 0.000000
vt -0.000000 0.000000 0.000000
vt 0.056887 -0.000000 0.000000
vt 0.000000 0.150000 0.000000
vt 0.056887 0.150000 0.000000
vt -0.000000 0.000000 0.000000
vt 0.041536 -0.000000 0.000000
vt 0.000000 0.150000 0.000000
vt 0.041536 0.150000 0.000000
vt -0.000000 0.000000 0.000000
vt 0.122240 -0.000000 0.000000
vt 0.000000 0.150000 0.000000
vt 0.122240 0.150000 0.000000
vt -0.000000 0.000000 0.000000
vt 0.126088 -0.000000 0.000000
vt 0.000000 0.150000 0.000000
vt 0.126088 0.150000 0.000000
vt -0.000000 0.000000 0.000000
vt 0.128382 -0.000000 0.000000
vt 0.000000 0.150000 0.000000
vt 0.128382 0.150000 0.000000
vt 0.000000 0.000000 0.000000
vt 0.129170 0.000000 0.000000
vt 0.000000 0.150000 0.000000
vt 0.129170 0.150000 0.000000
vt 0.000000 0.000000 0.000000
vt 0.128541 0.000000 0.000000
vt 0.000000 0.150000 0.000000
vt 0.128541 0.150000 0.000000
vt 0.000000 0.000000 0.000000
vt 0.126696 0.000000 0.000000
vt 0.000000 0.150000 0.000000
vt 0.126696 0.150000 0.000000
vt 0.000000 0.000000 0.000000
vt 0.123940 0.000000 0.000000
vt 0.000000 0.150000 0.000000
vt 0.123940 0.150000 0.000000
vt 0.000000 0.000000 0.000000
vt 0.120703 0.000000 0.000000
vt 0.000000 0.150000 0.000000
vt 0.120703 0.150000 0.000000
vt 0.000000 0.000000 0.000000
vt 0.040916 0.000000 0.000000
vt 0.000000 0.150000 0.000000
vt 0.040916 0.150000 0.000000
vt 0.000000 0.000000 0.000000
vt 0.041346 0.000000 0.000000
vt 0.000000 0.150000 0.000000
vt 0.041346 0.150000 0.000000
vt 0.000000 0.000000 0.000000
vt 0.041598 0.000000 0.000000
vt 0.000000 0.150000 0.000000
vt 0.041598 0.150000 0.000000
vt 0.000000 0.000000 0.000000
vt 0.041658 0.000000 0.000000
vt 0.000000 0.150000 0.000000
vt 0.041658 0.150000 0.000000
vt 0.000000 0.000000 0.000000
vt 0.041581 0.000000 0.000000
vt 0.000000 0.150000 0.000000
vt 0.041581 0.150000 0.000000
vt 0.000000 0.000000 0.000000
vt 0.041364 0.000000 0.000000
vt 0.000000 0.150000 0.000000
vt 0.041364 0.150000 0.000000
vt 0.000000 0.000000 0.000000
vt 0.041061 0.000000 0.000000
vt 0.000000 0.150000 0.000000
vt 0.041061 0.150000 0.000000
vt 0.000000 0.000000 0.000000
vt 0.040696 0.000000 0.000000
vt 0.000000 0.150000 0.000000
vt 0.040696 0.150000 0.000000
vt 0.000000 0.000000 0.000000
vt 0.027025 0.000000 0.000000
vt 0.000000 0.150000 0.000000
vt 0.027025 0.150000 0.000000
vt 0.000000 0.000000 0.000000
vt 0.025293 0.000000 0.000000
vt 0.000000 0.150000 0.000000
vt 0.025293 0.150000 0.000000
vt 0.000000 0.000000 0.000000
vt 0.025262 0.000000 0.000000
vt 0.000000 0.150000 0.000000
vt 0.025262 0.150000 0.000000
vt 0.000000 0.000000 0.000000
vt 0.025236 0.000000 0.000000
vt 0.000000 0.150000 0.000000
vt 0.025236 0.150000 0.000000
vt 0.000000 0.000000 0.000000
vt 0.025248 0.000000 0.000000
vt 0.000000 0.150000 0.000000
vt 0.025248 0.150000 0.000000
vt 0.000000 0.000000 0.000000
vt 0.025308 0.000000 0.000000
vt 0.000000 0.150000 0.000000
vt 0.025308 0.150000 0.000000
vt 0.000000 0.000000 0.000000
vt 0.025459 0.000000 0.000000
vt 0.000000 0.150000 0.000000
vt 0.025459 0.150000 0.000000
vt 0.000000 0.000000 0.000000
vt 0.025719 0.000000 0.000000
vt 0.000000 0.150000 0.000000
vt 0.025719 0.150000 0.000000
vt 0.000000 0.000000 0.000000
vt 0.026114 0.000000 0.000000
vt 0.000000 0.150000 0.000000
vt 0.026114 0.150000 0.000000
vt -0.000000 0.000000 0.000000
vt 0.062814 -0.000000 0.000000
vt 0.000000 0.150000 0.000000
vt 0.062814 0.150000 0.000000
vt -0.000000 0.000000 0.000000
vt 0.077907 -0.000000 0.000000
vt 0.000000 0.150000 0.000000
vt 0.077907 0.150000 0.000000
vt -0.000000 0.000000 0.000000
vt 0.088193 -0.000000 0.000000
vt 0.000000 0.150000 0.000000
vt 0.088193 0.150000 0.000000
vt -0.000000 0.000000 0.000000
vt 0.093551 -0.000000 0.000000
vt 0.000000 0.150000 0.000000
vt 0.093551 0.150000 0.000000
vt 0.000000 0.000000 0.000000
vt 0.093921 0.000000 0.000000
vt 0.000000 0.150000 0.000000
vt 0.093921 0.150000 0.000000
vt 0.000000 0.000000 0.000000
vt 0.089295 0.000000 0.000000
vt 0.000000 0.150000 0.000000
vt 0.089295 0.150000 0.000000
vt 0.000000 0.000000 0.000000
vt 0.079709 0.000000 0.000000
vt 0.000000 0.150000 0.000000
vt 0.079709 0.150000 0.000000
vt 0.000000 0.000000 0.000000
vt 0.065272 0.000000 0.000000
vt 0.000000 0.150000 0.000000
vt 0.065272 0.150000 0.000000
vt 0.000000 0.000000 0.000000
vt 0.058182 0.000000 0.000000
vt 0.000000 0.150000 0.000000
vt 0.058182 0.150000 0.000000
vt 0.000000 0.000000 0.000000
vt 0.063856 0.000000 0.000000
vt 0.000000 0.150000 0.000000
vt 0.063856 0.150000 0.000000
vt 0.000000 0.000000 0.000000
vt 0.067309 0.000000 0.000000
vt 0.000000 0.150000 0.000000
vt 0.067309 0.150000 0.000000
vt 0.000000 0.000000 0.000000
vt 0.068479 0.000000 0.000000
vt 0.000000 0.150000 0.000000
vt 0.068479 0.150000 0.000000
vt 0.000000 0.000000 0.000000
vt 0.067352 0.000000 0.000000
vt 0.000000 0.150000 0.000000
vt 0.067352 0.150000 0.000000
vt 0.000000 0.000000 0.000000
vt 0.063946 0.000000 0.000000
vt 0.000000 0.150000 0.000000
vt 0.063946 0.150000 0.000000
vt 0.000000 0.000000 0.000000
vt 0.058279 0.000000 0.000000
vt 0.000000 0.150000 0.000000
vt 0.058279 0.150000 0.000000
vt 0.000000 0.000000 0.000000
vt 0.050523 0.000000 0.000000
vt 0.000000 0.150000 0.000000
vt 0.050523 0.150000 0.000000
vt 0.000000 0.000000 0.000000
vt 0.064096 0.000000 0.000000
vt 0.000000 0.150000 0.000000
vt 0.064096 0.150000 0.000000
vt 0.000000 0.000000 0.000000
vt 0.053825 0.000000 0.000000
vt 0.000000 0.150000 0.000000
vt 0.053825 0.150000 0.000000
vt 0.000000 0.000000 0.000000
vt 0.022258 0.000000 0.000000
vt 0.000000 0.150000 0.000000
vt 0.022258 0.150000 0.000000
vt 0.000000 0.000000 0.000000
vt 0.021473 0.000000 0.000000
vt 0.000000 0.150000 0.000000
vt 0.021473 0.150000 0.000000
vt -0.000000 0.000000 0.000000
vt 0.025796 -0.000000 0.000000
vt 0.000000 0.150000 0.000000
vt 0.025796 0.150000 0.000000
vt -0.000000 0.000000 0.000000
vt 0.035727 -0.000000 0.000000
vt 0.000000 0.150000 0.000000
vt 0.035727 0.150000 0.000000
vt -0.000000 0.000000 0.000000
vt 0.026534 -0.000000 0.000000
vt 0.000000 0.150000 0.000000
vt 0.026534 0.150000 0.000000
vt -0.000000 0.000000 0.000000
vt 0.029221 -0.000000 0.000000
vt 0.000000 0.150000 0.000000
vt 0.029221 0.150000 0.000000
vt -0.000000 0.000000 0.000000
vt 0.031675 -0.000000 0.000000
vt 0.000000 0.150000 0.000000
vt 0.031675 0.150000 0.000000
vt -0.000000 0.000000 0.000000
vt 0.033516 -0.000000 0.000000
vt 0.000000 0.150000 0.000000
vt 0.033516 0.150000 0.000000
vt -0.000000 0.000000 0.000000
vt 0.069062 -0.000000 0.000000
vt 0.000000 0.150000 0.000000
vt 0.069062 0.150000 0.000000
vt -0.000000 0.000000 0.000000
vt 0.065074 -0.000000 0.000000
vt 0.000000 0.150000 0.000000
vt 0.065074 0.150000 0.000000
vt -0.000000 0.000000 0.000000
vt 0.096790 -0.000000 0.000000
vt 0.000000 0.150000 0.000000
vt 0.096790 0.150000 0.000000
vt 0.000000 0.000000 0.000000
vt 0.096625 0.000000 0.000000
vt 0.000000 0.150000 0.000000
vt 0.096625 0.150000 0.000000
vt 0.000000 0.000000 0.000000
vt 0.096048 0.000000 0.000000
vt 0.000000 0.150000 0.000000
vt 0.096048 0.150000 0.000000
vt 0.000000 0.000000 0.000000
vt 0.095167 0.000000 0.000000
vt 0.000000 0.150000 0.000000
vt 0.095167 0.150000 0.000000
vt 0.000000 0.000000 0.000000
vt 0.094125 0.000000 0.000000
vt 0.000000 0.150000 0.000000
vt 0.094125 0.150000 0.000000
vt 0.000000 0.000000 0.000000
vt 0.093147 0.000000 0.000000
vt 0.000000 0.150000 0.000000
vt 0.093147 0.150000 0.000000
vt 0.000000 0.000000 0.000000
vt 0.092448 0.000000 0.000000
vt 0.000000 0.150000 0.000000
vt 0.092448 0.150000 0.000000
vt 0.000000 0.000000 0.000000
vt 0.092330 0.000000 0.000000
vt 0.000000 0.150000 0.000000
vt 0.092330 0.150000 0.000000
vt 0.000000 0.000000 0.000000
vt 0.054844 0.000000 0.000000
vt 0.000000 0.150000 0.000000
vt 0.054844 0.150000 0.000000
vt 0.000000 0.000000 0.000000
vt 0.082350 0.000000 0.000000
vt 0.000000 0.150000 0.000000
vt 0.082350 0.150000 0.000000
vt 0.000000 0.000000 0.000000
vt 0.039897 0.000000 0.000000
vt 0.000000 0.150000 0.000000
vt 0.039897 0.150000 0.000000
vt 0.000000 0.000000 0.000000
vt 0.044103 0.000000 0.000000
vt 0.000000 0.150000 0.000000
vt 0.044103 0.150000 0.000000
vt 0.000000 0.000000 0.000000
vt 0.135086 0.000000 0.000000
vt 0.000000 0.150000 0.000000
vt 0.135086 0.150000 0.000000
vt 0.000000 0.000000 0.000000
vt 0.151625 0.000000 0.000000
vt 0.000000 0.150000 0.000000
vt 0.151625 0.150000 0.000000
vt 0.000000 0.000000 0.000000
vt 0.163944 0.000000 0.000000
vt 0.000000 0.150000 0.000000
vt 0.163944 0.150000 0.000000
vt 0.000000 0.000000 0.000000
vt 0.170926 0.000000 0.000000
vt 0.000000 0.150000 0.000000
vt 0.170926 0.150000 0.000000
vt 0.000000 0.000000 0.000000
vt 0.172039 0.000000 0.000000
vt 0.000000 0.150000 0.000000
vt 0.172039 0.150000 0.000000
vt 0.000000 0.000000 0.000000
vt 0.167008 0.000000 0.000000
vt 0.000000 0.150000 0.000000
vt 0.167008 0.150000 0.000000
vt 0.000000 0.000000 0.000000
vt 0.155720 0.000000 0.000000
vt 0.000000 0.150000 0.000000
vt 0.155720 0.150000 0.000000
vt 0.000000 0.000000 0.000000
vt 0.138218 0.000000 0.000000
vt 0.000000 0.150000 0.000000
vt 0.138218 0.150000 0.000000
vt 0.000000 0.000000 0.000000
vt 0.259972 0.000000 0.000000
vt 0.000000 0.150000 0.000000
vt 0.259972 0.150000 0.000000
vt 0.000000 0.000000 0.000000
vt 0.124316 0.000000 0.000000
vt 0.000000 0.150000 0.000000
vt 0.124316 0.150000 0.000000
vt 0.000000 0.000000 0.000000
vt 0.091690 0.000000 0.000000
vt 0.000000 0.150000 0.000000
vt 0.091690 0.150000 0.000000
vt 0.000000 0.000000 0.000000
vt 0.012433 0.000000 0.000000
vt 0.000000 0.150000 0.000000
vt 0.012433 0.150000 0.000000
vt 0.000000 0.000000 0.000000
vt 0.005971 0.000000 0.000000
vt 0.000000 0.150000 0.000000
vt 0.005971 0.150000 0.000000
vt 0.000000 0.000000 0.000000
vt 0.008917 0.000000 0.000000
vt 0.000000 0.150000 0.000000
vt 0.008917 0.150000 0.000000
vt -0.000000 0.000000 0.000000
vt 0.019075 -0.000000 0.000000
vt 0.000000 0.150000 0.000000
vt 0.019075 0.150000 0.000000
vt -0.000000 0.000000 0.000000
vt 0.018931 -0.000000 0.000000
vt 0.000000 0.150000 0.000000
vt 0.018931 0.150000 0.000000
vt -0.000000 0.000000 0.000000
vt 0.020082 -0.000000 0.000000
vt 0.000000 0.150000 0.000000
vt 0.020082 0.150000 0.000000
vt 0.000000 0.000000 0.000000
vt 0.023871 0.000000 0.000000
vt 0.000000 0.150000 0.000000
vt 0.023871 0.150000 0.000000
vt 0.000000 0.000000 0.000000
vt 0.009924 0.000000 0.000000
vt 0.000000 0.150000 0.000000
vt 0.009924 0.150000 0.000000
vt 0.000000 0.000000 0.000000
vt 0.009128 0.000000 0.000000
vt 0.000000 0.150000 0.000000
vt 0.009128 0.150000 0.000000
vt 0.000000 0.000000 0.000000
vt 0.008882 0.000000 0.000000
vt 0.000000 0.150000 0.000000
vt 0.008882 0.150000 0.000000
vt 0.000000 0.000000 0.000000
vt 0.009034 0.000000 0.000000
vt 0.000000 0.150000 0.000000
vt 0.009034 0.150000 0.000000
vt 0.000000 0.000000 0.000000
vt 0.019352 0.000000 0.000000
vt 0.000000 0.150000 0.000000
vt 0.019352 0.150000 0.000000
vt 0.000000 0.000000 0.000000
vt 0.021352 0.000000 0.000000
vt 0.000000 0.150000 0.000000
vt 0.021352 0.150000 0.000000
vt 0.000000 0.000000 0.000000
vt 0.095859 0.000000 0.000000
vt 0.000000 0.150000 0.000000
vt 0.095859 0.150000 0.000000
vt 0.000000 0.000000 0.000000
vt 0.101545 0.000000 0.000000
vt 0.000000 0.150000 0.000000
vt 0.101545 0.150000 0.000000
vt 0.000000 0.000000 0.000000
vt 0.105797 0.000000 0.000000
vt 0.000000 0.150000 0.000000
vt 0.105797 0.150000 0.000000
vt -0.000000 0.000000 0.000000
vt 0.103749 0.000000 0.000000
vt -0.000000 0.150000 0.000000
vt 0.103749 0.150000 0.000000
vt -0.000000 0.000000 0.000000
vt 0.007386 -0.000000 0.000000
vt 0.000000 0.150000 0.000000
vt 0.007386 0.150000 0.000000
vt -0.000000 0.000000 0.000000
vt 0.063633 -0.000000 0.000000
vt 0.000000 0.150000 0.000000
vt 0.063633 0.150000 0.000000
vt -0.000000 0.000000 0.000000
vt 0.078228 -0.000000 0.000000
vt 0.000000 0.150000 0.000000
vt 0.078228 0.150000 0.000000
vt 0.000000 0.000000 0.000000
vt 0.081029 0.000000 0.000000
vt 0.000000 0.150000 0.000000
vt 0.081029 0.150000 0.000000
vt 0.000000 0.000000 0.000000
vt 0.078615 0.000000 0.000000
vt 0.000000 0.150000 0.000000
vt 0.078615 0.150000 0.000000
vt 0.000000 0.000000 0.000000
vt 0.077304 0.000000 0.000000
vt 0.000000 0.150000 0.000000
vt 0.077304 0.150000 0.000000
vt 0.000000 0.000000 0.000000
vt 0.076746 0.000000 0.000000
vt 0.000000 0.150000 0.000000
vt 0.076746 0.150000 0.000000
vt 0.000000 0.000000 0.000000
vt 0.076746 0.000000 0.000000
vt 0.000000 0.150000 0.000000
vt 0.076746 0.150000 0.000000
vt 0.000000 0.000000 0.000000
vt 0.077304 0.000000 0.000000
vt 0.000000 0.150000 0.000000
vt 0.077304 0.150000 0.000000
vt 0.000000 0.000000 0.000000
vt 0.078615 0.000000 0.000000
vt 0.000000 0.150000 0.000000
vt 0.078615 0.150000 0.000000
vt 0.000000 0.000000 0.000000
vt 0.081029 0.000000 0.000000
vt 0.000000 0.150000 0.000000
vt 0.081029 0.150000 0.000000
vt 0.000000 0.000000 0.000000
vt 0.081029 0.000000 0.000000
vt 0.000000 0.150000 0.000000
vt 0.081029 0.150000 0.000000
vt 0.000000 0.000000 0.000000
vt 0.078615 0.000000 0.000000
vt 0.000000 0.150000 0.000000
vt 0.078615 0.150000 0.000000
vt 0.000000 0.000000 0.000000
vt 0.077304 0.000000 0.000000
vt 0.000000 0.150000 0.000000
vt 0.077304 0.150000 0.000000
vt 0.000000 0.000000 0.000000
vt 0.076746 0.000000 0.000000
vt 0.000000 0.150000 0.000000
vt 0.076746 0.150000 0.000000
vt 0.946420 1.905960 0.000000
vt 0.916830 1.930370 0.000000
vt 0.734195 1.974719 0.000000
vt 0.892410 1.959970 0.000000
vt 0.873970 1.993940 0.000000
vt 0.862310 2.031480 0.000000
vt 0.858250 2.071790 0.000000
vt 0.666380 2.152410 0.000000
vt 0.862310 2.112100 0.000000
vt 0.689690 2.227490 0.000000
vt 0.726570 2.295430 0.000000
vt 0.873970 2.149640 0.000000
vt 0.892410 2.183610 0.000000
vt 0.916830 2.213210 0.000000
vt 0.946420 2.237630 0.000000
vt 0.980400 2.256070 0.000000
vt 1.017940 2.267720 0.000000
vt 1.058250 2.271790 0.000000
vt 0.775410 2.354630 0.000000
vt 0.834610 2.403470 0.000000
vt 0.902550 2.440350 0.000000
vt 0.977630 2.463660 0.000000
vt 1.058250 2.471790 0.000000
vt 1.098560 2.267730 0.000000
vt 1.138870 2.463660 0.000000
vt 1.136100 2.256070 0.000000
vt 1.213950 2.440350 0.000000
vt 1.170070 2.237630 0.000000
vt 1.281890 2.403470 0.000000
vt 1.199670 2.213210 0.000000
vt 1.224090 2.183620 0.000000
vt 1.341090 2.354630 0.000000
vt 1.242530 2.149640 0.000000
vt 1.389930 2.295430 0.000000
vt 1.254180 2.112100 0.000000
vt 1.426810 2.227490 0.000000
vt 1.450120 2.152410 0.000000
vt 1.258250 2.071790 0.000000
vt 1.458250 2.071790 0.000000
vt 1.450120 1.991180 0.000000
vt 1.254190 2.031490 0.000000
vt 1.426810 1.916090 0.000000
vt 1.389940 1.848150 0.000000
vt 1.242530 1.993940 0.000000
vt 1.341090 1.788950 0.000000
vt 1.224100 1.959970 0.000000
vt 1.281890 1.740110 0.000000
vt 1.199670 1.930370 0.000000
vt 1.220400 1.706950 0.000000
vt 1.170080 1.905960 0.000000
vt 1.136100 1.887510 0.000000
vt 1.098570 1.875860 0.000000
vt 1.058250 1.871790 0.000000
vt -0.494830 1.869220 0.000000
vt 0.287820 1.903690 0.000000
vt -0.342000 1.899080 0.000000
vt 0.281850 1.903790 0.000000
vt -0.204870 1.916390 0.000000
vt 0.178950 1.919330 0.000000
vt 0.054880 1.927140 0.000000
vt 1.017940 1.875860 0.000000
vt 0.980400 1.887510 0.000000
vt 0.296400 1.906120 0.000000
vt 0.633970 2.001530 0.000000
vt 0.727170 1.977000 0.000000
vt 0.658250 2.071790 0.000000
vt 0.665830 1.993930 0.000000
vt 0.529830 2.020180 0.000000
vt 0.428590 2.028050 0.000000
vt 0.332830 2.023700 0.000000
vt 0.311850 2.019730 0.000000
vt 0.286460 1.922400 0.000000
vt 0.278030 1.939350 0.000000
vt 0.293990 2.012280 0.000000
vt 0.273150 1.958830 0.000000
vt 0.286710 2.006930 0.000000
vt 0.280800 2.000300 0.000000
vt 0.276460 1.992270 0.000000
vt 0.273870 1.982690 0.000000
vt 0.269770 1.906730 0.000000
vt -0.656610 1.827760 0.000000
vt -0.820580 1.775690 0.000000
vt -0.979970 1.713960 0.000000
vt -1.128020 1.643540 0.000000
vt -0.771780 0.590720 0.000000
vt -0.677860 0.591030 0.000000
vt -0.584350 0.588250 0.000000
vt -1.257960 1.565400 0.000000
vt -1.363040 1.480510 0.000000
vt -1.425880 1.425060 0.000000
vt -1.397920 1.453520 0.000000
vt -1.484210 1.366930 0.000000
vt -1.521290 1.326520 0.000000
vt -1.578790 1.254280 0.000000
vt -1.626790 1.175270 0.000000
vt -1.665570 1.090580 0.000000
vt -1.695410 1.001310 0.000000
vt -1.716590 0.908530 0.000000
vt -1.729400 0.813340 0.000000
vt -1.734110 0.716830 0.000000
vt -1.731000 0.620090 0.000000
vt -1.191640 0.540510 0.000000
vt -1.125900 0.554960 0.000000
vt -1.062900 0.565380 0.000000
vt -1.724610 0.555330 0.000000
vt -1.478960 0.430980 0.000000
vt -1.434870 0.455650 0.000000
vt -1.381740 0.479600 0.000000
vt -1.528890 0.390790 0.000000
vt -1.712600 0.487320 0.000000
vt -1.703800 0.454980 0.000000
vt -1.692790 0.425280 0.000000
vt -1.679280 0.399370 0.000000
vt -1.663010 0.378410 0.000000
vt -1.635570 0.355530 0.000000
vt -1.570070 0.356130 0.000000
vt -1.590250 0.346740 0.000000
vt -1.611700 0.345750 0.000000
vt -1.321910 0.502170 0.000000
vt -1.257760 0.522690 0.000000
vt -1.005000 0.571100 0.000000
vt -0.940450 0.580780 0.000000
vt -0.861010 0.587320 0.000000
vt -0.496350 0.582420 0.000000
vt -0.418950 0.573550 0.000000
vt -0.357270 0.561670 0.000000
vt -0.359810 0.535680 0.000000
vt 1.500260 0.335860 0.000000
vt -0.364490 0.510390 0.000000
vt -0.371160 0.485820 0.000000
vt -0.379710 0.462000 0.000000
vt 1.033100 -1.596040 0.000000
vt -0.389990 0.438940 0.000000
vt -0.401880 0.416680 0.000000
vt -0.415240 0.395240 0.000000
vt -0.359550 -1.575750 0.000000
vt -0.021770 -2.218560 0.000000
vt -0.024250 -2.220620 0.000000
vt -0.398790 -1.637810 0.000000
vt -0.030410 -2.227230 0.000000
vt -0.435530 -1.701760 0.000000
vt -0.452970 -1.735970 0.000000
vt -0.429930 0.374650 0.000000
vt -0.445470 0.352540 0.000000
vt -0.391220 -1.548740 0.000000
vt -0.448850 -1.493980 0.000000
vt -0.480260 -1.461540 0.000000
vt -0.510070 -1.428250 0.000000
vt -0.538340 -1.393970 0.000000
vt -0.565140 -1.358580 0.000000
vt -0.590510 -1.321970 0.000000
vt -0.614520 -1.284000 0.000000
vt -0.637230 -1.244550 0.000000
vt -0.658690 -1.203510 0.000000
vt -0.722870 -1.047360 0.000000
vt -0.674390 -1.171390 0.000000
vt -0.695630 -1.125480 0.000000
vt -0.714450 -1.079550 0.000000
vt -0.478430 0.328670 0.000000
vt -0.509930 0.302330 0.000000
vt -0.539900 0.273820 0.000000
vt -0.568280 0.243430 0.000000
vt -0.595000 0.211470 0.000000
vt -0.620010 0.178230 0.000000
vt -0.643230 0.144020 0.000000
vt -0.664620 0.109140 0.000000
vt -0.718300 0.001030 0.000000
vt -0.759760 -0.115770 0.000000
vt -0.789440 -0.238940 0.000000
vt -0.807820 -0.366160 0.000000
vt -0.815350 -0.495110 0.000000
vt -0.812500 -0.623460 0.000000
vt -0.799730 -0.748900 0.000000
vt -0.777490 -0.869100 0.000000
vt -0.768140 -0.909570 0.000000
vt -0.754230 -0.964730 0.000000
vt -0.746360 -0.992210 0.000000
vt -0.738300 -1.016630 0.000000
vt -0.730360 -1.035760 0.000000
vt -0.469360 -1.768540 0.000000
vt -0.181080 -2.350670 0.000000
vt -0.157250 -2.341470 0.000000
vt -0.134740 -2.330330 0.000000
vt -0.484890 -1.802100 0.000000
vt -0.232050 -2.362610 0.000000
vt -0.206070 -2.357770 0.000000
vt -0.499760 -1.839250 0.000000
vt -0.286360 -2.364810 0.000000
vt -0.258860 -2.365010 0.000000
vt -0.512890 -1.878730 0.000000
vt -0.329070 -2.358860 0.000000
vt -0.524170 -1.920970 0.000000
vt -0.367630 -2.346560 0.000000
vt -0.532960 -1.965160 0.000000
vt -0.402140 -2.328750 0.000000
vt -0.432680 -2.306270 0.000000
vt -0.459330 -2.279940 0.000000
vt -0.482160 -2.250610 0.000000
vt -0.538590 -2.010450 0.000000
vt -0.501270 -2.219110 0.000000
vt -0.516730 -2.186270 0.000000
vt -0.540430 -2.056040 0.000000
vt -0.537830 -2.101090 0.000000
vt -0.530150 -2.144770 0.000000
vt -0.060480 -2.267190 0.000000
vt -0.113690 -2.317420 0.000000
vt -0.094270 -2.302900 0.000000
vt -0.013300 -2.245230 0.000000
vt -0.000680 -2.271910 0.000000
vt 0.015160 -2.297970 0.000000
vt 0.033260 -2.322800 0.000000
vt 0.052700 -2.345780 0.000000
vt 0.072530 -2.366270 0.000000
vt 0.091810 -2.383660 0.000000
vt 0.109600 -2.397330 0.000000
vt 0.133870 -2.413020 0.000000
vt 0.159680 -2.427350 0.000000
vt 0.187070 -2.440080 0.000000
vt 0.216100 -2.451000 0.000000
vt 0.246810 -2.459860 0.000000
vt 0.279260 -2.466430 0.000000
vt 0.313500 -2.470480 0.000000
vt 0.349580 -2.471790 0.000000
vt 0.725700 -2.219720 0.000000
vt 0.405270 -2.468250 0.000000
vt 0.458440 -2.458220 0.000000
vt 0.508650 -2.441930 0.000000
vt 0.555440 -2.419610 0.000000
vt 0.598350 -2.391480 0.000000
vt 0.636930 -2.357780 0.000000
vt 0.699300 -2.274530 0.000000
vt 0.670730 -2.318720 0.000000
vt 0.752250 -2.258670 0.000000
vt 1.130910 -1.766850 0.000000
vt 1.110140 -1.722570 0.000000
vt 1.084640 -1.678370 0.000000
vt 0.798780 -2.307280 0.000000
vt 0.849610 -2.339490 0.000000
vt 0.901850 -2.357800 0.000000
vt 0.952640 -2.364700 0.000000
vt 1.165750 -1.829780 0.000000
vt 1.157080 -1.809360 0.000000
vt 1.181270 -1.871230 0.000000
vt 0.999120 -2.362680 0.000000
vt 1.038400 -2.354260 0.000000
vt 1.067630 -2.341920 0.000000
vt 1.083930 -2.328160 0.000000
vt 1.097360 -2.321920 0.000000
vt 1.111220 -2.312600 0.000000
vt 1.125100 -2.300840 0.000000
vt 1.138590 -2.287290 0.000000
vt 1.218180 -2.026850 0.000000
vt 1.162780 -2.257420 0.000000
vt 1.180530 -2.228180 0.000000
vt 1.219310 -2.067950 0.000000
vt 1.197170 -2.189080 0.000000
vt 1.209030 -2.149230 0.000000
vt 1.216340 -2.108800 0.000000
vt 1.213170 -1.985670 0.000000
vt 1.204500 -1.944580 0.000000
vt 1.192410 -1.903750 0.000000
vt 1.148180 -1.791090 0.000000
vt 1.139360 -1.776430 0.000000
vt 1.124610 -1.746460 0.000000
vt 1.154020 -1.527130 0.000000
vt 1.264420 -1.447530 0.000000
vt 1.514570 0.310270 0.000000
vt 1.380380 -1.340590 0.000000
vt 1.449870 -1.254560 0.000000
vt 1.408400 -1.309020 0.000000
vt 1.435830 -1.276000 0.000000
vt 1.364560 -1.357690 0.000000
vt 1.452140 -1.252450 0.000000
vt 1.506100 -1.181250 0.000000
vt 1.554790 -1.102180 0.000000
vt 1.597490 -1.021170 0.000000
vt 1.634270 -0.938090 0.000000
vt 1.665210 -0.852770 0.000000
vt 1.690370 -0.765070 0.000000
vt 1.709820 -0.674850 0.000000
vt 1.723640 -0.581940 0.000000
vt 1.731900 -0.486200 0.000000
vt 1.734110 -0.425690 0.000000
vt 1.733870 -0.365140 0.000000
vt 1.731200 -0.304820 0.000000
vt 1.726070 -0.244990 0.000000
vt 1.718500 -0.185900 0.000000
vt 1.708460 -0.127810 0.000000
vt 1.695950 -0.070990 0.000000
vt 1.680980 -0.015680 0.000000
vt 1.668330 0.023290 0.000000
vt 1.652480 0.065880 0.000000
vt 1.633880 0.110520 0.000000
vt 1.612950 0.155660 0.000000
vt 1.590120 0.199770 0.000000
vt 1.565830 0.241270 0.000000
vt 1.540500 0.278620 0.000000
vt 1.510800 0.361480 0.000000
vt 1.521770 0.398560 0.000000
vt 1.532700 0.443560 0.000000
vt 1.543090 0.492940 0.000000
vt 1.270230 1.658920 0.000000
vt 1.560300 0.590700 0.000000
vt 1.569500 0.663530 0.000000
vt 1.574930 0.773480 0.000000
vt 1.318350 1.604220 0.000000
vt 1.573900 0.881470 0.000000
vt 1.565840 0.987500 0.000000
vt 1.550210 1.091550 0.000000
vt 1.526430 1.193610 0.000000
vt 1.493940 1.293670 0.000000
vt 1.452180 1.391710 0.000000
vt 1.400600 1.487730 0.000000
vt 1.221100 1.706340 0.000000
vt -0.873970 1.993940 0.000000
vt -0.892410 1.959970 0.000000
vt -0.734195 1.974719 0.000000
vt -0.916830 1.930370 0.000000
vt -0.946420 1.905960 0.000000
vt -0.980400 1.887510 0.000000
vt -0.296400 1.906120 0.000000
vt -0.633970 2.001530 0.000000
vt -0.529830 2.020180 0.000000
vt -0.428590 2.028050 0.000000
vt -0.332830 2.023700 0.000000
vt -0.311850 2.019730 0.000000
vt -0.286460 1.922400 0.000000
vt -0.278030 1.939350 0.000000
vt -0.287820 1.903690 0.000000
vt -1.017940 1.875860 0.000000
vt -1.058250 1.871790 0.000000
vt -1.098570 1.875860 0.000000
vt -1.220400 1.706950 0.000000
vt 0.494830 1.869220 0.000000
vt 0.342000 1.899080 0.000000
vt -0.281850 1.903790 0.000000
vt 0.204870 1.916390 0.000000
vt -0.178950 1.919330 0.000000
vt -0.054880 1.927140 0.000000
vt -1.136100 1.887510 0.000000
vt -1.170080 1.905960 0.000000
vt -1.199670 1.930370 0.000000
vt -1.281890 1.740110 0.000000
vt -1.224100 1.959970 0.000000
vt -1.341090 1.788950 0.000000
vt -1.242530 1.993940 0.000000
vt -1.389940 1.848150 0.000000
vt -1.254190 2.031490 0.000000
vt -1.426810 1.916090 0.000000
vt -1.450120 1.991180 0.000000
vt -1.258250 2.071790 0.000000
vt -1.458250 2.071790 0.000000
vt -1.450120 2.152410 0.000000
vt -1.254180 2.112100 0.000000
vt -1.426810 2.227490 0.000000
vt -1.389930 2.295430 0.000000
vt -1.242530 2.149640 0.000000
vt -1.224090 2.183620 0.000000
vt -1.199670 2.213210 0.000000
vt -1.170070 2.237630 0.000000
vt -1.136100 2.256070 0.000000
vt -1.098560 2.267730 0.000000
vt -1.058250 2.271790 0.000000
vt -1.341090 2.354630 0.000000
vt -1.281890 2.403470 0.000000
vt -1.213950 2.440350 0.000000
vt -1.138870 2.463660 0.000000
vt -1.058250 2.471790 0.000000
vt -1.017940 2.267720 0.000000
vt -0.977630 2.463660 0.000000
vt -0.980400 2.256070 0.000000
vt -0.902550 2.440350 0.000000
vt -0.946420 2.237630 0.000000
vt -0.834610 2.403470 0.000000
vt -0.916830 2.213210 0.000000
vt -0.892410 2.183610 0.000000
vt -0.775410 2.354630 0.000000
vt -0.873970 2.149640 0.000000
vt -0.726570 2.295430 0.000000
vt -0.862310 2.112100 0.000000
vt -0.689690 2.227490 0.000000
vt -0.666380 2.152410 0.000000
vt -0.858250 2.071790 0.000000
vt -0.862310 2.031480 0.000000
vt -1.221100 1.706340 0.000000
vt -1.270230 1.658920 0.000000
vt -1.500260 0.335860 0.000000
vt 0.357270 0.561670 0.000000
vt 0.979970 1.713960 0.000000
vt 0.418950 0.573550 0.000000
vt 0.496350 0.582420 0.000000
vt -1.318350 1.604220 0.000000
vt -1.574930 0.773480 0.000000
vt -1.569500 0.663530 0.000000
vt -1.560300 0.590700 0.000000
vt -1.400600 1.487730 0.000000
vt -1.452180 1.391710 0.000000
vt -1.493940 1.293670 0.000000
vt -1.526430 1.193610 0.000000
vt -1.550210 1.091550 0.000000
vt -1.565840 0.987500 0.000000
vt -1.573900 0.881470 0.000000
vt -1.543090 0.492940 0.000000
vt -1.532700 0.443560 0.000000
vt -1.521770 0.398560 0.000000
vt -1.510800 0.361480 0.000000
vt -1.514570 0.310270 0.000000
vt -1.264420 -1.447530 0.000000
vt -1.154020 -1.527130 0.000000
vt -1.033100 -1.596040 0.000000
vt -1.540500 0.278620 0.000000
vt -1.565830 0.241270 0.000000
vt -1.590120 0.199770 0.000000
vt -1.612950 0.155660 0.000000
vt -1.633880 0.110520 0.000000
vt -1.652480 0.065880 0.000000
vt -1.668330 0.023290 0.000000
vt -1.680980 -0.015680 0.000000
vt -1.695950 -0.070990 0.000000
vt -1.708460 -0.127810 0.000000
vt -1.718500 -0.185900 0.000000
vt -1.726070 -0.244990 0.000000
vt -1.731200 -0.304820 0.000000
vt -1.733870 -0.365140 0.000000
vt -1.734110 -0.425690 0.000000
vt -1.731900 -0.486200 0.000000
vt -1.723640 -0.581940 0.000000
vt -1.709820 -0.674850 0.000000
vt -1.690370 -0.765070 0.000000
vt -1.665210 -0.852770 0.000000
vt -1.634270 -0.938090 0.000000
vt -1.597490 -1.021170 0.000000
vt -1.554790 -1.102180 0.000000
vt -1.506100 -1.181250 0.000000
vt -1.449870 -1.254560 0.000000
vt -1.452140 -1.252450 0.000000
vt -1.435830 -1.276000 0.000000
vt -1.408400 -1.309020 0.000000
vt -1.380380 -1.340590 0.000000
vt -1.364560 -1.357690 0.000000
vt -1.084640 -1.678370 0.000000
vt -0.725700 -2.219720 0.000000
vt 0.021770 -2.218560 0.000000
vt 0.359550 -1.575750 0.000000
vt 0.024250 -2.220620 0.000000
vt 0.398790 -1.637810 0.000000
vt 0.030410 -2.227230 0.000000
vt 0.435530 -1.701760 0.000000
vt 0.452970 -1.735970 0.000000
vt 0.060480 -2.267190 0.000000
vt 0.134740 -2.330330 0.000000
vt 0.113690 -2.317420 0.000000
vt 0.094270 -2.302900 0.000000
vt -1.110140 -1.722570 0.000000
vt -1.130910 -1.766850 0.000000
vt -0.752250 -2.258670 0.000000
vt -0.798780 -2.307280 0.000000
vt -0.849610 -2.339490 0.000000
vt -0.901850 -2.357800 0.000000
vt -0.952640 -2.364700 0.000000
vt -1.165750 -1.829780 0.000000
vt -1.181270 -1.871230 0.000000
vt -1.124610 -1.746460 0.000000
vt -1.139360 -1.776430 0.000000
vt -1.148180 -1.791090 0.000000
vt -1.157080 -1.809360 0.000000
vt -0.999120 -2.362680 0.000000
vt -1.192410 -1.903750 0.000000
vt -1.038400 -2.354260 0.000000
vt -1.083930 -2.328160 0.000000
vt -1.067630 -2.341920 0.000000
vt -1.204500 -1.944580 0.000000
vt -1.213170 -1.985670 0.000000
vt -1.218180 -2.026850 0.000000
vt -1.219310 -2.067950 0.000000
vt -1.216340 -2.108800 0.000000
vt -1.209030 -2.149230 0.000000
vt -1.197170 -2.189080 0.000000
vt -1.138590 -2.287290 0.000000
vt -1.125100 -2.300840 0.000000
vt -1.180530 -2.228180 0.000000
vt -1.162780 -2.257420 0.000000
vt -1.111220 -2.312600 0.000000
vt -1.097360 -2.321920 0.000000
vt -0.699300 -2.274530 0.000000
vt -0.636930 -2.357780 0.000000
vt -0.598350 -2.391480 0.000000
vt -0.555440 -2.419610 0.000000
vt -0.670730 -2.318720 0.000000
vt -0.508650 -2.441930 0.000000
vt -0.458440 -2.458220 0.000000
vt -0.405270 -2.468250 0.000000
vt -0.349580 -2.471790 0.000000
vt -0.313500 -2.470480 0.000000
vt -0.279260 -2.466430 0.000000
vt -0.246810 -2.459860 0.000000
vt -0.216100 -2.451000 0.000000
vt -0.187070 -2.440080 0.000000
vt -0.159680 -2.427350 0.000000
vt -0.133870 -2.413020 0.000000
vt -0.109600 -2.397330 0.000000
vt -0.091810 -2.383660 0.000000
vt -0.072530 -2.366270 0.000000
vt -0.052700 -2.345780 0.000000
vt -0.033260 -2.322800 0.000000
vt -0.015160 -2.297970 0.000000
vt 0.000680 -2.271910 0.000000
vt 0.013300 -2.245230 0.000000
vt 0.157250 -2.341470 0.000000
vt 0.181080 -2.350670 0.000000
vt 0.469360 -1.768540 0.000000
vt 0.206070 -2.357770 0.000000
vt 0.232050 -2.362610 0.000000
vt 0.484890 -1.802100 0.000000
vt 0.258860 -2.365010 0.000000
vt 0.286360 -2.364810 0.000000
vt 0.329070 -2.358860 0.000000
vt 0.512890 -1.878730 0.000000
vt 0.499760 -1.839250 0.000000
vt 0.524170 -1.920970 0.000000
vt 0.367630 -2.346560 0.000000
vt 0.532960 -1.965160 0.000000
vt 0.402140 -2.328750 0.000000
vt 0.432680 -2.306270 0.000000
vt 0.459330 -2.279940 0.000000
vt 0.482160 -2.250610 0.000000
vt 0.538590 -2.010450 0.000000
vt 0.501270 -2.219110 0.000000
vt 0.516730 -2.186270 0.000000
vt 0.530150 -2.144770 0.000000
vt 0.537830 -2.101090 0.000000
vt 0.540430 -2.056040 0.000000
vt 0.391220 -1.548740 0.000000
vt 0.445470 0.352540 0.000000
vt 0.429930 0.374650 0.000000
vt 0.415240 0.395240 0.000000
vt 0.448850 -1.493980 0.000000
vt 0.480260 -1.461540 0.000000
vt 0.510070 -1.428250 0.000000
vt 0.538340 -1.393970 0.000000
vt 0.565140 -1.358580 0.000000
vt 0.590510 -1.321970 0.000000
vt 0.614520 -1.284000 0.000000
vt 0.637230 -1.244550 0.000000
vt 0.658690 -1.203510 0.000000
vt 0.722870 -1.047360 0.000000
vt 0.674390 -1.171390 0.000000
vt 0.695630 -1.125480 0.000000
vt 0.714450 -1.079550 0.000000
vt 0.730360 -1.035760 0.000000
vt 0.738300 -1.016630 0.000000
vt 0.746360 -0.992210 0.000000
vt 0.754230 -0.964730 0.000000
vt 0.768140 -0.909570 0.000000
vt 0.777490 -0.869100 0.000000
vt 0.799730 -0.748900 0.000000
vt 0.812500 -0.623460 0.000000
vt 0.815350 -0.495110 0.000000
vt 0.807820 -0.366160 0.000000
vt 0.789440 -0.238940 0.000000
vt 0.759760 -0.115770 0.000000
vt 0.718300 0.001030 0.000000
vt 0.664620 0.109140 0.000000
vt 0.643230 0.144020 0.000000
vt 0.620010 0.178230 0.000000
vt 0.595000 0.211470 0.000000
vt 0.568280 0.243430 0.000000
vt 0.539900 0.273820 0.000000
vt 0.509930 0.302330 0.000000
vt 0.478430 0.328670 0.000000
vt 0.401880 0.416680 0.000000
vt 0.389990 0.438940 0.000000
vt 0.379710 0.462000 0.000000
vt 0.371160 0.485820 0.000000
vt 0.364490 0.510390 0.000000
vt 0.359810 0.535680 0.000000
vt 0.584350 0.588250 0.000000
vt 0.677860 0.591030 0.000000
vt 0.771780 0.590720 0.000000
vt 0.861010 0.587320 0.000000
vt 1.626790 1.175270 0.000000
vt 1.578790 1.254280 0.000000
vt 1.521290 1.326520 0.000000
vt 0.940450 0.580780 0.000000
vt 1.729400 0.813340 0.000000
vt 1.716590 0.908530 0.000000
vt 1.695410 1.001310 0.000000
vt 1.005000 0.571100 0.000000
vt 1.062900 0.565380 0.000000
vt 1.125900 0.554960 0.000000
vt 1.191640 0.540510 0.000000
vt 1.257760 0.522690 0.000000
vt 1.321910 0.502170 0.000000
vt 1.381740 0.479600 0.000000
vt 1.434870 0.455650 0.000000
vt 1.734110 0.716830 0.000000
vt 1.478960 0.430980 0.000000
vt 1.731000 0.620090 0.000000
vt 1.724610 0.555330 0.000000
vt 1.528890 0.390790 0.000000
vt 1.712600 0.487320 0.000000
vt 1.703800 0.454980 0.000000
vt 1.692790 0.425280 0.000000
vt 1.679280 0.399370 0.000000
vt 1.663010 0.378410 0.000000
vt 1.635570 0.355530 0.000000
vt 1.570070 0.356130 0.000000
vt 1.590250 0.346740 0.000000
vt 1.611700 0.345750 0.000000
vt 1.665570 1.090580 0.000000
vt 1.484210 1.366930 0.000000
vt 1.425880 1.425060 0.000000
vt 1.363040 1.480510 0.000000
vt 1.397920 1.453520 0.000000
vt 1.257960 1.565400 0.000000
vt 1.128020 1.643540 0.000000
vt 0.820580 1.775690 0.000000
vt 0.656610 1.827760 0.000000
vt -0.269770 1.906730 0.000000
vt -0.293990 2.012280 0.000000
vt -0.273150 1.958830 0.000000
vt -0.286710 2.006930 0.000000
vt -0.280800 2.000300 0.000000
vt -0.273870 1.982690 0.000000
vt -0.276460 1.992270 0.000000
vt -0.727170 1.977000 0.000000
vt -0.658250 2.071790 0.000000
vt -0.665830 1.993930 0.000000
vn -0.636356 0.771396 0.000000
vn -0.636356 0.771396 0.000000
vn -0.636356 0.771396 0.000000
vn -0.636356 0.771396 0.000000
vn -0.477166 0.878813 0.000000
vn -0.477166 0.878813 0.000000
vn -0.477166 0.878813 0.000000
vn -0.477166 0.878813 0.000000
vn -0.296391 0.955067 0.000000
vn -0.296391 0.955067 0.000000
vn -0.296391 0.955067 0.000000
vn -0.296391 0.955067 0.000000
vn -0.100457 0.994941 0.000000
vn -0.100457 0.994941 0.000000
vn -0.100457 0.994941 0.000000
vn -0.100457 0.994941 0.000000
vn 0.100432 0.994944 0.000000
vn 0.100432 0.994944 0.000000
vn 0.100432 0.994944 0.000000
vn 0.100432 0.994944 0.000000
vn 0.296463 0.955044 0.000000
vn 0.296463 0.955044 0.000000
vn 0.296463 0.955044 0.000000
vn 0.296463 0.955044 0.000000
vn 0.477166 0.878813 0.000000
vn 0.477166 0.878813 0.000000
vn 0.477166 0.878813 0.000000
vn 0.477166 0.878813 0.000000
vn 0.636356 0.771396 0.000000
vn 0.636356 0.771396 0.000000
vn 0.636356 0.771396 0.000000
vn 0.636356 0.771396 0.000000
vn 0.771245 0.636538 0.000000
vn 0.771245 0.636538 0.000000
vn 0.771245 0.636538 0.000000
vn 0.771245 0.636538 0.000000
vn 0.878971 0.476875 0.000000
vn 0.878971 0.476875 0.000000
vn 0.878971 0.476875 0.000000
vn 0.878971 0.476875 0.000000
vn 0.955017 0.296551 0.000000
vn 0.955017 0.296551 0.000000
vn 0.955017 0.296551 0.000000
vn 0.955017 0.296551 0.000000
vn 0.994964 0.100237 0.000000
vn 0.994964 0.100237 0.000000
vn 0.994964 0.100237 0.000000
vn 0.994964 0.100237 0.000000
vn 0.994941 -0.100457 0.000000
vn 0.994941 -0.100457 0.000000
vn 0.994941 -0.100457 0.000000
vn 0.994941 -0.100457 0.000000
vn 0.955067 -0.296391 0.000000
vn 0.955067 -0.296391 0.000000
vn 0.955067 -0.296391 0.000000
vn 0.955067 -0.296391 0.000000
vn 0.878922 -0.476966 0.000000
vn 0.878922 -0.476966 0.000000
vn 0.878922 -0.476966 0.000000
vn 0.878922 -0.476966 0.000000
vn 0.771268 -0.636511 0.000000
vn 0.771268 -0.636511 0.000000
vn 0.771268 -0.636511 0.000000
vn 0.771268 -0.636511 0.000000
vn 0.636383 -0.771373 0.000000
vn 0.636383 -0.771373 0.000000
vn 0.636383 -0.771373 0.000000
vn 0.636383 -0.771373 0.000000
vn 0.477075 -0.878863 0.000000
vn 0.477075 -0.878863 0.000000
vn 0.477075 -0.878863 0.000000
vn 0.477075 -0.878863 0.000000
vn 0.296623 -0.954995 0.000000
vn 0.296623 -0.954995 0.000000
vn 0.296623 -0.954995 0.000000
vn 0.296623 -0.954995 0.000000
vn 0.100212 -0.994966 0.000000
vn 0.100212 -0.994966 0.000000
vn 0.100212 -0.994966 0.000000
vn 0.100212 -0.994966 0.000000
vn -0.100457 -0.994941 -0.000000
vn -0.100457 -0.994941 -0.000000
vn -0.100457 -0.994941 -0.000000
vn -0.100457 -0.994941 -0.000000
vn -0.296391 -0.955067 -0.000000
vn -0.296391 -0.955067 -0.000000
vn -0.296391 -0.955067 -0.000000
vn -0.296391 -0.955067 -0.000000
vn -0.476966 -0.878922 -0.000000
vn -0.476966 -0.878922 -0.000000
vn -0.476966 -0.878922 -0.000000
vn -0.476966 -0.878922 -0.000000
vn -0.636511 -0.771268 -0.000000
vn -0.636511 -0.771268 -0.000000
vn -0.636511 -0.771268 -0.000000
vn -0.636511 -0.771268 -0.000000
vn -0.771373 -0.636383 -0.000000
vn -0.771373 -0.636383 -0.000000
vn -0.771373 -0.636383 -0.000000
vn -0.771373 -0.636383 -0.000000
vn -0.878863 -0.477075 -0.000000
vn -0.878863 -0.477075 -0.000000
vn -0.878863 -0.477075 -0.000000
vn -0.878863 -0.477075 -0.000000
vn -0.954995 -0.296623 -0.000000
vn -0.954995 -0.296623 -0.000000
vn -0.954995 -0.296623 -0.000000
vn -0.954995 -0.296623 -0.000000
vn -0.994966 -0.100212 -0.000000
vn -0.994966 -0.100212 -0.000000
vn -0.994966 -0.100212 -0.000000
vn -0.994966 -0.100212 -0.000000
vn -0.994966 0.100212 0.000000
vn -0.994966 0.100212 0.000000
vn -0.994966 0.100212 0.000000
vn -0.994966 0.100212 0.000000
vn -0.954995 0.296623 0.000000
vn -0.954995 0.296623 0.000000
vn -0.954995 0.296623 0.000000
vn -0.954995 0.296623 0.000000
vn -0.878863 0.477075 0.000000
vn -0.878863 0.477075 0.000000
vn -0.878863 0.477075 0.000000
vn -0.878863 0.477075 0.000000
vn -0.771373 0.636383 0.000000
vn -0.771373 0.636383 0.000000
vn -0.771373 0.636383 0.000000
vn -0.771373 0.636383 0.000000
vn -0.771373 0.636383 0.000000
vn -0.771373 0.636383 0.000000
vn -0.771373 0.636383 0.000000
vn -0.771373 0.636383 0.000000
vn -0.878863 0.477075 0.000000
vn -0.878863 0.477075 0.000000
vn -0.878863 0.477075 0.000000
vn -0.878863 0.477075 0.000000
vn -0.955031 0.296507 0.000000
vn -0.955031 0.296507 0.000000
vn -0.955031 0.296507 0.000000
vn -0.955031 0.296507 0.000000
vn -0.994954 0.100335 0.000000
vn -0.994954 0.100335 0.000000
vn -0.994954 0.100335 0.000000
vn -0.994954 0.100335 0.000000
vn -0.994953 -0.100347 -0.000000
vn -0.994953 -0.100347 -0.000000
vn -0.994953 -0.100347 -0.000000
vn -0.994953 -0.100347 -0.000000
vn -0.955042 -0.296471 -0.000000
vn -0.955042 -0.296471 -0.000000
vn -0.955042 -0.296471 -0.000000
vn -0.955042 -0.296471 -0.000000
vn -0.878917 -0.476975 -0.000000
vn -0.878917 -0.476975 -0.000000
vn -0.878917 -0.476975 -0.000000
vn -0.878917 -0.476975 -0.000000
vn -0.771309 -0.636460 -0.000000
vn -0.771309 -0.636460 -0.000000
vn -0.771309 -0.636460 -0.000000
vn -0.771309 -0.636460 -0.000000
vn -0.636383 -0.771373 -0.000000
vn -0.636383 -0.771373 -0.000000
vn -0.636383 -0.771373 -0.000000
vn -0.636383 -0.771373 -0.000000
vn -0.485619 -0.874171 -0.000000
vn -0.485619 -0.874171 -0.000000
vn -0.485619 -0.874171 -0.000000
vn -0.485619 -0.874171 -0.000000
vn 0.656978 -0.753910 0.000000
vn 0.656978 -0.753910 0.000000
vn 0.656978 -0.753910 0.000000
vn 0.656978 -0.753910 0.000000
vn -0.693983 0.719991 0.000000
vn -0.693983 0.719991 0.000000
vn -0.693983 0.719991 0.000000
vn -0.693983 0.719991 0.000000
vn -0.750822 0.660504 0.000000
vn -0.750822 0.660504 0.000000
vn -0.750822 0.660504 0.000000
vn -0.750822 0.660504 0.000000
vn -0.816896 0.576785 0.000000
vn -0.816896 0.576785 0.000000
vn -0.816896 0.576785 0.000000
vn -0.816896 0.576785 0.000000
vn -0.880942 0.473224 0.000000
vn -0.880942 0.473224 0.000000
vn -0.880942 0.473224 0.000000
vn -0.880942 0.473224 0.000000
vn -0.920016 0.391880 0.000000
vn -0.920016 0.391880 0.000000
vn -0.920016 0.391880 0.000000
vn -0.920016 0.391880 0.000000
vn -0.951116 0.308832 0.000000
vn -0.951116 0.308832 0.000000
vn -0.951116 0.308832 0.000000
vn -0.951116 0.308832 0.000000
vn -0.973913 0.226922 0.000000
vn -0.973913 0.226922 0.000000
vn -0.973913 0.226922 0.000000
vn -0.973913 0.226922 0.000000
vn -0.988905 0.148550 0.000000
vn -0.988905 0.148550 0.000000
vn -0.988905 0.148550 0.000000
vn -0.988905 0.148550 0.000000
vn -0.997123 0.075798 0.000000
vn -0.997123 0.075798 0.000000
vn -0.997123 0.075798 0.000000
vn -0.997123 0.075798 0.000000
vn -0.999955 0.009537 0.000000
vn -0.999955 0.009537 0.000000
vn -0.999955 0.009537 0.000000
vn -0.999955 0.009537 0.000000
vn -0.998783 -0.049326 -0.000000
vn -0.998783 -0.049326 -0.000000
vn -0.998783 -0.049326 -0.000000
vn -0.998783 -0.049326 -0.000000
vn -0.992116 -0.125326 -0.000000
vn -0.992116 -0.125326 -0.000000
vn -0.992116 -0.125326 -0.000000
vn -0.992116 -0.125326 -0.000000
vn -0.984855 -0.173377 -0.000000
vn -0.984855 -0.173377 -0.000000
vn -0.984855 -0.173377 -0.000000
vn -0.984855 -0.173377 -0.000000
vn -0.978573 -0.205901 -0.000000
vn -0.978573 -0.205901 -0.000000
vn -0.978573 -0.205901 -0.000000
vn -0.978573 -0.205901 -0.000000
vn -0.971747 -0.236026 -0.000000
vn -0.971747 -0.236026 -0.000000
vn -0.971747 -0.236026 -0.000000
vn -0.971747 -0.236026 -0.000000
vn -0.958915 -0.283692 -0.000000
vn -0.958915 -0.283692 -0.000000
vn -0.958915 -0.283692 -0.000000
vn -0.958915 -0.283692 -0.000000
vn -0.924798 -0.380459 -0.000000
vn -0.924798 -0.380459 -0.000000
vn -0.924798 -0.380459 -0.000000
vn -0.924798 -0.380459 -0.000000
vn -0.872802 0.488074 0.000000
vn -0.872802 0.488074 0.000000
vn -0.872802 0.488074 0.000000
vn -0.872802 0.488074 0.000000
vn -0.773543 0.633743 0.000000
vn -0.773543 0.633743 0.000000
vn -0.773543 0.633743 0.000000
vn -0.773543 0.633743 0.000000
vn -0.827627 0.561279 0.000000
vn -0.827627 0.561279 0.000000
vn -0.827627 0.561279 0.000000
vn -0.827627 0.561279 0.000000
vn -0.863039 0.505138 0.000000
vn -0.863039 0.505138 0.000000
vn -0.863039 0.505138 0.000000
vn -0.863039 0.505138 0.000000
vn -0.888099 0.459653 0.000000
vn -0.888099 0.459653 0.000000
vn -0.888099 0.459653 0.000000
vn -0.888099 0.459653 0.000000
vn -0.907223 0.420651 0.000000
vn -0.907223 0.420651 0.000000
vn -0.907223 0.420651 0.000000
vn -0.907223 0.420651 0.000000
vn -0.923077 0.384615 0.000000
vn -0.923077 0.384615 0.000000
vn -0.923077 0.384615 0.000000
vn -0.923077 0.384615 0.000000
vn -0.937203 0.348783 0.000000
vn -0.937203 0.348783 0.000000
vn -0.937203 0.348783 0.000000
vn -0.937203 0.348783 0.000000
vn -0.951143 0.308749 0.000000
vn -0.951143 0.308749 0.000000
vn -0.951143 0.308749 0.000000
vn -0.951143 0.308749 0.000000
vn -0.965269 0.261256 0.000000
vn -0.965269 0.261256 0.000000
vn -0.965269 0.261256 0.000000
vn -0.965269 0.261256 0.000000
vn -0.976610 0.215019 0.000000
vn -0.976610 0.215019 0.000000
vn -0.976610 0.215019 0.000000
vn -0.976610 0.215019 0.000000
vn -0.985390 0.170310 0.000000
vn -0.985390 0.170310 0.000000
vn -0.985390 0.170310 0.000000
vn -0.985390 0.170310 0.000000
vn -0.991894 0.127071 0.000000
vn -0.991894 0.127071 0.000000
vn -0.991894 0.127071 0.000000
vn -0.991894 0.127071 0.000000
vn -0.996344 0.085429 0.000000
vn -0.996344 0.085429 0.000000
vn -0.996344 0.085429 0.000000
vn -0.996344 0.085429 0.000000
vn -0.999022 0.044221 0.000000
vn -0.999022 0.044221 0.000000
vn -0.999022 0.044221 0.000000
vn -0.999022 0.044221 0.000000
vn -0.999992 0.003964 0.000000
vn -0.999992 0.003964 0.000000
vn -0.999992 0.003964 0.000000
vn -0.999992 0.003964 0.000000
vn -0.999334 -0.036499 -0.000000
vn -0.999334 -0.036499 -0.000000
vn -0.999334 -0.036499 -0.000000
vn -0.999334 -0.036499 -0.000000
vn -0.996299 -0.085956 -0.000000
vn -0.996299 -0.085956 -0.000000
vn -0.996299 -0.085956 -0.000000
vn -0.996299 -0.085956 -0.000000
vn -0.989118 -0.147127 -0.000000
vn -0.989118 -0.147127 -0.000000
vn -0.989118 -0.147127 -0.000000
vn -0.989118 -0.147127 -0.000000
vn -0.977542 -0.210742 -0.000000
vn -0.977542 -0.210742 -0.000000
vn -0.977542 -0.210742 -0.000000
vn -0.977542 -0.210742 -0.000000
vn -0.961226 -0.275763 -0.000000
vn -0.961226 -0.275763 -0.000000
vn -0.961226 -0.275763 -0.000000
vn -0.961226 -0.275763 -0.000000
vn -0.940095 -0.340911 -0.000000
vn -0.940095 -0.340911 -0.000000
vn -0.940095 -0.340911 -0.000000
vn -0.940095 -0.340911 -0.000000
vn -0.914401 -0.404810 -0.000000
vn -0.914401 -0.404810 -0.000000
vn -0.914401 -0.404810 -0.000000
vn -0.914401 -0.404810 -0.000000
vn -0.884634 -0.466286 -0.000000
vn -0.884634 -0.466286 -0.000000
vn -0.884634 -0.466286 -0.000000
vn -0.884634 -0.466286 -0.000000
vn -0.851507 -0.524344 -0.000000
vn -0.851507 -0.524344 -0.000000
vn -0.851507 -0.524344 -0.000000
vn -0.851507 -0.524344 -0.000000
vn -0.796981 -0.604004 -0.000000
vn -0.796981 -0.604004 -0.000000
vn -0.796981 -0.604004 -0.000000
vn -0.796981 -0.604004 -0.000000
vn -0.680822 -0.732449 -0.000000
vn -0.680822 -0.732449 -0.000000
vn -0.680822 -0.732449 -0.000000
vn -0.680822 -0.732449 -0.000000
vn -0.836584 -0.547838 -0.000000
vn -0.836584 -0.547838 -0.000000
vn -0.836584 -0.547838 -0.000000
vn -0.836584 -0.547838 -0.000000
vn -0.769213 -0.638992 -0.000000
vn -0.769213 -0.638992 -0.000000
vn -0.769213 -0.638992 -0.000000
vn -0.769213 -0.638992 -0.000000
vn -0.747906 -0.663805 -0.000000
vn -0.747906 -0.663805 -0.000000
vn -0.747906 -0.663805 -0.000000
vn -0.747906 -0.663805 -0.000000
vn -0.734046 -0.679100 -0.000000
vn -0.734046 -0.679100 -0.000000
vn -0.734046 -0.679100 -0.000000
vn -0.734046 -0.679100 -0.000000
vn -0.667789 -0.744350 -0.000000
vn -0.667789 -0.744350 -0.000000
vn -0.667789 -0.744350 -0.000000
vn -0.667789 -0.744350 -0.000000
vn -0.584847 -0.811144 -0.000000
vn -0.584847 -0.811144 -0.000000
vn -0.584847 -0.811144 -0.000000
vn -0.584847 -0.811144 -0.000000
vn -0.495125 -0.868822 -0.000000
vn -0.495125 -0.868822 -0.000000
vn -0.495125 -0.868822 -0.000000
vn -0.495125 -0.868822 -0.000000
vn -0.847611 0.530619 0.000000
vn -0.847611 0.530619 0.000000
vn -0.847611 0.530619 0.000000
vn -0.847611 0.530619 0.000000
vn -0.866186 0.499722 0.000000
vn -0.866186 0.499722 0.000000
vn -0.866186 0.499722 0.000000
vn -0.866186 0.499722 0.000000
vn -0.855337 0.518072 0.000000
vn -0.855337 0.518072 0.000000
vn -0.855337 0.518072 0.000000
vn -0.855337 0.518072 0.000000
vn -0.955434 0.295205 0.000000
vn -0.955434 0.295205 0.000000
vn -0.955434 0.295205 0.000000
vn -0.955434 0.295205 0.000000
vn -0.749952 0.661492 0.000000
vn -0.749952 0.661492 0.000000
vn -0.749952 0.661492 0.000000
vn -0.749952 0.661492 0.000000
vn -0.856873 0.515527 0.000000
vn -0.856873 0.515527 0.000000
vn -0.856873 0.515527 0.000000
vn -0.856873 0.515527 0.000000
vn -0.899005 0.437939 0.000000
vn -0.899005 0.437939 0.000000
vn -0.899005 0.437939 0.000000
vn -0.899005 0.437939 0.000000
vn -0.920469 0.390816 0.000000
vn -0.920469 0.390816 0.000000
vn -0.920469 0.390816 0.000000
vn -0.920469 0.390816 0.000000
vn -0.936505 0.350653 0.000000
vn -0.936505 0.350653 0.000000
vn -0.936505 0.350653 0.000000
vn -0.936505 0.350653 0.000000
vn -0.946033 0.324071 0.000000
vn -0.946033 0.324071 0.000000
vn -0.946033 0.324071 0.000000
vn -0.946033 0.324071 0.000000
vn -0.958848 0.283920 0.000000
vn -0.958848 0.283920 0.000000
vn -0.958848 0.283920 0.000000
vn -0.958848 0.283920 0.000000
vn -0.978456 0.206454 0.000000
vn -0.978456 0.206454 0.000000
vn -0.978456 0.206454 0.000000
vn -0.978456 0.206454 0.000000
vn -0.992680 0.120770 0.000000
vn -0.992680 0.120770 0.000000
vn -0.992680 0.120770 0.000000
vn -0.992680 0.120770 0.000000
vn -0.999622 0.027484 0.000000
vn -0.999622 0.027484 0.000000
vn -0.999622 0.027484 0.000000
vn -0.999622 0.027484 0.000000
vn -0.997367 -0.072514 -0.000000
vn -0.997367 -0.072514 -0.000000
vn -0.997367 -0.072514 -0.000000
vn -0.997367 -0.072514 -0.000000
vn -0.984045 -0.177922 -0.000000
vn -0.984045 -0.177922 -0.000000
vn -0.984045 -0.177922 -0.000000
vn -0.984045 -0.177922 -0.000000
vn -0.958453 -0.285251 -0.000000
vn -0.958453 -0.285251 -0.000000
vn -0.958453 -0.285251 -0.000000
vn -0.958453 -0.285251 -0.000000
vn -0.920140 -0.391589 -0.000000
vn -0.920140 -0.391589 -0.000000
vn -0.920140 -0.391589 -0.000000
vn -0.920140 -0.391589 -0.000000
vn -0.854825 -0.518917 -0.000000
vn -0.854825 -0.518917 -0.000000
vn -0.854825 -0.518917 -0.000000
vn -0.854825 -0.518917 -0.000000
vn -0.777124 -0.629348 -0.000000
vn -0.777124 -0.629348 -0.000000
vn -0.777124 -0.629348 -0.000000
vn -0.777124 -0.629348 -0.000000
vn -0.708674 -0.705536 -0.000000
vn -0.708674 -0.705536 -0.000000
vn -0.708674 -0.705536 -0.000000
vn -0.708674 -0.705536 -0.000000
vn -0.646435 -0.762969 -0.000000
vn -0.646435 -0.762969 -0.000000
vn -0.646435 -0.762969 -0.000000
vn -0.646435 -0.762969 -0.000000
vn -0.558012 -0.829833 -0.000000
vn -0.558012 -0.829833 -0.000000
vn -0.558012 -0.829833 -0.000000
vn -0.558012 -0.829833 -0.000000
vn -0.421369 -0.906889 -0.000000
vn -0.421369 -0.906889 -0.000000
vn -0.421369 -0.906889 -0.000000
vn -0.421369 -0.906889 -0.000000
vn -0.645059 -0.764133 -0.000000
vn -0.645059 -0.764133 -0.000000
vn -0.645059 -0.764133 -0.000000
vn -0.645059 -0.764133 -0.000000
vn -0.388930 -0.921267 -0.000000
vn -0.388930 -0.921267 -0.000000
vn -0.388930 -0.921267 -0.000000
vn -0.388930 -0.921267 -0.000000
vn -0.209597 -0.977788 -0.000000
vn -0.209597 -0.977788 -0.000000
vn -0.209597 -0.977788 -0.000000
vn -0.209597 -0.977788 -0.000000
vn -0.043419 -0.999057 -0.000000
vn -0.043419 -0.999057 -0.000000
vn -0.043419 -0.999057 -0.000000
vn -0.043419 -0.999057 -0.000000
vn 0.134617 -0.990898 0.000000
vn 0.134617 -0.990898 0.000000
vn 0.134617 -0.990898 0.000000
vn 0.134617 -0.990898 0.000000
vn 0.330769 -0.943712 0.000000
vn 0.330769 -0.943712 0.000000
vn 0.330769 -0.943712 0.000000
vn 0.330769 -0.943712 0.000000
vn 0.535262 -0.844686 0.000000
vn 0.535262 -0.844686 0.000000
vn 0.535262 -0.844686 0.000000
vn 0.535262 -0.844686 0.000000
vn 0.722393 -0.691482 0.000000
vn 0.722393 -0.691482 0.000000
vn 0.722393 -0.691482 0.000000
vn 0.722393 -0.691482 0.000000
vn 0.826295 -0.563238 0.000000
vn 0.826295 -0.563238 0.000000
vn 0.826295 -0.563238 0.000000
vn 0.826295 -0.563238 0.000000
vn -0.900937 -0.433949 -0.000000
vn -0.900937 -0.433949 -0.000000
vn -0.900937 -0.433949 -0.000000
vn -0.900937 -0.433949 -0.000000
vn -0.839774 -0.542936 -0.000000
vn -0.839774 -0.542936 -0.000000
vn -0.839774 -0.542936 -0.000000
vn -0.839774 -0.542936 -0.000000
vn -0.756187 -0.654355 -0.000000
vn -0.756187 -0.654355 -0.000000
vn -0.756187 -0.654355 -0.000000
vn -0.756187 -0.654355 -0.000000
vn -0.657869 -0.753133 -0.000000
vn -0.657869 -0.753133 -0.000000
vn -0.657869 -0.753133 -0.000000
vn -0.657869 -0.753133 -0.000000
vn -0.548252 -0.836313 -0.000000
vn -0.548252 -0.836313 -0.000000
vn -0.548252 -0.836313 -0.000000
vn -0.548252 -0.836313 -0.000000
vn -0.430547 -0.902568 -0.000000
vn -0.430547 -0.902568 -0.000000
vn -0.430547 -0.902568 -0.000000
vn -0.430547 -0.902568 -0.000000
vn -0.308602 -0.951191 -0.000000
vn -0.308602 -0.951191 -0.000000
vn -0.308602 -0.951191 -0.000000
vn -0.308602 -0.951191 -0.000000
vn -0.185371 -0.982669 -0.000000
vn -0.185371 -0.982669 -0.000000
vn -0.185371 -0.982669 -0.000000
vn -0.185371 -0.982669 -0.000000
vn -0.063438 -0.997986 -0.000000
vn -0.063438 -0.997986 -0.000000
vn -0.063438 -0.997986 -0.000000
vn -0.063438 -0.997986 -0.000000
vn 0.036284 -0.999342 0.000000
vn 0.036284 -0.999342 0.000000
vn 0.036284 -0.999342 0.000000
vn 0.036284 -0.999342 0.000000
vn 0.117464 -0.993077 0.000000
vn 0.117464 -0.993077 0.000000
vn 0.117464 -0.993077 0.000000
vn 0.117464 -0.993077 0.000000
vn 0.198439 -0.980113 0.000000
vn 0.198439 -0.980113 0.000000
vn 0.198439 -0.980113 0.000000
vn 0.198439 -0.980113 0.000000
vn 0.277200 -0.960812 0.000000
vn 0.277200 -0.960812 0.000000
vn 0.277200 -0.960812 0.000000
vn 0.277200 -0.960812 0.000000
vn 0.352077 -0.935971 0.000000
vn 0.352077 -0.935971 0.000000
vn 0.352077 -0.935971 0.000000
vn 0.352077 -0.935971 0.000000
vn 0.421471 -0.906842 0.000000
vn 0.421471 -0.906842 0.000000
vn 0.421471 -0.906842 0.000000
vn 0.421471 -0.906842 0.000000
vn 0.485413 -0.874285 0.000000
vn 0.485413 -0.874285 0.000000
vn 0.485413 -0.874285 0.000000
vn 0.485413 -0.874285 0.000000
vn 0.542907 -0.839793 0.000000
vn 0.542907 -0.839793 0.000000
vn 0.542907 -0.839793 0.000000
vn 0.542907 -0.839793 0.000000
vn 0.609301 -0.792939 0.000000
vn 0.609301 -0.792939 0.000000
vn 0.609301 -0.792939 0.000000
vn 0.609301 -0.792939 0.000000
vn 0.669773 -0.742566 0.000000
vn 0.669773 -0.742566 0.000000
vn 0.669773 -0.742566 0.000000
vn 0.669773 -0.742566 0.000000
vn 0.718585 -0.695439 0.000000
vn 0.718585 -0.695439 0.000000
vn 0.718585 -0.695439 0.000000
vn 0.718585 -0.695439 0.000000
vn 0.763462 -0.645853 0.000000
vn 0.763462 -0.645853 0.000000
vn 0.763462 -0.645853 0.000000
vn 0.763462 -0.645853 0.000000
vn 0.808088 -0.589061 0.000000
vn 0.808088 -0.589061 0.000000
vn 0.808088 -0.589061 0.000000
vn 0.808088 -0.589061 0.000000
vn 0.854528 -0.519406 0.000000
vn 0.854528 -0.519406 0.000000
vn 0.854528 -0.519406 0.000000
vn 0.854528 -0.519406 0.000000
vn 0.903972 -0.427591 0.000000
vn 0.903972 -0.427591 0.000000
vn 0.903972 -0.427591 0.000000
vn 0.903972 -0.427591 0.000000
vn 0.953090 -0.302687 0.000000
vn 0.953090 -0.302687 0.000000
vn 0.953090 -0.302687 0.000000
vn 0.953090 -0.302687 0.000000
vn -0.638963 -0.769237 -0.000000
vn -0.638963 -0.769237 -0.000000
vn -0.638963 -0.769237 -0.000000
vn -0.638963 -0.769237 -0.000000
vn -0.731570 -0.681766 -0.000000
vn -0.731570 -0.681766 -0.000000
vn -0.731570 -0.681766 -0.000000
vn -0.731570 -0.681766 -0.000000
vn -0.799039 -0.601279 -0.000000
vn -0.799039 -0.601279 -0.000000
vn -0.799039 -0.601279 -0.000000
vn -0.799039 -0.601279 -0.000000
vn -0.726364 -0.687310 -0.000000
vn -0.726364 -0.687310 -0.000000
vn -0.726364 -0.687310 -0.000000
vn -0.726364 -0.687310 -0.000000
vn -0.598812 -0.800890 -0.000000
vn -0.598812 -0.800890 -0.000000
vn -0.598812 -0.800890 -0.000000
vn -0.598812 -0.800890 -0.000000
vn -0.522809 -0.852450 -0.000000
vn -0.522809 -0.852450 -0.000000
vn -0.522809 -0.852450 -0.000000
vn -0.522809 -0.852450 -0.000000
vn -0.443547 -0.896251 -0.000000
vn -0.443547 -0.896251 -0.000000
vn -0.443547 -0.896251 -0.000000
vn -0.443547 -0.896251 -0.000000
vn -0.360159 -0.932891 -0.000000
vn -0.360159 -0.932891 -0.000000
vn -0.360159 -0.932891 -0.000000
vn -0.360159 -0.932891 -0.000000
vn -0.273297 -0.961930 -0.000000
vn -0.273297 -0.961930 -0.000000
vn -0.273297 -0.961930 -0.000000
vn -0.273297 -0.961930 -0.000000
vn -0.183146 -0.983086 -0.000000
vn -0.183146 -0.983086 -0.000000
vn -0.183146 -0.983086 -0.000000
vn -0.183146 -0.983086 -0.000000
vn -0.089162 -0.996017 -0.000000
vn -0.089162 -0.996017 -0.000000
vn -0.089162 -0.996017 -0.000000
vn -0.089162 -0.996017 -0.000000
vn 0.007273 -0.999974 0.000000
vn 0.007273 -0.999974 0.000000
vn 0.007273 -0.999974 0.000000
vn 0.007273 -0.999974 0.000000
vn 0.137979 -0.990435 0.000000
vn 0.137979 -0.990435 0.000000
vn 0.137979 -0.990435 0.000000
vn 0.137979 -0.990435 0.000000
vn 0.303897 -0.952705 0.000000
vn 0.303897 -0.952705 0.000000
vn 0.303897 -0.952705 0.000000
vn 0.303897 -0.952705 0.000000
vn 0.458610 -0.888638 0.000000
vn 0.458610 -0.888638 0.000000
vn 0.458610 -0.888638 0.000000
vn 0.458610 -0.888638 0.000000
vn 0.592803 -0.805347 0.000000
vn 0.592803 -0.805347 0.000000
vn 0.592803 -0.805347 0.000000
vn 0.592803 -0.805347 0.000000
vn 0.702823 -0.711365 0.000000
vn 0.702823 -0.711365 0.000000
vn 0.702823 -0.711365 0.000000
vn 0.702823 -0.711365 0.000000
vn 0.789120 -0.614239 0.000000
vn 0.789120 -0.614239 0.000000
vn 0.789120 -0.614239 0.000000
vn 0.789120 -0.614239 0.000000
vn 0.854968 -0.518681 0.000000
vn 0.854968 -0.518681 0.000000
vn 0.854968 -0.518681 0.000000
vn 0.854968 -0.518681 0.000000
vn 0.904756 -0.425930 0.000000
vn 0.904756 -0.425930 0.000000
vn 0.904756 -0.425930 0.000000
vn 0.904756 -0.425930 0.000000
vn 0.951488 -0.307686 0.000000
vn 0.951488 -0.307686 0.000000
vn 0.951488 -0.307686 0.000000
vn 0.951488 -0.307686 0.000000
vn 0.984892 -0.173168 0.000000
vn 0.984892 -0.173168 0.000000
vn 0.984892 -0.173168 0.000000
vn 0.984892 -0.173168 0.000000
vn 0.998339 -0.057618 0.000000
vn 0.998339 -0.057618 0.000000
vn 0.998339 -0.057618 0.000000
vn 0.998339 -0.057618 0.000000
vn 0.999187 0.040327 0.000000
vn 0.999187 0.040327 0.000000
vn 0.999187 0.040327 0.000000
vn 0.999187 0.040327 0.000000
vn 0.992362 0.123361 0.000000
vn 0.992362 0.123361 0.000000
vn 0.992362 0.123361 0.000000
vn 0.992362 0.123361 0.000000
vn 0.980785 0.195092 0.000000
vn 0.980785 0.195092 0.000000
vn 0.980785 0.195092 0.000000
vn 0.980785 0.195092 0.000000
vn 0.966144 0.258004 0.000000
vn 0.966144 0.258004 0.000000
vn 0.966144 0.258004 0.000000
vn 0.966144 0.258004 0.000000
vn 0.948899 0.315579 0.000000
vn 0.948899 0.315579 0.000000
vn 0.948899 0.315579 0.000000
vn 0.948899 0.315579 0.000000
vn 0.928390 0.371606 0.000000
vn 0.928390 0.371606 0.000000
vn 0.928390 0.371606 0.000000
vn 0.928390 0.371606 0.000000
vn 0.907539 0.419967 0.000000
vn 0.907539 0.419967 0.000000
vn 0.907539 0.419967 0.000000
vn 0.907539 0.419967 0.000000
vn 0.893272 0.449516 0.000000
vn 0.893272 0.449516 0.000000
vn 0.893272 0.449516 0.000000
vn 0.893272 0.449516 0.000000
vn 0.890910 0.454179 0.000000
vn 0.890910 0.454179 0.000000
vn 0.890910 0.454179 0.000000
vn 0.890910 0.454179 0.000000
vn 0.867089 0.498153 0.000000
vn 0.867089 0.498153 0.000000
vn 0.867089 0.498153 0.000000
vn 0.867089 0.498153 0.000000
vn 0.845217 0.534423 0.000000
vn 0.845217 0.534423 0.000000
vn 0.845217 0.534423 0.000000
vn 0.845217 0.534423 0.000000
vn 0.648910 -0.760865 0.000000
vn 0.648910 -0.760865 0.000000
vn 0.648910 -0.760865 0.000000
vn 0.648910 -0.760865 0.000000
vn 0.688825 -0.724927 0.000000
vn 0.688825 -0.724927 0.000000
vn 0.688825 -0.724927 0.000000
vn 0.688825 -0.724927 0.000000
vn 0.718420 -0.695610 0.000000
vn 0.718420 -0.695610 0.000000
vn 0.718420 -0.695610 0.000000
vn 0.718420 -0.695610 0.000000
vn 0.744972 -0.667096 0.000000
vn 0.744972 -0.667096 0.000000
vn 0.744972 -0.667096 0.000000
vn 0.744972 -0.667096 0.000000
vn 0.771495 -0.636236 0.000000
vn 0.771495 -0.636236 0.000000
vn 0.771495 -0.636236 0.000000
vn 0.771495 -0.636236 0.000000
vn 0.797207 -0.603706 0.000000
vn 0.797207 -0.603706 0.000000
vn 0.797207 -0.603706 0.000000
vn 0.797207 -0.603706 0.000000
vn 0.821933 -0.569584 0.000000
vn 0.821933 -0.569584 0.000000
vn 0.821933 -0.569584 0.000000
vn 0.821933 -0.569584 0.000000
vn 0.845198 -0.534454 0.000000
vn 0.845198 -0.534454 0.000000
vn 0.845198 -0.534454 0.000000
vn 0.845198 -0.534454 0.000000
vn 0.866657 -0.498904 0.000000
vn 0.866657 -0.498904 0.000000
vn 0.866657 -0.498904 0.000000
vn 0.866657 -0.498904 0.000000
vn 0.886161 -0.463378 0.000000
vn 0.886161 -0.463378 0.000000
vn 0.886161 -0.463378 0.000000
vn 0.886161 -0.463378 0.000000
vn 0.898419 -0.439140 0.000000
vn 0.898419 -0.439140 0.000000
vn 0.898419 -0.439140 0.000000
vn 0.898419 -0.439140 0.000000
vn 0.907577 -0.419885 0.000000
vn 0.907577 -0.419885 0.000000
vn 0.907577 -0.419885 0.000000
vn 0.907577 -0.419885 0.000000
vn 0.925332 -0.379158 0.000000
vn 0.925332 -0.379158 0.000000
vn 0.925332 -0.379158 0.000000
vn 0.925332 -0.379158 0.000000
vn 0.967451 -0.253058 0.000000
vn 0.967451 -0.253058 0.000000
vn 0.967451 -0.253058 0.000000
vn 0.967451 -0.253058 0.000000
vn 0.840094 -0.542440 0.000000
vn 0.840094 -0.542440 0.000000
vn 0.840094 -0.542440 0.000000
vn 0.840094 -0.542440 0.000000
vn 0.923605 -0.383347 0.000000
vn 0.923605 -0.383347 0.000000
vn 0.923605 -0.383347 0.000000
vn 0.923605 -0.383347 0.000000
vn 0.949612 -0.313427 0.000000
vn 0.949612 -0.313427 0.000000
vn 0.949612 -0.313427 0.000000
vn 0.949612 -0.313427 0.000000
vn 0.961352 -0.275322 0.000000
vn 0.961352 -0.275322 0.000000
vn 0.961352 -0.275322 0.000000
vn 0.961352 -0.275322 0.000000
vn 0.969644 -0.244520 0.000000
vn 0.969644 -0.244520 0.000000
vn 0.969644 -0.244520 0.000000
vn 0.969644 -0.244520 0.000000
vn 0.974334 -0.225106 0.000000
vn 0.974334 -0.225106 0.000000
vn 0.974334 -0.225106 0.000000
vn 0.974334 -0.225106 0.000000
vn 0.983310 -0.181937 0.000000
vn 0.983310 -0.181937 0.000000
vn 0.983310 -0.181937 0.000000
vn 0.983310 -0.181937 0.000000
vn 0.994858 -0.101278 0.000000
vn 0.994858 -0.101278 0.000000
vn 0.994858 -0.101278 0.000000
vn 0.994858 -0.101278 0.000000
vn 0.999754 -0.022199 0.000000
vn 0.999754 -0.022199 0.000000
vn 0.999754 -0.022199 0.000000
vn 0.999754 -0.022199 0.000000
vn 0.998299 0.058295 0.000000
vn 0.998299 0.058295 0.000000
vn 0.998299 0.058295 0.000000
vn 0.998299 0.058295 0.000000
vn 0.989724 0.142990 0.000000
vn 0.989724 0.142990 0.000000
vn 0.989724 0.142990 0.000000
vn 0.989724 0.142990 0.000000
vn 0.972173 0.234262 0.000000
vn 0.972173 0.234262 0.000000
vn 0.972173 0.234262 0.000000
vn 0.972173 0.234262 0.000000
vn 0.942390 0.334516 0.000000
vn 0.942390 0.334516 0.000000
vn 0.942390 0.334516 0.000000
vn 0.942390 0.334516 0.000000
vn 0.895666 0.444726 0.000000
vn 0.895666 0.444726 0.000000
vn 0.895666 0.444726 0.000000
vn 0.895666 0.444726 0.000000
vn 0.852471 0.522774 0.000000
vn 0.852471 0.522774 0.000000
vn 0.852471 0.522774 0.000000
vn 0.852471 0.522774 0.000000
vn 0.827408 0.561602 0.000000
vn 0.827408 0.561602 0.000000
vn 0.827408 0.561602 0.000000
vn 0.827408 0.561602 0.000000
vn 0.799076 0.601230 0.000000
vn 0.799076 0.601230 0.000000
vn 0.799076 0.601230 0.000000
vn 0.799076 0.601230 0.000000
vn 0.767197 0.641411 0.000000
vn 0.767197 0.641411 0.000000
vn 0.767197 0.641411 0.000000
vn 0.767197 0.641411 0.000000
vn 0.730863 0.682524 0.000000
vn 0.730863 0.682524 0.000000
vn 0.730863 0.682524 0.000000
vn 0.730863 0.682524 0.000000
vn 0.689239 0.724535 0.000000
vn 0.689239 0.724535 0.000000
vn 0.689239 0.724535 0.000000
vn 0.689239 0.724535 0.000000
vn 0.641477 0.767142 0.000000
vn 0.641477 0.767142 0.000000
vn 0.641477 0.767142 0.000000
vn 0.641477 0.767142 0.000000
vn 0.586549 0.809914 0.000000
vn 0.586549 0.809914 0.000000
vn 0.586549 0.809914 0.000000
vn 0.586549 0.809914 0.000000
vn 0.818135 0.575026 0.000000
vn 0.818135 0.575026 0.000000
vn 0.818135 0.575026 0.000000
vn 0.818135 0.575026 0.000000
vn 0.814054 0.580789 0.000000
vn 0.814054 0.580789 0.000000
vn 0.814054 0.580789 0.000000
vn 0.814054 0.580789 0.000000
vn 0.848709 0.528860 0.000000
vn 0.848709 0.528860 0.000000
vn 0.848709 0.528860 0.000000
vn 0.848709 0.528860 0.000000
vn 0.882057 0.471143 0.000000
vn 0.882057 0.471143 0.000000
vn 0.882057 0.471143 0.000000
vn 0.882057 0.471143 0.000000
vn 0.913354 0.407167 0.000000
vn 0.913354 0.407167 0.000000
vn 0.913354 0.407167 0.000000
vn 0.913354 0.407167 0.000000
vn 0.941204 0.337838 0.000000
vn 0.941204 0.337838 0.000000
vn 0.941204 0.337838 0.000000
vn 0.941204 0.337838 0.000000
vn 0.965071 0.261987 0.000000
vn 0.965071 0.261987 0.000000
vn 0.965071 0.261987 0.000000
vn 0.965071 0.261987 0.000000
vn 0.983305 0.181964 0.000000
vn 0.983305 0.181964 0.000000
vn 0.983305 0.181964 0.000000
vn 0.983305 0.181964 0.000000
vn 0.995258 0.097266 0.000000
vn 0.995258 0.097266 0.000000
vn 0.995258 0.097266 0.000000
vn 0.995258 0.097266 0.000000
vn 0.189131 -0.981952 0.000000
vn 0.189131 -0.981952 0.000000
vn 0.189131 -0.981952 0.000000
vn 0.189131 -0.981952 0.000000
vn 0.113854 -0.993497 0.000000
vn 0.113854 -0.993497 0.000000
vn 0.113854 -0.993497 0.000000
vn 0.113854 -0.993497 0.000000
vn 0.066105 -0.997813 0.000000
vn 0.066105 -0.997813 0.000000
vn 0.066105 -0.997813 0.000000
vn 0.066105 -0.997813 0.000000
vn 0.029716 -0.999558 0.000000
vn 0.029716 -0.999558 0.000000
vn 0.029716 -0.999558 0.000000
vn 0.029716 -0.999558 0.000000
vn -0.003301 -0.999995 -0.000000
vn -0.003301 -0.999995 -0.000000
vn -0.003301 -0.999995 -0.000000
vn -0.003301 -0.999995 -0.000000
vn -0.038076 -0.999275 -0.000000
vn -0.038076 -0.999275 -0.000000
vn -0.038076 -0.999275 -0.000000
vn -0.038076 -0.999275 -0.000000
vn -0.082049 -0.996628 -0.000000
vn -0.082049 -0.996628 -0.000000
vn -0.082049 -0.996628 -0.000000
vn -0.082049 -0.996628 -0.000000
vn -0.148303 -0.988942 -0.000000
vn -0.148303 -0.988942 -0.000000
vn -0.148303 -0.988942 -0.000000
vn -0.148303 -0.988942 -0.000000
vn -0.098312 -0.995156 -0.000000
vn -0.098312 -0.995156 -0.000000
vn -0.098312 -0.995156 -0.000000
vn -0.098312 -0.995156 -0.000000
vn -0.163180 -0.986596 -0.000000
vn -0.163180 -0.986596 -0.000000
vn -0.163180 -0.986596 -0.000000
vn -0.163180 -0.986596 -0.000000
vn -0.214680 -0.976684 -0.000000
vn -0.214680 -0.976684 -0.000000
vn -0.214680 -0.976684 -0.000000
vn -0.214680 -0.976684 -0.000000
vn -0.260225 -0.965548 -0.000000
vn -0.260225 -0.965548 -0.000000
vn -0.260225 -0.965548 -0.000000
vn -0.260225 -0.965548 -0.000000
vn -0.304668 -0.952459 -0.000000
vn -0.304668 -0.952459 -0.000000
vn -0.304668 -0.952459 -0.000000
vn -0.304668 -0.952459 -0.000000
vn -0.352957 -0.935640 -0.000000
vn -0.352957 -0.935640 -0.000000
vn -0.352957 -0.935640 -0.000000
vn -0.352957 -0.935640 -0.000000
vn -0.410957 -0.911655 -0.000000
vn -0.410957 -0.911655 -0.000000
vn -0.410957 -0.911655 -0.000000
vn -0.410957 -0.911655 -0.000000
vn -0.488296 -0.872678 -0.000000
vn -0.488296 -0.872678 -0.000000
vn -0.488296 -0.872678 -0.000000
vn -0.488296 -0.872678 -0.000000
vn -0.627032 -0.778993 -0.000000
vn -0.627032 -0.778993 -0.000000
vn -0.627032 -0.778993 -0.000000
vn -0.627032 -0.778993 -0.000000
vn -0.643941 -0.765075 -0.000000
vn -0.643941 -0.765075 -0.000000
vn -0.643941 -0.765075 -0.000000
vn -0.643941 -0.765075 -0.000000
vn -0.421877 -0.906653 -0.000000
vn -0.421877 -0.906653 -0.000000
vn -0.421877 -0.906653 -0.000000
vn -0.421877 -0.906653 -0.000000
vn -0.046105 -0.998937 -0.000000
vn -0.046105 -0.998937 -0.000000
vn -0.046105 -0.998937 -0.000000
vn -0.046105 -0.998937 -0.000000
vn 0.379131 -0.925343 0.000000
vn 0.379131 -0.925343 0.000000
vn 0.379131 -0.925343 0.000000
vn 0.379131 -0.925343 0.000000
vn 0.640405 -0.768038 0.000000
vn 0.640405 -0.768038 0.000000
vn 0.640405 -0.768038 0.000000
vn 0.640405 -0.768038 0.000000
vn 0.789940 -0.613184 0.000000
vn 0.789940 -0.613184 0.000000
vn 0.789940 -0.613184 0.000000
vn 0.789940 -0.613184 0.000000
vn 0.886701 -0.462344 0.000000
vn 0.886701 -0.462344 0.000000
vn 0.886701 -0.462344 0.000000
vn 0.886701 -0.462344 0.000000
vn 0.937646 -0.347592 0.000000
vn 0.937646 -0.347592 0.000000
vn 0.937646 -0.347592 0.000000
vn 0.937646 -0.347592 0.000000
vn 0.964915 -0.262562 0.000000
vn 0.964915 -0.262562 0.000000
vn 0.964915 -0.262562 0.000000
vn 0.964915 -0.262562 0.000000
vn 0.984763 -0.173901 0.000000
vn 0.984763 -0.173901 0.000000
vn 0.984763 -0.173901 0.000000
vn 0.984763 -0.173901 0.000000
vn 0.995167 -0.098195 0.000000
vn 0.995167 -0.098195 0.000000
vn 0.995167 -0.098195 0.000000
vn 0.995167 -0.098195 0.000000
vn 0.999484 -0.032131 0.000000
vn 0.999484 -0.032131 0.000000
vn 0.999484 -0.032131 0.000000
vn 0.999484 -0.032131 0.000000
vn 0.998811 0.048745 0.000000
vn 0.998811 0.048745 0.000000
vn 0.998811 0.048745 0.000000
vn 0.998811 0.048745 0.000000
vn 0.991066 0.133371 0.000000
vn 0.991066 0.133371 0.000000
vn 0.991066 0.133371 0.000000
vn 0.991066 0.133371 0.000000
vn 0.974920 0.222557 0.000000
vn 0.974920 0.222557 0.000000
vn 0.974920 0.222557 0.000000
vn 0.974920 0.222557 0.000000
vn 0.948417 0.317024 0.000000
vn 0.948417 0.317024 0.000000
vn 0.948417 0.317024 0.000000
vn 0.948417 0.317024 0.000000
vn 0.909212 0.416333 0.000000
vn 0.909212 0.416333 0.000000
vn 0.909212 0.416333 0.000000
vn 0.909212 0.416333 0.000000
vn 0.854645 0.519212 0.000000
vn 0.854645 0.519212 0.000000
vn 0.854645 0.519212 0.000000
vn 0.854645 0.519212 0.000000
vn 0.782409 0.622765 0.000000
vn 0.782409 0.622765 0.000000
vn 0.782409 0.622765 0.000000
vn 0.782409 0.622765 0.000000
vn 0.736813 0.676096 0.000000
vn 0.736813 0.676096 0.000000
vn 0.736813 0.676096 0.000000
vn 0.736813 0.676096 0.000000
vn 0.705891 0.708320 0.000000
vn 0.705891 0.708320 0.000000
vn 0.705891 0.708320 0.000000
vn 0.705891 0.708320 0.000000
vn 0.713345 0.700813 0.000000
vn 0.713345 0.700813 0.000000
vn 0.713345 0.700813 0.000000
vn 0.713345 0.700813 0.000000
vn 0.611977 0.790876 0.000000
vn 0.611977 0.790876 0.000000
vn 0.611977 0.790876 0.000000
vn 0.611977 0.790876 0.000000
vn 0.628416 0.777877 0.000000
vn 0.628416 0.777877 0.000000
vn 0.628416 0.777877 0.000000
vn 0.628416 0.777877 0.000000
vn 0.515349 0.856980 0.000000
vn 0.515349 0.856980 0.000000
vn 0.515349 0.856980 0.000000
vn 0.515349 0.856980 0.000000
vn 0.429536 0.903050 0.000000
vn 0.429536 0.903050 0.000000
vn 0.429536 0.903050 0.000000
vn 0.429536 0.903050 0.000000
vn 0.361150 0.932508 0.000000
vn 0.361150 0.932508 0.000000
vn 0.361150 0.932508 0.000000
vn 0.361150 0.932508 0.000000
vn 0.302664 0.953097 0.000000
vn 0.302664 0.953097 0.000000
vn 0.302664 0.953097 0.000000
vn 0.302664 0.953097 0.000000
vn 0.248251 0.968696 0.000000
vn 0.248251 0.968696 0.000000
vn 0.248251 0.968696 0.000000
vn 0.248251 0.968696 0.000000
vn 0.191755 0.981443 0.000000
vn 0.191755 0.981443 0.000000
vn 0.191755 0.981443 0.000000
vn 0.191755 0.981443 0.000000
vn 0.125237 0.992127 0.000000
vn 0.125237 0.992127 0.000000
vn 0.125237 0.992127 0.000000
vn 0.125237 0.992127 0.000000
vn 0.041351 0.999145 0.000000
vn 0.041351 0.999145 0.000000
vn 0.041351 0.999145 0.000000
vn 0.041351 0.999145 0.000000
vn -0.062824 0.998025 0.000000
vn -0.062824 0.998025 0.000000
vn -0.062824 0.998025 0.000000
vn -0.062824 0.998025 0.000000
vn -0.137420 0.990513 0.000000
vn -0.137420 0.990513 0.000000
vn -0.137420 0.990513 0.000000
vn -0.137420 0.990513 0.000000
vn -0.236475 0.971638 0.000000
vn -0.236475 0.971638 0.000000
vn -0.236475 0.971638 0.000000
vn -0.236475 0.971638 0.000000
vn -0.016748 0.999860 0.000000
vn -0.016748 0.999860 0.000000
vn -0.016748 0.999860 0.000000
vn -0.016748 0.999860 0.000000
vn 0.272499 0.962156 0.000000
vn 0.272499 0.962156 0.000000
vn 0.272499 0.962156 0.000000
vn 0.272499 0.962156 0.000000
vn 0.853489 -0.521111 0.000000
vn 0.853489 -0.521111 0.000000
vn 0.853489 -0.521111 0.000000
vn 0.853489 -0.521111 0.000000
vn 0.895376 -0.445311 0.000000
vn 0.895376 -0.445311 0.000000
vn 0.895376 -0.445311 0.000000
vn 0.895376 -0.445311 0.000000
vn 0.970025 -0.243004 0.000000
vn 0.970025 -0.243004 0.000000
vn 0.970025 -0.243004 0.000000
vn 0.970025 -0.243004 0.000000
vn 0.999545 0.030162 0.000000
vn 0.999545 0.030162 0.000000
vn 0.999545 0.030162 0.000000
vn 0.999545 0.030162 0.000000
vn 0.965343 0.260985 0.000000
vn 0.965343 0.260985 0.000000
vn 0.965343 0.260985 0.000000
vn 0.965343 0.260985 0.000000
vn 0.879731 0.475471 0.000000
vn 0.879731 0.475471 0.000000
vn 0.879731 0.475471 0.000000
vn 0.879731 0.475471 0.000000
vn 0.746477 0.665411 0.000000
vn 0.746477 0.665411 0.000000
vn 0.746477 0.665411 0.000000
vn 0.746477 0.665411 0.000000
vn 0.592179 0.805806 0.000000
vn 0.592179 0.805806 0.000000
vn 0.592179 0.805806 0.000000
vn 0.592179 0.805806 0.000000
vn 0.384982 0.922924 0.000000
vn 0.384982 0.922924 0.000000
vn 0.384982 0.922924 0.000000
vn 0.384982 0.922924 0.000000
vn 0.185928 0.982563 0.000000
vn 0.185928 0.982563 0.000000
vn 0.185928 0.982563 0.000000
vn 0.185928 0.982563 0.000000
vn 0.045379 0.998970 0.000000
vn 0.045379 0.998970 0.000000
vn 0.045379 0.998970 0.000000
vn 0.045379 0.998970 0.000000
vn -0.077502 0.996992 0.000000
vn -0.077502 0.996992 0.000000
vn -0.077502 0.996992 0.000000
vn -0.077502 0.996992 0.000000
vn -0.176281 0.984340 0.000000
vn -0.176281 0.984340 0.000000
vn -0.176281 0.984340 0.000000
vn -0.176281 0.984340 0.000000
vn -0.258422 0.966032 0.000000
vn -0.258422 0.966032 0.000000
vn -0.258422 0.966032 0.000000
vn -0.258422 0.966032 0.000000
vn 0.308834 -0.951116 0.000000
vn 0.308834 -0.951116 0.000000
vn 0.308834 -0.951116 0.000000
vn 0.308834 -0.951116 0.000000
vn 0.266055 -0.963958 0.000000
vn 0.266055 -0.963958 0.000000
vn 0.266055 -0.963958 0.000000
vn 0.266055 -0.963958 0.000000
vn 0.995294 -0.096896 0.000000
vn 0.995294 -0.096896 0.000000
vn 0.995294 -0.096896 0.000000
vn 0.995294 -0.096896 0.000000
vn 0.994954 0.100335 0.000000
vn 0.994954 0.100335 0.000000
vn 0.994954 0.100335 0.000000
vn 0.994954 0.100335 0.000000
vn 0.955031 0.296507 0.000000
vn 0.955031 0.296507 0.000000
vn 0.955031 0.296507 0.000000
vn 0.955031 0.296507 0.000000
vn 0.878863 0.477075 0.000000
vn 0.878863 0.477075 0.000000
vn 0.878863 0.477075 0.000000
vn 0.878863 0.477075 0.000000
vn 0.771373 0.636383 0.000000
vn 0.771373 0.636383 0.000000
vn 0.771373 0.636383 0.000000
vn 0.771373 0.636383 0.000000
vn 0.636383 0.771373 0.000000
vn 0.636383 0.771373 0.000000
vn 0.636383 0.771373 0.000000
vn 0.636383 0.771373 0.000000
vn 0.477075 0.878863 0.000000
vn 0.477075 0.878863 0.000000
vn 0.477075 0.878863 0.000000
vn 0.477075 0.878863 0.000000
vn 0.296507 0.955031 0.000000
vn 0.296507 0.955031 0.000000
vn 0.296507 0.955031 0.000000
vn 0.296507 0.955031 0.000000
vn 0.100335 0.994954 0.000000
vn 0.100335 0.994954 0.000000
vn 0.100335 0.994954 0.000000
vn 0.100335 0.994954 0.000000
vn -0.100335 0.994954 0.000000
vn -0.100335 0.994954 0.000000
vn -0.100335 0.994954 0.000000
vn -0.100335 0.994954 0.000000
vn -0.296507 0.955031 0.000000
vn -0.296507 0.955031 0.000000
vn -0.296507 0.955031 0.000000
vn -0.296507 0.955031 0.000000
vn -0.477075 0.878863 0.000000
vn -0.477075 0.878863 0.000000
vn -0.477075 0.878863 0.000000
vn -0.477075 0.878863 0.000000
vn -0.636383 0.771373 0.000000
vn -0.636383 0.771373 0.000000
vn -0.636383 0.771373 0.000000
vn -0.636383 0.771373 0.000000
vn 0.000000 0.000000 -1.000000
vn 0.000000 0.000000 -1.000000
vn 0.000000 0.000000 -1.000000
vn 0.000000 0.000000 -1.000000
vn 0.000000 0.000000 -1.000000
vn 0.000000 0.000000 -1.000000
vn 0.000000 0.000000 -1.000000
vn 0.000000 0.000000 -1.000000
vn 0.000000 0.000000 -1.000000
vn 0.000000 0.000000 -1.000000
vn 0.000000 0.000000 -1.000000
vn 0.000000 0.000000 -1.000000
vn 0.000000 0.000000 -1.000000
vn 0.000000 0.000000 -1.000000
vn 0.000000 0.000000 -1.000000
vn 0.000000 0.000000 -1.000000
vn 0.000000 0.000000 -1.000000
vn 0.000000 0.000000 -1.000000
vn 0.000000 0.000000 -1.000000
vn 0.000000 0.000000 -1.000000
vn 0.000000 0.000000 -1.000000
vn 0.000000 0.000000 -1.000000
vn 0.000000 0.000000 -1.000000
vn 0.000000 0.000000 -1.000000
vn 0.000000 0.000000 -1.000000
vn 0.000000 0.000000 -1.000000
vn 0.000000 0.000000 -1.000000
vn 0.000000 0.000000 -1.000000
vn 0.000000 0.000000 -1.000000
vn 0.000000 0.000000 -1.000000
vn 0.000000 0.000000 -1.000000
vn 0.000000 0.000000 -1.000000
vn 0.000000 0.000000 -1.000000
vn 0.000000 0.000000 -1.000000
vn 0.000000 0.000000 -1.000000
vn 0.000000 0.000000 -1.000000
vn 0.000000 0.000000 -1.000000
vn 0.000000 0.000000 -1.000000
vn 0.000000 0.000000 -1.000000
vn 0.000000 0.000000 -1.000000
vn 0.000000 0.000000 -1.000000
vn 0.000000 0.000000 -1.000000
vn 0.000000 0.000000 -1.000000
vn 0.000000 0.000000 -1.000000
vn 0.000000 0.000000 -1.000000
vn 0.000000 0.000000 -1.000000
vn 0.000000 0.000000 -1.000000
vn 0.000000 0.000000 -1.000000
vn 0.000000 0.000000 -1.000000
vn 0.000000 0.000000 -1.000000
vn 0.000000 0.000000 -1.000000
vn 0.000000 0.000000 -1.000000
vn 0.000000 0.000000 -1.000000
vn 0.000000 0.000000 -1.000000
vn 0.000000 0.000000 -1.000000
vn 0.000000 0.000000 -1.000000
vn 0.000000 0.000000 -1.000000
vn 0.000000 0.000000 -1.000000
vn 0.000000 0.000000 -1.000000
vn 0.000000 0.000000 -1.000000
vn 0.000000 0.000000 -1.000000
vn 0.000000 0.000000 -1.000000
vn 0.000000 0.000000 -1.000000
vn 0.000000 0.000000 -1.000000
vn 0.000000 0.000000 -1.000000
vn 0.000000 0.000000 -1.000000
vn 0.000000 0.000000 -1.000000
vn 0.000000 0.000000 -1.000000
vn 0.000000 0.000000 -1.000000
vn 0.000000 0.000000 -1.000000
vn 0.000000 0.000000 -1.000000
vn 0.000000 0.000000 -1.000000
vn 0.000000 0.000000 -1.000000
vn 0.000000 0.000000 -1.000000
vn 0.000000 0.000000 -1.000000
vn 0.000000 0.000000 -1.000000
vn 0.000000 0.000000 -1.000000
vn 0.000000 0.000000 -1.000000
vn 0.000000 0.000000 -1.000000
vn 0.000000 0.000000 -1.000000
vn 0.000000 0.000000 -1.000000
vn 0.000000 0.000000 -1.000000
vn 0.000000 0.000000 -1.000000
vn 0.000000 0.000000 -1.000000
vn 0.000000 0.000000 -1.000000
vn 0.000000 0.000000 -1.000000
vn 0.000000 0.000000 -1.000000
vn 0.000000 0.000000 -1.000000
vn 0.000000 0.000000 -1.000000
vn 0.000000 0.000000 -1.000000
vn 0.000000 0.000000 -1.000000
vn 0.000000 0.000000 -1.000000
vn 0.000000 0.000000 -1.000000
vn 0.000000 0.000000 -1.000000
vn 0.000000 0.000000 -1.000000
vn 0.000000 0.000000 -1.000000
vn 0.000000 0.000000 -1.000000
vn 0.000000 0.000000 -1.000000
vn 0.000000 0.000000 -1.000000
vn 0.000000 0.000000 -1.000000
vn 0.000000 0.000000 -1.000000
vn 0.000000 0.000000 -1.000000
vn 0.000000 0.000000 -1.000000
vn 0.000000 0.000000 -1.000000
vn 0.000000 0.000000 -1.000000
vn 0.000000 0.000000 -1.000000
vn 0.000000 0.000000 -1.000000
vn 0.000000 0.000000 -1.000000
vn 0.000000 0.000000 -1.000000
vn 0.000000 0.000000 -1.000000
vn 0.000000 0.000000 -1.000000
vn 0.000000 0.000000 -1.000000
vn 0.000000 0.000000 -1.000000
vn 0.000000 0.000000 -1.000000
vn 0.000000 0.000000 -1.000000
vn 0.000000 0.000000 -1.000000
vn 0.000000 0.000000 -1.000000
vn 0.000000 0.000000 -1.000000
vn 0.000000 0.000000 -1.000000
vn 0.000000 0.000000 -1.000000
vn 0.000000 0.000000 -1.000000
vn 0.000000 0.000000 -1.000000
vn 0.000000 0.000000 -1.000000
vn 0.000000 0.000000 -1.000000
vn 0.000000 0.000000 -1.000000
vn 0.000000 0.000000 -1.000000
vn 0.000000 0.000000 -1.000000
vn 0.000000 0.000000 -1.000000
vn 0.000000 0.000000 -1.000000
vn 0.000000 0.000000 -1.000000
vn 0.000000 0.000000 -1.000000
vn 0.000000 0.000000 -1.000000
vn 0.000000 0.000000 -1.000000
vn 0.000000 0.000000 -1.000000
vn 0.000000 0.000000 -1.000000
vn 0.000000 0.000000 -1.000000
vn 0.000000 0.000000 -1.000000
vn 0.000000 0.000000 -1.000000
vn 0.000000 0.000000 -1.000000
vn 0.000000 0.000000 -1.000000
vn 0.000000 0.000000 -1.000000
vn 0.000000 0.000000 -1.000000
vn 0.000000 0.000000 -1.000000
vn 0.000000 0.000000 -1.000000
vn 0.000000 0.000000 -1.000000
vn 0.000000 0.000000 -1.000000
vn 0.000000 0.000000 -1.000000
vn 0.000000 0.000000 -1.000000
vn 0.000000 0.000000 -1.000000
vn 0.000000 0.000000 -1.000000
vn 0.000000 0.000000 -1.000000
vn 0.000000 0.000000 -1.000000
vn 0.000000 0.000000 -1.000000
vn 0.000000 0.000000 -1.000000
vn 0.000000 0.000000 -1.000000
vn 0.000000 0.000000 -1.000000
vn 0.000000 0.000000 -1.000000
vn 0.000000 0.000000 -1.000000
vn 0.000000 0.000000 -1.000000
vn 0.000000 0.000000 -1.000000
vn 0.000000 0.000000 -1.000000
vn 0.000000 0.000000 -1.000000
vn 0.000000 0.000000 -1.000000
vn 0.000000 0.000000 -1.000000
vn 0.000000 0.000000 -1.000000
vn 0.000000 0.000000 -1.000000
vn 0.000000 0.000000 -1.000000
vn 0.000000 0.000000 -1.000000
vn 0.000000 0.000000 -1.000000
vn 0.000000 0.000000 -1.000000
vn 0.000000 0.000000 -1.000000
vn 0.000000 0.000000 -1.000000
vn 0.000000 0.000000 -1.000000
vn 0.000000 0.000000 -1.000000
vn 0.000000 0.000000 -1.000000
vn 0.000000 0.000000 -1.000000
vn 0.000000 0.000000 -1.000000
vn 0.000000 0.000000 -1.000000
vn 0.000000 0.000000 -1.000000
vn 0.000000 0.000000 -1.000000
vn 0.000000 0.000000 -1.000000
vn 0.000000 0.000000 -1.000000
vn 0.000000 0.000000 -1.000000
vn 0.000000 0.000000 -1.000000
vn 0.000000 0.000000 -1.000000
vn 0.000000 0.000000 -1.000000
vn 0.000000 0.000000 -1.000000
vn 0.000000 0.000000 -1.000000
vn 0.000000 0.000000 -1.000000
vn 0.000000 0.000000 -1.000000
vn 0.000000 0.000000 -1.000000
vn 0.000000 0.000000 -1.000000
vn 0.000000 0.000000 -1.000000
vn 0.000000 0.000000 -1.000000
vn 0.000000 0.000000 -1.000000
vn 0.000000 0.000000 -1.000000
vn 0.000000 0.000000 -1.000000
vn 0.000000 0.000000 -1.000000
vn 0.000000 0.000000 -1.000000
vn 0.000000 0.000000 -1.000000
vn 0.000000 0.000000 -1.000000
vn 0.000000 0.000000 -1.000000
vn 0.000000 0.000000 -1.000000
vn 0.000000 0.000000 -1.000000
vn 0.000000 0.000000 -1.000000
vn 0.000000 0.000000 -1.000000
vn 0.000000 0.000000 -1.000000
vn 0.000000 0.000000 -1.000000
vn 0.000000 0.000000 -1.000000
vn 0.000000 0.000000 -1.000000
vn 0.000000 0.000000 -1.000000
vn 0.000000 0.000000 -1.000000
vn 0.000000 0.000000 -1.000000
vn 0.000000 0.000000 -1.000000
vn 0.000000 0.000000 -1.000000
vn 0.000000 0.000000 -1.000000
vn 0.000000 0.000000 -1.000000
vn 0.000000 0.000000 -1.000000
vn 0.000000 0.000000 -1.000000
vn 0.000000 0.000000 -1.000000
vn 0.000000 0.000000 -1.000000
vn 0.000000 0.000000 -1.000000
vn 0.000000 0.000000 -1.000000
vn 0.000000 0.000000 -1.000000
vn 0.000000 0.000000 -1.000000
vn 0.000000 0.000000 -1.000000
vn 0.000000 0.000000 -1.000000
vn 0.000000 0.000000 -1.000000
vn 0.000000 0.000000 -1.000000
vn 0.000000 0.000000 -1.000000
vn 0.000000 0.000000 -1.000000
vn 0.000000 0.000000 -1.000000
vn 0.000000 0.000000 -1.000000
vn 0.000000 0.000000 -1.000000
vn 0.000000 0.000000 -1.000000
vn 0.000000 0.000000 -1.000000
vn 0.000000 0.000000 -1.000000
vn 0.000000 0.000000 -1.000000
vn 0.000000 0.000000 -1.000000
vn 0.000000 0.000000 -1.000000
vn 0.000000 0.000000 -1.000000
vn 0.000000 0.000000 -1.000000
vn 0.000000 0.000000 -1.000000
vn 0.000000 0.000000 -1.000000
vn 0.000000 0.000000 -1.000000
vn 0.000000 0.000000 -1.000000
vn 0.000000 0.000000 -1.000000
vn 0.000000 0.000000 -1.000000
vn 0.000000 0.000000 -1.000000
vn 0.000000 0.000000 -1.000000
vn 0.000000 0.000000 -1.000000
vn 0.000000 0.000000 -1.000000
vn 0.000000 0.000000 -1.000000
vn 0.000000 0.000000 -1.000000
vn 0.000000 0.000000 -1.000000
vn 0.000000 0.000000 -1.000000
vn 0.000000 0.000000 -1.000000
vn 0.000000 0.000000 -1.000000
vn 0.000000 0.000000 -1.000000
vn 0.000000 0.000000 -1.000000
vn 0.000000 0.000000 -1.000000
vn 0.000000 0.000000 -1.000000
vn 0.000000 0.000000 -1.000000
vn 0.000000 0.000000 -1.000000
vn 0.000000 0.000000 -1.000000
vn 0.000000 0.000000 -1.000000
vn 0.000000 0.000000 -1.000000
vn 0.000000 0.000000 -1.000000
vn 0.000000 0.000000 -1.000000
vn 0.000000 0.000000 -1.000000
vn 0.000000 0.000000 -1.000000
vn 0.000000 0.000000 -1.000000
vn 0.000000 0.000000 -1.000000
vn 0.000000 0.000000 -1.000000
vn 0.000000 0.000000 -1.000000
vn 0.000000 0.000000 -1.000000
vn 0.000000 0.000000 -1.000000
vn 0.000000 0.000000 -1.000000
vn 0.000000 0.000000 -1.000000
vn 0.000000 0.000000 -1.000000
vn 0.000000 0.000000 -1.000000
vn 0.000000 0.000000 -1.000000
vn 0.000000 0.000000 -1.000000
vn 0.000000 0.000000 -1.000000
vn 0.000000 0.000000 -1.000000
vn 0.000000 0.000000 -1.000000
vn 0.000000 0.000000 -1.000000
vn 0.000000 0.000000 -1.000000
vn 0.000000 0.000000 -1.000000
vn 0.000000 0.000000 -1.000000
vn 0.000000 0.000000 -1.000000
vn 0.000000 0.000000 -1.000000
vn 0.000000 0.000000 -1.000000
vn 0.000000 0.000000 -1.000000
vn 0.000000 0.000000 -1.000000
vn 0.000000 0.000000 -1.000000
vn 0.000000 0.000000 -1.000000
vn 0.000000 0.000000 -1.000000
vn 0.000000 0.000000 -1.000000
vn 0.000000 0.000000 -1.000000
vn 0.000000 0.000000 -1.000000
vn 0.000000 0.000000 -1.000000
vn 0.000000 0.000000 -1.000000
vn 0.000000 0.000000 -1.000000
vn 0.000000 0.000000 -1.000000
vn 0.000000 0.000000 -1.000000
vn 0.000000 0.000000 -1.000000
vn 0.000000 0.000000 -1.000000
vn 0.000000 0.000000 -1.000000
vn 0.000000 0.000000 -1.000000
vn 0.000000 0.000000 -1.000000
vn 0.000000 0.000000 -1.000000
vn 0.000000 0.000000 -1.000000
vn 0.000000 0.000000 -1.000000
vn -0.000000 -0.000000 1.000000
vn -0.000000 -0.000000 1.000000
vn -0.000000 -0.000000 1.000000
vn -0.000000 -0.000000 1.000000
vn -0.000000 -0.000000 1.000000
vn -0.000000 -0.000000 1.000000
vn -0.000000 -0.000000 1.000000
vn -0.000000 -0.000000 1.000000
vn -0.000000 -0.000000 1.000000
vn -0.000000 -0.000000 1.000000
vn -0.000000 -0.000000 1.000000
vn -0.000000 -0.000000 1.000000
vn -0.000000 -0.000000 1.000000
vn -0.000000 -0.000000 1.000000
vn -0.000000 -0.000000 1.000000
vn -0.000000 -0.000000 1.000000
vn -0.000000 -0.000000 1.000000
vn -0.000000 -0.000000 1.000000
vn -0.000000 -0.000000 1.000000
vn -0.000000 -0.000000 1.000000
vn -0.000000 -0.000000 1.000000
vn -0.000000 -0.000000 1.000000
vn -0.000000 -0.000000 1.000000
vn -0.000000 -0.000000 1.000000
vn -0.000000 -0.000000 1.000000
vn -0.000000 -0.000000 1.000000
vn -0.000000 -0.000000 1.000000
vn -0.000000 -0.000000 1.000000
vn -0.000000 -0.000000 1.000000
vn -0.000000 -0.000000 1.000000
vn -0.000000 -0.000000 1.000000
vn -0.000000 -0.000000 1.000000
vn -0.000000 -0.000000 1.000000
vn -0.000000 -0.000000 1.000000
vn -0.000000 -0.000000 1.000000
vn -0.000000 -0.000000 1.000000
vn -0.000000 -0.000000 1.000000
vn -0.000000 -0.000000 1.000000
vn -0.000000 -0.000000 1.000000
vn -0.000000 -0.000000 1.000000
vn -0.000000 -0.000000 1.000000
vn -0.000000 -0.000000 1.000000
vn -0.000000 -0.000000 1.000000
vn -0.000000 -0.000000 1.000000
vn -0.000000 -0.000000 1.000000
vn -0.000000 -0.000000 1.000000
vn -0.000000 -0.000000 1.000000
vn -0.000000 -0.000000 1.000000
vn -0.000000 -0.000000 1.000000
vn -0.000000 -0.000000 1.000000
vn -0.000000 -0.000000 1.000000
vn -0.000000 -0.000000 1.000000
vn -0.000000 -0.000000 1.000000
vn -0.000000 -0.000000 1.000000
vn -0.000000 -0.000000 1.000000
vn -0.000000 -0.000000 1.000000
vn -0.000000 -0.000000 1.000000
vn -0.000000 -0.000000 1.000000
vn -0.000000 -0.000000 1.000000
vn -0.000000 -0.000000 1.000000
vn -0.000000 -0.000000 1.000000
vn -0.000000 -0.000000 1.000000
vn -0.000000 -0.000000 1.000000
vn -0.000000 -0.000000 1.000000
vn -0.000000 -0.000000 1.000000
vn -0.000000 -0.000000 1.000000
vn -0.000000 -0.000000 1.000000
vn -0.000000 -0.000000 1.000000
vn -0.000000 -0.000000 1.000000
vn -0.000000 -0.000000 1.000000
vn -0.000000 -0.000000 1.000000
vn -0.000000 -0.000000 1.000000
vn -0.000000 -0.000000 1.000000
vn -0.000000 -0.000000 1.000000
vn -0.000000 -0.000000 1.000000
vn -0.000000 -0.000000 1.000000
vn -0.000000 -0.000000 1.000000
vn -0.000000 -0.000000 1.000000
vn -0.000000 -0.000000 1.000000
vn -0.000000 -0.000000 1.000000
vn -0.000000 -0.000000 1.000000
vn -0.000000 -0.000000 1.000000
vn -0.000000 -0.000000 1.000000
vn -0.000000 -0.000000 1.000000
vn -0.000000 -0.000000 1.000000
vn -0.000000 -0.000000 1.000000
vn -0.000000 -0.000000 1.000000
vn -0.000000 -0.000000 1.000000
vn -0.000000 -0.000000 1.000000
vn -0.000000 -0.000000 1.000000
vn -0.000000 -0.000000 1.000000
vn -0.000000 -0.000000 1.000000
vn -0.000000 -0.000000 1.000000
vn -0.000000 -0.000000 1.000000
vn -0.000000 -0.000000 1.000000
vn -0.000000 -0.000000 1.000000
vn -0.000000 -0.000000 1.000000
vn -0.000000 -0.000000 1.000000
vn -0.000000 -0.000000 1.000000
vn -0.000000 -0.000000 1.000000
vn -0.000000 -0.000000 1.000000
vn -0.000000 -0.000000 1.000000
vn -0.000000 -0.000000 1.000000
vn -0.000000 -0.000000 1.000000
vn -0.000000 -0.000000 1.000000
vn -0.000000 -0.000000 1.000000
vn -0.000000 -0.000000 1.000000
vn -0.000000 -0.000000 1.000000
vn -0.000000 -0.000000 1.000000
vn -0.000000 -0.000000 1.000000
vn -0.000000 -0.000000 1.000000
vn -0.000000 -0.000000 1.000000
vn -0.000000 -0.000000 1.000000
vn -0.000000 -0.000000 1.000000
vn -0.000000 -0.000000 1.000000
vn -0.000000 -0.000000 1.000000
vn -0.000000 -0.000000 1.000000
vn -0.000000 -0.000000 1.000000
vn -0.000000 -0.000000 1.000000
vn -0.000000 -0.000000 1.000000
vn -0.000000 -0.000000 1.000000
vn -0.000000 -0.000000 1.000000
vn -0.000000 -0.000000 1.000000
vn -0.000000 -0.000000 1.000000
vn -0.000000 -0.000000 1.000000
vn -0.000000 -0.000000 1.000000
vn -0.000000 -0.000000 1.000000
vn -0.000000 -0.000000 1.000000
vn -0.000000 -0.000000 1.000000
vn -0.000000 -0.000000 1.000000
vn -0.000000 -0.000000 1.000000
vn -0.000000 -0.000000 1.000000
vn -0.000000 -0.000000 1.000000
vn -0.000000 -0.000000 1.000000
vn -0.000000 -0.000000 1.000000
vn -0.000000 -0.000000 1.000000
vn -0.000000 -0.000000 1.000000
vn -0.000000 -0.000000 1.000000
vn -0.000000 -0.000000 1.000000
vn -0.000000 -0.000000 1.000000
vn -0.000000 -0.000000 1.000000
vn -0.000000 -0.000000 1.000000
vn -0.000000 -0.000000 1.000000
vn -0.000000 -0.000000 1.000000
vn -0.000000 -0.000000 1.000000
vn -0.000000 -0.000000 1.000000
vn -0.000000 -0.000000 1.000000
vn -0.000000 -0.000000 1.000000
vn -0.000000 -0.000000 1.000000
vn -0.000000 -0.000000 1.000000
vn -0.000000 -0.000000 1.000000
vn -0.000000 -0.000000 1.000000
vn -0.000000 -0.000000 1.000000
vn -0.000000 -0.000000 1.000000
vn -0.000000 -0.000000 1.000000
vn -0.000000 -0.000000 1.000000
vn -0.000000 -0.000000 1.000000
vn -0.000000 -0.000000 1.000000
vn -0.000000 -0.000000 1.000000
vn -0.000000 -0.000000 1.000000
vn -0.000000 -0.000000 1.000000
vn -0.000000 -0.000000 1.000000
vn -0.000000 -0.000000 1.000000
vn -0.000000 -0.000000 1.000000
vn -0.000000 -0.000000 1.000000
vn -0.000000 -0.000000 1.000000
vn -0.000000 -0.000000 1.000000
vn -0.000000 -0.000000 1.000000
vn -0.000000 -0.000000 1.000000
vn -0.000000 -0.000000 1.000000
vn -0.000000 -0.000000 1.000000
vn -0.000000 -0.000000 1.000000
vn -0.000000 -0.000000 1.000000
vn -0.000000 -0.000000 1.000000
vn -0.000000 -0.000000 1.000000
vn -0.000000 -0.000000 1.000000
vn -0.000000 -0.000000 1.000000
vn -0.000000 -0.000000 1.000000
vn -0.000000 -0.000000 1.000000
vn -0.000000 -0.000000 1.000000
vn -0.000000 -0.000000 1.000000
vn -0.000000 -0.000000 1.000000
vn -0.000000 -0.000000 1.000000
vn -0.000000 -0.000000 1.000000
vn -0.000000 -0.000000 1.000000
vn -0.000000 -0.000000 1.000000
vn -0.000000 -0.000000 1.000000
vn -0.000000 -0.000000 1.000000
vn -0.000000 -0.000000 1.000000
vn -0.000000 -0.000000 1.000000
vn -0.000000 -0.000000 1.000000
vn -0.000000 -0.000000 1.000000
vn -0.000000 -0.000000 1.000000
vn -0.000000 -0.000000 1.000000
vn -0.000000 -0.000000 1.000000
vn -0.000000 -0.000000 1.000000
vn -0.000000 -0.000000 1.000000
vn -0.000000 -0.000000 1.000000
vn -0.000000 -0.000000 1.000000
vn -0.000000 -0.000000 1.000000
vn -0.000000 -0.000000 1.000000
vn -0.000000 -0.000000 1.000000
vn -0.000000 -0.000000 1.000000
vn -0.000000 -0.000000 1.000000
vn -0.000000 -0.000000 1.000000
vn -0.000000 -0.000000 1.000000
vn -0.000000 -0.000000 1.000000
vn -0.000000 -0.000000 1.000000
vn -0.000000 -0.000000 1.000000
vn -0.000000 -0.000000 1.000000
vn -0.000000 -0.000000 1.000000
vn -0.000000 -0.000000 1.000000
vn -0.000000 -0.000000 1.000000
vn -0.000000 -0.000000 1.000000
vn -0.000000 -0.000000 1.000000
vn -0.000000 -0.000000 1.000000
vn -0.000000 -0.000000 1.000000
vn -0.000000 -0.000000 1.000000
vn -0.000000 -0.000000 1.000000
vn -0.000000 -0.000000 1.000000
vn -0.000000 -0.000000 1.000000
vn -0.000000 -0.000000 1.000000
vn -0.000000 -0.000000 1.000000
vn -0.000000 -0.000000 1.000000
vn -0.000000 -0.000000 1.000000
vn -0.000000 -0.000000 1.000000
vn -0.000000 -0.000000 1.000000
vn -0.000000 -0.000000 1.000000
vn -0.000000 -0.000000 1.000000
vn -0.000000 -0.000000 1.000000
vn -0.000000 -0.000000 1.000000
vn -0.000000 -0.000000 1.000000
vn -0.000000 -0.000000 1.000000
vn -0.000000 -0.000000 1.000000
vn -0.000000 -0.000000 1.000000
vn -0.000000 -0.000000 1.000000
vn -0.000000 -0.000000 1.000000
vn -0.000000 -0.000000 1.000000
vn -0.000000 -0.000000 1.000000
vn -0.000000 -0.000000 1.000000
vn -0.000000 -0.000000 1.000000
vn -0.000000 -0.000000 1.000000
vn -0.000000 -0.000000 1.000000
vn -0.000000 -0.000000 1.000000
vn -0.000000 -0.000000 1.000000
vn -0.000000 -0.000000 1.000000
vn -0.000000 -0.000000 1.000000
vn -0.000000 -0.000000 1.000000
vn -0.000000 -0.000000 1.000000
vn -0.000000 -0.000000 1.000000
vn -0.000000 -0.000000 1.000000
vn -0.000000 -0.000000 1.000000
vn -0.000000 -0.000000 1.000000
vn -0.000000 -0.000000 1.000000
vn -0.000000 -0.000000 1.000000
vn -0.000000 -0.000000 1.000000
vn -0.000000 -0.000000 1.000000
vn -0.000000 -0.000000 1.000000
vn -0.000000 -0.000000 1.000000
vn -0.000000 -0.000000 1.000000
vn -0.000000 -0.000000 1.000000
vn -0.000000 -0.000000 1.000000
vn -0.000000 -0.000000 1.000000
vn -0.000000 -0.000000 1.000000
vn -0.000000 -0.000000 1.000000
vn -0.000000 -0.000000 1.000000
vn -0.000000 -0.000000 1.000000
vn -0.000000 -0.000000 1.000000
vn -0.000000 -0.000000 1.000000
vn -0.000000 -0.000000 1.000000
vn -0.000000 -0.000000 1.000000
vn -0.000000 -0.000000 1.000000
vn -0.000000 -0.000000 1.000000
vn -0.000000 -0.000000 1.000000
vn -0.000000 -0.000000 1.000000
vn -0.000000 -0.000000 1.000000
vn -0.000000 -0.000000 1.000000
vn -0.000000 -0.000000 1.000000
vn -0.000000 -0.000000 1.000000
vn -0.000000 -0.000000 1.000000
vn -0.000000 -0.000000 1.000000
vn -0.000000 -0.000000 1.000000
vn -0.000000 -0.000000 1.000000
vn -0.000000 -0.000000 1.000000
vn -0.000000 -0.000000 1.000000
vn -0.000000 -0.000000 1.000000
vn -0.000000 -0.000000 1.000000
vn -0.000000 -0.000000 1.000000
vn -0.000000 -0.000000 1.000000
vn -0.000000 -0.000000 1.000000
vn -0.000000 -0.000000 1.000000
vn -0.000000 -0.000000 1.000000
vn -0.000000 -0.000000 1.000000
vn -0.000000 -0.000000 1.000000
vn -0.000000 -0.000000 1.000000
vn -0.000000 -0.000000 1.000000
vn -0.000000 -0.000000 1.000000
vn -0.000000 -0.000000 1.000000
vn -0.000000 -0.000000 1.000000
vn -0.000000 -0.000000 1.000000
vn -0.000000 -0.000000 1.000000
vn -0.000000 -0.000000 1.000000
vn -0.000000 -0.000000 1.000000
vn -0.000000 -0.000000 1.000000
vn -0.000000 -0.000000 1.000000
vn -0.000000 -0.000000 1.000000
vn -0.000000 -0.000000 1.000000
vn -0.000000 -0.000000 1.000000
vn -0.000000 -0.000000 1.000000
vn -0.000000 -0.000000 1.000000
vn -0.000000 -0.000000 1.000000
vn -0.000000 -0.000000 1.000000
vn -0.000000 -0.000000 1.000000
vn -0.000000 -0.000000 1.000000
usemtl ABS_(blanco)_(1)
f 629/1885/1885 630/1886/1886 632/1887/1887
f 632/1887/1887 630/1886/1886 631/1888/1888
f 633/1889/1889 629/1890/1890 634/1891/1891
f 634/1891/1891 629/1890/1890 632/1892/1892
f 635/1893/1893 633/1894/1894 636/1895/1895
f 636/1895/1895 633/1894/1894 634/1896/1896
f 637/1897/1897 635/1898/1898 638/1899/1899
f 638/1899/1899 635/1898/1898 636/1900/1900
f 639/1901/1901 637/1902/1902 640/1903/1903
f 640/1903/1903 637/1902/1902 638/1904/1904
f 641/1905/1905 639/1906/1906 642/1907/1907
f 642/1907/1907 639/1906/1906 640/1908/1908
f 643/1909/1909 641/1910/1910 644/1911/1911
f 644/1911/1911 641/1910/1910 642/1912/1912
f 645/1913/1913 643/1914/1914 646/1915/1915
f 646/1915/1915 643/1914/1914 644/1916/1916
f 647/1917/1917 645/1918/1918 648/1919/1919
f 648/1919/1919 645/1918/1918 646/1920/1920
f 649/1921/1921 647/1922/1922 650/1923/1923
f 650/1923/1923 647/1922/1922 648/1924/1924
f 651/1925/1925 649/1926/1926 652/1927/1927
f 652/1927/1927 649/1926/1926 650/1928/1928
f 653/1929/1929 651/1930/1930 654/1931/1931
f 654/1931/1931 651/1930/1930 652/1932/1932
f 655/1933/1933 653/1934/1934 656/1935/1935
f 656/1935/1935 653/1934/1934 654/1936/1936
f 657/1937/1937 655/1938/1938 658/1939/1939
f 658/1939/1939 655/1938/1938 656/1940/1940
f 659/1941/1941 657/1942/1942 660/1943/1943
f 660/1943/1943 657/1942/1942 658/1944/1944
f 661/1945/1945 659/1946/1946 662/1947/1947
f 662/1947/1947 659/1946/1946 660/1948/1948
f 663/1949/1949 661/1950/1950 664/1951/1951
f 664/1951/1951 661/1950/1950 662/1952/1952
f 665/1953/1953 663/1954/1954 666/1955/1955
f 666/1955/1955 663/1954/1954 664/1956/1956
f 667/1957/1957 665/1958/1958 668/1959/1959
f 668/1959/1959 665/1958/1958 666/1960/1960
f 669/1961/1961 667/1962/1962 670/1963/1963
f 670/1963/1963 667/1962/1962 668/1964/1964
f 671/1965/1965 669/1966/1966 672/1967/1967
f 672/1967/1967 669/1966/1966 670/1968/1968
f 673/1969/1969 671/1970/1970 674/1971/1971
f 674/1971/1971 671/1970/1970 672/1972/1972
f 675/1973/1973 673/1974/1974 676/1975/1975
f 676/1975/1975 673/1974/1974 674/1976/1976
f 677/1977/1977 675/1978/1978 678/1979/1979
f 678/1979/1979 675/1978/1978 676/1980/1980
f 679/1981/1981 677/1982/1982 680/1983/1983
f 680/1983/1983 677/1982/1982 678/1984/1984
f 681/1985/1985 679/1986/1986 682/1987/1987
f 682/1987/1987 679/1986/1986 680/1988/1988
f 683/1989/1989 681/1990/1990 684/1991/1991
f 684/1991/1991 681/1990/1990 682/1992/1992
f 685/1993/1993 683/1994/1994 686/1995/1995
f 686/1995/1995 683/1994/1994 684/1996/1996
f 687/1997/1997 685/1998/1998 688/1999/1999
f 688/1999/1999 685/1998/1998 686/2000/2000
f 689/2001/2001 687/2002/2002 690/2003/2003
f 690/2003/2003 687/2002/2002 688/2004/2004
f 691/2005/2005 689/2006/2006 692/2007/2007
f 692/2007/2007 689/2006/2006 690/2008/2008
f 630/2009/2009 691/2010/2010 631/2011/2011
f 631/2011/2011 691/2010/2010 692/2012/2012
f 693/2013/2013 694/2014/2014 696/2015/2015
f 696/2015/2015 694/2014/2014 695/2016/2016
f 697/2017/2017 693/2018/2018 698/2019/2019
f 698/2019/2019 693/2018/2018 696/2020/2020
f 699/2021/2021 697/2022/2022 700/2023/2023
f 700/2023/2023 697/2022/2022 698/2024/2024
f 701/2025/2025 699/2026/2026 702/2027/2027
f 702/2027/2027 699/2026/2026 700/2028/2028
f 703/2029/2029 701/2030/2030 704/2031/2031
f 704/2031/2031 701/2030/2030 702/2032/2032
f 705/2033/2033 703/2034/2034 706/2035/2035
f 706/2035/2035 703/2034/2034 704/2036/2036
f 707/2037/2037 705/2038/2038 708/2039/2039
f 708/2039/2039 705/2038/2038 706/2040/2040
f 709/2041/2041 707/2042/2042 710/2043/2043
f 710/2043/2043 707/2042/2042 708/2044/2044
f 711/2045/2045 709/2046/2046 712/2047/2047
f 712/2047/2047 709/2046/2046 710/2048/2048
f 713/2049/2049 711/2050/2050 714/2051/2051
f 714/2051/2051 711/2050/2050 712/2052/2052
f 715/2053/2053 713/2054/2054 716/2055/2055
f 716/2055/2055 713/2054/2054 714/2056/2056
f 717/2057/2057 715/2058/2058 718/2059/2059
f 718/2059/2059 715/2058/2058 716/2060/2060
f 719/2061/2061 717/2062/2062 720/2063/2063
f 720/2063/2063 717/2062/2062 718/2064/2064
f 721/2065/2065 719/2066/2066 722/2067/2067
f 722/2067/2067 719/2066/2066 720/2068/2068
f 723/2069/2069 721/2070/2070 724/2071/2071
f 724/2071/2071 721/2070/2070 722/2072/2072
f 725/2073/2073 723/2074/2074 726/2075/2075
f 726/2075/2075 723/2074/2074 724/2076/2076
f 727/2077/2077 725/2078/2078 728/2079/2079
f 728/2079/2079 725/2078/2078 726/2080/2080
f 729/2081/2081 727/2082/2082 730/2083/2083
f 730/2083/2083 727/2082/2082 728/2084/2084
f 731/2085/2085 729/2086/2086 732/2087/2087
f 732/2087/2087 729/2086/2086 730/2088/2088
f 733/2089/2089 731/2090/2090 734/2091/2091
f 734/2091/2091 731/2090/2090 732/2092/2092
f 735/2093/2093 733/2094/2094 736/2095/2095
f 736/2095/2095 733/2094/2094 734/2096/2096
f 737/2097/2097 735/2098/2098 738/2099/2099
f 738/2099/2099 735/2098/2098 736/2100/2100
f 739/2101/2101 737/2102/2102 740/2103/2103
f 740/2103/2103 737/2102/2102 738/2104/2104
f 741/2105/2105 739/2106/2106 742/2107/2107
f 742/2107/2107 739/2106/2106 740/2108/2108
f 743/2109/2109 741/2110/2110 744/2111/2111
f 744/2111/2111 741/2110/2110 742/2112/2112
f 745/2113/2113 743/2114/2114 746/2115/2115
f 746/2115/2115 743/2114/2114 744/2116/2116
f 747/2117/2117 745/2118/2118 748/2119/2119
f 748/2119/2119 745/2118/2118 746/2120/2120
f 749/2121/2121 747/2122/2122 750/2123/2123
f 750/2123/2123 747/2122/2122 748/2124/2124
f 751/2125/2125 749/2126/2126 752/2127/2127
f 752/2127/2127 749/2126/2126 750/2128/2128
f 753/2129/2129 751/2130/2130 754/2131/2131
f 754/2131/2131 751/2130/2130 752/2132/2132
f 755/2133/2133 753/2134/2134 756/2135/2135
f 756/2135/2135 753/2134/2134 754/2136/2136
f 757/2137/2137 755/2138/2138 758/2139/2139
f 758/2139/2139 755/2138/2138 756/2140/2140
f 759/2141/2141 757/2142/2142 760/2143/2143
f 760/2143/2143 757/2142/2142 758/2144/2144
f 761/2145/2145 759/2146/2146 762/2147/2147
f 762/2147/2147 759/2146/2146 760/2148/2148
f 763/2149/2149 761/2150/2150 764/2151/2151
f 764/2151/2151 761/2150/2150 762/2152/2152
f 765/2153/2153 763/2154/2154 766/2155/2155
f 766/2155/2155 763/2154/2154 764/2156/2156
f 767/2157/2157 765/2158/2158 768/2159/2159
f 768/2159/2159 765/2158/2158 766/2160/2160
f 769/2161/2161 767/2162/2162 770/2163/2163
f 770/2163/2163 767/2162/2162 768/2164/2164
f 771/2165/2165 769/2166/2166 772/2167/2167
f 772/2167/2167 769/2166/2166 770/2168/2168
f 773/2169/2169 771/2170/2170 774/2171/2171
f 774/2171/2171 771/2170/2170 772/2172/2172
f 775/2173/2173 773/2174/2174 776/2175/2175
f 776/2175/2175 773/2174/2174 774/2176/2176
f 777/2177/2177 775/2178/2178 778/2179/2179
f 778/2179/2179 775/2178/2178 776/2180/2180
f 779/2181/2181 777/2182/2182 780/2183/2183
f 780/2183/2183 777/2182/2182 778/2184/2184
f 781/2185/2185 779/2186/2186 782/2187/2187
f 782/2187/2187 779/2186/2186 780/2188/2188
f 783/2189/2189 781/2190/2190 784/2191/2191
f 784/2191/2191 781/2190/2190 782/2192/2192
f 785/2193/2193 783/2194/2194 786/2195/2195
f 786/2195/2195 783/2194/2194 784/2196/2196
f 787/2197/2197 785/2198/2198 788/2199/2199
f 788/2199/2199 785/2198/2198 786/2200/2200
f 789/2201/2201 787/2202/2202 790/2203/2203
f 790/2203/2203 787/2202/2202 788/2204/2204
f 791/2205/2205 789/2206/2206 792/2207/2207
f 792/2207/2207 789/2206/2206 790/2208/2208
f 793/2209/2209 791/2210/2210 794/2211/2211
f 794/2211/2211 791/2210/2210 792/2212/2212
f 795/2213/2213 793/2214/2214 796/2215/2215
f 796/2215/2215 793/2214/2214 794/2216/2216
f 797/2217/2217 795/2218/2218 798/2219/2219
f 798/2219/2219 795/2218/2218 796/2220/2220
f 799/2221/2221 797/2222/2222 800/2223/2223
f 800/2223/2223 797/2222/2222 798/2224/2224
f 801/2225/2225 799/2226/2226 802/2227/2227
f 802/2227/2227 799/2226/2226 800/2228/2228
f 803/2229/2229 801/2230/2230 804/2231/2231
f 804/2231/2231 801/2230/2230 802/2232/2232
f 805/2233/2233 803/2234/2234 806/2235/2235
f 806/2235/2235 803/2234/2234 804/2236/2236
f 807/2237/2237 805/2238/2238 808/2239/2239
f 808/2239/2239 805/2238/2238 806/2240/2240
f 809/2241/2241 807/2242/2242 810/2243/2243
f 810/2243/2243 807/2242/2242 808/2244/2244
f 811/2245/2245 809/2246/2246 812/2247/2247
f 812/2247/2247 809/2246/2246 810/2248/2248
f 813/2249/2249 811/2250/2250 814/2251/2251
f 814/2251/2251 811/2250/2250 812/2252/2252
f 815/2253/2253 813/2254/2254 816/2255/2255
f 816/2255/2255 813/2254/2254 814/2256/2256
f 817/2257/2257 815/2258/2258 818/2259/2259
f 818/2259/2259 815/2258/2258 816/2260/2260
f 819/2261/2261 817/2262/2262 820/2263/2263
f 820/2263/2263 817/2262/2262 818/2264/2264
f 821/2265/2265 819/2266/2266 822/2267/2267
f 822/2267/2267 819/2266/2266 820/2268/2268
f 823/2269/2269 821/2270/2270 824/2271/2271
f 824/2271/2271 821/2270/2270 822/2272/2272
f 825/2273/2273 823/2274/2274 826/2275/2275
f 826/2275/2275 823/2274/2274 824/2276/2276
f 827/2277/2277 825/2278/2278 828/2279/2279
f 828/2279/2279 825/2278/2278 826/2280/2280
f 829/2281/2281 827/2282/2282 830/2283/2283
f 830/2283/2283 827/2282/2282 828/2284/2284
f 831/2285/2285 829/2286/2286 832/2287/2287
f 832/2287/2287 829/2286/2286 830/2288/2288
f 833/2289/2289 831/2290/2290 834/2291/2291
f 834/2291/2291 831/2290/2290 832/2292/2292
f 835/2293/2293 833/2294/2294 836/2295/2295
f 836/2295/2295 833/2294/2294 834/2296/2296
f 837/2297/2297 835/2298/2298 838/2299/2299
f 838/2299/2299 835/2298/2298 836/2300/2300
f 839/2301/2301 837/2302/2302 840/2303/2303
f 840/2303/2303 837/2302/2302 838/2304/2304
f 841/2305/2305 839/2306/2306 842/2307/2307
f 842/2307/2307 839/2306/2306 840/2308/2308
f 843/2309/2309 841/2310/2310 844/2311/2311
f 844/2311/2311 841/2310/2310 842/2312/2312
f 845/2313/2313 843/2314/2314 846/2315/2315
f 846/2315/2315 843/2314/2314 844/2316/2316
f 847/2317/2317 845/2318/2318 848/2319/2319
f 848/2319/2319 845/2318/2318 846/2320/2320
f 849/2321/2321 847/2322/2322 850/2323/2323
f 850/2323/2323 847/2322/2322 848/2324/2324
f 851/2325/2325 849/2326/2326 852/2327/2327
f 852/2327/2327 849/2326/2326 850/2328/2328
f 853/2329/2329 851/2330/2330 854/2331/2331
f 854/2331/2331 851/2330/2330 852/2332/2332
f 855/2333/2333 853/2334/2334 856/2335/2335
f 856/2335/2335 853/2334/2334 854/2336/2336
f 857/2337/2337 855/2338/2338 858/2339/2339
f 858/2339/2339 855/2338/2338 856/2340/2340
f 859/2341/2341 857/2342/2342 860/2343/2343
f 860/2343/2343 857/2342/2342 858/2344/2344
f 861/2345/2345 859/2346/2346 862/2347/2347
f 862/2347/2347 859/2346/2346 860/2348/2348
f 863/2349/2349 861/2350/2350 864/2351/2351
f 864/2351/2351 861/2350/2350 862/2352/2352
f 865/2353/2353 863/2354/2354 866/2355/2355
f 866/2355/2355 863/2354/2354 864/2356/2356
f 867/2357/2357 865/2358/2358 868/2359/2359
f 868/2359/2359 865/2358/2358 866/2360/2360
f 869/2361/2361 867/2362/2362 870/2363/2363
f 870/2363/2363 867/2362/2362 868/2364/2364
f 871/2365/2365 869/2366/2366 872/2367/2367
f 872/2367/2367 869/2366/2366 870/2368/2368
f 873/2369/2369 871/2370/2370 874/2371/2371
f 874/2371/2371 871/2370/2370 872/2372/2372
f 875/2373/2373 873/2374/2374 876/2375/2375
f 876/2375/2375 873/2374/2374 874/2376/2376
f 877/2377/2377 875/2378/2378 878/2379/2379
f 878/2379/2379 875/2378/2378 876/2380/2380
f 879/2381/2381 877/2382/2382 880/2383/2383
f 880/2383/2383 877/2382/2382 878/2384/2384
f 881/2385/2385 879/2386/2386 882/2387/2387
f 882/2387/2387 879/2386/2386 880/2388/2388
f 883/2389/2389 881/2390/2390 884/2391/2391
f 884/2391/2391 881/2390/2390 882/2392/2392
f 885/2393/2393 883/2394/2394 886/2395/2395
f 886/2395/2395 883/2394/2394 884/2396/2396
f 887/2397/2397 885/2398/2398 888/2399/2399
f 888/2399/2399 885/2398/2398 886/2400/2400
f 889/2401/2401 887/2402/2402 890/2403/2403
f 890/2403/2403 887/2402/2402 888/2404/2404
f 891/2405/2405 889/2406/2406 892/2407/2407
f 892/2407/2407 889/2406/2406 890/2408/2408
f 893/2409/2409 891/2410/2410 894/2411/2411
f 894/2411/2411 891/2410/2410 892/2412/2412
f 895/2413/2413 893/2414/2414 896/2415/2415
f 896/2415/2415 893/2414/2414 894/2416/2416
f 897/2417/2417 895/2418/2418 898/2419/2419
f 898/2419/2419 895/2418/2418 896/2420/2420
f 899/2421/2421 897/2422/2422 900/2423/2423
f 900/2423/2423 897/2422/2422 898/2424/2424
f 901/2425/2425 899/2426/2426 902/2427/2427
f 902/2427/2427 899/2426/2426 900/2428/2428
f 903/2429/2429 901/2430/2430 904/2431/2431
f 904/2431/2431 901/2430/2430 902/2432/2432
f 905/2433/2433 903/2434/2434 906/2435/2435
f 906/2435/2435 903/2434/2434 904/2436/2436
f 907/2437/2437 905/2438/2438 908/2439/2439
f 908/2439/2439 905/2438/2438 906/2440/2440
f 909/2441/2441 907/2442/2442 910/2443/2443
f 910/2443/2443 907/2442/2442 908/2444/2444
f 911/2445/2445 909/2446/2446 912/2447/2447
f 912/2447/2447 909/2446/2446 910/2448/2448
f 913/2449/2449 911/2450/2450 914/2451/2451
f 914/2451/2451 911/2450/2450 912/2452/2452
f 915/2453/2453 913/2454/2454 916/2455/2455
f 916/2455/2455 913/2454/2454 914/2456/2456
f 917/2457/2457 915/2458/2458 918/2459/2459
f 918/2459/2459 915/2458/2458 916/2460/2460
f 919/2461/2461 917/2462/2462 920/2463/2463
f 920/2463/2463 917/2462/2462 918/2464/2464
f 921/2465/2465 919/2466/2466 922/2467/2467
f 922/2467/2467 919/2466/2466 920/2468/2468
f 923/2469/2469 921/2470/2470 924/2471/2471
f 924/2471/2471 921/2470/2470 922/2472/2472
f 925/2473/2473 923/2474/2474 926/2475/2475
f 926/2475/2475 923/2474/2474 924/2476/2476
f 927/2477/2477 925/2478/2478 928/2479/2479
f 928/2479/2479 925/2478/2478 926/2480/2480
f 929/2481/2481 927/2482/2482 930/2483/2483
f 930/2483/2483 927/2482/2482 928/2484/2484
f 931/2485/2485 929/2486/2486 932/2487/2487
f 932/2487/2487 929/2486/2486 930/2488/2488
f 933/2489/2489 931/2490/2490 934/2491/2491
f 934/2491/2491 931/2490/2490 932/2492/2492
f 935/2493/2493 933/2494/2494 936/2495/2495
f 936/2495/2495 933/2494/2494 934/2496/2496
f 937/2497/2497 935/2498/2498 938/2499/2499
f 938/2499/2499 935/2498/2498 936/2500/2500
f 939/2501/2501 937/2502/2502 940/2503/2503
f 940/2503/2503 937/2502/2502 938/2504/2504
f 941/2505/2505 939/2506/2506 942/2507/2507
f 942/2507/2507 939/2506/2506 940/2508/2508
f 943/2509/2509 941/2510/2510 944/2511/2511
f 944/2511/2511 941/2510/2510 942/2512/2512
f 945/2513/2513 943/2514/2514 946/2515/2515
f 946/2515/2515 943/2514/2514 944/2516/2516
f 947/2517/2517 945/2518/2518 948/2519/2519
f 948/2519/2519 945/2518/2518 946/2520/2520
f 949/2521/2521 947/2522/2522 950/2523/2523
f 950/2523/2523 947/2522/2522 948/2524/2524
f 951/2525/2525 949/2526/2526 952/2527/2527
f 952/2527/2527 949/2526/2526 950/2528/2528
f 953/2529/2529 951/2530/2530 954/2531/2531
f 954/2531/2531 951/2530/2530 952/2532/2532
f 955/2533/2533 953/2534/2534 956/2535/2535
f 956/2535/2535 953/2534/2534 954/2536/2536
f 957/2537/2537 955/2538/2538 958/2539/2539
f 958/2539/2539 955/2538/2538 956/2540/2540
f 959/2541/2541 957/2542/2542 960/2543/2543
f 960/2543/2543 957/2542/2542 958/2544/2544
f 961/2545/2545 959/2546/2546 962/2547/2547
f 962/2547/2547 959/2546/2546 960/2548/2548
f 963/2549/2549 961/2550/2550 964/2551/2551
f 964/2551/2551 961/2550/2550 962/2552/2552
f 965/2553/2553 963/2554/2554 966/2555/2555
f 966/2555/2555 963/2554/2554 964/2556/2556
f 967/2557/2557 965/2558/2558 968/2559/2559
f 968/2559/2559 965/2558/2558 966/2560/2560
f 969/2561/2561 967/2562/2562 970/2563/2563
f 970/2563/2563 967/2562/2562 968/2564/2564
f 971/2565/2565 969/2566/2566 972/2567/2567
f 972/2567/2567 969/2566/2566 970/2568/2568
f 973/2569/2569 971/2570/2570 974/2571/2571
f 974/2571/2571 971/2570/2570 972/2572/2572
f 975/2573/2573 973/2574/2574 976/2575/2575
f 976/2575/2575 973/2574/2574 974/2576/2576
f 977/2577/2577 975/2578/2578 978/2579/2579
f 978/2579/2579 975/2578/2578 976/2580/2580
f 979/2581/2581 977/2582/2582 980/2583/2583
f 980/2583/2583 977/2582/2582 978/2584/2584
f 981/2585/2585 979/2586/2586 982/2587/2587
f 982/2587/2587 979/2586/2586 980/2588/2588
f 983/2589/2589 981/2590/2590 984/2591/2591
f 984/2591/2591 981/2590/2590 982/2592/2592
f 985/2593/2593 983/2594/2594 986/2595/2595
f 986/2595/2595 983/2594/2594 984/2596/2596
f 987/2597/2597 985/2598/2598 988/2599/2599
f 988/2599/2599 985/2598/2598 986/2600/2600
f 989/2601/2601 987/2602/2602 990/2603/2603
f 990/2603/2603 987/2602/2602 988/2604/2604
f 991/2605/2605 989/2606/2606 992/2607/2607
f 992/2607/2607 989/2606/2606 990/2608/2608
f 993/2609/2609 991/2610/2610 994/2611/2611
f 994/2611/2611 991/2610/2610 992/2612/2612
f 995/2613/2613 993/2614/2614 996/2615/2615
f 996/2615/2615 993/2614/2614 994/2616/2616
f 997/2617/2617 995/2618/2618 998/2619/2619
f 998/2619/2619 995/2618/2618 996/2620/2620
f 999/2621/2621 997/2622/2622 1000/2623/2623
f 1000/2623/2623 997/2622/2622 998/2624/2624
f 1001/2625/2625 999/2626/2626 1002/2627/2627
f 1002/2627/2627 999/2626/2626 1000/2628/2628
f 1003/2629/2629 1001/2630/2630 1004/2631/2631
f 1004/2631/2631 1001/2630/2630 1002/2632/2632
f 1005/2633/2633 1003/2634/2634 1006/2635/2635
f 1006/2635/2635 1003/2634/2634 1004/2636/2636
f 1007/2637/2637 1005/2638/2638 1008/2639/2639
f 1008/2639/2639 1005/2638/2638 1006/2640/2640
f 1009/2641/2641 1007/2642/2642 1010/2643/2643
f 1010/2643/2643 1007/2642/2642 1008/2644/2644
f 1011/2645/2645 1009/2646/2646 1012/2647/2647
f 1012/2647/2647 1009/2646/2646 1010/2648/2648
f 1013/2649/2649 1011/2650/2650 1014/2651/2651
f 1014/2651/2651 1011/2650/2650 1012/2652/2652
f 1015/2653/2653 1013/2654/2654 1016/2655/2655
f 1016/2655/2655 1013/2654/2654 1014/2656/2656
f 1017/2657/2657 1015/2658/2658 1018/2659/2659
f 1018/2659/2659 1015/2658/2658 1016/2660/2660
f 1019/2661/2661 1017/2662/2662 1020/2663/2663
f 1020/2663/2663 1017/2662/2662 1018/2664/2664
f 1021/2665/2665 1019/2666/2666 1022/2667/2667
f 1022/2667/2667 1019/2666/2666 1020/2668/2668
f 1023/2669/2669 1021/2670/2670 1024/2671/2671
f 1024/2671/2671 1021/2670/2670 1022/2672/2672
f 1025/2673/2673 1023/2674/2674 1026/2675/2675
f 1026/2675/2675 1023/2674/2674 1024/2676/2676
f 1027/2677/2677 1025/2678/2678 1028/2679/2679
f 1028/2679/2679 1025/2678/2678 1026/2680/2680
f 1029/2681/2681 1027/2682/2682 1030/2683/2683
f 1030/2683/2683 1027/2682/2682 1028/2684/2684
f 1031/2685/2685 1029/2686/2686 1032/2687/2687
f 1032/2687/2687 1029/2686/2686 1030/2688/2688
f 1033/2689/2689 1031/2690/2690 1034/2691/2691
f 1034/2691/2691 1031/2690/2690 1032/2692/2692
f 1035/2693/2693 1033/2694/2694 1036/2695/2695
f 1036/2695/2695 1033/2694/2694 1034/2696/2696
f 1037/2697/2697 1035/2698/2698 1038/2699/2699
f 1038/2699/2699 1035/2698/2698 1036/2700/2700
f 1039/2701/2701 1037/2702/2702 1040/2703/2703
f 1040/2703/2703 1037/2702/2702 1038/2704/2704
f 1041/2705/2705 1039/2706/2706 1042/2707/2707
f 1042/2707/2707 1039/2706/2706 1040/2708/2708
f 1043/2709/2709 1041/2710/2710 1044/2711/2711
f 1044/2711/2711 1041/2710/2710 1042/2712/2712
f 1045/2713/2713 1043/2714/2714 1046/2715/2715
f 1046/2715/2715 1043/2714/2714 1044/2716/2716
f 1047/2717/2717 1045/2718/2718 1048/2719/2719
f 1048/2719/2719 1045/2718/2718 1046/2720/2720
f 1049/2721/2721 1047/2722/2722 1050/2723/2723
f 1050/2723/2723 1047/2722/2722 1048/2724/2724
f 1051/2725/2725 1049/2726/2726 1052/2727/2727
f 1052/2727/2727 1049/2726/2726 1050/2728/2728
f 1053/2729/2729 1051/2730/2730 1054/2731/2731
f 1054/2731/2731 1051/2730/2730 1052/2732/2732
f 1055/2733/2733 1053/2734/2734 1056/2735/2735
f 1056/2735/2735 1053/2734/2734 1054/2736/2736
f 1057/2737/2737 1055/2738/2738 1058/2739/2739
f 1058/2739/2739 1055/2738/2738 1056/2740/2740
f 1059/2741/2741 1057/2742/2742 1060/2743/2743
f 1060/2743/2743 1057/2742/2742 1058/2744/2744
f 1061/2745/2745 1059/2746/2746 1062/2747/2747
f 1062/2747/2747 1059/2746/2746 1060/2748/2748
f 1063/2749/2749 1061/2750/2750 1064/2751/2751
f 1064/2751/2751 1061/2750/2750 1062/2752/2752
f 1065/2753/2753 1063/2754/2754 1066/2755/2755
f 1066/2755/2755 1063/2754/2754 1064/2756/2756
f 1067/2757/2757 1065/2758/2758 1068/2759/2759
f 1068/2759/2759 1065/2758/2758 1066/2760/2760
f 1069/2761/2761 1067/2762/2762 1070/2763/2763
f 1070/2763/2763 1067/2762/2762 1068/2764/2764
f 1071/2765/2765 1069/2766/2766 1072/2767/2767
f 1072/2767/2767 1069/2766/2766 1070/2768/2768
f 1073/2769/2769 1071/2770/2770 1074/2771/2771
f 1074/2771/2771 1071/2770/2770 1072/2772/2772
f 1075/2773/2773 1073/2774/2774 1076/2775/2775
f 1076/2775/2775 1073/2774/2774 1074/2776/2776
f 1077/2777/2777 1075/2778/2778 1078/2779/2779
f 1078/2779/2779 1075/2778/2778 1076/2780/2780
f 1079/2781/2781 1077/2782/2782 1080/2783/2783
f 1080/2783/2783 1077/2782/2782 1078/2784/2784
f 1081/2785/2785 1079/2786/2786 1082/2787/2787
f 1082/2787/2787 1079/2786/2786 1080/2788/2788
f 1083/2789/2789 1081/2790/2790 1084/2791/2791
f 1084/2791/2791 1081/2790/2790 1082/2792/2792
f 1085/2793/2793 1083/2794/2794 1086/2795/2795
f 1086/2795/2795 1083/2794/2794 1084/2796/2796
f 1087/2797/2797 1085/2798/2798 1088/2799/2799
f 1088/2799/2799 1085/2798/2798 1086/2800/2800
f 1089/2801/2801 1087/2802/2802 1090/2803/2803
f 1090/2803/2803 1087/2802/2802 1088/2804/2804
f 1091/2805/2805 1089/2806/2806 1092/2807/2807
f 1092/2807/2807 1089/2806/2806 1090/2808/2808
f 1093/2809/2809 1091/2810/2810 1094/2811/2811
f 1094/2811/2811 1091/2810/2810 1092/2812/2812
f 1095/2813/2813 1093/2814/2814 1096/2815/2815
f 1096/2815/2815 1093/2814/2814 1094/2816/2816
f 1097/2817/2817 1095/2818/2818 1098/2819/2819
f 1098/2819/2819 1095/2818/2818 1096/2820/2820
f 1099/2821/2821 1097/2822/2822 1100/2823/2823
f 1100/2823/2823 1097/2822/2822 1098/2824/2824
f 1101/2825/2825 1099/2826/2826 1102/2827/2827
f 1102/2827/2827 1099/2826/2826 1100/2828/2828
f 1103/2829/2829 1101/2830/2830 1104/2831/2831
f 1104/2831/2831 1101/2830/2830 1102/2832/2832
f 1105/2833/2833 1103/2834/2834 1106/2835/2835
f 1106/2835/2835 1103/2834/2834 1104/2836/2836
f 1107/2837/2837 1105/2838/2838 1108/2839/2839
f 1108/2839/2839 1105/2838/2838 1106/2840/2840
f 1109/2841/2841 1107/2842/2842 1110/2843/2843
f 1110/2843/2843 1107/2842/2842 1108/2844/2844
f 1111/2845/2845 1109/2846/2846 1112/2847/2847
f 1112/2847/2847 1109/2846/2846 1110/2848/2848
f 1113/2849/2849 1111/2850/2850 1114/2851/2851
f 1114/2851/2851 1111/2850/2850 1112/2852/2852
f 1115/2853/2853 1113/2854/2854 1116/2855/2855
f 1116/2855/2855 1113/2854/2854 1114/2856/2856
f 1117/2857/2857 1115/2858/2858 1118/2859/2859
f 1118/2859/2859 1115/2858/2858 1116/2860/2860
f 1119/2861/2861 1117/2862/2862 1120/2863/2863
f 1120/2863/2863 1117/2862/2862 1118/2864/2864
f 1121/2865/2865 1119/2866/2866 1122/2867/2867
f 1122/2867/2867 1119/2866/2866 1120/2868/2868
f 1123/2869/2869 1121/2870/2870 1124/2871/2871
f 1124/2871/2871 1121/2870/2870 1122/2872/2872
f 1125/2873/2873 1123/2874/2874 1126/2875/2875
f 1126/2875/2875 1123/2874/2874 1124/2876/2876
f 1127/2877/2877 1125/2878/2878 1128/2879/2879
f 1128/2879/2879 1125/2878/2878 1126/2880/2880
f 1129/2881/2881 1127/2882/2882 1130/2883/2883
f 1130/2883/2883 1127/2882/2882 1128/2884/2884
f 1131/2885/2885 1129/2886/2886 1132/2887/2887
f 1132/2887/2887 1129/2886/2886 1130/2888/2888
f 1133/2889/2889 1131/2890/2890 1134/2891/2891
f 1134/2891/2891 1131/2890/2890 1132/2892/2892
f 1135/2893/2893 1133/2894/2894 1136/2895/2895
f 1136/2895/2895 1133/2894/2894 1134/2896/2896
f 1137/2897/2897 1135/2898/2898 1138/2899/2899
f 1138/2899/2899 1135/2898/2898 1136/2900/2900
f 1139/2901/2901 1137/2902/2902 1140/2903/2903
f 1140/2903/2903 1137/2902/2902 1138/2904/2904
f 1141/2905/2905 1139/2906/2906 1142/2907/2907
f 1142/2907/2907 1139/2906/2906 1140/2908/2908
f 1143/2909/2909 1141/2910/2910 1144/2911/2911
f 1144/2911/2911 1141/2910/2910 1142/2912/2912
f 1145/2913/2913 1143/2914/2914 1146/2915/2915
f 1146/2915/2915 1143/2914/2914 1144/2916/2916
f 1147/2917/2917 1145/2918/2918 1148/2919/2919
f 1148/2919/2919 1145/2918/2918 1146/2920/2920
f 1149/2921/2921 1147/2922/2922 1150/2923/2923
f 1150/2923/2923 1147/2922/2922 1148/2924/2924
f 1151/2925/2925 1149/2926/2926 1152/2927/2927
f 1152/2927/2927 1149/2926/2926 1150/2928/2928
f 1153/2929/2929 1151/2930/2930 1154/2931/2931
f 1154/2931/2931 1151/2930/2930 1152/2932/2932
f 1155/2933/2933 1153/2934/2934 1156/2935/2935
f 1156/2935/2935 1153/2934/2934 1154/2936/2936
f 1157/2937/2937 1155/2938/2938 1158/2939/2939
f 1158/2939/2939 1155/2938/2938 1156/2940/2940
f 1159/2941/2941 1157/2942/2942 1160/2943/2943
f 1160/2943/2943 1157/2942/2942 1158/2944/2944
f 1161/2945/2945 1159/2946/2946 1162/2947/2947
f 1162/2947/2947 1159/2946/2946 1160/2948/2948
f 1163/2949/2949 1161/2950/2950 1164/2951/2951
f 1164/2951/2951 1161/2950/2950 1162/2952/2952
f 1165/2953/2953 1163/2954/2954 1166/2955/2955
f 1166/2955/2955 1163/2954/2954 1164/2956/2956
f 1167/2957/2957 1165/2958/2958 1168/2959/2959
f 1168/2959/2959 1165/2958/2958 1166/2960/2960
f 1169/2961/2961 1167/2962/2962 1170/2963/2963
f 1170/2963/2963 1167/2962/2962 1168/2964/2964
f 1171/2965/2965 1169/2966/2966 1172/2967/2967
f 1172/2967/2967 1169/2966/2966 1170/2968/2968
f 1173/2969/2969 1171/2970/2970 1174/2971/2971
f 1174/2971/2971 1171/2970/2970 1172/2972/2972
f 1175/2973/2973 1173/2974/2974 1176/2975/2975
f 1176/2975/2975 1173/2974/2974 1174/2976/2976
f 1177/2977/2977 1175/2978/2978 1178/2979/2979
f 1178/2979/2979 1175/2978/2978 1176/2980/2980
f 1179/2981/2981 1177/2982/2982 1180/2983/2983
f 1180/2983/2983 1177/2982/2982 1178/2984/2984
f 1181/2985/2985 1179/2986/2986 1182/2987/2987
f 1182/2987/2987 1179/2986/2986 1180/2988/2988
f 1183/2989/2989 1181/2990/2990 1184/2991/2991
f 1184/2991/2991 1181/2990/2990 1182/2992/2992
f 1185/2993/2993 1183/2994/2994 1186/2995/2995
f 1186/2995/2995 1183/2994/2994 1184/2996/2996
f 1187/2997/2997 1185/2998/2998 1188/2999/2999
f 1188/2999/2999 1185/2998/2998 1186/3000/3000
f 1189/3001/3001 1187/3002/3002 1190/3003/3003
f 1190/3003/3003 1187/3002/3002 1188/3004/3004
f 1191/3005/3005 1189/3006/3006 1192/3007/3007
f 1192/3007/3007 1189/3006/3006 1190/3008/3008
f 1193/3009/3009 1191/3010/3010 1194/3011/3011
f 1194/3011/3011 1191/3010/3010 1192/3012/3012
f 1195/3013/3013 1193/3014/3014 1196/3015/3015
f 1196/3015/3015 1193/3014/3014 1194/3016/3016
f 1197/3017/3017 1195/3018/3018 1198/3019/3019
f 1198/3019/3019 1195/3018/3018 1196/3020/3020
f 1199/3021/3021 1197/3022/3022 1200/3023/3023
f 1200/3023/3023 1197/3022/3022 1198/3024/3024
f 1201/3025/3025 1199/3026/3026 1202/3027/3027
f 1202/3027/3027 1199/3026/3026 1200/3028/3028
f 1203/3029/3029 1201/3030/3030 1204/3031/3031
f 1204/3031/3031 1201/3030/3030 1202/3032/3032
f 1205/3033/3033 1203/3034/3034 1206/3035/3035
f 1206/3035/3035 1203/3034/3034 1204/3036/3036
f 1207/3037/3037 1205/3038/3038 1208/3039/3039
f 1208/3039/3039 1205/3038/3038 1206/3040/3040
f 1209/3041/3041 1207/3042/3042 1210/3043/3043
f 1210/3043/3043 1207/3042/3042 1208/3044/3044
f 1211/3045/3045 1209/3046/3046 1212/3047/3047
f 1212/3047/3047 1209/3046/3046 1210/3048/3048
f 1213/3049/3049 1211/3050/3050 1214/3051/3051
f 1214/3051/3051 1211/3050/3050 1212/3052/3052
f 1215/3053/3053 1213/3054/3054 1216/3055/3055
f 1216/3055/3055 1213/3054/3054 1214/3056/3056
f 1217/3057/3057 1215/3058/3058 1218/3059/3059
f 1218/3059/3059 1215/3058/3058 1216/3060/3060
f 1219/3061/3061 1217/3062/3062 1220/3063/3063
f 1220/3063/3063 1217/3062/3062 1218/3064/3064
f 1221/3065/3065 1219/3066/3066 1222/3067/3067
f 1222/3067/3067 1219/3066/3066 1220/3068/3068
f 1223/3069/3069 1221/3070/3070 1224/3071/3071
f 1224/3071/3071 1221/3070/3070 1222/3072/3072
f 1225/3073/3073 1223/3074/3074 1226/3075/3075
f 1226/3075/3075 1223/3074/3074 1224/3076/3076
f 1227/3077/3077 1225/3078/3078 1228/3079/3079
f 1228/3079/3079 1225/3078/3078 1226/3080/3080
f 1229/3081/3081 1227/3082/3082 1230/3083/3083
f 1230/3083/3083 1227/3082/3082 1228/3084/3084
f 1231/3085/3085 1229/3086/3086 1232/3087/3087
f 1232/3087/3087 1229/3086/3086 1230/3088/3088
f 1233/3089/3089 1231/3090/3090 1234/3091/3091
f 1234/3091/3091 1231/3090/3090 1232/3092/3092
f 1235/3093/3093 1233/3094/3094 1236/3095/3095
f 1236/3095/3095 1233/3094/3094 1234/3096/3096
f 1237/3097/3097 1235/3098/3098 1238/3099/3099
f 1238/3099/3099 1235/3098/3098 1236/3100/3100
f 1239/3101/3101 1237/3102/3102 1240/3103/3103
f 1240/3103/3103 1237/3102/3102 1238/3104/3104
f 1241/3105/3105 1239/3106/3106 1242/3107/3107
f 1242/3107/3107 1239/3106/3106 1240/3108/3108
f 1243/3109/3109 1241/3110/3110 1244/3111/3111
f 1244/3111/3111 1241/3110/3110 1242/3112/3112
f 1245/3113/3113 1243/3114/3114 1246/3115/3115
f 1246/3115/3115 1243/3114/3114 1244/3116/3116
f 1247/3117/3117 1245/3118/3118 1248/3119/3119
f 1248/3119/3119 1245/3118/3118 1246/3120/3120
f 1249/3121/3121 1247/3122/3122 1250/3123/3123
f 1250/3123/3123 1247/3122/3122 1248/3124/3124
f 1251/3125/3125 1249/3126/3126 1252/3127/3127
f 1252/3127/3127 1249/3126/3126 1250/3128/3128
f 1253/3129/3129 1251/3130/3130 1254/3131/3131
f 1254/3131/3131 1251/3130/3130 1252/3132/3132
f 1255/3133/3133 1253/3134/3134 1256/3135/3135
f 1256/3135/3135 1253/3134/3134 1254/3136/3136
f 694/3137/3137 1255/3138/3138 695/3139/3139
f 695/3139/3139 1255/3138/3138 1256/3140/3140
f 632/3141/3141 631/3142/3142 1228/3143/3143
f 1228/3143/3143 631/3142/3142 692/3144/3144
f 1228/3143/3143 692/3144/3144 690/3145/3145
f 690/3145/3145 688/3146/3146 1228/3143/3143
f 1228/3143/3143 688/3146/3146 686/3147/3147
f 1228/3143/3143 686/3147/3147 1236/3148/3148
f 1236/3148/3148 686/3147/3147 684/3149/3149
f 1236/3148/3148 684/3149/3149 1238/3150/3150
f 1238/3150/3150 684/3149/3149 1240/3151/3151
f 1240/3151/3151 684/3149/3149 682/3152/3152
f 1240/3151/3151 682/3152/3152 680/3153/3153
f 680/3153/3153 678/3154/3154 1240/3151/3151
f 1240/3151/3151 678/3154/3154 676/3155/3155
f 1240/3151/3151 676/3155/3155 674/3156/3156
f 674/3156/3156 672/3157/3157 1240/3151/3151
f 1240/3151/3151 672/3157/3157 670/3158/3158
f 1240/3151/3151 670/3158/3158 1242/3159/3159
f 1242/3159/3159 670/3158/3158 1244/3160/3160
f 1244/3160/3160 670/3158/3158 1246/3161/3161
f 1246/3161/3161 670/3158/3158 1248/3162/3162
f 1248/3162/3162 670/3158/3158 1250/3163/3163
f 1250/3163/3163 670/3158/3158 668/3164/3164
f 1250/3163/3163 668/3164/3164 1252/3165/3165
f 1252/3165/3165 668/3164/3164 666/3166/3166
f 1252/3165/3165 666/3166/3166 1254/3167/3167
f 1254/3167/3167 666/3166/3166 664/3168/3168
f 1254/3167/3167 664/3168/3168 1256/3169/3169
f 1256/3169/3169 664/3168/3168 662/3170/3170
f 1256/3169/3169 662/3170/3170 660/3171/3171
f 1256/3169/3169 660/3171/3171 695/3172/3172
f 695/3172/3172 660/3171/3171 658/3173/3173
f 695/3172/3172 658/3173/3173 696/3174/3174
f 696/3174/3174 658/3173/3173 656/3175/3175
f 696/3174/3174 656/3175/3175 698/3176/3176
f 698/3176/3176 656/3175/3175 700/3177/3177
f 700/3177/3177 656/3175/3175 654/3178/3178
f 700/3177/3177 654/3178/3178 702/3179/3179
f 702/3179/3179 654/3178/3178 704/3180/3180
f 704/3180/3180 654/3178/3178 652/3181/3181
f 704/3180/3180 652/3181/3181 706/3182/3182
f 706/3182/3182 652/3181/3181 708/3183/3183
f 708/3183/3183 652/3181/3181 650/3184/3184
f 708/3183/3183 650/3184/3184 710/3185/3185
f 710/3185/3185 650/3184/3184 648/3186/3186
f 710/3185/3185 648/3186/3186 712/3187/3187
f 712/3187/3187 648/3186/3186 646/3188/3188
f 712/3187/3187 646/3188/3188 716/3189/3189
f 716/3189/3189 646/3188/3188 644/3190/3190
f 716/3189/3189 644/3190/3190 642/3191/3191
f 642/3191/3191 640/3192/3192 716/3189/3189
f 716/3189/3189 640/3192/3192 638/3193/3193
f 716/3189/3189 638/3193/3193 1184/3194/3194
f 1184/3194/3194 638/3193/3193 1198/3195/3195
f 1184/3194/3194 1198/3195/3195 1186/3196/3196
f 1186/3196/3196 1198/3195/3195 1196/3197/3197
f 1186/3196/3196 1196/3197/3197 1188/3198/3198
f 1188/3198/3198 1196/3197/3197 1192/3199/3199
f 1188/3198/3198 1192/3199/3199 1190/3200/3200
f 638/3193/3193 636/3201/3201 1198/3195/3195
f 1198/3195/3195 636/3201/3201 634/3202/3202
f 1198/3195/3195 634/3202/3202 1200/3203/3203
f 1200/3203/3203 634/3202/3202 1228/3143/3143
f 1200/3203/3203 1228/3143/3143 1226/3204/3204
f 634/3202/3202 632/3141/3141 1228/3143/3143
f 1228/3143/3143 1236/3148/3148 1230/3205/3205
f 1230/3205/3205 1236/3148/3148 1234/3206/3206
f 1230/3205/3205 1234/3206/3206 1232/3207/3207
f 1226/3204/3204 1224/3208/3208 1200/3203/3203
f 1200/3203/3203 1224/3208/3208 1222/3209/3209
f 1200/3203/3203 1222/3209/3209 1220/3210/3210
f 1220/3210/3210 1218/3211/3211 1200/3203/3203
f 1200/3203/3203 1218/3211/3211 1202/3212/3212
f 1202/3212/3212 1218/3211/3211 1204/3213/3213
f 1204/3213/3213 1218/3211/3211 1216/3214/3214
f 1204/3213/3213 1216/3214/3214 1206/3215/3215
f 1206/3215/3215 1216/3214/3214 1214/3216/3216
f 1206/3215/3215 1214/3216/3216 1212/3217/3217
f 1210/3218/3218 1208/3219/3219 1212/3217/3217
f 1212/3217/3217 1208/3219/3219 1206/3215/3215
f 1196/3197/3197 1194/3220/3220 1192/3199/3199
f 1184/3194/3194 1182/3221/3221 716/3189/3189
f 716/3189/3189 1182/3221/3221 1180/3222/3222
f 716/3189/3189 1180/3222/3222 1178/3223/3223
f 1176/3224/3224 1102/3225/3225 1178/3223/3223
f 1178/3223/3223 1102/3225/3225 1100/3226/3226
f 1178/3223/3223 1100/3226/3226 1098/3227/3227
f 1176/3224/3224 1174/3228/3228 1102/3225/3225
f 1102/3225/3225 1174/3228/3228 1172/3229/3229
f 1102/3225/3225 1172/3229/3229 1168/3230/3230
f 1168/3230/3230 1172/3229/3229 1170/3231/3231
f 1168/3230/3230 1166/3232/3232 1102/3225/3225
f 1102/3225/3225 1166/3232/3232 1164/3233/3233
f 1102/3225/3225 1164/3233/3233 1162/3234/3234
f 1162/3234/3234 1160/3235/3235 1102/3225/3225
f 1102/3225/3225 1160/3235/3235 1158/3236/3236
f 1102/3225/3225 1158/3236/3236 1156/3237/3237
f 1156/3237/3237 1154/3238/3238 1102/3225/3225
f 1102/3225/3225 1154/3238/3238 1152/3239/3239
f 1102/3225/3225 1152/3239/3239 1150/3240/3240
f 1148/3241/3241 1114/3242/3242 1150/3240/3240
f 1150/3240/3240 1114/3242/3242 1112/3243/3243
f 1150/3240/3240 1112/3243/3243 1110/3244/3244
f 1146/3245/3245 1124/3246/3246 1148/3241/3241
f 1148/3241/3241 1124/3246/3246 1122/3247/3247
f 1148/3241/3241 1122/3247/3247 1120/3248/3248
f 1124/3246/3246 1146/3245/3245 1126/3249/3249
f 1126/3249/3249 1146/3245/3245 1144/3250/3250
f 1126/3249/3249 1144/3250/3250 1142/3251/3251
f 1142/3251/3251 1140/3252/3252 1126/3249/3249
f 1126/3249/3249 1140/3252/3252 1138/3253/3253
f 1126/3249/3249 1138/3253/3253 1136/3254/3254
f 1136/3254/3254 1134/3255/3255 1126/3249/3249
f 1126/3249/3249 1134/3255/3255 1128/3256/3256
f 1128/3256/3256 1134/3255/3255 1130/3257/3257
f 1130/3257/3257 1134/3255/3255 1132/3258/3258
f 1120/3248/3248 1118/3259/3259 1148/3241/3241
f 1148/3241/3241 1118/3259/3259 1116/3260/3260
f 1148/3241/3241 1116/3260/3260 1114/3242/3242
f 1110/3244/3244 1108/3261/3261 1150/3240/3240
f 1150/3240/3240 1108/3261/3261 1106/3262/3262
f 1150/3240/3240 1106/3262/3262 1104/3263/3263
f 1104/3263/3263 1102/3225/3225 1150/3240/3240
f 1098/3227/3227 1096/3264/3264 1178/3223/3223
f 1178/3223/3223 1096/3264/3264 1094/3265/3265
f 1178/3223/3223 1094/3265/3265 1092/3266/3266
f 1090/3267/3267 750/3268/3268 1092/3266/3266
f 1092/3266/3266 750/3268/3268 716/3189/3189
f 1092/3266/3266 716/3189/3189 1178/3223/3223
f 1090/3267/3267 1088/3269/3269 750/3268/3268
f 750/3268/3268 1088/3269/3269 1086/3270/3270
f 750/3268/3268 1086/3270/3270 1084/3271/3271
f 750/3268/3268 1084/3271/3271 818/3272/3272
f 818/3272/3272 1084/3271/3271 1082/3273/3273
f 818/3272/3272 1082/3273/3273 1080/3274/3274
f 1080/3274/3274 1078/3275/3275 818/3272/3272
f 818/3272/3272 1078/3275/3275 1002/3276/3276
f 818/3272/3272 1002/3276/3276 934/3277/3277
f 934/3277/3277 1002/3276/3276 936/3278/3278
f 936/3278/3278 1002/3276/3276 1000/3279/3279
f 936/3278/3278 1000/3279/3279 938/3280/3280
f 938/3280/3280 1000/3279/3279 998/3281/3281
f 938/3280/3280 998/3281/3281 996/3282/3282
f 1078/3275/3275 1076/3283/3283 1002/3276/3276
f 1002/3276/3276 1076/3283/3283 1074/3284/3284
f 1002/3276/3276 1074/3284/3284 1004/3285/3285
f 1004/3285/3285 1074/3284/3284 1006/3286/3286
f 1006/3286/3286 1074/3284/3284 1008/3287/3287
f 1008/3287/3287 1074/3284/3284 1010/3288/3288
f 1010/3288/3288 1074/3284/3284 1012/3289/3289
f 1012/3289/3289 1074/3284/3284 1014/3290/3290
f 1014/3290/3290 1074/3284/3284 1016/3291/3291
f 1016/3291/3291 1074/3284/3284 1018/3292/3292
f 1018/3292/3292 1074/3284/3284 1020/3293/3293
f 1020/3293/3293 1074/3284/3284 1022/3294/3294
f 1022/3294/3294 1074/3284/3284 1030/3295/3295
f 1022/3294/3294 1030/3295/3295 1024/3296/3296
f 1024/3296/3296 1030/3295/3295 1026/3297/3297
f 1026/3297/3297 1030/3295/3295 1028/3298/3298
f 1072/3299/3299 1070/3300/3300 1074/3284/3284
f 1074/3284/3284 1070/3300/3300 1068/3301/3301
f 1074/3284/3284 1068/3301/3301 1066/3302/3302
f 1066/3302/3302 1064/3303/3303 1074/3284/3284
f 1074/3284/3284 1064/3303/3303 1062/3304/3304
f 1074/3284/3284 1062/3304/3304 1060/3305/3305
f 1060/3305/3305 1058/3306/3306 1074/3284/3284
f 1074/3284/3284 1058/3306/3306 1056/3307/3307
f 1074/3284/3284 1056/3307/3307 1054/3308/3308
f 1054/3308/3308 1052/3309/3309 1074/3284/3284
f 1074/3284/3284 1052/3309/3309 1050/3310/3310
f 1074/3284/3284 1050/3310/3310 1048/3311/3311
f 1048/3311/3311 1046/3312/3312 1074/3284/3284
f 1074/3284/3284 1046/3312/3312 1044/3313/3313
f 1074/3284/3284 1044/3313/3313 1042/3314/3314
f 1074/3284/3284 1042/3314/3314 1030/3295/3295
f 1030/3295/3295 1042/3314/3314 1040/3315/3315
f 1030/3295/3295 1040/3315/3315 1038/3316/3316
f 1038/3316/3316 1036/3317/3317 1030/3295/3295
f 1030/3295/3295 1036/3317/3317 1034/3318/3318
f 1030/3295/3295 1034/3318/3318 1032/3319/3319
f 994/3320/3320 950/3321/3321 996/3282/3282
f 996/3282/3282 950/3321/3321 948/3322/3322
f 996/3282/3282 948/3322/3322 946/3323/3323
f 992/3324/3324 954/3325/3325 994/3320/3320
f 994/3320/3320 954/3325/3325 952/3326/3326
f 994/3320/3320 952/3326/3326 950/3321/3321
f 990/3327/3327 958/3328/3328 992/3324/3324
f 992/3324/3324 958/3328/3328 956/3329/3329
f 992/3324/3324 956/3329/3329 954/3325/3325
f 990/3327/3327 988/3330/3330 958/3328/3328
f 958/3328/3328 988/3330/3330 960/3331/3331
f 960/3331/3331 988/3330/3330 986/3332/3332
f 960/3331/3331 986/3332/3332 962/3333/3333
f 962/3333/3333 986/3332/3332 984/3334/3334
f 962/3333/3333 984/3334/3334 964/3335/3335
f 964/3335/3335 984/3334/3334 966/3336/3336
f 966/3336/3336 984/3334/3334 968/3337/3337
f 968/3337/3337 984/3334/3334 970/3338/3338
f 970/3338/3338 984/3334/3334 982/3339/3339
f 970/3338/3338 982/3339/3339 972/3340/3340
f 972/3340/3340 982/3339/3339 974/3341/3341
f 974/3341/3341 982/3339/3339 980/3342/3342
f 974/3341/3341 980/3342/3342 978/3343/3343
f 978/3343/3343 976/3344/3344 974/3341/3341
f 996/3282/3282 946/3323/3323 940/3345/3345
f 940/3345/3345 946/3323/3323 944/3346/3346
f 940/3345/3345 944/3346/3346 942/3347/3347
f 940/3345/3345 938/3280/3280 996/3282/3282
f 932/3348/3348 930/3349/3349 934/3277/3277
f 934/3277/3277 930/3349/3349 928/3350/3350
f 934/3277/3277 928/3350/3350 926/3351/3351
f 926/3351/3351 924/3352/3352 934/3277/3277
f 934/3277/3277 924/3352/3352 922/3353/3353
f 934/3277/3277 922/3353/3353 920/3354/3354
f 920/3354/3354 918/3355/3355 934/3277/3277
f 934/3277/3277 918/3355/3355 916/3356/3356
f 934/3277/3277 916/3356/3356 914/3357/3357
f 914/3357/3357 912/3358/3358 934/3277/3277
f 934/3277/3277 912/3358/3358 910/3359/3359
f 934/3277/3277 910/3359/3359 908/3360/3360
f 908/3360/3360 906/3361/3361 934/3277/3277
f 934/3277/3277 906/3361/3361 904/3362/3362
f 934/3277/3277 904/3362/3362 902/3363/3363
f 934/3277/3277 902/3363/3363 884/3364/3364
f 884/3364/3364 902/3363/3363 900/3365/3365
f 884/3364/3364 900/3365/3365 898/3366/3366
f 898/3366/3366 896/3367/3367 884/3364/3364
f 884/3364/3364 896/3367/3367 894/3368/3368
f 884/3364/3364 894/3368/3368 892/3369/3369
f 892/3369/3369 890/3370/3370 884/3364/3364
f 884/3364/3364 890/3370/3370 886/3371/3371
f 886/3371/3371 890/3370/3370 888/3372/3372
f 882/3373/3373 826/3374/3374 884/3364/3364
f 884/3364/3364 826/3374/3374 822/3375/3375
f 884/3364/3364 822/3375/3375 820/3376/3376
f 882/3373/3373 880/3377/3377 826/3374/3374
f 826/3374/3374 880/3377/3377 878/3378/3378
f 826/3374/3374 878/3378/3378 876/3379/3379
f 876/3379/3379 874/3380/3380 826/3374/3374
f 826/3374/3374 874/3380/3380 834/3381/3381
f 826/3374/3374 834/3381/3381 832/3382/3382
f 834/3381/3381 874/3380/3380 836/3383/3383
f 836/3383/3383 874/3380/3380 872/3384/3384
f 836/3383/3383 872/3384/3384 870/3385/3385
f 868/3386/3386 866/3387/3387 870/3385/3385
f 870/3385/3385 866/3387/3387 836/3383/3383
f 864/3388/3388 862/3389/3389 866/3387/3387
f 866/3387/3387 862/3389/3389 860/3390/3390
f 866/3387/3387 860/3390/3390 858/3391/3391
f 866/3387/3387 858/3391/3391 844/3392/3392
f 844/3392/3392 858/3391/3391 856/3393/3393
f 844/3392/3392 856/3393/3393 854/3394/3394
f 844/3392/3392 854/3394/3394 846/3395/3395
f 846/3395/3395 854/3394/3394 852/3396/3396
f 846/3395/3395 852/3396/3396 850/3397/3397
f 850/3397/3397 848/3398/3398 846/3395/3395
f 844/3392/3392 842/3399/3399 866/3387/3387
f 866/3387/3387 842/3399/3399 840/3400/3400
f 866/3387/3387 840/3400/3400 838/3401/3401
f 838/3401/3401 836/3383/3383 866/3387/3387
f 832/3382/3382 830/3402/3402 826/3374/3374
f 826/3374/3374 830/3402/3402 828/3403/3403
f 826/3374/3374 824/3404/3404 822/3375/3375
f 820/3376/3376 818/3272/3272 884/3364/3364
f 884/3364/3364 818/3272/3272 934/3277/3277
f 818/3272/3272 816/3405/3405 750/3268/3268
f 750/3268/3268 816/3405/3405 814/3406/3406
f 750/3268/3268 814/3406/3406 752/3407/3407
f 752/3407/3407 814/3406/3406 810/3408/3408
f 752/3407/3407 810/3408/3408 804/3409/3409
f 804/3409/3409 810/3408/3408 808/3410/3410
f 804/3409/3409 808/3410/3410 806/3411/3411
f 814/3406/3406 812/3412/3412 810/3408/3408
f 802/3413/3413 800/3414/3414 804/3409/3409
f 804/3409/3409 800/3414/3414 752/3407/3407
f 800/3414/3414 798/3415/3415 752/3407/3407
f 752/3407/3407 798/3415/3415 796/3416/3416
f 752/3407/3407 796/3416/3416 794/3417/3417
f 794/3417/3417 792/3418/3418 752/3407/3407
f 752/3407/3407 792/3418/3418 790/3419/3419
f 752/3407/3407 790/3419/3419 788/3420/3420
f 788/3420/3420 786/3421/3421 752/3407/3407
f 752/3407/3407 786/3421/3421 784/3422/3422
f 752/3407/3407 784/3422/3422 782/3423/3423
f 782/3423/3423 780/3424/3424 752/3407/3407
f 752/3407/3407 780/3424/3424 778/3425/3425
f 752/3407/3407 778/3425/3425 776/3426/3426
f 776/3426/3426 774/3427/3427 752/3407/3407
f 752/3407/3407 774/3427/3427 772/3428/3428
f 752/3407/3407 772/3428/3428 770/3429/3429
f 770/3429/3429 768/3430/3430 752/3407/3407
f 752/3407/3407 768/3430/3430 766/3431/3431
f 752/3407/3407 766/3431/3431 764/3432/3432
f 764/3432/3432 762/3433/3433 752/3407/3407
f 752/3407/3407 762/3433/3433 760/3434/3434
f 752/3407/3407 760/3434/3434 758/3435/3435
f 758/3435/3435 756/3436/3436 752/3407/3407
f 752/3407/3407 756/3436/3436 754/3437/3437
f 748/3438/3438 746/3439/3439 750/3268/3268
f 750/3268/3268 746/3439/3439 744/3440/3440
f 750/3268/3268 744/3440/3440 742/3441/3441
f 750/3268/3268 742/3441/3441 718/3442/3442
f 718/3442/3442 742/3441/3441 740/3443/3443
f 718/3442/3442 740/3443/3443 738/3444/3444
f 738/3444/3444 736/3445/3445 718/3442/3442
f 718/3442/3442 736/3445/3445 720/3446/3446
f 720/3446/3446 736/3445/3445 734/3447/3447
f 720/3446/3446 734/3447/3447 732/3448/3448
f 732/3448/3448 730/3449/3449 720/3446/3446
f 720/3446/3446 730/3449/3449 728/3450/3450
f 720/3446/3446 728/3450/3450 726/3451/3451
f 726/3451/3451 724/3452/3452 720/3446/3446
f 720/3446/3446 724/3452/3452 722/3453/3453
f 718/3442/3442 716/3189/3189 750/3268/3268
f 716/3189/3189 714/3454/3454 712/3187/3187
f 689/3455/3455 691/3456/3456 1227/3457/3457
f 1227/3457/3457 691/3456/3456 630/3458/3458
f 1227/3457/3457 630/3458/3458 629/3459/3459
f 629/3459/3459 633/3460/3460 1227/3457/3457
f 1227/3457/3457 633/3460/3460 1199/3461/3461
f 1227/3457/3457 1199/3461/3461 1225/3462/3462
f 1225/3462/3462 1199/3461/3461 1223/3463/3463
f 1223/3463/3463 1199/3461/3461 1221/3464/3464
f 1221/3464/3464 1199/3461/3461 1219/3465/3465
f 1219/3465/3465 1199/3461/3461 1217/3466/3466
f 1217/3466/3466 1199/3461/3461 1201/3467/3467
f 1217/3466/3466 1201/3467/3467 1203/3468/3468
f 1199/3461/3461 633/3460/3460 1197/3469/3469
f 1197/3469/3469 633/3460/3460 635/3470/3470
f 1197/3469/3469 635/3470/3470 637/3471/3471
f 639/3472/3472 715/3473/3473 637/3471/3471
f 637/3471/3471 715/3473/3473 1183/3474/3474
f 637/3471/3471 1183/3474/3474 1197/3469/3469
f 1197/3469/3469 1183/3474/3474 1185/3475/3475
f 1197/3469/3469 1185/3475/3475 1195/3476/3476
f 1195/3476/3476 1185/3475/3475 1187/3477/3477
f 1195/3476/3476 1187/3477/3477 1191/3478/3478
f 1191/3478/3478 1187/3477/3477 1189/3479/3479
f 639/3472/3472 641/3480/3480 715/3473/3473
f 715/3473/3473 641/3480/3480 643/3481/3481
f 715/3473/3473 643/3481/3481 645/3482/3482
f 715/3473/3473 645/3482/3482 711/3483/3483
f 711/3483/3483 645/3482/3482 647/3484/3484
f 711/3483/3483 647/3484/3484 709/3485/3485
f 709/3485/3485 647/3484/3484 649/3486/3486
f 709/3485/3485 649/3486/3486 707/3487/3487
f 707/3487/3487 649/3486/3486 651/3488/3488
f 707/3487/3487 651/3488/3488 705/3489/3489
f 705/3489/3489 651/3488/3488 703/3490/3490
f 703/3490/3490 651/3488/3488 653/3491/3491
f 703/3490/3490 653/3491/3491 701/3492/3492
f 701/3492/3492 653/3491/3491 699/3493/3493
f 699/3493/3493 653/3491/3491 655/3494/3494
f 699/3493/3493 655/3494/3494 697/3495/3495
f 697/3495/3495 655/3494/3494 693/3496/3496
f 693/3496/3496 655/3494/3494 657/3497/3497
f 693/3496/3496 657/3497/3497 659/3498/3498
f 659/3498/3498 661/3499/3499 693/3496/3496
f 693/3496/3496 661/3499/3499 663/3500/3500
f 693/3496/3496 663/3500/3500 665/3501/3501
f 665/3501/3501 667/3502/3502 693/3496/3496
f 693/3496/3496 667/3502/3502 669/3503/3503
f 693/3496/3496 669/3503/3503 694/3504/3504
f 694/3504/3504 669/3503/3503 1255/3505/3505
f 1255/3505/3505 669/3503/3503 1253/3506/3506
f 1253/3506/3506 669/3503/3503 1251/3507/3507
f 1251/3507/3507 669/3503/3503 1249/3508/3508
f 1249/3508/3508 669/3503/3503 671/3509/3509
f 1249/3508/3508 671/3509/3509 1247/3510/3510
f 1247/3510/3510 671/3509/3509 673/3511/3511
f 1247/3510/3510 673/3511/3511 1245/3512/3512
f 1245/3512/3512 673/3511/3511 675/3513/3513
f 1245/3512/3512 675/3513/3513 1243/3514/3514
f 1243/3514/3514 675/3513/3513 677/3515/3515
f 1243/3514/3514 677/3515/3515 679/3516/3516
f 1243/3514/3514 679/3516/3516 1241/3517/3517
f 1241/3517/3517 679/3516/3516 681/3518/3518
f 1241/3517/3517 681/3518/3518 1239/3519/3519
f 1239/3519/3519 681/3518/3518 683/3520/3520
f 1239/3519/3519 683/3520/3520 1237/3521/3521
f 1237/3521/3521 683/3520/3520 1235/3522/3522
f 1235/3522/3522 683/3520/3520 685/3523/3523
f 1235/3522/3522 685/3523/3523 1227/3457/3457
f 1227/3457/3457 685/3523/3523 687/3524/3524
f 1227/3457/3457 687/3524/3524 689/3455/3455
f 711/3483/3483 713/3525/3525 715/3473/3473
f 717/3526/3526 749/3527/3527 715/3473/3473
f 715/3473/3473 749/3527/3527 1091/3528/3528
f 715/3473/3473 1091/3528/3528 1177/3529/3529
f 1177/3529/3529 1091/3528/3528 1093/3530/3530
f 1177/3529/3529 1093/3530/3530 1095/3531/3531
f 719/3532/3532 735/3533/3533 717/3526/3526
f 717/3526/3526 735/3533/3533 737/3534/3534
f 717/3526/3526 737/3534/3534 739/3535/3535
f 721/3536/3536 723/3537/3537 719/3532/3532
f 719/3532/3532 723/3537/3537 725/3538/3538
f 719/3532/3532 725/3538/3538 727/3539/3539
f 727/3539/3539 729/3540/3540 719/3532/3532
f 719/3532/3532 729/3540/3540 731/3541/3541
f 719/3532/3532 731/3541/3541 733/3542/3542
f 733/3542/3542 735/3533/3533 719/3532/3532
f 739/3535/3535 741/3543/3543 717/3526/3526
f 717/3526/3526 741/3543/3543 749/3527/3527
f 741/3543/3543 743/3544/3544 749/3527/3527
f 749/3527/3527 743/3544/3544 745/3545/3545
f 749/3527/3527 745/3545/3545 747/3546/3546
f 751/3547/3547 813/3548/3548 749/3527/3527
f 749/3527/3527 813/3548/3548 815/3549/3549
f 749/3527/3527 815/3549/3549 817/3550/3550
f 753/3551/3551 755/3552/3552 751/3547/3547
f 751/3547/3547 755/3552/3552 757/3553/3553
f 751/3547/3547 757/3553/3553 759/3554/3554
f 759/3554/3554 761/3555/3555 751/3547/3547
f 751/3547/3547 761/3555/3555 763/3556/3556
f 751/3547/3547 763/3556/3556 765/3557/3557
f 765/3557/3557 767/3558/3558 751/3547/3547
f 751/3547/3547 767/3558/3558 769/3559/3559
f 751/3547/3547 769/3559/3559 771/3560/3560
f 771/3560/3560 773/3561/3561 751/3547/3547
f 751/3547/3547 773/3561/3561 775/3562/3562
f 751/3547/3547 775/3562/3562 777/3563/3563
f 777/3563/3563 779/3564/3564 751/3547/3547
f 751/3547/3547 779/3564/3564 781/3565/3565
f 751/3547/3547 781/3565/3565 783/3566/3566
f 783/3566/3566 785/3567/3567 751/3547/3547
f 751/3547/3547 785/3567/3567 787/3568/3568
f 751/3547/3547 787/3568/3568 789/3569/3569
f 789/3569/3569 791/3570/3570 751/3547/3547
f 751/3547/3547 791/3570/3570 793/3571/3571
f 751/3547/3547 793/3571/3571 795/3572/3572
f 795/3572/3572 797/3573/3573 751/3547/3547
f 751/3547/3547 797/3573/3573 799/3574/3574
f 751/3547/3547 799/3574/3574 803/3575/3575
f 803/3575/3575 799/3574/3574 801/3576/3576
f 805/3577/3577 807/3578/3578 803/3575/3575
f 803/3575/3575 807/3578/3578 809/3579/3579
f 803/3575/3575 809/3579/3579 751/3547/3547
f 751/3547/3547 809/3579/3579 813/3548/3548
f 809/3579/3579 811/3580/3580 813/3548/3548
f 819/3581/3581 883/3582/3582 817/3550/3550
f 817/3550/3550 883/3582/3582 933/3583/3583
f 817/3550/3550 933/3583/3583 1001/3584/3584
f 1001/3584/3584 933/3583/3583 935/3585/3585
f 1001/3584/3584 935/3585/3585 999/3586/3586
f 999/3586/3586 935/3585/3585 937/3587/3587
f 999/3586/3586 937/3587/3587 997/3588/3588
f 997/3588/3588 937/3587/3587 995/3589/3589
f 995/3589/3589 937/3587/3587 939/3590/3590
f 995/3589/3589 939/3590/3590 945/3591/3591
f 945/3591/3591 939/3590/3590 943/3592/3592
f 943/3592/3592 939/3590/3590 941/3593/3593
f 819/3581/3581 821/3594/3594 883/3582/3582
f 883/3582/3582 821/3594/3594 825/3595/3595
f 883/3582/3582 825/3595/3595 881/3596/3596
f 881/3596/3596 825/3595/3595 879/3597/3597
f 879/3597/3597 825/3595/3595 877/3598/3598
f 877/3598/3598 825/3595/3595 875/3599/3599
f 875/3599/3599 825/3595/3595 873/3600/3600
f 873/3600/3600 825/3595/3595 833/3601/3601
f 873/3600/3600 833/3601/3601 835/3602/3602
f 821/3594/3594 823/3603/3603 825/3595/3595
f 827/3604/3604 829/3605/3605 825/3595/3595
f 825/3595/3595 829/3605/3605 831/3606/3606
f 825/3595/3595 831/3606/3606 833/3601/3601
f 873/3600/3600 835/3602/3602 871/3607/3607
f 871/3607/3607 835/3602/3602 837/3608/3608
f 871/3607/3607 837/3608/3608 869/3609/3609
f 869/3609/3609 837/3608/3608 865/3610/3610
f 869/3609/3609 865/3610/3610 867/3611/3611
f 837/3608/3608 839/3612/3612 865/3610/3610
f 865/3610/3610 839/3612/3612 841/3613/3613
f 865/3610/3610 841/3613/3613 843/3614/3614
f 843/3614/3614 845/3615/3615 865/3610/3610
f 865/3610/3610 845/3615/3615 847/3616/3616
f 865/3610/3610 847/3616/3616 849/3617/3617
f 849/3617/3617 851/3618/3618 865/3610/3610
f 865/3610/3610 851/3618/3618 857/3619/3619
f 865/3610/3610 857/3619/3619 859/3620/3620
f 853/3621/3621 855/3622/3622 851/3618/3618
f 851/3618/3618 855/3622/3622 857/3619/3619
f 859/3620/3620 861/3623/3623 865/3610/3610
f 865/3610/3610 861/3623/3623 863/3624/3624
f 885/3625/3625 889/3626/3626 883/3582/3582
f 883/3582/3582 889/3626/3626 891/3627/3627
f 883/3582/3582 891/3627/3627 893/3628/3628
f 885/3625/3625 887/3629/3629 889/3626/3626
f 893/3628/3628 895/3630/3630 883/3582/3582
f 883/3582/3582 895/3630/3630 897/3631/3631
f 883/3582/3582 897/3631/3631 899/3632/3632
f 899/3632/3632 901/3633/3633 883/3582/3582
f 883/3582/3582 901/3633/3633 933/3583/3583
f 901/3633/3633 903/3634/3634 933/3583/3583
f 933/3583/3583 903/3634/3634 905/3635/3635
f 933/3583/3583 905/3635/3635 907/3636/3636
f 907/3636/3636 909/3637/3637 933/3583/3583
f 933/3583/3583 909/3637/3637 911/3638/3638
f 933/3583/3583 911/3638/3638 913/3639/3639
f 913/3639/3639 915/3640/3640 933/3583/3583
f 933/3583/3583 915/3640/3640 917/3641/3641
f 933/3583/3583 917/3641/3641 919/3642/3642
f 919/3642/3642 921/3643/3643 933/3583/3583
f 933/3583/3583 921/3643/3643 923/3644/3644
f 933/3583/3583 923/3644/3644 925/3645/3645
f 925/3645/3645 927/3646/3646 933/3583/3583
f 933/3583/3583 927/3646/3646 929/3647/3647
f 933/3583/3583 929/3647/3647 931/3648/3648
f 945/3591/3591 947/3649/3649 995/3589/3589
f 995/3589/3589 947/3649/3649 949/3650/3650
f 995/3589/3589 949/3650/3650 993/3651/3651
f 993/3651/3651 949/3650/3650 951/3652/3652
f 993/3651/3651 951/3652/3652 953/3653/3653
f 993/3651/3651 953/3653/3653 991/3654/3654
f 991/3654/3654 953/3653/3653 955/3655/3655
f 991/3654/3654 955/3655/3655 957/3656/3656
f 959/3657/3657 987/3658/3658 957/3656/3656
f 957/3656/3656 987/3658/3658 989/3659/3659
f 957/3656/3656 989/3659/3659 991/3654/3654
f 987/3658/3658 959/3657/3657 985/3660/3660
f 985/3660/3660 959/3657/3657 961/3661/3661
f 985/3660/3660 961/3661/3661 983/3662/3662
f 983/3662/3662 961/3661/3661 963/3663/3663
f 983/3662/3662 963/3663/3663 965/3664/3664
f 965/3664/3664 967/3665/3665 983/3662/3662
f 983/3662/3662 967/3665/3665 969/3666/3666
f 983/3662/3662 969/3666/3666 981/3667/3667
f 981/3667/3667 969/3666/3666 971/3668/3668
f 981/3667/3667 971/3668/3668 973/3669/3669
f 975/3670/3670 977/3671/3671 973/3669/3669
f 973/3669/3669 977/3671/3671 979/3672/3672
f 973/3669/3669 979/3672/3672 981/3667/3667
f 1003/3673/3673 1073/3674/3674 1001/3584/3584
f 1001/3584/3584 1073/3674/3674 1075/3675/3675
f 1001/3584/3584 1075/3675/3675 1077/3676/3676
f 1003/3673/3673 1005/3677/3677 1073/3674/3674
f 1073/3674/3674 1005/3677/3677 1007/3678/3678
f 1073/3674/3674 1007/3678/3678 1009/3679/3679
f 1009/3679/3679 1011/3680/3680 1073/3674/3674
f 1073/3674/3674 1011/3680/3680 1013/3681/3681
f 1073/3674/3674 1013/3681/3681 1015/3682/3682
f 1015/3682/3682 1017/3683/3683 1073/3674/3674
f 1073/3674/3674 1017/3683/3683 1019/3684/3684
f 1073/3674/3674 1019/3684/3684 1021/3685/3685
f 1073/3674/3674 1021/3685/3685 1029/3686/3686
f 1029/3686/3686 1021/3685/3685 1023/3687/3687
f 1029/3686/3686 1023/3687/3687 1025/3688/3688
f 1025/3688/3688 1027/3689/3689 1029/3686/3686
f 1031/3690/3690 1033/3691/3691 1029/3686/3686
f 1029/3686/3686 1033/3691/3691 1035/3692/3692
f 1029/3686/3686 1035/3692/3692 1037/3693/3693
f 1037/3693/3693 1039/3694/3694 1029/3686/3686
f 1029/3686/3686 1039/3694/3694 1041/3695/3695
f 1029/3686/3686 1041/3695/3695 1073/3674/3674
f 1073/3674/3674 1041/3695/3695 1043/3696/3696
f 1073/3674/3674 1043/3696/3696 1045/3697/3697
f 1045/3697/3697 1047/3698/3698 1073/3674/3674
f 1073/3674/3674 1047/3698/3698 1049/3699/3699
f 1073/3674/3674 1049/3699/3699 1051/3700/3700
f 1051/3700/3700 1053/3701/3701 1073/3674/3674
f 1073/3674/3674 1053/3701/3701 1055/3702/3702
f 1073/3674/3674 1055/3702/3702 1057/3703/3703
f 1057/3703/3703 1059/3704/3704 1073/3674/3674
f 1073/3674/3674 1059/3704/3704 1061/3705/3705
f 1073/3674/3674 1061/3705/3705 1063/3706/3706
f 1063/3706/3706 1065/3707/3707 1073/3674/3674
f 1073/3674/3674 1065/3707/3707 1067/3708/3708
f 1073/3674/3674 1067/3708/3708 1069/3709/3709
f 1069/3709/3709 1071/3710/3710 1073/3674/3674
f 1001/3584/3584 1077/3676/3676 817/3550/3550
f 817/3550/3550 1077/3676/3676 1079/3711/3711
f 817/3550/3550 1079/3711/3711 1081/3712/3712
f 1081/3712/3712 1083/3713/3713 817/3550/3550
f 817/3550/3550 1083/3713/3713 749/3527/3527
f 1083/3713/3713 1085/3714/3714 749/3527/3527
f 749/3527/3527 1085/3714/3714 1087/3715/3715
f 749/3527/3527 1087/3715/3715 1089/3716/3716
f 1089/3716/3716 1091/3528/3528 749/3527/3527
f 1095/3531/3531 1097/3717/3717 1177/3529/3529
f 1177/3529/3529 1097/3717/3717 1099/3718/3718
f 1177/3529/3529 1099/3718/3718 1101/3719/3719
f 1103/3720/3720 1159/3721/3721 1101/3719/3719
f 1101/3719/3719 1159/3721/3721 1161/3722/3722
f 1101/3719/3719 1161/3722/3722 1163/3723/3723
f 1105/3724/3724 1151/3725/3725 1103/3720/3720
f 1103/3720/3720 1151/3725/3725 1153/3726/3726
f 1103/3720/3720 1153/3726/3726 1155/3727/3727
f 1105/3724/3724 1107/3728/3728 1151/3725/3725
f 1151/3725/3725 1107/3728/3728 1109/3729/3729
f 1151/3725/3725 1109/3729/3729 1111/3730/3730
f 1111/3730/3730 1113/3731/3731 1151/3725/3725
f 1151/3725/3725 1113/3731/3731 1115/3732/3732
f 1151/3725/3725 1115/3732/3732 1117/3733/3733
f 1117/3733/3733 1119/3734/3734 1151/3725/3725
f 1151/3725/3725 1119/3734/3734 1121/3735/3735
f 1151/3725/3725 1121/3735/3735 1149/3736/3736
f 1149/3736/3736 1121/3735/3735 1123/3737/3737
f 1149/3736/3736 1123/3737/3737 1147/3738/3738
f 1147/3738/3738 1123/3737/3737 1145/3739/3739
f 1145/3739/3739 1123/3737/3737 1125/3740/3740
f 1145/3739/3739 1125/3740/3740 1143/3741/3741
f 1143/3741/3741 1125/3740/3740 1141/3742/3742
f 1141/3742/3742 1125/3740/3740 1139/3743/3743
f 1139/3743/3743 1125/3740/3740 1137/3744/3744
f 1137/3744/3744 1125/3740/3740 1135/3745/3745
f 1135/3745/3745 1125/3740/3740 1133/3746/3746
f 1133/3746/3746 1125/3740/3740 1127/3747/3747
f 1133/3746/3746 1127/3747/3747 1129/3748/3748
f 1129/3748/3748 1131/3749/3749 1133/3746/3746
f 1155/3727/3727 1157/3750/3750 1103/3720/3720
f 1103/3720/3720 1157/3750/3750 1159/3721/3721
f 1163/3723/3723 1165/3751/3751 1101/3719/3719
f 1101/3719/3719 1165/3751/3751 1167/3752/3752
f 1101/3719/3719 1167/3752/3752 1171/3753/3753
f 1171/3753/3753 1167/3752/3752 1169/3754/3754
f 1171/3753/3753 1173/3755/3755 1101/3719/3719
f 1101/3719/3719 1173/3755/3755 1175/3756/3756
f 1101/3719/3719 1175/3756/3756 1177/3529/3529
f 1177/3529/3529 1179/3757/3757 715/3473/3473
f 715/3473/3473 1179/3757/3757 1181/3758/3758
f 715/3473/3473 1181/3758/3758 1183/3474/3474
f 1191/3478/3478 1193/3759/3759 1195/3476/3476
f 1217/3466/3466 1203/3468/3468 1215/3760/3760
f 1215/3760/3760 1203/3468/3468 1205/3761/3761
f 1215/3760/3760 1205/3761/3761 1213/3762/3762
f 1213/3762/3762 1205/3761/3761 1211/3763/3763
f 1211/3763/3763 1205/3761/3761 1207/3764/3764
f 1211/3763/3763 1207/3764/3764 1209/3765/3765
f 1227/3457/3457 1229/3766/3766 1235/3522/3522
f 1235/3522/3522 1229/3766/3766 1233/3767/3767
f 1233/3767/3767 1229/3766/3766 1231/3768/3768
g negro (1)

v 29.739420 -947.322510 0.000000
v 29.731490 -947.345880 0.000000
v 29.731490 -947.345880 0.060000
v 29.739420 -947.322510 0.060000
v 29.748460 -947.301760 0.000000
v 29.748460 -947.301760 0.060000
v 29.767350 -947.259590 0.000000
v 29.767350 -947.259590 0.060000
v 29.788880 -947.220910 0.000000
v 29.788880 -947.220910 0.060000
v 29.810330 -947.180950 0.000000
v 29.810330 -947.180950 0.060000
v 29.831340 -947.142510 0.000000
v 29.831340 -947.142510 0.060000
v 29.864300 -947.166380 0.000000
v 29.864300 -947.166380 0.060000
v 29.895800 -947.192720 0.000000
v 29.895800 -947.192720 0.060000
v 29.925770 -947.221230 0.000000
v 29.925770 -947.221230 0.060000
v 29.954150 -947.251620 0.000000
v 29.954150 -947.251620 0.060000
v 29.980870 -947.283580 0.000000
v 29.980870 -947.283580 0.060000
v 30.005880 -947.316820 0.000000
v 30.005880 -947.316820 0.060000
v 30.029100 -947.351030 0.000000
v 30.029100 -947.351030 0.060000
v 30.050490 -947.385910 0.000000
v 30.050490 -947.385910 0.060000
v 30.104170 -947.494020 0.000000
v 30.104170 -947.494020 0.060000
v 30.145630 -947.610820 0.000000
v 30.145630 -947.610820 0.060000
v 30.175310 -947.733990 0.000000
v 30.175310 -947.733990 0.060000
v 30.193690 -947.861210 0.000000
v 30.193690 -947.861210 0.060000
v 30.201220 -947.990160 0.000000
v 30.201220 -947.990160 0.060000
v 30.198370 -948.118510 0.000000
v 30.198370 -948.118510 0.060000
v 30.185600 -948.243950 0.000000
v 30.185600 -948.243950 0.060000
v 30.163360 -948.364150 0.000000
v 30.163360 -948.364150 0.060000
v 30.154010 -948.404620 0.000000
v 30.154010 -948.404620 0.060000
v 30.140100 -948.459780 0.000000
v 30.140100 -948.459780 0.060000
v 30.132230 -948.487260 0.000000
v 30.132230 -948.487260 0.060000
v 30.124170 -948.511680 0.000000
v 30.124170 -948.511680 0.060000
v 30.116230 -948.530810 0.000000
v 30.116230 -948.530810 0.060000
v 30.108740 -948.542410 0.000000
v 30.108740 -948.542410 0.060000
v 30.091770 -948.525880 0.000000
v 30.091770 -948.525880 0.060000
v 30.077250 -948.514440 0.000000
v 30.077250 -948.514440 0.060000
v 30.063000 -948.497790 0.000000
v 30.063000 -948.497790 0.060000
v 29.988550 -948.420740 0.000000
v 29.988550 -948.420740 0.060000
v 29.954650 -948.377220 0.000000
v 29.954650 -948.377220 0.060000
v 29.909940 -948.313660 0.000000
v 29.909940 -948.313660 0.060000
v 29.886170 -948.279090 0.000000
v 29.886170 -948.279090 0.060000
v 29.837120 -948.192600 0.000000
v 29.837120 -948.192600 0.060000
v 29.794360 -948.100630 0.000000
v 29.794360 -948.100630 0.060000
v 29.758480 -948.004350 0.000000
v 29.758480 -948.004350 0.060000
v 29.730060 -947.904880 0.000000
v 29.730060 -947.904880 0.060000
v 29.709680 -947.803380 0.000000
v 29.709680 -947.803380 0.060000
v 29.697940 -947.700980 0.000000
v 29.697940 -947.700980 0.060000
v 29.695420 -947.598840 0.000000
v 29.695420 -947.598840 0.060000
v 29.702700 -947.498100 0.000000
v 29.702700 -947.498100 0.060000
v 29.709270 -947.450220 0.000000
v 29.709270 -947.450220 0.060000
v 29.718650 -947.397430 0.000000
v 29.718650 -947.397430 0.060000
v 29.724600 -947.371110 0.000000
v 29.724600 -947.371110 0.060000
vt 0.000000 0.000000 0.000000
vt 0.024679 0.000000 0.000000
vt 0.000000 0.060000 0.000000
vt 0.024679 0.060000 0.000000
vt 0.000000 0.000000 0.000000
vt 0.022634 0.000000 0.000000
vt 0.000000 0.060000 0.000000
vt 0.022634 0.060000 0.000000
vt 0.000000 0.000000 0.000000
vt 0.046208 0.000000 0.000000
vt 0.000000 0.060000 0.000000
vt 0.046208 0.060000 0.000000
vt 0.000000 0.000000 0.000000
vt 0.044268 0.000000 0.000000
vt 0.000000 0.060000 0.000000
vt 0.044268 0.060000 0.000000
vt 0.000000 0.000000 0.000000
vt 0.045353 0.000000 0.000000
vt 0.000000 0.060000 0.000000
vt 0.045353 0.060000 0.000000
vt 0.000000 0.000000 0.000000
vt 0.043807 0.000000 0.000000
vt 0.000000 0.060000 0.000000
vt 0.043807 0.060000 0.000000
vt 0.000000 0.000000 0.000000
vt 0.040696 0.000000 0.000000
vt 0.000000 0.060000 0.000000
vt 0.040696 0.060000 0.000000
vt 0.000000 0.000000 0.000000
vt 0.041061 0.000000 0.000000
vt 0.000000 0.060000 0.000000
vt 0.041061 0.060000 0.000000
vt 0.000000 0.000000 0.000000
vt 0.041364 0.000000 0.000000
vt 0.000000 0.060000 0.000000
vt 0.041364 0.060000 0.000000
vt 0.000000 0.000000 0.000000
vt 0.041581 0.000000 0.000000
vt 0.000000 0.060000 0.000000
vt 0.041581 0.060000 0.000000
vt 0.000000 0.000000 0.000000
vt 0.041658 0.000000 0.000000
vt 0.000000 0.060000 0.000000
vt 0.041658 0.060000 0.000000
vt 0.000000 0.000000 0.000000
vt 0.041598 0.000000 0.000000
vt 0.000000 0.060000 0.000000
vt 0.041598 0.060000 0.000000
vt 0.000000 0.000000 0.000000
vt 0.041346 0.000000 0.000000
vt 0.000000 0.060000 0.000000
vt 0.041346 0.060000 0.000000
vt 0.000000 0.000000 0.000000
vt 0.040916 0.000000 0.000000
vt 0.000000 0.060000 0.000000
vt 0.040916 0.060000 0.000000
vt 0.000000 0.000000 0.000000
vt 0.120703 0.000000 0.000000
vt 0.000000 0.060000 0.000000
vt 0.120703 0.060000 0.000000
vt 0.000000 0.000000 0.000000
vt 0.123940 0.000000 0.000000
vt 0.000000 0.060000 0.000000
vt 0.123940 0.060000 0.000000
vt 0.000000 0.000000 0.000000
vt 0.126696 0.000000 0.000000
vt 0.000000 0.060000 0.000000
vt 0.126696 0.060000 0.000000
vt 0.000000 0.000000 0.000000
vt 0.128541 0.000000 0.000000
vt 0.000000 0.060000 0.000000
vt 0.128541 0.060000 0.000000
vt 0.000000 0.000000 0.000000
vt 0.129170 0.000000 0.000000
vt 0.000000 0.060000 0.000000
vt 0.129170 0.060000 0.000000
vt 0.000000 0.000000 0.000000
vt 0.128382 0.000000 0.000000
vt 0.000000 0.060000 0.000000
vt 0.128382 0.060000 0.000000
vt 0.000000 0.000000 0.000000
vt 0.126088 0.000000 0.000000
vt 0.000000 0.060000 0.000000
vt 0.126088 0.060000 0.000000
vt 0.000000 0.000000 0.000000
vt 0.122240 0.000000 0.000000
vt 0.000000 0.060000 0.000000
vt 0.122240 0.060000 0.000000
vt 0.000000 0.000000 0.000000
vt 0.041536 0.000000 0.000000
vt 0.000000 0.060000 0.000000
vt 0.041536 0.060000 0.000000
vt 0.000000 0.000000 0.000000
vt 0.056887 0.000000 0.000000
vt 0.000000 0.060000 0.000000
vt 0.056887 0.060000 0.000000
vt 0.000000 0.000000 0.000000
vt 0.028585 0.000000 0.000000
vt 0.000000 0.060000 0.000000
vt 0.028585 0.060000 0.000000
vt 0.000000 0.000000 0.000000
vt 0.025716 0.000000 0.000000
vt 0.000000 0.060000 0.000000
vt 0.025716 0.060000 0.000000
vt 0.000000 0.000000 0.000000
vt 0.020712 0.000000 0.000000
vt 0.000000 0.060000 0.000000
vt 0.020712 0.060000 0.000000
vt 0.000000 0.000000 0.000000
vt 0.013808 0.000000 0.000000
vt 0.000000 0.060000 0.000000
vt 0.013808 0.060000 0.000000
vt 0.000000 0.000000 0.000000
vt 0.023690 0.000000 0.000000
vt 0.000000 0.060000 0.000000
vt 0.023690 0.060000 0.000000
vt 0.000000 0.000000 0.000000
vt 0.018485 0.000000 0.000000
vt 0.000000 0.060000 0.000000
vt 0.018485 0.060000 0.000000
vt 0.000000 0.000000 0.000000
vt 0.021915 0.000000 0.000000
vt 0.000000 0.060000 0.000000
vt 0.021915 0.060000 0.000000
vt 0.000000 0.000000 0.000000
vt 0.107142 0.000000 0.000000
vt 0.000000 0.060000 0.000000
vt 0.107142 0.060000 0.000000
vt 0.000000 0.000000 0.000000
vt 0.055165 0.000000 0.000000
vt 0.000000 0.060000 0.000000
vt 0.055165 0.060000 0.000000
vt 0.000000 0.000000 0.000000
vt 0.077710 0.000000 0.000000
vt 0.000000 0.060000 0.000000
vt 0.077710 0.060000 0.000000
vt 0.000000 0.000000 0.000000
vt 0.041954 0.000000 0.000000
vt 0.000000 0.060000 0.000000
vt 0.041954 0.060000 0.000000
vt 0.000000 0.000000 0.000000
vt 0.099430 0.000000 0.000000
vt 0.000000 0.060000 0.000000
vt 0.099430 0.060000 0.000000
vt 0.000000 0.000000 0.000000
vt 0.101424 0.000000 0.000000
vt 0.000000 0.060000 0.000000
vt 0.101424 0.060000 0.000000
vt 0.000000 0.000000 0.000000
vt 0.102748 0.000000 0.000000
vt 0.000000 0.060000 0.000000
vt 0.102748 0.060000 0.000000
vt 0.000000 0.000000 0.000000
vt 0.103450 0.000000 0.000000
vt 0.000000 0.060000 0.000000
vt 0.103450 0.060000 0.000000
vt 0.000000 0.000000 0.000000
vt 0.103526 0.000000 0.000000
vt 0.000000 0.060000 0.000000
vt 0.103526 0.060000 0.000000
vt 0.000000 0.000000 0.000000
vt 0.103071 0.000000 0.000000
vt 0.000000 0.060000 0.000000
vt 0.103071 0.060000 0.000000
vt 0.000000 0.000000 0.000000
vt 0.102171 0.000000 0.000000
vt 0.000000 0.060000 0.000000
vt 0.102171 0.060000 0.000000
vt 0.000000 0.000000 0.000000
vt 0.101003 0.000000 0.000000
vt 0.000000 0.060000 0.000000
vt 0.101003 0.060000 0.000000
vt 0.000000 0.000000 0.000000
vt 0.048329 0.000000 0.000000
vt 0.000000 0.060000 0.000000
vt 0.048329 0.060000 0.000000
vt 0.000000 0.000000 0.000000
vt 0.053617 0.000000 0.000000
vt 0.000000 0.060000 0.000000
vt 0.053617 0.060000 0.000000
vt 0.000000 0.000000 0.000000
vt 0.026984 0.000000 0.000000
vt 0.000000 0.060000 0.000000
vt 0.026984 0.060000 0.000000
vt 0.000000 0.000000 0.000000
vt 0.026154 0.000000 0.000000
vt 0.000000 0.060000 0.000000
vt 0.026154 0.060000 0.000000
vt -0.208900 0.519950 0.000000
vt -0.216830 0.496580 0.000000
vt -0.199860 0.540700 0.000000
vt -0.223720 0.471350 0.000000
vt -0.229670 0.445030 0.000000
vt -0.239050 0.392240 0.000000
vt -0.022550 0.621230 0.000000
vt -0.180970 0.582870 0.000000
vt -0.052520 0.649740 0.000000
vt -0.159440 0.621550 0.000000
vt -0.084020 0.676080 0.000000
vt -0.137990 0.661510 0.000000
vt -0.116980 0.699950 0.000000
vt -0.245620 0.344360 0.000000
vt -0.252900 0.243620 0.000000
vt -0.250380 0.141480 0.000000
vt -0.238640 0.039080 0.000000
vt -0.218260 -0.062420 0.000000
vt -0.189840 -0.161890 0.000000
vt 0.005830 0.590840 0.000000
vt -0.153960 -0.258170 0.000000
vt 0.032550 0.558880 0.000000
vt 0.057560 0.525640 0.000000
vt -0.111200 -0.350140 0.000000
vt 0.080780 0.491430 0.000000
vt 0.102170 0.456550 0.000000
vt -0.062150 -0.436630 0.000000
vt 0.155850 0.348440 0.000000
vt -0.038380 -0.471200 0.000000
vt 0.197310 0.231640 0.000000
vt 0.006330 -0.534760 0.000000
vt 0.226990 0.108470 0.000000
vt 0.245370 -0.018750 0.000000
vt 0.040230 -0.578280 0.000000
vt 0.252900 -0.147700 0.000000
vt 0.250050 -0.276050 0.000000
vt 0.237280 -0.401490 0.000000
vt 0.215040 -0.521690 0.000000
vt 0.114680 -0.655330 0.000000
vt 0.205690 -0.562160 0.000000
vt 0.191780 -0.617320 0.000000
vt 0.128930 -0.671980 0.000000
vt 0.183910 -0.644800 0.000000
vt 0.143450 -0.683420 0.000000
vt 0.175850 -0.669220 0.000000
vt 0.167910 -0.688350 0.000000
vt 0.160420 -0.699950 0.000000
vt 0.229670 0.445030 0.000000
vt 0.223720 0.471350 0.000000
vt 0.199860 0.540700 0.000000
vt 0.216830 0.496580 0.000000
vt 0.208900 0.519950 0.000000
vt 0.180970 0.582870 0.000000
vt 0.022550 0.621230 0.000000
vt 0.239050 0.392240 0.000000
vt 0.052520 0.649740 0.000000
vt 0.159440 0.621550 0.000000
vt 0.084020 0.676080 0.000000
vt 0.137990 0.661510 0.000000
vt 0.116980 0.699950 0.000000
vt -0.005830 0.590840 0.000000
vt 0.189840 -0.161890 0.000000
vt 0.218260 -0.062420 0.000000
vt 0.238640 0.039080 0.000000
vt 0.153960 -0.258170 0.000000
vt -0.032550 0.558880 0.000000
vt -0.057560 0.525640 0.000000
vt 0.111200 -0.350140 0.000000
vt -0.080780 0.491430 0.000000
vt -0.102170 0.456550 0.000000
vt 0.062150 -0.436630 0.000000
vt -0.155850 0.348440 0.000000
vt 0.038380 -0.471200 0.000000
vt -0.197310 0.231640 0.000000
vt -0.006330 -0.534760 0.000000
vt -0.226990 0.108470 0.000000
vt -0.245370 -0.018750 0.000000
vt -0.040230 -0.578280 0.000000
vt -0.252900 -0.147700 0.000000
vt -0.250050 -0.276050 0.000000
vt -0.237280 -0.401490 0.000000
vt -0.215040 -0.521690 0.000000
vt -0.114680 -0.655330 0.000000
vt -0.205690 -0.562160 0.000000
vt -0.191780 -0.617320 0.000000
vt -0.128930 -0.671980 0.000000
vt -0.183910 -0.644800 0.000000
vt -0.143450 -0.683420 0.000000
vt -0.175850 -0.669220 0.000000
vt -0.167910 -0.688350 0.000000
vt -0.160420 -0.699950 0.000000
vt 0.250380 0.141480 0.000000
vt 0.252900 0.243620 0.000000
vt 0.245620 0.344360 0.000000
vn -0.946968 0.321329 0.000000
vn -0.946968 0.321329 0.000000
vn -0.946968 0.321329 0.000000
vn -0.946968 0.321329 0.000000
vn -0.916775 0.399405 0.000000
vn -0.916775 0.399405 0.000000
vn -0.916775 0.399405 0.000000
vn -0.916775 0.399405 0.000000
vn -0.912621 0.408807 0.000000
vn -0.912621 0.408807 0.000000
vn -0.912621 0.408807 0.000000
vn -0.912621 0.408807 0.000000
vn -0.873763 0.486352 0.000000
vn -0.873763 0.486352 0.000000
vn -0.873763 0.486352 0.000000
vn -0.873763 0.486352 0.000000
vn -0.881086 0.472955 0.000000
vn -0.881086 0.472955 0.000000
vn -0.881086 0.472955 0.000000
vn -0.881086 0.472955 0.000000
vn -0.877485 0.479604 0.000000
vn -0.877485 0.479604 0.000000
vn -0.877485 0.479604 0.000000
vn -0.877485 0.479604 0.000000
vn 0.586549 0.809914 -0.000000
vn 0.586549 0.809914 -0.000000
vn 0.586549 0.809914 -0.000000
vn 0.586549 0.809914 -0.000000
vn 0.641477 0.767142 -0.000000
vn 0.641477 0.767142 -0.000000
vn 0.641477 0.767142 -0.000000
vn 0.641477 0.767142 -0.000000
vn 0.689239 0.724535 -0.000000
vn 0.689239 0.724535 -0.000000
vn 0.689239 0.724535 -0.000000
vn 0.689239 0.724535 -0.000000
vn 0.730863 0.682524 -0.000000
vn 0.730863 0.682524 -0.000000
vn 0.730863 0.682524 -0.000000
vn 0.730863 0.682524 -0.000000
vn 0.767197 0.641411 -0.000000
vn 0.767197 0.641411 -0.000000
vn 0.767197 0.641411 -0.000000
vn 0.767197 0.641411 -0.000000
vn 0.799076 0.601230 -0.000000
vn 0.799076 0.601230 -0.000000
vn 0.799076 0.601230 -0.000000
vn 0.799076 0.601230 -0.000000
vn 0.827408 0.561602 -0.000000
vn 0.827408 0.561602 -0.000000
vn 0.827408 0.561602 -0.000000
vn 0.827408 0.561602 -0.000000
vn 0.852471 0.522774 -0.000000
vn 0.852471 0.522774 -0.000000
vn 0.852471 0.522774 -0.000000
vn 0.852471 0.522774 -0.000000
vn 0.895666 0.444726 -0.000000
vn 0.895666 0.444726 -0.000000
vn 0.895666 0.444726 -0.000000
vn 0.895666 0.444726 -0.000000
vn 0.942390 0.334516 -0.000000
vn 0.942390 0.334516 -0.000000
vn 0.942390 0.334516 -0.000000
vn 0.942390 0.334516 -0.000000
vn 0.972173 0.234262 -0.000000
vn 0.972173 0.234262 -0.000000
vn 0.972173 0.234262 -0.000000
vn 0.972173 0.234262 -0.000000
vn 0.989724 0.142990 -0.000000
vn 0.989724 0.142990 -0.000000
vn 0.989724 0.142990 -0.000000
vn 0.989724 0.142990 -0.000000
vn 0.998299 0.058295 -0.000000
vn 0.998299 0.058295 -0.000000
vn 0.998299 0.058295 -0.000000
vn 0.998299 0.058295 -0.000000
vn 0.999754 -0.022199 0.000000
vn 0.999754 -0.022199 0.000000
vn 0.999754 -0.022199 0.000000
vn 0.999754 -0.022199 0.000000
vn 0.994858 -0.101278 0.000000
vn 0.994858 -0.101278 0.000000
vn 0.994858 -0.101278 0.000000
vn 0.994858 -0.101278 0.000000
vn 0.983310 -0.181937 0.000000
vn 0.983310 -0.181937 0.000000
vn 0.983310 -0.181937 0.000000
vn 0.983310 -0.181937 0.000000
vn 0.974334 -0.225106 0.000000
vn 0.974334 -0.225106 0.000000
vn 0.974334 -0.225106 0.000000
vn 0.974334 -0.225106 0.000000
vn 0.969644 -0.244520 0.000000
vn 0.969644 -0.244520 0.000000
vn 0.969644 -0.244520 0.000000
vn 0.969644 -0.244520 0.000000
vn 0.961352 -0.275322 0.000000
vn 0.961352 -0.275322 0.000000
vn 0.961352 -0.275322 0.000000
vn 0.961352 -0.275322 0.000000
vn 0.949612 -0.313427 0.000000
vn 0.949612 -0.313427 0.000000
vn 0.949612 -0.313427 0.000000
vn 0.949612 -0.313427 0.000000
vn 0.923605 -0.383347 0.000000
vn 0.923605 -0.383347 0.000000
vn 0.923605 -0.383347 0.000000
vn 0.923605 -0.383347 0.000000
vn 0.840094 -0.542440 0.000000
vn 0.840094 -0.542440 0.000000
vn 0.840094 -0.542440 0.000000
vn 0.840094 -0.542440 0.000000
vn -0.697759 -0.716332 0.000000
vn -0.697759 -0.716332 0.000000
vn -0.697759 -0.716332 0.000000
vn -0.697759 -0.716332 0.000000
vn -0.618872 -0.785492 0.000000
vn -0.618872 -0.785492 0.000000
vn -0.618872 -0.785492 0.000000
vn -0.618872 -0.785492 0.000000
vn -0.759740 -0.650228 0.000000
vn -0.759740 -0.650228 0.000000
vn -0.759740 -0.650228 0.000000
vn -0.759740 -0.650228 0.000000
vn -0.719136 -0.694869 0.000000
vn -0.719136 -0.694869 0.000000
vn -0.719136 -0.694869 0.000000
vn -0.719136 -0.694869 0.000000
vn -0.788903 -0.614518 0.000000
vn -0.788903 -0.614518 0.000000
vn -0.788903 -0.614518 0.000000
vn -0.788903 -0.614518 0.000000
vn -0.817912 -0.575344 0.000000
vn -0.817912 -0.575344 0.000000
vn -0.817912 -0.575344 0.000000
vn -0.817912 -0.575344 0.000000
vn -0.824007 -0.566579 0.000000
vn -0.824007 -0.566579 0.000000
vn -0.824007 -0.566579 0.000000
vn -0.824007 -0.566579 0.000000
vn -0.869854 -0.493309 0.000000
vn -0.869854 -0.493309 0.000000
vn -0.869854 -0.493309 0.000000
vn -0.869854 -0.493309 0.000000
vn -0.906784 -0.421595 0.000000
vn -0.906784 -0.421595 0.000000
vn -0.906784 -0.421595 0.000000
vn -0.906784 -0.421595 0.000000
vn -0.937047 -0.349203 0.000000
vn -0.937047 -0.349203 0.000000
vn -0.937047 -0.349203 0.000000
vn -0.937047 -0.349203 0.000000
vn -0.961524 -0.274721 0.000000
vn -0.961524 -0.274721 0.000000
vn -0.961524 -0.274721 0.000000
vn -0.961524 -0.274721 0.000000
vn -0.980432 -0.196859 0.000000
vn -0.980432 -0.196859 0.000000
vn -0.980432 -0.196859 0.000000
vn -0.980432 -0.196859 0.000000
vn -0.993492 -0.113902 0.000000
vn -0.993492 -0.113902 0.000000
vn -0.993492 -0.113902 0.000000
vn -0.993492 -0.113902 0.000000
vn -0.999696 -0.024665 0.000000
vn -0.999696 -0.024665 0.000000
vn -0.999696 -0.024665 0.000000
vn -0.999696 -0.024665 0.000000
vn -0.997399 0.072077 0.000000
vn -0.997399 0.072077 0.000000
vn -0.997399 0.072077 0.000000
vn -0.997399 0.072077 0.000000
vn -0.990716 0.135944 0.000000
vn -0.990716 0.135944 0.000000
vn -0.990716 0.135944 0.000000
vn -0.990716 0.135944 0.000000
vn -0.984578 0.174945 0.000000
vn -0.984578 0.174945 0.000000
vn -0.984578 0.174945 0.000000
vn -0.984578 0.174945 0.000000
vn -0.975387 0.220500 0.000000
vn -0.975387 0.220500 0.000000
vn -0.975387 0.220500 0.000000
vn -0.975387 0.220500 0.000000
vn -0.964676 0.263441 0.000000
vn -0.964676 0.263441 0.000000
vn -0.964676 0.263441 0.000000
vn -0.964676 0.263441 0.000000
vn 0.000000 0.000000 1.000000
vn 0.000000 0.000000 1.000000
vn 0.000000 0.000000 1.000000
vn 0.000000 0.000000 1.000000
vn 0.000000 0.000000 1.000000
vn 0.000000 0.000000 1.000000
vn 0.000000 0.000000 1.000000
vn 0.000000 0.000000 1.000000
vn 0.000000 0.000000 1.000000
vn 0.000000 0.000000 1.000000
vn 0.000000 0.000000 1.000000
vn 0.000000 0.000000 1.000000
vn 0.000000 0.000000 1.000000
vn 0.000000 0.000000 1.000000
vn 0.000000 0.000000 1.000000
vn 0.000000 0.000000 1.000000
vn 0.000000 0.000000 1.000000
vn 0.000000 0.000000 1.000000
vn 0.000000 0.000000 1.000000
vn 0.000000 0.000000 1.000000
vn 0.000000 0.000000 1.000000
vn 0.000000 0.000000 1.000000
vn 0.000000 0.000000 1.000000
vn 0.000000 0.000000 1.000000
vn 0.000000 0.000000 1.000000
vn 0.000000 0.000000 1.000000
vn 0.000000 0.000000 1.000000
vn 0.000000 0.000000 1.000000
vn 0.000000 0.000000 1.000000
vn 0.000000 0.000000 1.000000
vn 0.000000 0.000000 1.000000
vn 0.000000 0.000000 1.000000
vn 0.000000 0.000000 1.000000
vn 0.000000 0.000000 1.000000
vn 0.000000 0.000000 1.000000
vn 0.000000 0.000000 1.000000
vn 0.000000 0.000000 1.000000
vn 0.000000 0.000000 1.000000
vn 0.000000 0.000000 1.000000
vn 0.000000 0.000000 1.000000
vn 0.000000 0.000000 1.000000
vn 0.000000 0.000000 1.000000
vn 0.000000 0.000000 1.000000
vn 0.000000 0.000000 1.000000
vn 0.000000 0.000000 1.000000
vn 0.000000 0.000000 1.000000
vn 0.000000 0.000000 1.000000
vn -0.000000 0.000000 -1.000000
vn -0.000000 0.000000 -1.000000
vn -0.000000 0.000000 -1.000000
vn -0.000000 0.000000 -1.000000
vn -0.000000 0.000000 -1.000000
vn -0.000000 0.000000 -1.000000
vn -0.000000 0.000000 -1.000000
vn -0.000000 0.000000 -1.000000
vn -0.000000 0.000000 -1.000000
vn -0.000000 0.000000 -1.000000
vn -0.000000 0.000000 -1.000000
vn -0.000000 0.000000 -1.000000
vn -0.000000 0.000000 -1.000000
vn -0.000000 0.000000 -1.000000
vn -0.000000 0.000000 -1.000000
vn -0.000000 0.000000 -1.000000
vn -0.000000 0.000000 -1.000000
vn -0.000000 0.000000 -1.000000
vn -0.000000 0.000000 -1.000000
vn -0.000000 0.000000 -1.000000
vn -0.000000 0.000000 -1.000000
vn -0.000000 0.000000 -1.000000
vn -0.000000 0.000000 -1.000000
vn -0.000000 0.000000 -1.000000
vn -0.000000 0.000000 -1.000000
vn -0.000000 0.000000 -1.000000
vn -0.000000 0.000000 -1.000000
vn -0.000000 0.000000 -1.000000
vn -0.000000 0.000000 -1.000000
vn -0.000000 0.000000 -1.000000
vn -0.000000 0.000000 -1.000000
vn -0.000000 0.000000 -1.000000
vn -0.000000 0.000000 -1.000000
vn -0.000000 0.000000 -1.000000
vn -0.000000 0.000000 -1.000000
vn -0.000000 0.000000 -1.000000
vn -0.000000 0.000000 -1.000000
vn -0.000000 0.000000 -1.000000
vn -0.000000 0.000000 -1.000000
vn -0.000000 0.000000 -1.000000
vn -0.000000 0.000000 -1.000000
vn -0.000000 0.000000 -1.000000
vn -0.000000 0.000000 -1.000000
vn -0.000000 0.000000 -1.000000
vn -0.000000 0.000000 -1.000000
vn -0.000000 0.000000 -1.000000
vn -0.000000 0.000000 -1.000000
usemtl ABS_(blanco)_(1)_(1)
f 1257/3769/3769 1258/3770/3770 1260/3771/3771
f 1260/3771/3771 1258/3770/3770 1259/3772/3772
f 1261/3773/3773 1257/3774/3774 1262/3775/3775
f 1262/3775/3775 1257/3774/3774 1260/3776/3776
f 1263/3777/3777 1261/3778/3778 1264/3779/3779
f 1264/3779/3779 1261/3778/3778 1262/3780/3780
f 1265/3781/3781 1263/3782/3782 1266/3783/3783
f 1266/3783/3783 1263/3782/3782 1264/3784/3784
f 1267/3785/3785 1265/3786/3786 1268/3787/3787
f 1268/3787/3787 1265/3786/3786 1266/3788/3788
f 1269/3789/3789 1267/3790/3790 1270/3791/3791
f 1270/3791/3791 1267/3790/3790 1268/3792/3792
f 1271/3793/3793 1269/3794/3794 1272/3795/3795
f 1272/3795/3795 1269/3794/3794 1270/3796/3796
f 1273/3797/3797 1271/3798/3798 1274/3799/3799
f 1274/3799/3799 1271/3798/3798 1272/3800/3800
f 1275/3801/3801 1273/3802/3802 1276/3803/3803
f 1276/3803/3803 1273/3802/3802 1274/3804/3804
f 1277/3805/3805 1275/3806/3806 1278/3807/3807
f 1278/3807/3807 1275/3806/3806 1276/3808/3808
f 1279/3809/3809 1277/3810/3810 1280/3811/3811
f 1280/3811/3811 1277/3810/3810 1278/3812/3812
f 1281/3813/3813 1279/3814/3814 1282/3815/3815
f 1282/3815/3815 1279/3814/3814 1280/3816/3816
f 1283/3817/3817 1281/3818/3818 1284/3819/3819
f 1284/3819/3819 1281/3818/3818 1282/3820/3820
f 1285/3821/3821 1283/3822/3822 1286/3823/3823
f 1286/3823/3823 1283/3822/3822 1284/3824/3824
f 1287/3825/3825 1285/3826/3826 1288/3827/3827
f 1288/3827/3827 1285/3826/3826 1286/3828/3828
f 1289/3829/3829 1287/3830/3830 1290/3831/3831
f 1290/3831/3831 1287/3830/3830 1288/3832/3832
f 1291/3833/3833 1289/3834/3834 1292/3835/3835
f 1292/3835/3835 1289/3834/3834 1290/3836/3836
f 1293/3837/3837 1291/3838/3838 1294/3839/3839
f 1294/3839/3839 1291/3838/3838 1292/3840/3840
f 1295/3841/3841 1293/3842/3842 1296/3843/3843
f 1296/3843/3843 1293/3842/3842 1294/3844/3844
f 1297/3845/3845 1295/3846/3846 1298/3847/3847
f 1298/3847/3847 1295/3846/3846 1296/3848/3848
f 1299/3849/3849 1297/3850/3850 1300/3851/3851
f 1300/3851/3851 1297/3850/3850 1298/3852/3852
f 1301/3853/3853 1299/3854/3854 1302/3855/3855
f 1302/3855/3855 1299/3854/3854 1300/3856/3856
f 1303/3857/3857 1301/3858/3858 1304/3859/3859
f 1304/3859/3859 1301/3858/3858 1302/3860/3860
f 1305/3861/3861 1303/3862/3862 1306/3863/3863
f 1306/3863/3863 1303/3862/3862 1304/3864/3864
f 1307/3865/3865 1305/3866/3866 1308/3867/3867
f 1308/3867/3867 1305/3866/3866 1306/3868/3868
f 1309/3869/3869 1307/3870/3870 1310/3871/3871
f 1310/3871/3871 1307/3870/3870 1308/3872/3872
f 1311/3873/3873 1309/3874/3874 1312/3875/3875
f 1312/3875/3875 1309/3874/3874 1310/3876/3876
f 1313/3877/3877 1311/3878/3878 1314/3879/3879
f 1314/3879/3879 1311/3878/3878 1312/3880/3880
f 1315/3881/3881 1313/3882/3882 1316/3883/3883
f 1316/3883/3883 1313/3882/3882 1314/3884/3884
f 1317/3885/3885 1315/3886/3886 1318/3887/3887
f 1318/3887/3887 1315/3886/3886 1316/3888/3888
f 1319/3889/3889 1317/3890/3890 1320/3891/3891
f 1320/3891/3891 1317/3890/3890 1318/3892/3892
f 1321/3893/3893 1319/3894/3894 1322/3895/3895
f 1322/3895/3895 1319/3894/3894 1320/3896/3896
f 1323/3897/3897 1321/3898/3898 1324/3899/3899
f 1324/3899/3899 1321/3898/3898 1322/3900/3900
f 1325/3901/3901 1323/3902/3902 1326/3903/3903
f 1326/3903/3903 1323/3902/3902 1324/3904/3904
f 1327/3905/3905 1325/3906/3906 1328/3907/3907
f 1328/3907/3907 1325/3906/3906 1326/3908/3908
f 1329/3909/3909 1327/3910/3910 1330/3911/3911
f 1330/3911/3911 1327/3910/3910 1328/3912/3912
f 1331/3913/3913 1329/3914/3914 1332/3915/3915
f 1332/3915/3915 1329/3914/3914 1330/3916/3916
f 1333/3917/3917 1331/3918/3918 1334/3919/3919
f 1334/3919/3919 1331/3918/3918 1332/3920/3920
f 1335/3921/3921 1333/3922/3922 1336/3923/3923
f 1336/3923/3923 1333/3922/3922 1334/3924/3924
f 1337/3925/3925 1335/3926/3926 1338/3927/3927
f 1338/3927/3927 1335/3926/3926 1336/3928/3928
f 1339/3929/3929 1337/3930/3930 1340/3931/3931
f 1340/3931/3931 1337/3930/3930 1338/3932/3932
f 1341/3933/3933 1339/3934/3934 1342/3935/3935
f 1342/3935/3935 1339/3934/3934 1340/3936/3936
f 1343/3937/3937 1341/3938/3938 1344/3939/3939
f 1344/3939/3939 1341/3938/3938 1342/3940/3940
f 1345/3941/3941 1343/3942/3942 1346/3943/3943
f 1346/3943/3943 1343/3942/3942 1344/3944/3944
f 1347/3945/3945 1345/3946/3946 1348/3947/3947
f 1348/3947/3947 1345/3946/3946 1346/3948/3948
f 1349/3949/3949 1347/3950/3950 1350/3951/3951
f 1350/3951/3951 1347/3950/3950 1348/3952/3952
f 1258/3953/3953 1349/3954/3954 1259/3955/3955
f 1259/3955/3955 1349/3954/3954 1350/3956/3956
f 1260/3957/3957 1259/3958/3958 1262/3959/3959
f 1262/3959/3959 1259/3958/3958 1350/3960/3960
f 1262/3959/3959 1350/3960/3960 1348/3961/3961
f 1348/3961/3961 1346/3962/3962 1262/3959/3959
f 1262/3959/3959 1346/3962/3962 1276/3963/3963
f 1262/3959/3959 1276/3963/3963 1264/3964/3964
f 1264/3964/3964 1276/3963/3963 1274/3965/3965
f 1264/3964/3964 1274/3965/3965 1266/3966/3966
f 1266/3966/3966 1274/3965/3965 1272/3967/3967
f 1266/3966/3966 1272/3967/3967 1268/3968/3968
f 1268/3968/3968 1272/3967/3967 1270/3969/3969
f 1346/3962/3962 1344/3970/3970 1276/3963/3963
f 1276/3963/3963 1344/3970/3970 1342/3971/3971
f 1276/3963/3963 1342/3971/3971 1340/3972/3972
f 1340/3972/3972 1338/3973/3973 1276/3963/3963
f 1276/3963/3963 1338/3973/3973 1336/3974/3974
f 1276/3963/3963 1336/3974/3974 1334/3975/3975
f 1276/3963/3963 1334/3975/3975 1278/3976/3976
f 1278/3976/3976 1334/3975/3975 1332/3977/3977
f 1278/3976/3976 1332/3977/3977 1280/3978/3978
f 1280/3978/3978 1332/3977/3977 1282/3979/3979
f 1282/3979/3979 1332/3977/3977 1330/3980/3980
f 1282/3979/3979 1330/3980/3980 1284/3981/3981
f 1284/3981/3981 1330/3980/3980 1286/3982/3982
f 1286/3982/3982 1330/3980/3980 1328/3983/3983
f 1286/3982/3982 1328/3983/3983 1288/3984/3984
f 1288/3984/3984 1328/3983/3983 1326/3985/3985
f 1288/3984/3984 1326/3985/3985 1290/3986/3986
f 1290/3986/3986 1326/3985/3985 1324/3987/3987
f 1290/3986/3986 1324/3987/3987 1292/3988/3988
f 1292/3988/3988 1324/3987/3987 1294/3989/3989
f 1294/3989/3989 1324/3987/3987 1322/3990/3990
f 1294/3989/3989 1322/3990/3990 1296/3991/3991
f 1296/3991/3991 1322/3990/3990 1298/3992/3992
f 1298/3992/3992 1322/3990/3990 1300/3993/3993
f 1300/3993/3993 1322/3990/3990 1302/3994/3994
f 1302/3994/3994 1322/3990/3990 1320/3995/3995
f 1302/3994/3994 1320/3995/3995 1304/3996/3996
f 1304/3996/3996 1320/3995/3995 1306/3997/3997
f 1306/3997/3997 1320/3995/3995 1318/3998/3998
f 1306/3997/3997 1318/3998/3998 1308/3999/3999
f 1308/3999/3999 1318/3998/3998 1316/4000/4000
f 1308/3999/3999 1316/4000/4000 1310/4001/4001
f 1310/4001/4001 1316/4000/4000 1312/4002/4002
f 1312/4002/4002 1316/4000/4000 1314/4003/4003
f 1347/4004/4004 1349/4005/4005 1261/4006/4006
f 1261/4006/4006 1349/4005/4005 1258/4007/4007
f 1261/4006/4006 1258/4007/4007 1257/4008/4008
f 1263/4009/4009 1275/4010/4010 1261/4006/4006
f 1261/4006/4006 1275/4010/4010 1345/4011/4011
f 1261/4006/4006 1345/4011/4011 1347/4004/4004
f 1275/4010/4010 1263/4009/4009 1273/4012/4012
f 1273/4012/4012 1263/4009/4009 1265/4013/4013
f 1273/4012/4012 1265/4013/4013 1271/4014/4014
f 1271/4014/4014 1265/4013/4013 1267/4015/4015
f 1271/4014/4014 1267/4015/4015 1269/4016/4016
f 1277/4017/4017 1333/4018/4018 1275/4010/4010
f 1275/4010/4010 1333/4018/4018 1335/4019/4019
f 1275/4010/4010 1335/4019/4019 1337/4020/4020
f 1333/4018/4018 1277/4017/4017 1331/4021/4021
f 1331/4021/4021 1277/4017/4017 1279/4022/4022
f 1331/4021/4021 1279/4022/4022 1281/4023/4023
f 1331/4021/4021 1281/4023/4023 1329/4024/4024
f 1329/4024/4024 1281/4023/4023 1283/4025/4025
f 1329/4024/4024 1283/4025/4025 1285/4026/4026
f 1329/4024/4024 1285/4026/4026 1327/4027/4027
f 1327/4027/4027 1285/4026/4026 1287/4028/4028
f 1327/4027/4027 1287/4028/4028 1325/4029/4029
f 1325/4029/4029 1287/4028/4028 1289/4030/4030
f 1325/4029/4029 1289/4030/4030 1323/4031/4031
f 1323/4031/4031 1289/4030/4030 1291/4032/4032
f 1323/4031/4031 1291/4032/4032 1293/4033/4033
f 1323/4031/4031 1293/4033/4033 1321/4034/4034
f 1321/4034/4034 1293/4033/4033 1295/4035/4035
f 1321/4034/4034 1295/4035/4035 1297/4036/4036
f 1297/4036/4036 1299/4037/4037 1321/4034/4034
f 1321/4034/4034 1299/4037/4037 1301/4038/4038
f 1321/4034/4034 1301/4038/4038 1319/4039/4039
f 1319/4039/4039 1301/4038/4038 1303/4040/4040
f 1319/4039/4039 1303/4040/4040 1305/4041/4041
f 1319/4039/4039 1305/4041/4041 1317/4042/4042
f 1317/4042/4042 1305/4041/4041 1307/4043/4043
f 1317/4042/4042 1307/4043/4043 1315/4044/4044
f 1315/4044/4044 1307/4043/4043 1309/4045/4045
f 1315/4044/4044 1309/4045/4045 1311/4046/4046
f 1311/4046/4046 1313/4047/4047 1315/4044/4044
f 1337/4020/4020 1339/4048/4048 1275/4010/4010
f 1275/4010/4010 1339/4048/4048 1341/4049/4049
f 1275/4010/4010 1341/4049/4049 1343/4050/4050
f 1343/4050/4050 1345/4011/4011 1275/4010/4010
g negro (2)

v 28.306470 -948.115110 0.000000
v 28.322380 -948.049890 0.000000
v 28.322380 -948.049890 0.060000
v 28.306470 -948.115110 0.060000
v 28.287120 -948.174890 0.000000
v 28.287120 -948.174890 0.060000
v 28.245370 -948.287840 0.000000
v 28.245370 -948.287840 0.060000
v 28.222960 -948.338310 0.000000
v 28.222960 -948.338310 0.060000
v 28.184670 -948.411890 0.000000
v 28.184670 -948.411890 0.060000
v 28.142550 -948.486100 0.000000
v 28.142550 -948.486100 0.060000
v 28.108640 -948.538460 0.000000
v 28.108640 -948.538460 0.060000
v 28.025440 -948.649050 0.000000
v 28.025440 -948.649050 0.060000
v 27.988970 -948.690510 0.000000
v 27.988970 -948.690510 0.060000
v 27.956510 -948.723740 0.000000
v 27.956510 -948.723740 0.060000
v 27.936000 -948.749610 0.000000
v 27.936000 -948.749610 0.060000
v 27.933730 -948.747500 0.000000
v 27.933730 -948.747500 0.060000
v 27.879770 -948.676300 0.000000
v 27.879770 -948.676300 0.060000
v 27.831080 -948.597230 0.000000
v 27.831080 -948.597230 0.060000
v 27.788380 -948.516220 0.000000
v 27.788380 -948.516220 0.060000
v 27.751600 -948.433140 0.000000
v 27.751600 -948.433140 0.060000
v 27.720660 -948.347820 0.000000
v 27.720660 -948.347820 0.060000
v 27.695500 -948.260120 0.000000
v 27.695500 -948.260120 0.060000
v 27.676050 -948.169900 0.000000
v 27.676050 -948.169900 0.060000
v 27.662230 -948.076990 0.000000
v 27.662230 -948.076990 0.060000
v 27.653970 -947.981250 0.000000
v 27.653970 -947.981250 0.060000
v 27.651760 -947.920740 0.000000
v 27.651760 -947.920740 0.060000
v 27.652000 -947.860190 0.000000
v 27.652000 -947.860190 0.060000
v 27.654670 -947.799870 0.000000
v 27.654670 -947.799870 0.060000
v 27.659800 -947.740040 0.000000
v 27.659800 -947.740040 0.060000
v 27.667370 -947.680950 0.000000
v 27.667370 -947.680950 0.060000
v 27.677410 -947.622860 0.000000
v 27.677410 -947.622860 0.060000
v 27.689920 -947.566040 0.000000
v 27.689920 -947.566040 0.060000
v 27.704890 -947.510730 0.000000
v 27.704890 -947.510730 0.060000
v 27.717540 -947.471760 0.000000
v 27.717540 -947.471760 0.060000
v 27.733390 -947.429170 0.000000
v 27.733390 -947.429170 0.060000
v 27.751990 -947.384530 0.000000
v 27.751990 -947.384530 0.060000
v 27.772920 -947.339390 0.000000
v 27.772920 -947.339390 0.060000
v 27.795750 -947.295280 0.000000
v 27.795750 -947.295280 0.060000
v 27.820040 -947.253780 0.000000
v 27.820040 -947.253780 0.060000
v 27.845370 -947.216430 0.000000
v 27.845370 -947.216430 0.060000
v 27.871300 -947.184780 0.000000
v 27.871300 -947.184780 0.060000
v 27.885610 -947.159190 0.000000
v 27.885610 -947.159190 0.060000
v 27.900810 -947.161290 0.000000
v 27.900810 -947.161290 0.060000
v 27.922180 -947.165230 0.000000
v 27.922180 -947.165230 0.060000
v 27.948330 -947.174580 0.000000
v 27.948330 -947.174580 0.060000
v 27.977580 -947.188000 0.000000
v 27.977580 -947.188000 0.060000
v 28.008250 -947.204160 0.000000
v 28.008250 -947.204160 0.060000
v 28.067140 -947.239440 0.000000
v 28.067140 -947.239440 0.060000
v 28.111580 -947.269790 0.000000
v 28.111580 -947.269790 0.060000
v 28.156050 -947.307900 0.000000
v 28.156050 -947.307900 0.060000
v 28.195230 -947.348810 0.000000
v 28.195230 -947.348810 0.060000
v 28.203780 -947.359910 0.000000
v 28.203780 -947.359910 0.060000
v 28.227780 -947.394090 0.000000
v 28.227780 -947.394090 0.060000
v 28.244810 -947.418230 0.000000
v 28.244810 -947.418230 0.060000
v 28.261130 -947.446700 0.000000
v 28.261130 -947.446700 0.060000
v 28.276500 -947.478270 0.000000
v 28.276500 -947.478270 0.060000
v 28.290680 -947.511700 0.000000
v 28.290680 -947.511700 0.060000
v 28.314470 -947.579150 0.000000
v 28.314470 -947.579150 0.060000
v 28.330550 -947.639110 0.000000
v 28.330550 -947.639110 0.060000
v 28.340910 -947.701440 0.000000
v 28.340910 -947.701440 0.060000
v 28.346230 -947.768470 0.000000
v 28.346230 -947.768470 0.060000
v 28.346770 -947.838530 0.000000
v 28.346770 -947.838530 0.060000
v 28.342800 -947.909910 0.000000
v 28.342800 -947.909910 0.060000
v 28.334580 -947.980930 0.000000
v 28.334580 -947.980930 0.060000
vt 0.000000 0.000000 0.000000
vt 0.067133 0.000000 0.000000
vt 0.000000 0.060000 0.000000
vt 0.067133 0.060000 0.000000
vt 0.000000 0.000000 0.000000
vt 0.062834 0.000000 0.000000
vt 0.000000 0.060000 0.000000
vt 0.062834 0.060000 0.000000
vt 0.000000 0.000000 0.000000
vt 0.120419 0.000000 0.000000
vt 0.000000 0.060000 0.000000
vt 0.120419 0.060000 0.000000
vt 0.000000 0.000000 0.000000
vt 0.055222 0.000000 0.000000
vt 0.000000 0.060000 0.000000
vt 0.055222 0.060000 0.000000
vt 0.000000 0.000000 0.000000
vt 0.082947 0.000000 0.000000
vt 0.000000 0.060000 0.000000
vt 0.082947 0.060000 0.000000
vt 0.000000 0.000000 0.000000
vt 0.085330 0.000000 0.000000
vt 0.000000 0.060000 0.000000
vt 0.085330 0.060000 0.000000
vt 0.000000 0.000000 0.000000
vt 0.062382 0.000000 0.000000
vt 0.000000 0.060000 0.000000
vt 0.062382 0.060000 0.000000
vt 0.000000 0.000000 0.000000
vt 0.138392 0.000000 0.000000
vt 0.000000 0.060000 0.000000
vt 0.138392 0.060000 0.000000
vt 0.000000 0.000000 0.000000
vt 0.055218 0.000000 0.000000
vt 0.000000 0.060000 0.000000
vt 0.055218 0.060000 0.000000
vt 0.000000 0.000000 0.000000
vt 0.046453 0.000000 0.000000
vt 0.000000 0.060000 0.000000
vt 0.046453 0.060000 0.000000
vt 0.000000 0.000000 0.000000
vt 0.033014 0.000000 0.000000
vt 0.000000 0.060000 0.000000
vt 0.033014 0.060000 0.000000
vt 0.000000 0.000000 0.000000
vt 0.003099 0.000000 0.000000
vt 0.000000 0.060000 0.000000
vt 0.003099 0.060000 0.000000
vt 0.000000 0.000000 0.000000
vt 0.089337 0.000000 0.000000
vt 0.000000 0.060000 0.000000
vt 0.089337 0.060000 0.000000
vt 0.000000 0.000000 0.000000
vt 0.092859 0.000000 0.000000
vt 0.000000 0.060000 0.000000
vt 0.092859 0.060000 0.000000
vt 0.000000 0.000000 0.000000
vt 0.091575 0.000000 0.000000
vt 0.000000 0.060000 0.000000
vt 0.091575 0.060000 0.000000
vt 0.000000 0.000000 0.000000
vt 0.090857 0.000000 0.000000
vt 0.000000 0.060000 0.000000
vt 0.090857 0.060000 0.000000
vt 0.000000 0.000000 0.000000
vt 0.090757 0.000000 0.000000
vt 0.000000 0.060000 0.000000
vt 0.090757 0.060000 0.000000
vt 0.000000 0.000000 0.000000
vt 0.091238 0.000000 0.000000
vt 0.000000 0.060000 0.000000
vt 0.091238 0.060000 0.000000
vt 0.000000 0.000000 0.000000
vt 0.092293 0.000000 0.000000
vt 0.000000 0.060000 0.000000
vt 0.092293 0.060000 0.000000
vt 0.000000 0.000000 0.000000
vt 0.093932 0.000000 0.000000
vt 0.000000 0.060000 0.000000
vt 0.093932 0.060000 0.000000
vt 0.000000 0.000000 0.000000
vt 0.096096 0.000000 0.000000
vt 0.000000 0.060000 0.000000
vt 0.096096 0.060000 0.000000
vt 0.000000 0.000000 0.000000
vt 0.060550 0.000000 0.000000
vt 0.000000 0.060000 0.000000
vt 0.060550 0.060000 0.000000
vt 0.000000 0.000000 0.000000
vt 0.060550 0.000000 0.000000
vt 0.000000 0.060000 0.000000
vt 0.060550 0.060000 0.000000
vt 0.000000 0.000000 0.000000
vt 0.060379 0.000000 0.000000
vt 0.000000 0.060000 0.000000
vt 0.060379 0.060000 0.000000
vt 0.000000 0.000000 0.000000
vt 0.060050 0.000000 0.000000
vt 0.000000 0.060000 0.000000
vt 0.060050 0.060000 0.000000
vt 0.000000 0.000000 0.000000
vt 0.059573 0.000000 0.000000
vt 0.000000 0.060000 0.000000
vt 0.059573 0.060000 0.000000
vt 0.000000 0.000000 0.000000
vt 0.058951 0.000000 0.000000
vt 0.000000 0.060000 0.000000
vt 0.058951 0.060000 0.000000
vt 0.000000 0.000000 0.000000
vt 0.058181 0.000000 0.000000
vt 0.000000 0.060000 0.000000
vt 0.058181 0.060000 0.000000
vt 0.000000 0.000000 0.000000
vt 0.057300 0.000000 0.000000
vt 0.000000 0.060000 0.000000
vt 0.057300 0.060000 0.000000
vt 0.000000 0.000000 0.000000
vt 0.040972 0.000000 0.000000
vt 0.000000 0.060000 0.000000
vt 0.040972 0.060000 0.000000
vt 0.000000 0.000000 0.000000
vt 0.045444 0.000000 0.000000
vt 0.000000 0.060000 0.000000
vt 0.045444 0.060000 0.000000
vt 0.000000 0.000000 0.000000
vt 0.048360 0.000000 0.000000
vt 0.000000 0.060000 0.000000
vt 0.048360 0.060000 0.000000
vt 0.000000 0.000000 0.000000
vt 0.049756 0.000000 0.000000
vt 0.000000 0.060000 0.000000
vt 0.049756 0.060000 0.000000
vt 0.000000 0.000000 0.000000
vt 0.049668 0.000000 0.000000
vt 0.000000 0.060000 0.000000
vt 0.049668 0.060000 0.000000
vt 0.000000 0.000000 0.000000
vt 0.048086 0.000000 0.000000
vt 0.000000 0.060000 0.000000
vt 0.048086 0.060000 0.000000
vt 0.000000 0.000000 0.000000
vt 0.045129 0.000000 0.000000
vt 0.000000 0.060000 0.000000
vt 0.045129 0.060000 0.000000
vt 0.000000 0.000000 0.000000
vt 0.040916 0.000000 0.000000
vt 0.000000 0.060000 0.000000
vt 0.040916 0.060000 0.000000
vt 0.000000 0.000000 0.000000
vt 0.029319 0.000000 0.000000
vt 0.000000 0.060000 0.000000
vt 0.029319 0.060000 0.000000
vt 0.000000 0.000000 0.000000
vt 0.015344 0.000000 0.000000
vt 0.000000 0.060000 0.000000
vt 0.015344 0.060000 0.000000
vt 0.000000 0.000000 0.000000
vt 0.021730 0.000000 0.000000
vt 0.000000 0.060000 0.000000
vt 0.021730 0.060000 0.000000
vt 0.000000 0.000000 0.000000
vt 0.027771 0.000000 0.000000
vt 0.000000 0.060000 0.000000
vt 0.027771 0.060000 0.000000
vt 0.000000 0.000000 0.000000
vt 0.032182 0.000000 0.000000
vt 0.000000 0.060000 0.000000
vt 0.032182 0.060000 0.000000
vt 0.000000 0.000000 0.000000
vt 0.034667 0.000000 0.000000
vt 0.000000 0.060000 0.000000
vt 0.034667 0.060000 0.000000
vt 0.000000 0.000000 0.000000
vt 0.068649 0.000000 0.000000
vt 0.000000 0.060000 0.000000
vt 0.068649 0.060000 0.000000
vt 0.000000 0.000000 0.000000
vt 0.053815 0.000000 0.000000
vt 0.000000 0.060000 0.000000
vt 0.053815 0.060000 0.000000
vt 0.000000 0.000000 0.000000
vt 0.058566 0.000000 0.000000
vt 0.000000 0.060000 0.000000
vt 0.058566 0.060000 0.000000
vt 0.000000 0.000000 0.000000
vt 0.056645 0.000000 0.000000
vt 0.000000 0.060000 0.000000
vt 0.056645 0.060000 0.000000
vt 0.000000 0.000000 0.000000
vt 0.014011 0.000000 0.000000
vt 0.000000 0.060000 0.000000
vt 0.014011 0.060000 0.000000
vt 0.000000 0.000000 0.000000
vt 0.041764 0.000000 0.000000
vt 0.000000 0.060000 0.000000
vt 0.041764 0.060000 0.000000
vt 0.000000 0.000000 0.000000
vt 0.029543 0.000000 0.000000
vt 0.000000 0.060000 0.000000
vt 0.029543 0.060000 0.000000
vt 0.000000 0.000000 0.000000
vt 0.032816 0.000000 0.000000
vt 0.000000 0.060000 0.000000
vt 0.032816 0.060000 0.000000
vt 0.000000 0.000000 0.000000
vt 0.035113 0.000000 0.000000
vt 0.000000 0.060000 0.000000
vt 0.035113 0.060000 0.000000
vt 0.000000 0.000000 0.000000
vt 0.036313 0.000000 0.000000
vt 0.000000 0.060000 0.000000
vt 0.036313 0.060000 0.000000
vt 0.000000 0.000000 0.000000
vt 0.071522 0.000000 0.000000
vt 0.000000 0.060000 0.000000
vt 0.071522 0.060000 0.000000
vt 0.000000 0.000000 0.000000
vt 0.062079 0.000000 0.000000
vt 0.000000 0.060000 0.000000
vt 0.062079 0.060000 0.000000
vt 0.000000 0.000000 0.000000
vt 0.063185 0.000000 0.000000
vt 0.000000 0.060000 0.000000
vt 0.063185 0.060000 0.000000
vt 0.000000 0.000000 0.000000
vt 0.067241 0.000000 0.000000
vt 0.000000 0.060000 0.000000
vt 0.067241 0.060000 0.000000
vt 0.000000 0.000000 0.000000
vt 0.070062 0.000000 0.000000
vt 0.000000 0.060000 0.000000
vt 0.070062 0.060000 0.000000
vt 0.000000 0.000000 0.000000
vt 0.071490 0.000000 0.000000
vt 0.000000 0.060000 0.000000
vt 0.071490 0.060000 0.000000
vt 0.000000 0.000000 0.000000
vt 0.071494 0.000000 0.000000
vt 0.000000 0.060000 0.000000
vt 0.071494 0.060000 0.000000
vt 0.000000 0.000000 0.000000
vt 0.070031 0.000000 0.000000
vt 0.000000 0.060000 0.000000
vt 0.070031 0.060000 0.000000
vt 0.335315 -0.026530 0.000000
vt 0.291415 0.442700 0.000000
vt 0.323115 -0.095490 0.000000
vt 0.277235 0.476130 0.000000
vt 0.307205 -0.160710 0.000000
vt 0.261865 0.507700 0.000000
vt 0.245545 0.536170 0.000000
vt 0.343535 0.044490 0.000000
vt 0.347505 0.115870 0.000000
vt 0.315205 0.375250 0.000000
vt 0.346965 0.185930 0.000000
vt 0.341645 0.252960 0.000000
vt 0.331285 0.315290 0.000000
vt 0.228515 0.560310 0.000000
vt 0.287855 -0.220490 0.000000
vt 0.204515 0.594490 0.000000
vt 0.195965 0.605590 0.000000
vt 0.246105 -0.333440 0.000000
vt 0.156785 0.646500 0.000000
vt 0.223695 -0.383910 0.000000
vt 0.112315 0.684610 0.000000
vt 0.185405 -0.457490 0.000000
vt 0.067875 0.714960 0.000000
vt 0.143285 -0.531700 0.000000
vt -0.303765 -0.305720 0.000000
vt -0.278605 -0.393420 0.000000
vt 0.008985 0.750240 0.000000
vt -0.265875 0.525230 0.000000
vt -0.281725 0.482640 0.000000
vt -0.294375 0.443670 0.000000
vt -0.021685 0.766400 0.000000
vt -0.203515 0.659120 0.000000
vt -0.226345 0.615010 0.000000
vt -0.247275 0.569870 0.000000
vt -0.179225 0.700620 0.000000
vt -0.050935 0.779820 0.000000
vt -0.153895 0.737970 0.000000
vt -0.077085 0.789170 0.000000
vt -0.127965 0.769620 0.000000
vt -0.098455 0.793110 0.000000
vt -0.113655 0.795210 0.000000
vt -0.309345 0.388360 0.000000
vt -0.321855 0.331540 0.000000
vt -0.331895 0.273450 0.000000
vt -0.339465 0.214360 0.000000
vt -0.344595 0.154530 0.000000
vt -0.347265 0.094210 0.000000
vt -0.347505 0.033660 0.000000
vt -0.345295 -0.026850 0.000000
vt -0.337035 -0.122590 0.000000
vt -0.323215 -0.215500 0.000000
vt 0.109375 -0.584060 0.000000
vt -0.247665 -0.478740 0.000000
vt -0.210885 -0.561820 0.000000
vt -0.168185 -0.642830 0.000000
vt 0.026175 -0.694650 0.000000
vt -0.010295 -0.736110 0.000000
vt -0.119495 -0.721900 0.000000
vt -0.042755 -0.769340 0.000000
vt -0.065535 -0.793100 0.000000
vt -0.063265 -0.795210 0.000000
vt -0.343535 0.044490 0.000000
vt -0.335315 -0.026530 0.000000
vt -0.291415 0.442700 0.000000
vt -0.323115 -0.095490 0.000000
vt -0.277235 0.476130 0.000000
vt -0.307205 -0.160710 0.000000
vt -0.261865 0.507700 0.000000
vt -0.245545 0.536170 0.000000
vt -0.228515 0.560310 0.000000
vt -0.287855 -0.220490 0.000000
vt -0.204515 0.594490 0.000000
vt -0.195965 0.605590 0.000000
vt -0.246105 -0.333440 0.000000
vt -0.156785 0.646500 0.000000
vt -0.223695 -0.383910 0.000000
vt -0.112315 0.684610 0.000000
vt -0.185405 -0.457490 0.000000
vt -0.067875 0.714960 0.000000
vt -0.143285 -0.531700 0.000000
vt 0.303765 -0.305720 0.000000
vt 0.278605 -0.393420 0.000000
vt -0.109375 -0.584060 0.000000
vt 0.247665 -0.478740 0.000000
vt 0.210885 -0.561820 0.000000
vt 0.168185 -0.642830 0.000000
vt -0.026175 -0.694650 0.000000
vt 0.010295 -0.736110 0.000000
vt 0.119495 -0.721900 0.000000
vt 0.042755 -0.769340 0.000000
vt 0.065535 -0.793100 0.000000
vt 0.063265 -0.795210 0.000000
vt 0.323215 -0.215500 0.000000
vt 0.337035 -0.122590 0.000000
vt 0.345295 -0.026850 0.000000
vt 0.347505 0.033660 0.000000
vt 0.347265 0.094210 0.000000
vt 0.344595 0.154530 0.000000
vt 0.339465 0.214360 0.000000
vt 0.331895 0.273450 0.000000
vt 0.321855 0.331540 0.000000
vt 0.309345 0.388360 0.000000
vt 0.294375 0.443670 0.000000
vt 0.281725 0.482640 0.000000
vt 0.265875 0.525230 0.000000
vt -0.008985 0.750240 0.000000
vt 0.247275 0.569870 0.000000
vt 0.226345 0.615010 0.000000
vt 0.203515 0.659120 0.000000
vt 0.021685 0.766400 0.000000
vt 0.179225 0.700620 0.000000
vt 0.050935 0.779820 0.000000
vt 0.153895 0.737970 0.000000
vt 0.077085 0.789170 0.000000
vt 0.127965 0.769620 0.000000
vt 0.098455 0.793110 0.000000
vt 0.113655 0.795210 0.000000
vt -0.347505 0.115870 0.000000
vt -0.315205 0.375250 0.000000
vt -0.346965 0.185930 0.000000
vt -0.341645 0.252960 0.000000
vt -0.331285 0.315290 0.000000
vn 0.971511 -0.236994 0.000000
vn 0.971511 -0.236994 0.000000
vn 0.971511 -0.236994 0.000000
vn 0.971511 -0.236994 0.000000
vn 0.951401 -0.307956 0.000000
vn 0.951401 -0.307956 0.000000
vn 0.951401 -0.307956 0.000000
vn 0.951401 -0.307956 0.000000
vn 0.937974 -0.346706 0.000000
vn 0.937974 -0.346706 0.000000
vn 0.937974 -0.346706 0.000000
vn 0.937974 -0.346706 0.000000
vn 0.913953 -0.405819 0.000000
vn 0.913953 -0.405819 0.000000
vn 0.913953 -0.405819 0.000000
vn 0.913953 -0.405819 0.000000
vn 0.887077 -0.461622 0.000000
vn 0.887077 -0.461622 0.000000
vn 0.887077 -0.461622 0.000000
vn 0.887077 -0.461622 0.000000
vn 0.869682 -0.493613 0.000000
vn 0.869682 -0.493613 0.000000
vn 0.869682 -0.493613 0.000000
vn 0.869682 -0.493613 0.000000
vn 0.839351 -0.543590 0.000000
vn 0.839351 -0.543590 0.000000
vn 0.839351 -0.543590 0.000000
vn 0.839351 -0.543590 0.000000
vn 0.799106 -0.601190 0.000000
vn 0.799106 -0.601190 0.000000
vn 0.799106 -0.601190 0.000000
vn 0.799106 -0.601190 0.000000
vn 0.750846 -0.660477 0.000000
vn 0.750846 -0.660477 0.000000
vn 0.750846 -0.660477 0.000000
vn 0.750846 -0.660477 0.000000
vn 0.715346 -0.698770 0.000000
vn 0.715346 -0.698770 0.000000
vn 0.715346 -0.698770 0.000000
vn 0.715346 -0.698770 0.000000
vn 0.783610 -0.621254 0.000000
vn 0.783610 -0.621254 0.000000
vn 0.783610 -0.621254 0.000000
vn 0.783610 -0.621254 0.000000
vn -0.680822 -0.732449 0.000000
vn -0.680822 -0.732449 0.000000
vn -0.680822 -0.732449 0.000000
vn -0.680822 -0.732449 0.000000
vn -0.796981 -0.604004 0.000000
vn -0.796981 -0.604004 0.000000
vn -0.796981 -0.604004 0.000000
vn -0.796981 -0.604004 0.000000
vn -0.851507 -0.524344 0.000000
vn -0.851507 -0.524344 0.000000
vn -0.851507 -0.524344 0.000000
vn -0.851507 -0.524344 0.000000
vn -0.884634 -0.466286 0.000000
vn -0.884634 -0.466286 0.000000
vn -0.884634 -0.466286 0.000000
vn -0.884634 -0.466286 0.000000
vn -0.914401 -0.404810 0.000000
vn -0.914401 -0.404810 0.000000
vn -0.914401 -0.404810 0.000000
vn -0.914401 -0.404810 0.000000
vn -0.940095 -0.340911 0.000000
vn -0.940095 -0.340911 0.000000
vn -0.940095 -0.340911 0.000000
vn -0.940095 -0.340911 0.000000
vn -0.961226 -0.275763 0.000000
vn -0.961226 -0.275763 0.000000
vn -0.961226 -0.275763 0.000000
vn -0.961226 -0.275763 0.000000
vn -0.977542 -0.210742 0.000000
vn -0.977542 -0.210742 0.000000
vn -0.977542 -0.210742 0.000000
vn -0.977542 -0.210742 0.000000
vn -0.989118 -0.147127 0.000000
vn -0.989118 -0.147127 0.000000
vn -0.989118 -0.147127 0.000000
vn -0.989118 -0.147127 0.000000
vn -0.996299 -0.085956 0.000000
vn -0.996299 -0.085956 0.000000
vn -0.996299 -0.085956 0.000000
vn -0.996299 -0.085956 0.000000
vn -0.999334 -0.036499 0.000000
vn -0.999334 -0.036499 0.000000
vn -0.999334 -0.036499 0.000000
vn -0.999334 -0.036499 0.000000
vn -0.999992 0.003964 0.000000
vn -0.999992 0.003964 0.000000
vn -0.999992 0.003964 0.000000
vn -0.999992 0.003964 0.000000
vn -0.999022 0.044221 0.000000
vn -0.999022 0.044221 0.000000
vn -0.999022 0.044221 0.000000
vn -0.999022 0.044221 0.000000
vn -0.996344 0.085429 0.000000
vn -0.996344 0.085429 0.000000
vn -0.996344 0.085429 0.000000
vn -0.996344 0.085429 0.000000
vn -0.991894 0.127071 0.000000
vn -0.991894 0.127071 0.000000
vn -0.991894 0.127071 0.000000
vn -0.991894 0.127071 0.000000
vn -0.985390 0.170310 0.000000
vn -0.985390 0.170310 0.000000
vn -0.985390 0.170310 0.000000
vn -0.985390 0.170310 0.000000
vn -0.976610 0.215019 0.000000
vn -0.976610 0.215019 0.000000
vn -0.976610 0.215019 0.000000
vn -0.976610 0.215019 0.000000
vn -0.965269 0.261256 0.000000
vn -0.965269 0.261256 0.000000
vn -0.965269 0.261256 0.000000
vn -0.965269 0.261256 0.000000
vn -0.951143 0.308749 0.000000
vn -0.951143 0.308749 0.000000
vn -0.951143 0.308749 0.000000
vn -0.951143 0.308749 0.000000
vn -0.937203 0.348783 0.000000
vn -0.937203 0.348783 0.000000
vn -0.937203 0.348783 0.000000
vn -0.937203 0.348783 0.000000
vn -0.923077 0.384615 0.000000
vn -0.923077 0.384615 0.000000
vn -0.923077 0.384615 0.000000
vn -0.923077 0.384615 0.000000
vn -0.907223 0.420651 0.000000
vn -0.907223 0.420651 0.000000
vn -0.907223 0.420651 0.000000
vn -0.907223 0.420651 0.000000
vn -0.888099 0.459653 0.000000
vn -0.888099 0.459653 0.000000
vn -0.888099 0.459653 0.000000
vn -0.888099 0.459653 0.000000
vn -0.863039 0.505138 0.000000
vn -0.863039 0.505138 0.000000
vn -0.863039 0.505138 0.000000
vn -0.863039 0.505138 0.000000
vn -0.827627 0.561279 0.000000
vn -0.827627 0.561279 0.000000
vn -0.827627 0.561279 0.000000
vn -0.827627 0.561279 0.000000
vn -0.773543 0.633743 0.000000
vn -0.773543 0.633743 0.000000
vn -0.773543 0.633743 0.000000
vn -0.773543 0.633743 0.000000
vn -0.872802 0.488074 0.000000
vn -0.872802 0.488074 0.000000
vn -0.872802 0.488074 0.000000
vn -0.872802 0.488074 0.000000
vn 0.136858 0.990591 -0.000000
vn 0.136858 0.990591 -0.000000
vn 0.136858 0.990591 -0.000000
vn 0.136858 0.990591 -0.000000
vn 0.181315 0.983425 -0.000000
vn 0.181315 0.983425 -0.000000
vn 0.181315 0.983425 -0.000000
vn 0.181315 0.983425 -0.000000
vn 0.336679 0.941620 -0.000000
vn 0.336679 0.941620 -0.000000
vn 0.336679 0.941620 -0.000000
vn 0.336679 0.941620 -0.000000
vn 0.417008 0.908903 -0.000000
vn 0.417008 0.908903 -0.000000
vn 0.417008 0.908903 -0.000000
vn 0.417008 0.908903 -0.000000
vn 0.466151 0.884705 -0.000000
vn 0.466151 0.884705 -0.000000
vn 0.466151 0.884705 -0.000000
vn 0.466151 0.884705 -0.000000
vn 0.513917 0.857840 -0.000000
vn 0.513917 0.857840 -0.000000
vn 0.513917 0.857840 -0.000000
vn 0.513917 0.857840 -0.000000
vn 0.563971 0.825795 -0.000000
vn 0.563971 0.825795 -0.000000
vn 0.563971 0.825795 -0.000000
vn 0.563971 0.825795 -0.000000
vn 0.650721 0.759317 -0.000000
vn 0.650721 0.759317 -0.000000
vn 0.650721 0.759317 -0.000000
vn 0.650721 0.759317 -0.000000
vn 0.722212 0.691671 -0.000000
vn 0.722212 0.691671 -0.000000
vn 0.722212 0.691671 -0.000000
vn 0.722212 0.691671 -0.000000
vn 0.792226 0.610228 -0.000000
vn 0.792226 0.610228 -0.000000
vn 0.792226 0.610228 -0.000000
vn 0.792226 0.610228 -0.000000
vn 0.818399 0.574651 -0.000000
vn 0.818399 0.574651 -0.000000
vn 0.818399 0.574651 -0.000000
vn 0.818399 0.574651 -0.000000
vn 0.817127 0.576457 -0.000000
vn 0.817127 0.576457 -0.000000
vn 0.817127 0.576457 -0.000000
vn 0.817127 0.576457 -0.000000
vn 0.867567 0.497320 -0.000000
vn 0.867567 0.497320 -0.000000
vn 0.867567 0.497320 -0.000000
vn 0.867567 0.497320 -0.000000
vn 0.899105 0.437733 -0.000000
vn 0.899105 0.437733 -0.000000
vn 0.899105 0.437733 -0.000000
vn 0.899105 0.437733 -0.000000
vn 0.920606 0.390493 -0.000000
vn 0.920606 0.390493 -0.000000
vn 0.920606 0.390493 -0.000000
vn 0.920606 0.390493 -0.000000
vn 0.943060 0.332623 -0.000000
vn 0.943060 0.332623 -0.000000
vn 0.943060 0.332623 -0.000000
vn 0.943060 0.332623 -0.000000
vn 0.965870 0.259026 -0.000000
vn 0.965870 0.259026 -0.000000
vn 0.965870 0.259026 -0.000000
vn 0.965870 0.259026 -0.000000
vn 0.986467 0.163963 -0.000000
vn 0.986467 0.163963 -0.000000
vn 0.986467 0.163963 -0.000000
vn 0.986467 0.163963 -0.000000
vn 0.996865 0.079119 -0.000000
vn 0.996865 0.079119 -0.000000
vn 0.996865 0.079119 -0.000000
vn 0.996865 0.079119 -0.000000
vn 0.999970 0.007707 -0.000000
vn 0.999970 0.007707 -0.000000
vn 0.999970 0.007707 -0.000000
vn 0.999970 0.007707 -0.000000
vn 0.998457 -0.055532 0.000000
vn 0.998457 -0.055532 0.000000
vn 0.998457 -0.055532 0.000000
vn 0.998457 -0.055532 0.000000
vn 0.993368 -0.114974 0.000000
vn 0.993368 -0.114974 0.000000
vn 0.993368 -0.114974 0.000000
vn 0.993368 -0.114974 0.000000
vn 0.984709 -0.174209 0.000000
vn 0.984709 -0.174209 0.000000
vn 0.984709 -0.174209 0.000000
vn 0.984709 -0.174209 0.000000
vn 0.000000 0.000000 1.000000
vn 0.000000 0.000000 1.000000
vn 0.000000 0.000000 1.000000
vn 0.000000 0.000000 1.000000
vn 0.000000 0.000000 1.000000
vn 0.000000 0.000000 1.000000
vn 0.000000 0.000000 1.000000
vn 0.000000 0.000000 1.000000
vn 0.000000 0.000000 1.000000
vn 0.000000 0.000000 1.000000
vn 0.000000 0.000000 1.000000
vn 0.000000 0.000000 1.000000
vn 0.000000 0.000000 1.000000
vn 0.000000 0.000000 1.000000
vn 0.000000 0.000000 1.000000
vn 0.000000 0.000000 1.000000
vn 0.000000 0.000000 1.000000
vn 0.000000 0.000000 1.000000
vn 0.000000 0.000000 1.000000
vn 0.000000 0.000000 1.000000
vn 0.000000 0.000000 1.000000
vn 0.000000 0.000000 1.000000
vn 0.000000 0.000000 1.000000
vn 0.000000 0.000000 1.000000
vn 0.000000 0.000000 1.000000
vn 0.000000 0.000000 1.000000
vn 0.000000 0.000000 1.000000
vn 0.000000 0.000000 1.000000
vn 0.000000 0.000000 1.000000
vn 0.000000 0.000000 1.000000
vn 0.000000 0.000000 1.000000
vn 0.000000 0.000000 1.000000
vn 0.000000 0.000000 1.000000
vn 0.000000 0.000000 1.000000
vn 0.000000 0.000000 1.000000
vn 0.000000 0.000000 1.000000
vn 0.000000 0.000000 1.000000
vn 0.000000 0.000000 1.000000
vn 0.000000 0.000000 1.000000
vn 0.000000 0.000000 1.000000
vn 0.000000 0.000000 1.000000
vn 0.000000 0.000000 1.000000
vn 0.000000 0.000000 1.000000
vn 0.000000 0.000000 1.000000
vn 0.000000 0.000000 1.000000
vn 0.000000 0.000000 1.000000
vn 0.000000 0.000000 1.000000
vn 0.000000 0.000000 1.000000
vn 0.000000 0.000000 1.000000
vn 0.000000 0.000000 1.000000
vn 0.000000 0.000000 1.000000
vn 0.000000 0.000000 1.000000
vn 0.000000 0.000000 1.000000
vn 0.000000 0.000000 1.000000
vn 0.000000 0.000000 1.000000
vn 0.000000 0.000000 1.000000
vn 0.000000 0.000000 1.000000
vn 0.000000 0.000000 1.000000
vn 0.000000 0.000000 1.000000
vn 0.000000 0.000000 1.000000
vn 0.000000 0.000000 1.000000
vn -0.000000 -0.000000 -1.000000
vn -0.000000 -0.000000 -1.000000
vn -0.000000 -0.000000 -1.000000
vn -0.000000 -0.000000 -1.000000
vn -0.000000 -0.000000 -1.000000
vn -0.000000 -0.000000 -1.000000
vn -0.000000 -0.000000 -1.000000
vn -0.000000 -0.000000 -1.000000
vn -0.000000 -0.000000 -1.000000
vn -0.000000 -0.000000 -1.000000
vn -0.000000 -0.000000 -1.000000
vn -0.000000 -0.000000 -1.000000
vn -0.000000 -0.000000 -1.000000
vn -0.000000 -0.000000 -1.000000
vn -0.000000 -0.000000 -1.000000
vn -0.000000 -0.000000 -1.000000
vn -0.000000 -0.000000 -1.000000
vn -0.000000 -0.000000 -1.000000
vn -0.000000 -0.000000 -1.000000
vn -0.000000 -0.000000 -1.000000
vn -0.000000 -0.000000 -1.000000
vn -0.000000 -0.000000 -1.000000
vn -0.000000 -0.000000 -1.000000
vn -0.000000 -0.000000 -1.000000
vn -0.000000 -0.000000 -1.000000
vn -0.000000 -0.000000 -1.000000
vn -0.000000 -0.000000 -1.000000
vn -0.000000 -0.000000 -1.000000
vn -0.000000 -0.000000 -1.000000
vn -0.000000 -0.000000 -1.000000
vn -0.000000 -0.000000 -1.000000
vn -0.000000 -0.000000 -1.000000
vn -0.000000 -0.000000 -1.000000
vn -0.000000 -0.000000 -1.000000
vn -0.000000 -0.000000 -1.000000
vn -0.000000 -0.000000 -1.000000
vn -0.000000 -0.000000 -1.000000
vn -0.000000 -0.000000 -1.000000
vn -0.000000 -0.000000 -1.000000
vn -0.000000 -0.000000 -1.000000
vn -0.000000 -0.000000 -1.000000
vn -0.000000 -0.000000 -1.000000
vn -0.000000 -0.000000 -1.000000
vn -0.000000 -0.000000 -1.000000
vn -0.000000 -0.000000 -1.000000
vn -0.000000 -0.000000 -1.000000
vn -0.000000 -0.000000 -1.000000
vn -0.000000 -0.000000 -1.000000
vn -0.000000 -0.000000 -1.000000
vn -0.000000 -0.000000 -1.000000
vn -0.000000 -0.000000 -1.000000
vn -0.000000 -0.000000 -1.000000
vn -0.000000 -0.000000 -1.000000
vn -0.000000 -0.000000 -1.000000
vn -0.000000 -0.000000 -1.000000
vn -0.000000 -0.000000 -1.000000
vn -0.000000 -0.000000 -1.000000
vn -0.000000 -0.000000 -1.000000
vn -0.000000 -0.000000 -1.000000
vn -0.000000 -0.000000 -1.000000
vn -0.000000 -0.000000 -1.000000
f 1351/4051/4051 1352/4052/4052 1354/4053/4053
f 1354/4053/4053 1352/4052/4052 1353/4054/4054
f 1355/4055/4055 1351/4056/4056 1356/4057/4057
f 1356/4057/4057 1351/4056/4056 1354/4058/4058
f 1357/4059/4059 1355/4060/4060 1358/4061/4061
f 1358/4061/4061 1355/4060/4060 1356/4062/4062
f 1359/4063/4063 1357/4064/4064 1360/4065/4065
f 1360/4065/4065 1357/4064/4064 1358/4066/4066
f 1361/4067/4067 1359/4068/4068 1362/4069/4069
f 1362/4069/4069 1359/4068/4068 1360/4070/4070
f 1363/4071/4071 1361/4072/4072 1364/4073/4073
f 1364/4073/4073 1361/4072/4072 1362/4074/4074
f 1365/4075/4075 1363/4076/4076 1366/4077/4077
f 1366/4077/4077 1363/4076/4076 1364/4078/4078
f 1367/4079/4079 1365/4080/4080 1368/4081/4081
f 1368/4081/4081 1365/4080/4080 1366/4082/4082
f 1369/4083/4083 1367/4084/4084 1370/4085/4085
f 1370/4085/4085 1367/4084/4084 1368/4086/4086
f 1371/4087/4087 1369/4088/4088 1372/4089/4089
f 1372/4089/4089 1369/4088/4088 1370/4090/4090
f 1373/4091/4091 1371/4092/4092 1374/4093/4093
f 1374/4093/4093 1371/4092/4092 1372/4094/4094
f 1375/4095/4095 1373/4096/4096 1376/4097/4097
f 1376/4097/4097 1373/4096/4096 1374/4098/4098
f 1377/4099/4099 1375/4100/4100 1378/4101/4101
f 1378/4101/4101 1375/4100/4100 1376/4102/4102
f 1379/4103/4103 1377/4104/4104 1380/4105/4105
f 1380/4105/4105 1377/4104/4104 1378/4106/4106
f 1381/4107/4107 1379/4108/4108 1382/4109/4109
f 1382/4109/4109 1379/4108/4108 1380/4110/4110
f 1383/4111/4111 1381/4112/4112 1384/4113/4113
f 1384/4113/4113 1381/4112/4112 1382/4114/4114
f 1385/4115/4115 1383/4116/4116 1386/4117/4117
f 1386/4117/4117 1383/4116/4116 1384/4118/4118
f 1387/4119/4119 1385/4120/4120 1388/4121/4121
f 1388/4121/4121 1385/4120/4120 1386/4122/4122
f 1389/4123/4123 1387/4124/4124 1390/4125/4125
f 1390/4125/4125 1387/4124/4124 1388/4126/4126
f 1391/4127/4127 1389/4128/4128 1392/4129/4129
f 1392/4129/4129 1389/4128/4128 1390/4130/4130
f 1393/4131/4131 1391/4132/4132 1394/4133/4133
f 1394/4133/4133 1391/4132/4132 1392/4134/4134
f 1395/4135/4135 1393/4136/4136 1396/4137/4137
f 1396/4137/4137 1393/4136/4136 1394/4138/4138
f 1397/4139/4139 1395/4140/4140 1398/4141/4141
f 1398/4141/4141 1395/4140/4140 1396/4142/4142
f 1399/4143/4143 1397/4144/4144 1400/4145/4145
f 1400/4145/4145 1397/4144/4144 1398/4146/4146
f 1401/4147/4147 1399/4148/4148 1402/4149/4149
f 1402/4149/4149 1399/4148/4148 1400/4150/4150
f 1403/4151/4151 1401/4152/4152 1404/4153/4153
f 1404/4153/4153 1401/4152/4152 1402/4154/4154
f 1405/4155/4155 1403/4156/4156 1406/4157/4157
f 1406/4157/4157 1403/4156/4156 1404/4158/4158
f 1407/4159/4159 1405/4160/4160 1408/4161/4161
f 1408/4161/4161 1405/4160/4160 1406/4162/4162
f 1409/4163/4163 1407/4164/4164 1410/4165/4165
f 1410/4165/4165 1407/4164/4164 1408/4166/4166
f 1411/4167/4167 1409/4168/4168 1412/4169/4169
f 1412/4169/4169 1409/4168/4168 1410/4170/4170
f 1413/4171/4171 1411/4172/4172 1414/4173/4173
f 1414/4173/4173 1411/4172/4172 1412/4174/4174
f 1415/4175/4175 1413/4176/4176 1416/4177/4177
f 1416/4177/4177 1413/4176/4176 1414/4178/4178
f 1417/4179/4179 1415/4180/4180 1418/4181/4181
f 1418/4181/4181 1415/4180/4180 1416/4182/4182
f 1419/4183/4183 1417/4184/4184 1420/4185/4185
f 1420/4185/4185 1417/4184/4184 1418/4186/4186
f 1421/4187/4187 1419/4188/4188 1422/4189/4189
f 1422/4189/4189 1419/4188/4188 1420/4190/4190
f 1423/4191/4191 1421/4192/4192 1424/4193/4193
f 1424/4193/4193 1421/4192/4192 1422/4194/4194
f 1425/4195/4195 1423/4196/4196 1426/4197/4197
f 1426/4197/4197 1423/4196/4196 1424/4198/4198
f 1427/4199/4199 1425/4200/4200 1428/4201/4201
f 1428/4201/4201 1425/4200/4200 1426/4202/4202
f 1429/4203/4203 1427/4204/4204 1430/4205/4205
f 1430/4205/4205 1427/4204/4204 1428/4206/4206
f 1431/4207/4207 1429/4208/4208 1432/4209/4209
f 1432/4209/4209 1429/4208/4208 1430/4210/4210
f 1433/4211/4211 1431/4212/4212 1434/4213/4213
f 1434/4213/4213 1431/4212/4212 1432/4214/4214
f 1435/4215/4215 1433/4216/4216 1436/4217/4217
f 1436/4217/4217 1433/4216/4216 1434/4218/4218
f 1437/4219/4219 1435/4220/4220 1438/4221/4221
f 1438/4221/4221 1435/4220/4220 1436/4222/4222
f 1439/4223/4223 1437/4224/4224 1440/4225/4225
f 1440/4225/4225 1437/4224/4224 1438/4226/4226
f 1441/4227/4227 1439/4228/4228 1442/4229/4229
f 1442/4229/4229 1439/4228/4228 1440/4230/4230
f 1443/4231/4231 1441/4232/4232 1444/4233/4233
f 1444/4233/4233 1441/4232/4232 1442/4234/4234
f 1445/4235/4235 1443/4236/4236 1446/4237/4237
f 1446/4237/4237 1443/4236/4236 1444/4238/4238
f 1447/4239/4239 1445/4240/4240 1448/4241/4241
f 1448/4241/4241 1445/4240/4240 1446/4242/4242
f 1449/4243/4243 1447/4244/4244 1450/4245/4245
f 1450/4245/4245 1447/4244/4244 1448/4246/4246
f 1451/4247/4247 1449/4248/4248 1452/4249/4249
f 1452/4249/4249 1449/4248/4248 1450/4250/4250
f 1453/4251/4251 1451/4252/4252 1454/4253/4253
f 1454/4253/4253 1451/4252/4252 1452/4254/4254
f 1455/4255/4255 1453/4256/4256 1456/4257/4257
f 1456/4257/4257 1453/4256/4256 1454/4258/4258
f 1457/4259/4259 1455/4260/4260 1458/4261/4261
f 1458/4261/4261 1455/4260/4260 1456/4262/4262
f 1459/4263/4263 1457/4264/4264 1460/4265/4265
f 1460/4265/4265 1457/4264/4264 1458/4266/4266
f 1461/4267/4267 1459/4268/4268 1462/4269/4269
f 1462/4269/4269 1459/4268/4268 1460/4270/4270
f 1463/4271/4271 1461/4272/4272 1464/4273/4273
f 1464/4273/4273 1461/4272/4272 1462/4274/4274
f 1465/4275/4275 1463/4276/4276 1466/4277/4277
f 1466/4277/4277 1463/4276/4276 1464/4278/4278
f 1467/4279/4279 1465/4280/4280 1468/4281/4281
f 1468/4281/4281 1465/4280/4280 1466/4282/4282
f 1469/4283/4283 1467/4284/4284 1470/4285/4285
f 1470/4285/4285 1467/4284/4284 1468/4286/4286
f 1471/4287/4287 1469/4288/4288 1472/4289/4289
f 1472/4289/4289 1469/4288/4288 1470/4290/4290
f 1352/4291/4291 1471/4292/4292 1353/4293/4293
f 1353/4293/4293 1471/4292/4292 1472/4294/4294
f 1472/4295/4295 1458/4296/4296 1353/4297/4297
f 1353/4297/4297 1458/4296/4296 1456/4298/4298
f 1353/4297/4297 1456/4298/4298 1354/4299/4299
f 1354/4299/4299 1456/4298/4298 1454/4300/4300
f 1354/4299/4299 1454/4300/4300 1452/4301/4301
f 1472/4295/4295 1470/4302/4302 1458/4296/4296
f 1458/4296/4296 1470/4302/4302 1468/4303/4303
f 1458/4296/4296 1468/4303/4303 1460/4304/4304
f 1460/4304/4304 1468/4303/4303 1466/4305/4305
f 1460/4304/4304 1466/4305/4305 1464/4306/4306
f 1464/4306/4306 1462/4307/4307 1460/4304/4304
f 1452/4301/4301 1450/4308/4308 1354/4299/4299
f 1354/4299/4299 1450/4308/4308 1356/4309/4309
f 1356/4309/4309 1450/4308/4308 1448/4310/4310
f 1356/4309/4309 1448/4310/4310 1446/4311/4311
f 1356/4309/4309 1446/4311/4311 1358/4312/4312
f 1358/4312/4312 1446/4311/4311 1444/4313/4313
f 1358/4312/4312 1444/4313/4313 1360/4314/4314
f 1360/4314/4314 1444/4313/4313 1442/4315/4315
f 1360/4314/4314 1442/4315/4315 1362/4316/4316
f 1362/4316/4316 1442/4315/4315 1440/4317/4317
f 1362/4316/4316 1440/4317/4317 1364/4318/4318
f 1364/4318/4318 1440/4317/4317 1388/4319/4319
f 1364/4318/4318 1388/4319/4319 1386/4320/4320
f 1438/4321/4321 1414/4322/4322 1440/4317/4317
f 1440/4317/4317 1414/4322/4322 1412/4323/4323
f 1440/4317/4317 1412/4323/4323 1410/4324/4324
f 1436/4325/4325 1420/4326/4326 1438/4321/4321
f 1438/4321/4321 1420/4326/4326 1418/4327/4327
f 1438/4321/4321 1418/4327/4327 1416/4328/4328
f 1420/4326/4326 1436/4325/4325 1422/4329/4329
f 1422/4329/4329 1436/4325/4325 1434/4330/4330
f 1422/4329/4329 1434/4330/4330 1424/4331/4331
f 1424/4331/4331 1434/4330/4330 1432/4332/4332
f 1424/4331/4331 1432/4332/4332 1426/4333/4333
f 1426/4333/4333 1432/4332/4332 1430/4334/4334
f 1426/4333/4333 1430/4334/4334 1428/4335/4335
f 1416/4328/4328 1414/4322/4322 1438/4321/4321
f 1410/4324/4324 1408/4336/4336 1440/4317/4317
f 1440/4317/4317 1408/4336/4336 1406/4337/4337
f 1440/4317/4317 1406/4337/4337 1404/4338/4338
f 1404/4338/4338 1402/4339/4339 1440/4317/4317
f 1440/4317/4317 1402/4339/4339 1400/4340/4340
f 1440/4317/4317 1400/4340/4340 1398/4341/4341
f 1398/4341/4341 1396/4342/4342 1440/4317/4317
f 1440/4317/4317 1396/4342/4342 1394/4343/4343
f 1440/4317/4317 1394/4343/4343 1392/4344/4344
f 1392/4344/4344 1390/4345/4345 1440/4317/4317
f 1440/4317/4317 1390/4345/4345 1388/4319/4319
f 1364/4318/4318 1386/4320/4320 1366/4346/4346
f 1366/4346/4346 1386/4320/4320 1384/4347/4347
f 1366/4346/4346 1384/4347/4347 1382/4348/4348
f 1382/4348/4348 1380/4349/4349 1366/4346/4346
f 1366/4346/4346 1380/4349/4349 1368/4350/4350
f 1368/4350/4350 1380/4349/4349 1370/4351/4351
f 1370/4351/4351 1380/4349/4349 1378/4352/4352
f 1370/4351/4351 1378/4352/4352 1372/4353/4353
f 1372/4353/4353 1378/4352/4352 1376/4354/4354
f 1372/4353/4353 1376/4354/4354 1374/4355/4355
f 1469/4356/4356 1471/4357/4357 1457/4358/4358
f 1457/4358/4358 1471/4357/4357 1352/4359/4359
f 1457/4358/4358 1352/4359/4359 1455/4360/4360
f 1455/4360/4360 1352/4359/4359 1351/4361/4361
f 1455/4360/4360 1351/4361/4361 1453/4362/4362
f 1453/4362/4362 1351/4361/4361 1451/4363/4363
f 1451/4363/4363 1351/4361/4361 1449/4364/4364
f 1449/4364/4364 1351/4361/4361 1355/4365/4365
f 1449/4364/4364 1355/4365/4365 1447/4366/4366
f 1447/4366/4366 1355/4365/4365 1445/4367/4367
f 1445/4367/4367 1355/4365/4365 1357/4368/4368
f 1445/4367/4367 1357/4368/4368 1443/4369/4369
f 1443/4369/4369 1357/4368/4368 1359/4370/4370
f 1443/4369/4369 1359/4370/4370 1441/4371/4371
f 1441/4371/4371 1359/4370/4370 1361/4372/4372
f 1441/4371/4371 1361/4372/4372 1439/4373/4373
f 1439/4373/4373 1361/4372/4372 1363/4374/4374
f 1439/4373/4373 1363/4374/4374 1387/4375/4375
f 1387/4375/4375 1363/4374/4374 1385/4376/4376
f 1385/4376/4376 1363/4374/4374 1365/4377/4377
f 1385/4376/4376 1365/4377/4377 1383/4378/4378
f 1383/4378/4378 1365/4377/4377 1381/4379/4379
f 1381/4379/4379 1365/4377/4377 1379/4380/4380
f 1379/4380/4380 1365/4377/4377 1367/4381/4381
f 1379/4380/4380 1367/4381/4381 1369/4382/4382
f 1379/4380/4380 1369/4382/4382 1377/4383/4383
f 1377/4383/4383 1369/4382/4382 1371/4384/4384
f 1377/4383/4383 1371/4384/4384 1375/4385/4385
f 1375/4385/4385 1371/4384/4384 1373/4386/4386
f 1387/4375/4375 1389/4387/4387 1439/4373/4373
f 1439/4373/4373 1389/4387/4387 1391/4388/4388
f 1439/4373/4373 1391/4388/4388 1393/4389/4389
f 1393/4389/4389 1395/4390/4390 1439/4373/4373
f 1439/4373/4373 1395/4390/4390 1397/4391/4391
f 1439/4373/4373 1397/4391/4391 1399/4392/4392
f 1399/4392/4392 1401/4393/4393 1439/4373/4373
f 1439/4373/4373 1401/4393/4393 1403/4394/4394
f 1439/4373/4373 1403/4394/4394 1405/4395/4395
f 1405/4395/4395 1407/4396/4396 1439/4373/4373
f 1439/4373/4373 1407/4396/4396 1409/4397/4397
f 1439/4373/4373 1409/4397/4397 1411/4398/4398
f 1411/4398/4398 1413/4399/4399 1439/4373/4373
f 1439/4373/4373 1413/4399/4399 1437/4400/4400
f 1437/4400/4400 1413/4399/4399 1415/4401/4401
f 1437/4400/4400 1415/4401/4401 1417/4402/4402
f 1417/4402/4402 1419/4403/4403 1437/4400/4400
f 1437/4400/4400 1419/4403/4403 1435/4404/4404
f 1435/4404/4404 1419/4403/4403 1421/4405/4405
f 1435/4404/4404 1421/4405/4405 1433/4406/4406
f 1433/4406/4406 1421/4405/4405 1423/4407/4407
f 1433/4406/4406 1423/4407/4407 1431/4408/4408
f 1431/4408/4408 1423/4407/4407 1425/4409/4409
f 1431/4408/4408 1425/4409/4409 1429/4410/4410
f 1429/4410/4410 1425/4409/4409 1427/4411/4411
f 1469/4356/4356 1457/4358/4358 1467/4412/4412
f 1467/4412/4412 1457/4358/4358 1459/4413/4413
f 1467/4412/4412 1459/4413/4413 1465/4414/4414
f 1465/4414/4414 1459/4413/4413 1463/4415/4415
f 1463/4415/4415 1459/4413/4413 1461/4416/4416
g naranja (2)

v 28.632570 -948.913180 0.000000
v 28.620030 -948.934150 0.000000
v 28.620030 -948.934150 0.060000
v 28.632570 -948.913180 0.060000
v 28.648380 -948.895610 0.000000
v 28.648380 -948.895610 0.060000
v 28.667370 -948.882460 0.000000
v 28.667370 -948.882460 0.060000
v 28.689500 -948.874750 0.000000
v 28.689500 -948.874750 0.060000
v 28.714680 -948.873510 0.000000
v 28.714680 -948.873510 0.060000
v 28.742840 -948.879740 0.000000
v 28.742840 -948.879740 0.060000
v 28.764350 -948.890530 0.000000
v 28.764350 -948.890530 0.060000
v 28.781710 -948.905960 0.000000
v 28.781710 -948.905960 0.060000
v 28.795270 -948.925380 0.000000
v 28.795270 -948.925380 0.060000
v 28.805390 -948.948130 0.000000
v 28.805390 -948.948130 0.060000
v 28.812430 -948.973540 0.000000
v 28.812430 -948.973540 0.060000
v 28.816730 -949.000970 0.000000
v 28.816730 -949.000970 0.060000
v 28.818650 -949.029740 0.000000
v 28.818650 -949.029740 0.060000
v 28.818540 -949.059200 0.000000
v 28.818540 -949.059200 0.060000
v 28.811460 -949.124610 0.000000
v 28.811460 -949.124610 0.060000
v 28.796470 -949.174280 0.000000
v 28.796470 -949.174280 0.060000
v 28.775480 -949.209700 0.000000
v 28.775480 -949.209700 0.060000
v 28.750360 -949.232310 0.000000
v 28.750360 -949.232310 0.060000
v 28.723020 -949.243580 0.000000
v 28.723020 -949.243580 0.060000
v 28.695340 -949.244990 0.000000
v 28.695340 -949.244990 0.060000
v 28.669230 -949.237990 0.000000
v 28.669230 -949.237990 0.060000
v 28.646560 -949.224050 0.000000
v 28.646560 -949.224050 0.060000
v 28.629450 -949.206650 0.000000
v 28.629450 -949.206650 0.060000
v 28.619000 -949.188790 0.000000
v 28.619000 -949.188790 0.060000
v 28.611190 -949.167490 0.000000
v 28.611190 -949.167490 0.060000
v 28.602010 -949.139810 0.000000
v 28.602010 -949.139810 0.060000
v 28.595730 -949.150170 0.000000
v 28.595730 -949.150170 0.060000
v 28.592470 -949.162500 0.000000
v 28.592470 -949.162500 0.060000
v 28.584230 -949.184890 0.000000
v 28.584230 -949.184890 0.060000
v 28.574020 -949.201650 0.000000
v 28.574020 -949.201650 0.060000
v 28.561600 -949.216030 0.000000
v 28.561600 -949.216030 0.060000
v 28.547290 -949.227770 0.000000
v 28.547290 -949.227770 0.060000
v 28.531430 -949.236600 0.000000
v 28.531430 -949.236600 0.060000
v 28.514310 -949.242230 0.000000
v 28.514310 -949.242230 0.060000
v 28.496280 -949.244400 0.000000
v 28.496280 -949.244400 0.060000
v 28.477630 -949.242840 0.000000
v 28.477630 -949.242840 0.060000
v 28.458710 -949.237280 0.000000
v 28.458710 -949.237280 0.060000
v 28.425060 -949.211430 0.000000
v 28.425060 -949.211430 0.060000
v 28.401250 -949.168800 0.000000
v 28.401250 -949.168800 0.060000
v 28.387250 -949.115080 0.000000
v 28.387250 -949.115080 0.060000
v 28.383060 -949.055940 0.000000
v 28.383060 -949.055940 0.060000
v 28.388650 -948.997050 0.000000
v 28.388650 -948.997050 0.060000
v 28.404010 -948.944080 0.000000
v 28.404010 -948.944080 0.060000
v 28.429140 -948.902710 0.000000
v 28.429140 -948.902710 0.060000
v 28.464010 -948.878610 0.000000
v 28.464010 -948.878610 0.060000
v 28.477950 -948.874960 0.000000
v 28.477950 -948.874960 0.060000
v 28.491870 -948.873390 0.000000
v 28.491870 -948.873390 0.060000
v 28.505540 -948.873690 0.000000
v 28.505540 -948.873690 0.060000
v 28.518740 -948.875710 0.000000
v 28.518740 -948.875710 0.060000
v 28.531250 -948.879250 0.000000
v 28.531250 -948.879250 0.060000
v 28.542840 -948.884130 0.000000
v 28.542840 -948.884130 0.060000
v 28.553300 -948.890180 0.000000
v 28.553300 -948.890180 0.060000
v 28.562400 -948.897210 0.000000
v 28.562400 -948.897210 0.060000
v 28.573380 -948.908320 0.000000
v 28.573380 -948.908320 0.060000
v 28.581000 -948.918710 0.000000
v 28.581000 -948.918710 0.060000
v 28.586140 -948.928660 0.000000
v 28.586140 -948.928660 0.060000
v 28.589670 -948.938470 0.000000
v 28.589670 -948.938470 0.060000
v 28.595360 -948.958870 0.000000
v 28.595360 -948.958870 0.060000
v 28.605030 -948.982240 0.000000
v 28.605030 -948.982240 0.060000
v 28.610830 -948.957510 0.000000
v 28.610830 -948.957510 0.060000
vt 0.000000 0.000000 0.000000
vt 0.024433 0.000000 0.000000
vt 0.000000 0.060000 0.000000
vt 0.024433 0.060000 0.000000
vt 0.000000 0.000000 0.000000
vt 0.023636 0.000000 0.000000
vt 0.000000 0.060000 0.000000
vt 0.023636 0.060000 0.000000
vt 0.000000 0.000000 0.000000
vt 0.023099 0.000000 0.000000
vt 0.000000 0.060000 0.000000
vt 0.023099 0.060000 0.000000
vt 0.000000 0.000000 0.000000
vt 0.023435 0.000000 0.000000
vt 0.000000 0.060000 0.000000
vt 0.023435 0.060000 0.000000
vt 0.000000 0.000000 0.000000
vt 0.025211 0.000000 0.000000
vt 0.000000 0.060000 0.000000
vt 0.025211 0.060000 0.000000
vt 0.000000 0.000000 0.000000
vt 0.028841 0.000000 0.000000
vt 0.000000 0.060000 0.000000
vt 0.028841 0.060000 0.000000
vt 0.000000 0.000000 0.000000
vt 0.024065 0.000000 0.000000
vt 0.000000 0.060000 0.000000
vt 0.024065 0.060000 0.000000
vt 0.000000 0.000000 0.000000
vt 0.023226 0.000000 0.000000
vt 0.000000 0.060000 0.000000
vt 0.023226 0.060000 0.000000
vt 0.000000 0.000000 0.000000
vt 0.023686 0.000000 0.000000
vt 0.000000 0.060000 0.000000
vt 0.023686 0.060000 0.000000
vt 0.000000 0.000000 0.000000
vt 0.024899 0.000000 0.000000
vt 0.000000 0.060000 0.000000
vt 0.024899 0.060000 0.000000
vt 0.000000 0.000000 0.000000
vt 0.026367 0.000000 0.000000
vt 0.000000 0.060000 0.000000
vt 0.026367 0.060000 0.000000
vt 0.000000 0.000000 0.000000
vt 0.027765 0.000000 0.000000
vt 0.000000 0.060000 0.000000
vt 0.027765 0.060000 0.000000
vt 0.000000 0.000000 0.000000
vt 0.028834 0.000000 0.000000
vt 0.000000 0.060000 0.000000
vt 0.028834 0.060000 0.000000
vt 0.000000 0.000000 0.000000
vt 0.029460 0.000000 0.000000
vt 0.000000 0.060000 0.000000
vt 0.029460 0.060000 0.000000
vt 0.000000 0.000000 0.000000
vt 0.065792 0.000000 0.000000
vt 0.000000 0.060000 0.000000
vt 0.065792 0.060000 0.000000
vt 0.000000 0.000000 0.000000
vt 0.051883 0.000000 0.000000
vt 0.000000 0.060000 0.000000
vt 0.051883 0.060000 0.000000
vt 0.000000 0.000000 0.000000
vt 0.041172 0.000000 0.000000
vt 0.000000 0.060000 0.000000
vt 0.041172 0.060000 0.000000
vt 0.000000 0.000000 0.000000
vt 0.033797 0.000000 0.000000
vt 0.000000 0.060000 0.000000
vt 0.033797 0.060000 0.000000
vt 0.000000 0.000000 0.000000
vt 0.029572 0.000000 0.000000
vt 0.000000 0.060000 0.000000
vt 0.029572 0.060000 0.000000
vt 0.000000 0.000000 0.000000
vt 0.027716 0.000000 0.000000
vt 0.000000 0.060000 0.000000
vt 0.027716 0.060000 0.000000
vt 0.000000 0.000000 0.000000
vt 0.027032 0.000000 0.000000
vt 0.000000 0.060000 0.000000
vt 0.027032 0.060000 0.000000
vt 0.000000 0.000000 0.000000
vt 0.026613 0.000000 0.000000
vt 0.000000 0.060000 0.000000
vt 0.026613 0.060000 0.000000
vt 0.000000 0.000000 0.000000
vt 0.024403 0.000000 0.000000
vt 0.000000 0.060000 0.000000
vt 0.024403 0.060000 0.000000
vt 0.000000 0.000000 0.000000
vt 0.020693 0.000000 0.000000
vt 0.000000 0.060000 0.000000
vt 0.020693 0.060000 0.000000
vt 0.000000 0.000000 0.000000
vt 0.022687 0.000000 0.000000
vt 0.000000 0.060000 0.000000
vt 0.022687 0.060000 0.000000
vt 0.000000 0.000000 0.000000
vt 0.029163 0.000000 0.000000
vt 0.000000 0.060000 0.000000
vt 0.029163 0.060000 0.000000
vt 0.000000 0.000000 0.000000
vt 0.012115 0.000000 0.000000
vt 0.000000 0.060000 0.000000
vt 0.012115 0.060000 0.000000
vt 0.000000 0.000000 0.000000
vt 0.012754 0.000000 0.000000
vt 0.000000 0.060000 0.000000
vt 0.012754 0.060000 0.000000
vt 0.000000 0.000000 0.000000
vt 0.023858 0.000000 0.000000
vt 0.000000 0.060000 0.000000
vt 0.023858 0.060000 0.000000
vt 0.000000 0.000000 0.000000
vt 0.019625 0.000000 0.000000
vt 0.000000 0.060000 0.000000
vt 0.019625 0.060000 0.000000
vt 0.000000 0.000000 0.000000
vt 0.019001 0.000000 0.000000
vt 0.000000 0.060000 0.000000
vt 0.019001 0.060000 0.000000
vt 0.000000 0.000000 0.000000
vt 0.018510 0.000000 0.000000
vt 0.000000 0.060000 0.000000
vt 0.018510 0.060000 0.000000
vt 0.000000 0.000000 0.000000
vt 0.018152 0.000000 0.000000
vt 0.000000 0.060000 0.000000
vt 0.018152 0.060000 0.000000
vt 0.000000 0.000000 0.000000
vt 0.018022 0.000000 0.000000
vt 0.000000 0.060000 0.000000
vt 0.018022 0.060000 0.000000
vt 0.000000 0.000000 0.000000
vt 0.018160 0.000000 0.000000
vt 0.000000 0.060000 0.000000
vt 0.018160 0.060000 0.000000
vt 0.000000 0.000000 0.000000
vt 0.018715 0.000000 0.000000
vt 0.000000 0.060000 0.000000
vt 0.018715 0.060000 0.000000
vt 0.000000 0.000000 0.000000
vt 0.019720 0.000000 0.000000
vt 0.000000 0.060000 0.000000
vt 0.019720 0.060000 0.000000
vt 0.000000 0.000000 0.000000
vt 0.042433 0.000000 0.000000
vt 0.000000 0.060000 0.000000
vt 0.042433 0.060000 0.000000
vt 0.000000 0.000000 0.000000
vt 0.048829 0.000000 0.000000
vt 0.000000 0.060000 0.000000
vt 0.048829 0.060000 0.000000
vt 0.000000 0.000000 0.000000
vt 0.055514 0.000000 0.000000
vt 0.000000 0.060000 0.000000
vt 0.055514 0.060000 0.000000
vt 0.000000 0.000000 0.000000
vt 0.059288 0.000000 0.000000
vt 0.000000 0.060000 0.000000
vt 0.059288 0.060000 0.000000
vt 0.000000 0.000000 0.000000
vt 0.059155 0.000000 0.000000
vt 0.000000 0.060000 0.000000
vt 0.059155 0.060000 0.000000
vt 0.000000 0.000000 0.000000
vt 0.055152 0.000000 0.000000
vt 0.000000 0.060000 0.000000
vt 0.055152 0.060000 0.000000
vt 0.000000 0.000000 0.000000
vt 0.048404 0.000000 0.000000
vt 0.000000 0.060000 0.000000
vt 0.048404 0.060000 0.000000
vt 0.000000 0.000000 0.000000
vt 0.042388 0.000000 0.000000
vt 0.000000 0.060000 0.000000
vt 0.042388 0.060000 0.000000
vt 0.000000 0.000000 0.000000
vt 0.014410 0.000000 0.000000
vt 0.000000 0.060000 0.000000
vt 0.014410 0.060000 0.000000
vt 0.000000 0.000000 0.000000
vt 0.014008 0.000000 0.000000
vt 0.000000 0.060000 0.000000
vt 0.014008 0.060000 0.000000
vt 0.000000 0.000000 0.000000
vt 0.013673 0.000000 0.000000
vt 0.000000 0.060000 0.000000
vt 0.013673 0.060000 0.000000
vt 0.000000 0.000000 0.000000
vt 0.013354 0.000000 0.000000
vt 0.000000 0.060000 0.000000
vt 0.013354 0.060000 0.000000
vt 0.000000 0.000000 0.000000
vt 0.013001 0.000000 0.000000
vt 0.000000 0.060000 0.000000
vt 0.013001 0.060000 0.000000
vt 0.000000 0.000000 0.000000
vt 0.012575 0.000000 0.000000
vt 0.000000 0.060000 0.000000
vt 0.012575 0.060000 0.000000
vt 0.000000 0.000000 0.000000
vt 0.012084 0.000000 0.000000
vt 0.000000 0.060000 0.000000
vt 0.012084 0.060000 0.000000
vt 0.000000 0.000000 0.000000
vt 0.011499 0.000000 0.000000
vt 0.000000 0.060000 0.000000
vt 0.011499 0.060000 0.000000
vt 0.000000 0.000000 0.000000
vt 0.015620 0.000000 0.000000
vt 0.000000 0.060000 0.000000
vt 0.015620 0.060000 0.000000
vt 0.000000 0.000000 0.000000
vt 0.012885 0.000000 0.000000
vt 0.000000 0.060000 0.000000
vt 0.012885 0.060000 0.000000
vt 0.000000 0.000000 0.000000
vt 0.011199 0.000000 0.000000
vt 0.000000 0.060000 0.000000
vt 0.011199 0.060000 0.000000
vt 0.000000 0.000000 0.000000
vt 0.010426 0.000000 0.000000
vt 0.000000 0.060000 0.000000
vt 0.010426 0.060000 0.000000
vt 0.000000 0.000000 0.000000
vt 0.021179 0.000000 0.000000
vt 0.000000 0.060000 0.000000
vt 0.021179 0.060000 0.000000
vt 0.000000 0.000000 0.000000
vt 0.025292 0.000000 0.000000
vt 0.000000 0.060000 0.000000
vt 0.025292 0.060000 0.000000
vt 0.000000 0.000000 0.000000
vt 0.025401 0.000000 0.000000
vt 0.000000 0.060000 0.000000
vt 0.025401 0.060000 0.000000
vt 0.000000 0.000000 0.000000
vt 0.025106 0.000000 0.000000
vt 0.000000 0.060000 0.000000
vt 0.025106 0.060000 0.000000
vt 0.009975 0.101680 0.000000
vt 0.204535 0.111060 0.000000
vt 0.019175 0.125040 0.000000
vt 0.194415 0.133810 0.000000
vt 0.031715 0.146010 0.000000
vt 0.180855 0.153230 0.000000
vt 0.163495 0.168660 0.000000
vt 0.211575 0.085650 0.000000
vt 0.004175 0.076950 0.000000
vt 0.215875 0.058220 0.000000
vt 0.217795 0.029450 0.000000
vt 0.217685 -0.000010 0.000000
vt 0.001155 -0.080620 0.000000
vt 0.210605 -0.065420 0.000000
vt 0.195615 -0.115090 0.000000
vt 0.010335 -0.108300 0.000000
vt 0.018145 -0.129600 0.000000
vt -0.005495 0.100320 0.000000
vt -0.212205 0.062140 0.000000
vt -0.217795 0.003250 0.000000
vt -0.213605 -0.055890 0.000000
vt -0.005125 -0.090980 0.000000
vt -0.199605 -0.109610 0.000000
vt -0.008385 -0.103310 0.000000
vt -0.016625 -0.125700 0.000000
vt -0.026835 -0.142460 0.000000
vt -0.175795 -0.152240 0.000000
vt -0.039255 -0.156840 0.000000
vt -0.053565 -0.168580 0.000000
vt -0.069425 -0.177410 0.000000
vt -0.086545 -0.183040 0.000000
vt -0.104575 -0.185210 0.000000
vt -0.123225 -0.183650 0.000000
vt -0.142145 -0.178090 0.000000
vt -0.196845 0.115110 0.000000
vt -0.011185 0.120720 0.000000
vt -0.171715 0.156480 0.000000
vt -0.014715 0.130530 0.000000
vt -0.019855 0.140480 0.000000
vt -0.027475 0.150870 0.000000
vt -0.038455 0.161980 0.000000
vt -0.047555 0.169010 0.000000
vt -0.058015 0.175060 0.000000
vt -0.069605 0.179940 0.000000
vt -0.082115 0.183480 0.000000
vt -0.095315 0.185500 0.000000
vt -0.108985 0.185800 0.000000
vt -0.122905 0.184230 0.000000
vt -0.136845 0.180580 0.000000
vt 0.174625 -0.150510 0.000000
vt 0.028595 -0.147460 0.000000
vt 0.045705 -0.164860 0.000000
vt 0.068375 -0.178800 0.000000
vt 0.094485 -0.185800 0.000000
vt 0.149505 -0.173120 0.000000
vt 0.122165 -0.184390 0.000000
vt 0.141985 0.179450 0.000000
vt 0.047525 0.163580 0.000000
vt 0.066515 0.176730 0.000000
vt 0.113825 0.185680 0.000000
vt 0.088645 0.184440 0.000000
vt -0.019175 0.125040 0.000000
vt -0.204535 0.111060 0.000000
vt -0.009975 0.101680 0.000000
vt -0.211575 0.085650 0.000000
vt -0.004175 0.076950 0.000000
vt -0.215875 0.058220 0.000000
vt -0.217795 0.029450 0.000000
vt -0.194415 0.133810 0.000000
vt -0.031715 0.146010 0.000000
vt -0.180855 0.153230 0.000000
vt -0.163495 0.168660 0.000000
vt -0.141985 0.179450 0.000000
vt -0.047525 0.163580 0.000000
vt -0.066515 0.176730 0.000000
vt -0.088645 0.184440 0.000000
vt -0.113825 0.185680 0.000000
vt -0.217685 -0.000010 0.000000
vt -0.001155 -0.080620 0.000000
vt 0.217795 0.003250 0.000000
vt 0.213605 -0.055890 0.000000
vt 0.005125 -0.090980 0.000000
vt 0.199605 -0.109610 0.000000
vt 0.008385 -0.103310 0.000000
vt 0.016625 -0.125700 0.000000
vt -0.210605 -0.065420 0.000000
vt -0.195615 -0.115090 0.000000
vt -0.010335 -0.108300 0.000000
vt -0.018145 -0.129600 0.000000
vt -0.174625 -0.150510 0.000000
vt -0.028595 -0.147460 0.000000
vt -0.045705 -0.164860 0.000000
vt -0.068375 -0.178800 0.000000
vt -0.094485 -0.185800 0.000000
vt -0.149505 -0.173120 0.000000
vt -0.122165 -0.184390 0.000000
vt 0.026835 -0.142460 0.000000
vt 0.175795 -0.152240 0.000000
vt 0.039255 -0.156840 0.000000
vt 0.053565 -0.168580 0.000000
vt 0.069425 -0.177410 0.000000
vt 0.086545 -0.183040 0.000000
vt 0.104575 -0.185210 0.000000
vt 0.123225 -0.183650 0.000000
vt 0.142145 -0.178090 0.000000
vt 0.212205 0.062140 0.000000
vt 0.005495 0.100320 0.000000
vt 0.196845 0.115110 0.000000
vt 0.011185 0.120720 0.000000
vt 0.171715 0.156480 0.000000
vt 0.014715 0.130530 0.000000
vt 0.019855 0.140480 0.000000
vt 0.027475 0.150870 0.000000
vt 0.038455 0.161980 0.000000
vt 0.047555 0.169010 0.000000
vt 0.058015 0.175060 0.000000
vt 0.069605 0.179940 0.000000
vt 0.082115 0.183480 0.000000
vt 0.095315 0.185500 0.000000
vt 0.108985 0.185800 0.000000
vt 0.122905 0.184230 0.000000
vt 0.136845 0.180580 0.000000
vn -0.858250 0.513231 0.000000
vn -0.858250 0.513231 0.000000
vn -0.858250 0.513231 0.000000
vn -0.858250 0.513231 0.000000
vn -0.743357 0.668895 0.000000
vn -0.743357 0.668895 0.000000
vn -0.743357 0.668895 0.000000
vn -0.743357 0.668895 0.000000
vn -0.569300 0.822130 0.000000
vn -0.569300 0.822130 0.000000
vn -0.569300 0.822130 0.000000
vn -0.569300 0.822130 0.000000
vn -0.329001 0.944330 0.000000
vn -0.329001 0.944330 0.000000
vn -0.329001 0.944330 0.000000
vn -0.329001 0.944330 0.000000
vn -0.049186 0.998790 0.000000
vn -0.049186 0.998790 0.000000
vn -0.049186 0.998790 0.000000
vn -0.049186 0.998790 0.000000
vn 0.216013 0.976391 -0.000000
vn 0.216013 0.976391 -0.000000
vn 0.216013 0.976391 -0.000000
vn 0.216013 0.976391 -0.000000
vn 0.448377 0.893845 -0.000000
vn 0.448377 0.893845 -0.000000
vn 0.448377 0.893845 -0.000000
vn 0.448377 0.893845 -0.000000
vn 0.664337 0.747433 -0.000000
vn 0.664337 0.747433 -0.000000
vn 0.664337 0.747433 -0.000000
vn 0.664337 0.747433 -0.000000
vn 0.819906 0.572499 -0.000000
vn 0.819906 0.572499 -0.000000
vn 0.819906 0.572499 -0.000000
vn 0.819906 0.572499 -0.000000
vn 0.913679 0.406437 -0.000000
vn 0.913679 0.406437 -0.000000
vn 0.913679 0.406437 -0.000000
vn 0.913679 0.406437 -0.000000
vn 0.963697 0.266998 -0.000000
vn 0.963697 0.266998 -0.000000
vn 0.963697 0.266998 -0.000000
vn 0.963697 0.266998 -0.000000
vn 0.987935 0.154871 -0.000000
vn 0.987935 0.154871 -0.000000
vn 0.987935 0.154871 -0.000000
vn 0.987935 0.154871 -0.000000
vn 0.997781 0.066588 -0.000000
vn 0.997781 0.066588 -0.000000
vn 0.997781 0.066588 -0.000000
vn 0.997781 0.066588 -0.000000
vn 0.999993 -0.003734 0.000000
vn 0.999993 -0.003734 0.000000
vn 0.999993 -0.003734 0.000000
vn 0.999993 -0.003734 0.000000
vn 0.994193 -0.107612 0.000000
vn 0.994193 -0.107612 0.000000
vn 0.994193 -0.107612 0.000000
vn 0.994193 -0.107612 0.000000
vn 0.957353 -0.288921 0.000000
vn 0.957353 -0.288921 0.000000
vn 0.957353 -0.288921 0.000000
vn 0.957353 -0.288921 0.000000
vn 0.860288 -0.509809 0.000000
vn 0.860288 -0.509809 0.000000
vn 0.860288 -0.509809 0.000000
vn 0.860288 -0.509809 0.000000
vn 0.668997 -0.743265 0.000000
vn 0.668997 -0.743265 0.000000
vn 0.668997 -0.743265 0.000000
vn 0.668997 -0.743265 0.000000
vn 0.381107 -0.924531 0.000000
vn 0.381107 -0.924531 0.000000
vn 0.381107 -0.924531 0.000000
vn 0.381107 -0.924531 0.000000
vn 0.050873 -0.998705 0.000000
vn 0.050873 -0.998705 0.000000
vn 0.050873 -0.998705 0.000000
vn 0.050873 -0.998705 0.000000
vn -0.258952 -0.965890 0.000000
vn -0.258952 -0.965890 0.000000
vn -0.258952 -0.965890 0.000000
vn -0.258952 -0.965890 0.000000
vn -0.523804 -0.851839 0.000000
vn -0.523804 -0.851839 0.000000
vn -0.523804 -0.851839 0.000000
vn -0.523804 -0.851839 0.000000
vn -0.713024 -0.701140 0.000000
vn -0.713024 -0.701140 0.000000
vn -0.713024 -0.701140 0.000000
vn -0.713024 -0.701140 0.000000
vn -0.863112 -0.505012 0.000000
vn -0.863112 -0.505012 0.000000
vn -0.863112 -0.505012 0.000000
vn -0.863112 -0.505012 0.000000
vn -0.938876 -0.344255 0.000000
vn -0.938876 -0.344255 0.000000
vn -0.938876 -0.344255 0.000000
vn -0.938876 -0.344255 0.000000
vn -0.949162 -0.314787 0.000000
vn -0.949162 -0.314787 0.000000
vn -0.949162 -0.314787 0.000000
vn -0.949162 -0.314787 0.000000
vn 0.855153 -0.518375 0.000000
vn 0.855153 -0.518375 0.000000
vn 0.855153 -0.518375 0.000000
vn 0.855153 -0.518375 0.000000
vn 0.966779 -0.255612 0.000000
vn 0.966779 -0.255612 0.000000
vn 0.966779 -0.255612 0.000000
vn 0.966779 -0.255612 0.000000
vn 0.938465 -0.345375 0.000000
vn 0.938465 -0.345375 0.000000
vn 0.938465 -0.345375 0.000000
vn 0.938465 -0.345375 0.000000
vn 0.854012 -0.520254 0.000000
vn 0.854012 -0.520254 0.000000
vn 0.854012 -0.520254 0.000000
vn 0.854012 -0.520254 0.000000
vn 0.756799 -0.653647 0.000000
vn 0.756799 -0.653647 0.000000
vn 0.756799 -0.653647 0.000000
vn 0.756799 -0.653647 0.000000
vn 0.634267 -0.773114 0.000000
vn 0.634267 -0.773114 0.000000
vn 0.634267 -0.773114 0.000000
vn 0.634267 -0.773114 0.000000
vn 0.486438 -0.873715 0.000000
vn 0.486438 -0.873715 0.000000
vn 0.486438 -0.873715 0.000000
vn 0.486438 -0.873715 0.000000
vn 0.312397 -0.949952 0.000000
vn 0.312397 -0.949952 0.000000
vn 0.312397 -0.949952 0.000000
vn 0.312397 -0.949952 0.000000
vn 0.119493 -0.992835 0.000000
vn 0.119493 -0.992835 0.000000
vn 0.119493 -0.992835 0.000000
vn 0.119493 -0.992835 0.000000
vn -0.083355 -0.996520 0.000000
vn -0.083355 -0.996520 0.000000
vn -0.083355 -0.996520 0.000000
vn -0.083355 -0.996520 0.000000
vn -0.281947 -0.959430 0.000000
vn -0.281947 -0.959430 0.000000
vn -0.281947 -0.959430 0.000000
vn -0.281947 -0.959430 0.000000
vn -0.609198 -0.793018 0.000000
vn -0.609198 -0.793018 0.000000
vn -0.609198 -0.793018 0.000000
vn -0.609198 -0.793018 0.000000
vn -0.873054 -0.487624 0.000000
vn -0.873054 -0.487624 0.000000
vn -0.873054 -0.487624 0.000000
vn -0.873054 -0.487624 0.000000
vn -0.967678 -0.252187 0.000000
vn -0.967678 -0.252187 0.000000
vn -0.967678 -0.252187 0.000000
vn -0.967678 -0.252187 0.000000
vn -0.997500 -0.070672 0.000000
vn -0.997500 -0.070672 0.000000
vn -0.997500 -0.070672 0.000000
vn -0.997500 -0.070672 0.000000
vn -0.995525 0.094498 0.000000
vn -0.995525 0.094498 0.000000
vn -0.995525 0.094498 0.000000
vn -0.995525 0.094498 0.000000
vn -0.960435 0.278503 0.000000
vn -0.960435 0.278503 0.000000
vn -0.960435 0.278503 0.000000
vn -0.960435 0.278503 0.000000
vn -0.854673 0.519167 0.000000
vn -0.854673 0.519167 0.000000
vn -0.854673 0.519167 0.000000
vn -0.854673 0.519167 0.000000
vn -0.568560 0.822642 0.000000
vn -0.568560 0.822642 0.000000
vn -0.568560 0.822642 0.000000
vn -0.568560 0.822642 0.000000
vn -0.253298 0.967388 0.000000
vn -0.253298 0.967388 0.000000
vn -0.253298 0.967388 0.000000
vn -0.253298 0.967388 0.000000
vn -0.112077 0.993700 0.000000
vn -0.112077 0.993700 0.000000
vn -0.112077 0.993700 0.000000
vn -0.112077 0.993700 0.000000
vn 0.021941 0.999759 -0.000000
vn 0.021941 0.999759 -0.000000
vn 0.021941 0.999759 -0.000000
vn 0.021941 0.999759 -0.000000
vn 0.151269 0.988493 -0.000000
vn 0.151269 0.988493 -0.000000
vn 0.151269 0.988493 -0.000000
vn 0.151269 0.988493 -0.000000
vn 0.272282 0.962217 -0.000000
vn 0.272282 0.962217 -0.000000
vn 0.272282 0.962217 -0.000000
vn 0.272282 0.962217 -0.000000
vn 0.388057 0.921635 -0.000000
vn 0.388057 0.921635 -0.000000
vn 0.388057 0.921635 -0.000000
vn 0.388057 0.921635 -0.000000
vn 0.500677 0.865634 -0.000000
vn 0.500677 0.865634 -0.000000
vn 0.500677 0.865634 -0.000000
vn 0.500677 0.865634 -0.000000
vn 0.611348 0.791361 -0.000000
vn 0.611348 0.791361 -0.000000
vn 0.611348 0.791361 -0.000000
vn 0.611348 0.791361 -0.000000
vn 0.711256 0.702933 -0.000000
vn 0.711256 0.702933 -0.000000
vn 0.711256 0.702933 -0.000000
vn 0.711256 0.702933 -0.000000
vn 0.806380 0.591397 -0.000000
vn 0.806380 0.591397 -0.000000
vn 0.806380 0.591397 -0.000000
vn 0.806380 0.591397 -0.000000
vn 0.888456 0.458961 -0.000000
vn 0.888456 0.458961 -0.000000
vn 0.888456 0.458961 -0.000000
vn 0.888456 0.458961 -0.000000
vn 0.940936 0.338584 -0.000000
vn 0.940936 0.338584 -0.000000
vn 0.940936 0.338584 -0.000000
vn 0.940936 0.338584 -0.000000
vn 0.963233 0.268667 -0.000000
vn 0.963233 0.268667 -0.000000
vn 0.963233 0.268667 -0.000000
vn 0.963233 0.268667 -0.000000
vn 0.924022 0.382340 -0.000000
vn 0.924022 0.382340 -0.000000
vn 0.924022 0.382340 -0.000000
vn 0.924022 0.382340 -0.000000
vn -0.973582 0.228337 0.000000
vn -0.973582 0.228337 0.000000
vn -0.973582 0.228337 0.000000
vn -0.973582 0.228337 0.000000
vn -0.930441 0.366441 0.000000
vn -0.930441 0.366441 0.000000
vn -0.930441 0.366441 0.000000
vn -0.930441 0.366441 0.000000
vn 0.000000 0.000000 1.000000
vn 0.000000 0.000000 1.000000
vn 0.000000 0.000000 1.000000
vn 0.000000 0.000000 1.000000
vn 0.000000 0.000000 1.000000
vn 0.000000 0.000000 1.000000
vn 0.000000 0.000000 1.000000
vn 0.000000 0.000000 1.000000
vn 0.000000 0.000000 1.000000
vn 0.000000 0.000000 1.000000
vn 0.000000 0.000000 1.000000
vn 0.000000 0.000000 1.000000
vn 0.000000 0.000000 1.000000
vn 0.000000 0.000000 1.000000
vn 0.000000 0.000000 1.000000
vn 0.000000 0.000000 1.000000
vn 0.000000 0.000000 1.000000
vn 0.000000 0.000000 1.000000
vn 0.000000 0.000000 1.000000
vn 0.000000 0.000000 1.000000
vn 0.000000 0.000000 1.000000
vn 0.000000 0.000000 1.000000
vn 0.000000 0.000000 1.000000
vn 0.000000 0.000000 1.000000
vn 0.000000 0.000000 1.000000
vn 0.000000 0.000000 1.000000
vn 0.000000 0.000000 1.000000
vn 0.000000 0.000000 1.000000
vn 0.000000 0.000000 1.000000
vn 0.000000 0.000000 1.000000
vn 0.000000 0.000000 1.000000
vn 0.000000 0.000000 1.000000
vn 0.000000 0.000000 1.000000
vn 0.000000 0.000000 1.000000
vn 0.000000 0.000000 1.000000
vn 0.000000 0.000000 1.000000
vn 0.000000 0.000000 1.000000
vn 0.000000 0.000000 1.000000
vn 0.000000 0.000000 1.000000
vn 0.000000 0.000000 1.000000
vn 0.000000 0.000000 1.000000
vn 0.000000 0.000000 1.000000
vn 0.000000 0.000000 1.000000
vn 0.000000 0.000000 1.000000
vn 0.000000 0.000000 1.000000
vn 0.000000 0.000000 1.000000
vn 0.000000 0.000000 1.000000
vn 0.000000 0.000000 1.000000
vn 0.000000 0.000000 1.000000
vn 0.000000 0.000000 1.000000
vn 0.000000 0.000000 1.000000
vn 0.000000 0.000000 1.000000
vn 0.000000 0.000000 1.000000
vn 0.000000 0.000000 1.000000
vn 0.000000 0.000000 1.000000
vn 0.000000 0.000000 1.000000
vn 0.000000 0.000000 1.000000
vn 0.000000 0.000000 1.000000
vn 0.000000 0.000000 1.000000
vn 0.000000 0.000000 1.000000
vn 0.000000 0.000000 1.000000
vn -0.000000 0.000000 -1.000000
vn -0.000000 0.000000 -1.000000
vn -0.000000 0.000000 -1.000000
vn -0.000000 0.000000 -1.000000
vn -0.000000 0.000000 -1.000000
vn -0.000000 0.000000 -1.000000
vn -0.000000 0.000000 -1.000000
vn -0.000000 0.000000 -1.000000
vn -0.000000 0.000000 -1.000000
vn -0.000000 0.000000 -1.000000
vn -0.000000 0.000000 -1.000000
vn -0.000000 0.000000 -1.000000
vn -0.000000 0.000000 -1.000000
vn -0.000000 0.000000 -1.000000
vn -0.000000 0.000000 -1.000000
vn -0.000000 0.000000 -1.000000
vn -0.000000 0.000000 -1.000000
vn -0.000000 0.000000 -1.000000
vn -0.000000 0.000000 -1.000000
vn -0.000000 0.000000 -1.000000
vn -0.000000 0.000000 -1.000000
vn -0.000000 0.000000 -1.000000
vn -0.000000 0.000000 -1.000000
vn -0.000000 0.000000 -1.000000
vn -0.000000 0.000000 -1.000000
vn -0.000000 0.000000 -1.000000
vn -0.000000 0.000000 -1.000000
vn -0.000000 0.000000 -1.000000
vn -0.000000 0.000000 -1.000000
vn -0.000000 0.000000 -1.000000
vn -0.000000 0.000000 -1.000000
vn -0.000000 0.000000 -1.000000
vn -0.000000 0.000000 -1.000000
vn -0.000000 0.000000 -1.000000
vn -0.000000 0.000000 -1.000000
vn -0.000000 0.000000 -1.000000
vn -0.000000 0.000000 -1.000000
vn -0.000000 0.000000 -1.000000
vn -0.000000 0.000000 -1.000000
vn -0.000000 0.000000 -1.000000
vn -0.000000 0.000000 -1.000000
vn -0.000000 0.000000 -1.000000
vn -0.000000 0.000000 -1.000000
vn -0.000000 0.000000 -1.000000
vn -0.000000 0.000000 -1.000000
vn -0.000000 0.000000 -1.000000
vn -0.000000 0.000000 -1.000000
vn -0.000000 0.000000 -1.000000
vn -0.000000 0.000000 -1.000000
vn -0.000000 0.000000 -1.000000
vn -0.000000 0.000000 -1.000000
vn -0.000000 0.000000 -1.000000
vn -0.000000 0.000000 -1.000000
vn -0.000000 0.000000 -1.000000
vn -0.000000 0.000000 -1.000000
vn -0.000000 0.000000 -1.000000
vn -0.000000 0.000000 -1.000000
vn -0.000000 0.000000 -1.000000
vn -0.000000 0.000000 -1.000000
vn -0.000000 0.000000 -1.000000
vn -0.000000 0.000000 -1.000000
usemtl ABS_(blanco)_(1)
f 1473/4417/4417 1474/4418/4418 1476/4419/4419
f 1476/4419/4419 1474/4418/4418 1475/4420/4420
f 1477/4421/4421 1473/4422/4422 1478/4423/4423
f 1478/4423/4423 1473/4422/4422 1476/4424/4424
f 1479/4425/4425 1477/4426/4426 1480/4427/4427
f 1480/4427/4427 1477/4426/4426 1478/4428/4428
f 1481/4429/4429 1479/4430/4430 1482/4431/4431
f 1482/4431/4431 1479/4430/4430 1480/4432/4432
f 1483/4433/4433 1481/4434/4434 1484/4435/4435
f 1484/4435/4435 1481/4434/4434 1482/4436/4436
f 1485/4437/4437 1483/4438/4438 1486/4439/4439
f 1486/4439/4439 1483/4438/4438 1484/4440/4440
f 1487/4441/4441 1485/4442/4442 1488/4443/4443
f 1488/4443/4443 1485/4442/4442 1486/4444/4444
f 1489/4445/4445 1487/4446/4446 1490/4447/4447
f 1490/4447/4447 1487/4446/4446 1488/4448/4448
f 1491/4449/4449 1489/4450/4450 1492/4451/4451
f 1492/4451/4451 1489/4450/4450 1490/4452/4452
f 1493/4453/4453 1491/4454/4454 1494/4455/4455
f 1494/4455/4455 1491/4454/4454 1492/4456/4456
f 1495/4457/4457 1493/4458/4458 1496/4459/4459
f 1496/4459/4459 1493/4458/4458 1494/4460/4460
f 1497/4461/4461 1495/4462/4462 1498/4463/4463
f 1498/4463/4463 1495/4462/4462 1496/4464/4464
f 1499/4465/4465 1497/4466/4466 1500/4467/4467
f 1500/4467/4467 1497/4466/4466 1498/4468/4468
f 1501/4469/4469 1499/4470/4470 1502/4471/4471
f 1502/4471/4471 1499/4470/4470 1500/4472/4472
f 1503/4473/4473 1501/4474/4474 1504/4475/4475
f 1504/4475/4475 1501/4474/4474 1502/4476/4476
f 1505/4477/4477 1503/4478/4478 1506/4479/4479
f 1506/4479/4479 1503/4478/4478 1504/4480/4480
f 1507/4481/4481 1505/4482/4482 1508/4483/4483
f 1508/4483/4483 1505/4482/4482 1506/4484/4484
f 1509/4485/4485 1507/4486/4486 1510/4487/4487
f 1510/4487/4487 1507/4486/4486 1508/4488/4488
f 1511/4489/4489 1509/4490/4490 1512/4491/4491
f 1512/4491/4491 1509/4490/4490 1510/4492/4492
f 1513/4493/4493 1511/4494/4494 1514/4495/4495
f 1514/4495/4495 1511/4494/4494 1512/4496/4496
f 1515/4497/4497 1513/4498/4498 1516/4499/4499
f 1516/4499/4499 1513/4498/4498 1514/4500/4500
f 1517/4501/4501 1515/4502/4502 1518/4503/4503
f 1518/4503/4503 1515/4502/4502 1516/4504/4504
f 1519/4505/4505 1517/4506/4506 1520/4507/4507
f 1520/4507/4507 1517/4506/4506 1518/4508/4508
f 1521/4509/4509 1519/4510/4510 1522/4511/4511
f 1522/4511/4511 1519/4510/4510 1520/4512/4512
f 1523/4513/4513 1521/4514/4514 1524/4515/4515
f 1524/4515/4515 1521/4514/4514 1522/4516/4516
f 1525/4517/4517 1523/4518/4518 1526/4519/4519
f 1526/4519/4519 1523/4518/4518 1524/4520/4520
f 1527/4521/4521 1525/4522/4522 1528/4523/4523
f 1528/4523/4523 1525/4522/4522 1526/4524/4524
f 1529/4525/4525 1527/4526/4526 1530/4527/4527
f 1530/4527/4527 1527/4526/4526 1528/4528/4528
f 1531/4529/4529 1529/4530/4530 1532/4531/4531
f 1532/4531/4531 1529/4530/4530 1530/4532/4532
f 1533/4533/4533 1531/4534/4534 1534/4535/4535
f 1534/4535/4535 1531/4534/4534 1532/4536/4536
f 1535/4537/4537 1533/4538/4538 1536/4539/4539
f 1536/4539/4539 1533/4538/4538 1534/4540/4540
f 1537/4541/4541 1535/4542/4542 1538/4543/4543
f 1538/4543/4543 1535/4542/4542 1536/4544/4544
f 1539/4545/4545 1537/4546/4546 1540/4547/4547
f 1540/4547/4547 1537/4546/4546 1538/4548/4548
f 1541/4549/4549 1539/4550/4550 1542/4551/4551
f 1542/4551/4551 1539/4550/4550 1540/4552/4552
f 1543/4553/4553 1541/4554/4554 1544/4555/4555
f 1544/4555/4555 1541/4554/4554 1542/4556/4556
f 1545/4557/4557 1543/4558/4558 1546/4559/4559
f 1546/4559/4559 1543/4558/4558 1544/4560/4560
f 1547/4561/4561 1545/4562/4562 1548/4563/4563
f 1548/4563/4563 1545/4562/4562 1546/4564/4564
f 1549/4565/4565 1547/4566/4566 1550/4567/4567
f 1550/4567/4567 1547/4566/4566 1548/4568/4568
f 1551/4569/4569 1549/4570/4570 1552/4571/4571
f 1552/4571/4571 1549/4570/4570 1550/4572/4572
f 1553/4573/4573 1551/4574/4574 1554/4575/4575
f 1554/4575/4575 1551/4574/4574 1552/4576/4576
f 1555/4577/4577 1553/4578/4578 1556/4579/4579
f 1556/4579/4579 1553/4578/4578 1554/4580/4580
f 1557/4581/4581 1555/4582/4582 1558/4583/4583
f 1558/4583/4583 1555/4582/4582 1556/4584/4584
f 1559/4585/4585 1557/4586/4586 1560/4587/4587
f 1560/4587/4587 1557/4586/4586 1558/4588/4588
f 1561/4589/4589 1559/4590/4590 1562/4591/4591
f 1562/4591/4591 1559/4590/4590 1560/4592/4592
f 1563/4593/4593 1561/4594/4594 1564/4595/4595
f 1564/4595/4595 1561/4594/4594 1562/4596/4596
f 1565/4597/4597 1563/4598/4598 1566/4599/4599
f 1566/4599/4599 1563/4598/4598 1564/4600/4600
f 1567/4601/4601 1565/4602/4602 1568/4603/4603
f 1568/4603/4603 1565/4602/4602 1566/4604/4604
f 1569/4605/4605 1567/4606/4606 1570/4607/4607
f 1570/4607/4607 1567/4606/4606 1568/4608/4608
f 1571/4609/4609 1569/4610/4610 1572/4611/4611
f 1572/4611/4611 1569/4610/4610 1570/4612/4612
f 1573/4613/4613 1571/4614/4614 1574/4615/4615
f 1574/4615/4615 1571/4614/4614 1572/4616/4616
f 1575/4617/4617 1573/4618/4618 1576/4619/4619
f 1576/4619/4619 1573/4618/4618 1574/4620/4620
f 1577/4621/4621 1575/4622/4622 1578/4623/4623
f 1578/4623/4623 1575/4622/4622 1576/4624/4624
f 1579/4625/4625 1577/4626/4626 1580/4627/4627
f 1580/4627/4627 1577/4626/4626 1578/4628/4628
f 1581/4629/4629 1579/4630/4630 1582/4631/4631
f 1582/4631/4631 1579/4630/4630 1580/4632/4632
f 1583/4633/4633 1581/4634/4634 1584/4635/4635
f 1584/4635/4635 1581/4634/4634 1582/4636/4636
f 1585/4637/4637 1583/4638/4638 1586/4639/4639
f 1586/4639/4639 1583/4638/4638 1584/4640/4640
f 1587/4641/4641 1585/4642/4642 1588/4643/4643
f 1588/4643/4643 1585/4642/4642 1586/4644/4644
f 1589/4645/4645 1587/4646/4646 1590/4647/4647
f 1590/4647/4647 1587/4646/4646 1588/4648/4648
f 1591/4649/4649 1589/4650/4650 1592/4651/4651
f 1592/4651/4651 1589/4650/4650 1590/4652/4652
f 1593/4653/4653 1591/4654/4654 1594/4655/4655
f 1594/4655/4655 1591/4654/4654 1592/4656/4656
f 1474/4657/4657 1593/4658/4658 1475/4659/4659
f 1475/4659/4659 1593/4658/4658 1594/4660/4660
f 1594/4661/4661 1494/4662/4662 1475/4663/4663
f 1475/4663/4663 1494/4662/4662 1492/4664/4664
f 1475/4663/4663 1492/4664/4664 1476/4665/4665
f 1476/4665/4665 1492/4664/4664 1490/4666/4666
f 1476/4665/4665 1490/4666/4666 1488/4667/4667
f 1494/4662/4662 1594/4661/4661 1496/4668/4668
f 1496/4668/4668 1594/4661/4661 1592/4669/4669
f 1496/4668/4668 1592/4669/4669 1498/4670/4670
f 1498/4670/4670 1592/4669/4669 1500/4671/4671
f 1500/4671/4671 1592/4669/4669 1502/4672/4672
f 1502/4672/4672 1592/4669/4669 1526/4673/4673
f 1502/4672/4672 1526/4673/4673 1504/4674/4674
f 1504/4674/4674 1526/4673/4673 1506/4675/4675
f 1506/4675/4675 1526/4673/4673 1524/4676/4676
f 1506/4675/4675 1524/4676/4676 1522/4677/4677
f 1590/4678/4678 1558/4679/4679 1592/4669/4669
f 1592/4669/4669 1558/4679/4679 1556/4680/4680
f 1592/4669/4669 1556/4680/4680 1526/4673/4673
f 1526/4673/4673 1556/4680/4680 1554/4681/4681
f 1526/4673/4673 1554/4681/4681 1528/4682/4682
f 1528/4682/4682 1554/4681/4681 1552/4683/4683
f 1528/4682/4682 1552/4683/4683 1530/4684/4684
f 1530/4684/4684 1552/4683/4683 1532/4685/4685
f 1532/4685/4685 1552/4683/4683 1534/4686/4686
f 1534/4686/4686 1552/4683/4683 1550/4687/4687
f 1534/4686/4686 1550/4687/4687 1536/4688/4688
f 1536/4688/4688 1550/4687/4687 1538/4689/4689
f 1538/4689/4689 1550/4687/4687 1540/4690/4690
f 1540/4690/4690 1550/4687/4687 1542/4691/4691
f 1542/4691/4691 1550/4687/4687 1544/4692/4692
f 1544/4692/4692 1550/4687/4687 1546/4693/4693
f 1546/4693/4693 1550/4687/4687 1548/4694/4694
f 1558/4679/4679 1590/4678/4678 1560/4695/4695
f 1560/4695/4695 1590/4678/4678 1588/4696/4696
f 1560/4695/4695 1588/4696/4696 1562/4697/4697
f 1562/4697/4697 1588/4696/4696 1586/4698/4698
f 1562/4697/4697 1586/4698/4698 1584/4699/4699
f 1584/4699/4699 1582/4700/4700 1562/4697/4697
f 1562/4697/4697 1582/4700/4700 1580/4701/4701
f 1562/4697/4697 1580/4701/4701 1578/4702/4702
f 1578/4702/4702 1576/4703/4703 1562/4697/4697
f 1562/4697/4697 1576/4703/4703 1574/4704/4704
f 1562/4697/4697 1574/4704/4704 1572/4705/4705
f 1572/4705/4705 1570/4706/4706 1562/4697/4697
f 1562/4697/4697 1570/4706/4706 1568/4707/4707
f 1562/4697/4697 1568/4707/4707 1566/4708/4708
f 1566/4708/4708 1564/4709/4709 1562/4697/4697
f 1506/4675/4675 1522/4677/4677 1508/4710/4710
f 1508/4710/4710 1522/4677/4677 1520/4711/4711
f 1508/4710/4710 1520/4711/4711 1518/4712/4712
f 1518/4712/4712 1516/4713/4713 1508/4710/4710
f 1508/4710/4710 1516/4713/4713 1514/4714/4714
f 1508/4710/4710 1514/4714/4714 1510/4715/4715
f 1510/4715/4715 1514/4714/4714 1512/4716/4716
f 1488/4667/4667 1486/4717/4717 1476/4665/4665
f 1476/4665/4665 1486/4717/4717 1478/4718/4718
f 1478/4718/4718 1486/4717/4717 1480/4719/4719
f 1480/4719/4719 1486/4717/4717 1484/4720/4720
f 1480/4719/4719 1484/4720/4720 1482/4721/4721
f 1474/4722/4722 1493/4723/4723 1593/4724/4724
f 1593/4724/4724 1493/4723/4723 1495/4725/4725
f 1593/4724/4724 1495/4725/4725 1591/4726/4726
f 1591/4726/4726 1495/4725/4725 1497/4727/4727
f 1591/4726/4726 1497/4727/4727 1499/4728/4728
f 1493/4723/4723 1474/4722/4722 1491/4729/4729
f 1491/4729/4729 1474/4722/4722 1473/4730/4730
f 1491/4729/4729 1473/4730/4730 1489/4731/4731
f 1489/4731/4731 1473/4730/4730 1487/4732/4732
f 1487/4732/4732 1473/4730/4730 1485/4733/4733
f 1485/4733/4733 1473/4730/4730 1477/4734/4734
f 1485/4733/4733 1477/4734/4734 1479/4735/4735
f 1481/4736/4736 1483/4737/4737 1479/4735/4735
f 1479/4735/4735 1483/4737/4737 1485/4733/4733
f 1499/4728/4728 1501/4738/4738 1591/4726/4726
f 1591/4726/4726 1501/4738/4738 1525/4739/4739
f 1591/4726/4726 1525/4739/4739 1555/4740/4740
f 1555/4740/4740 1525/4739/4739 1553/4741/4741
f 1553/4741/4741 1525/4739/4739 1527/4742/4742
f 1553/4741/4741 1527/4742/4742 1551/4743/4743
f 1551/4743/4743 1527/4742/4742 1529/4744/4744
f 1551/4743/4743 1529/4744/4744 1531/4745/4745
f 1501/4738/4738 1503/4746/4746 1525/4739/4739
f 1525/4739/4739 1503/4746/4746 1505/4747/4747
f 1525/4739/4739 1505/4747/4747 1523/4748/4748
f 1523/4748/4748 1505/4747/4747 1521/4749/4749
f 1521/4749/4749 1505/4747/4747 1507/4750/4750
f 1521/4749/4749 1507/4750/4750 1519/4751/4751
f 1519/4751/4751 1507/4750/4750 1517/4752/4752
f 1517/4752/4752 1507/4750/4750 1515/4753/4753
f 1515/4753/4753 1507/4750/4750 1513/4754/4754
f 1513/4754/4754 1507/4750/4750 1509/4755/4755
f 1513/4754/4754 1509/4755/4755 1511/4756/4756
f 1531/4745/4745 1533/4757/4757 1551/4743/4743
f 1551/4743/4743 1533/4757/4757 1549/4758/4758
f 1549/4758/4758 1533/4757/4757 1535/4759/4759
f 1549/4758/4758 1535/4759/4759 1537/4760/4760
f 1537/4760/4760 1539/4761/4761 1549/4758/4758
f 1549/4758/4758 1539/4761/4761 1541/4762/4762
f 1549/4758/4758 1541/4762/4762 1543/4763/4763
f 1543/4763/4763 1545/4764/4764 1549/4758/4758
f 1549/4758/4758 1545/4764/4764 1547/4765/4765
f 1555/4740/4740 1557/4766/4766 1591/4726/4726
f 1591/4726/4726 1557/4766/4766 1589/4767/4767
f 1589/4767/4767 1557/4766/4766 1559/4768/4768
f 1589/4767/4767 1559/4768/4768 1587/4769/4769
f 1587/4769/4769 1559/4768/4768 1561/4770/4770
f 1587/4769/4769 1561/4770/4770 1585/4771/4771
f 1585/4771/4771 1561/4770/4770 1583/4772/4772
f 1583/4772/4772 1561/4770/4770 1581/4773/4773
f 1581/4773/4773 1561/4770/4770 1579/4774/4774
f 1579/4774/4774 1561/4770/4770 1577/4775/4775
f 1577/4775/4775 1561/4770/4770 1575/4776/4776
f 1575/4776/4776 1561/4770/4770 1573/4777/4777
f 1573/4777/4777 1561/4770/4770 1571/4778/4778
f 1571/4778/4778 1561/4770/4770 1569/4779/4779
f 1569/4779/4779 1561/4770/4770 1567/4780/4780
f 1567/4780/4780 1561/4770/4770 1565/4781/4781
f 1565/4781/4781 1561/4770/4770 1563/4782/4782
g naranja (3)

v 29.460200 -948.885720 0.000000
v 29.444040 -948.877500 0.000000
v 29.444040 -948.877500 0.060000
v 29.460200 -948.885720 0.060000
v 29.474820 -948.896890 0.000000
v 29.474820 -948.896890 0.060000
v 29.487530 -948.910760 0.000000
v 29.487530 -948.910760 0.060000
v 29.497920 -948.927090 0.000000
v 29.497920 -948.927090 0.060000
v 29.512700 -948.966490 0.000000
v 29.512700 -948.966490 0.060000
v 29.517760 -948.975420 0.000000
v 29.517760 -948.975420 0.060000
v 29.533080 -948.928090 0.000000
v 29.533080 -948.928090 0.060000
v 29.560290 -948.893810 0.000000
v 29.560290 -948.893810 0.060000
v 29.595090 -948.874330 0.000000
v 29.595090 -948.874330 0.060000
v 29.633170 -948.871360 0.000000
v 29.633170 -948.871360 0.060000
v 29.670240 -948.886630 0.000000
v 29.670240 -948.886630 0.060000
v 29.701980 -948.921870 0.000000
v 29.701980 -948.921870 0.060000
v 29.724110 -948.978810 0.000000
v 29.724110 -948.978810 0.060000
v 29.732310 -949.059170 0.000000
v 29.732310 -949.059170 0.060000
v 29.725370 -949.132360 0.000000
v 29.725370 -949.132360 0.060000
v 29.707020 -949.185450 0.000000
v 29.707020 -949.185450 0.060000
v 29.680420 -949.220270 0.000000
v 29.680420 -949.220270 0.060000
v 29.648760 -949.238680 0.000000
v 29.648760 -949.238680 0.060000
v 29.615190 -949.242520 0.000000
v 29.615190 -949.242520 0.060000
v 29.582900 -949.233630 0.000000
v 29.582900 -949.233630 0.060000
v 29.555050 -949.213870 0.000000
v 29.555050 -949.213870 0.060000
v 29.534810 -949.185070 0.000000
v 29.534810 -949.185070 0.060000
v 29.517110 -949.136110 0.000000
v 29.517110 -949.136110 0.060000
v 29.506210 -949.164450 0.000000
v 29.506210 -949.164450 0.060000
v 29.493460 -949.194820 0.000000
v 29.493460 -949.194820 0.060000
v 29.484190 -949.209060 0.000000
v 29.484190 -949.209060 0.060000
v 29.471830 -949.221750 0.000000
v 29.471830 -949.221750 0.060000
v 29.455500 -949.232200 0.000000
v 29.455500 -949.232200 0.060000
v 29.434320 -949.239740 0.000000
v 29.434320 -949.239740 0.060000
v 29.380360 -949.237670 0.000000
v 29.380360 -949.237670 0.060000
v 29.340130 -949.207100 0.000000
v 29.340130 -949.207100 0.060000
v 29.313360 -949.156120 0.000000
v 29.313360 -949.156120 0.060000
v 29.299760 -949.092860 0.000000
v 29.299760 -949.092860 0.060000
v 29.299070 -949.025400 0.000000
v 29.299070 -949.025400 0.060000
v 29.311000 -948.961860 0.000000
v 29.311000 -948.961860 0.060000
v 29.335300 -948.910350 0.000000
v 29.335300 -948.910350 0.060000
v 29.371680 -948.878980 0.000000
v 29.371680 -948.878980 0.060000
v 29.390160 -948.872970 0.000000
v 29.390160 -948.872970 0.060000
v 29.408630 -948.870880 0.000000
v 29.408630 -948.870880 0.060000
v 29.426720 -948.872470 0.000000
v 29.426720 -948.872470 0.060000
vt 0.000000 0.000000 0.000000
vt 0.018130 0.000000 0.000000
vt 0.000000 0.060000 0.000000
vt 0.018130 0.060000 0.000000
vt 0.000000 0.000000 0.000000
vt 0.018399 0.000000 0.000000
vt 0.000000 0.060000 0.000000
vt 0.018399 0.060000 0.000000
vt 0.000000 0.000000 0.000000
vt 0.018813 0.000000 0.000000
vt 0.000000 0.060000 0.000000
vt 0.018813 0.060000 0.000000
vt 0.000000 0.000000 0.000000
vt 0.019355 0.000000 0.000000
vt 0.000000 0.060000 0.000000
vt 0.019355 0.060000 0.000000
vt 0.000000 0.000000 0.000000
vt 0.042081 0.000000 0.000000
vt 0.000000 0.060000 0.000000
vt 0.042081 0.060000 0.000000
vt 0.000000 0.000000 0.000000
vt 0.010264 0.000000 0.000000
vt 0.000000 0.060000 0.000000
vt 0.010264 0.060000 0.000000
vt 0.000000 0.000000 0.000000
vt 0.049748 0.000000 0.000000
vt 0.000000 0.060000 0.000000
vt 0.049748 0.060000 0.000000
vt 0.000000 0.000000 0.000000
vt 0.043766 0.000000 0.000000
vt 0.000000 0.060000 0.000000
vt 0.043766 0.060000 0.000000
vt 0.000000 0.000000 0.000000
vt 0.039881 0.000000 0.000000
vt 0.000000 0.060000 0.000000
vt 0.039881 0.060000 0.000000
vt 0.000000 0.000000 0.000000
vt 0.038196 0.000000 0.000000
vt 0.000000 0.060000 0.000000
vt 0.038196 0.060000 0.000000
vt 0.000000 0.000000 0.000000
vt 0.040092 0.000000 0.000000
vt 0.000000 0.060000 0.000000
vt 0.040092 0.060000 0.000000
vt 0.000000 0.000000 0.000000
vt 0.047427 0.000000 0.000000
vt 0.000000 0.060000 0.000000
vt 0.047427 0.060000 0.000000
vt 0.000000 0.000000 0.000000
vt 0.061089 0.000000 0.000000
vt 0.000000 0.060000 0.000000
vt 0.061089 0.060000 0.000000
vt 0.000000 0.000000 0.000000
vt 0.080777 0.000000 0.000000
vt 0.000000 0.060000 0.000000
vt 0.080777 0.060000 0.000000
vt 0.000000 0.000000 0.000000
vt 0.073518 0.000000 0.000000
vt 0.000000 0.060000 0.000000
vt 0.073518 0.060000 0.000000
vt 0.000000 0.000000 0.000000
vt 0.056172 0.000000 0.000000
vt 0.000000 0.060000 0.000000
vt 0.056172 0.060000 0.000000
vt 0.000000 0.000000 0.000000
vt 0.043818 0.000000 0.000000
vt 0.000000 0.060000 0.000000
vt 0.043818 0.060000 0.000000
vt 0.000000 0.000000 0.000000
vt 0.036624 0.000000 0.000000
vt 0.000000 0.060000 0.000000
vt 0.036624 0.060000 0.000000
vt 0.000000 0.000000 0.000000
vt 0.033789 0.000000 0.000000
vt 0.000000 0.060000 0.000000
vt 0.033789 0.060000 0.000000
vt 0.000000 0.000000 0.000000
vt 0.033491 0.000000 0.000000
vt 0.000000 0.060000 0.000000
vt 0.033491 0.060000 0.000000
vt 0.000000 0.000000 0.000000
vt 0.034148 0.000000 0.000000
vt 0.000000 0.060000 0.000000
vt 0.034148 0.060000 0.000000
vt 0.000000 0.000000 0.000000
vt 0.035201 0.000000 0.000000
vt 0.000000 0.060000 0.000000
vt 0.035201 0.060000 0.000000
vt 0.000000 0.000000 0.000000
vt 0.052061 0.000000 0.000000
vt 0.000000 0.060000 0.000000
vt 0.052061 0.060000 0.000000
vt 0.000000 0.000000 0.000000
vt 0.030364 0.000000 0.000000
vt 0.000000 0.060000 0.000000
vt 0.030364 0.060000 0.000000
vt 0.000000 0.000000 0.000000
vt 0.032938 0.000000 0.000000
vt 0.000000 0.060000 0.000000
vt 0.032938 0.060000 0.000000
vt 0.000000 0.000000 0.000000
vt 0.016991 0.000000 0.000000
vt 0.000000 0.060000 0.000000
vt 0.016991 0.060000 0.000000
vt 0.000000 0.000000 0.000000
vt 0.017715 0.000000 0.000000
vt 0.000000 0.060000 0.000000
vt 0.017715 0.060000 0.000000
vt 0.000000 0.000000 0.000000
vt 0.019387 0.000000 0.000000
vt 0.000000 0.060000 0.000000
vt 0.019387 0.060000 0.000000
vt 0.000000 0.000000 0.000000
vt 0.022482 0.000000 0.000000
vt 0.000000 0.060000 0.000000
vt 0.022482 0.060000 0.000000
vt 0.000000 0.000000 0.000000
vt 0.054000 0.000000 0.000000
vt 0.000000 0.060000 0.000000
vt 0.054000 0.060000 0.000000
vt 0.000000 0.000000 0.000000
vt 0.050527 0.000000 0.000000
vt 0.000000 0.060000 0.000000
vt 0.050527 0.060000 0.000000
vt 0.000000 0.000000 0.000000
vt 0.057581 0.000000 0.000000
vt 0.000000 0.060000 0.000000
vt 0.057581 0.060000 0.000000
vt 0.000000 0.000000 0.000000
vt 0.064705 0.000000 0.000000
vt 0.000000 0.060000 0.000000
vt 0.064705 0.060000 0.000000
vt 0.000000 0.000000 0.000000
vt 0.067464 0.000000 0.000000
vt 0.000000 0.060000 0.000000
vt 0.067464 0.060000 0.000000
vt 0.000000 0.000000 0.000000
vt 0.064650 0.000000 0.000000
vt 0.000000 0.060000 0.000000
vt 0.064650 0.060000 0.000000
vt 0.000000 0.000000 0.000000
vt 0.056954 0.000000 0.000000
vt 0.000000 0.060000 0.000000
vt 0.056954 0.060000 0.000000
vt 0.000000 0.000000 0.000000
vt 0.048037 0.000000 0.000000
vt 0.000000 0.060000 0.000000
vt 0.048037 0.060000 0.000000
vt 0.000000 0.000000 0.000000
vt 0.019433 0.000000 0.000000
vt 0.000000 0.060000 0.000000
vt 0.019433 0.060000 0.000000
vt 0.000000 0.000000 0.000000
vt 0.018588 0.000000 0.000000
vt 0.000000 0.060000 0.000000
vt 0.018588 0.060000 0.000000
vt 0.000000 0.000000 0.000000
vt 0.018160 0.000000 0.000000
vt 0.000000 0.060000 0.000000
vt 0.018160 0.060000 0.000000
vt 0.000000 0.000000 0.000000
vt 0.018036 0.000000 0.000000
vt 0.000000 0.060000 0.000000
vt 0.018036 0.060000 0.000000
vt -0.055490 0.170980 0.000000
vt -0.071650 0.179200 0.000000
vt -0.180390 0.146350 0.000000
vt -0.088970 0.184230 0.000000
vt -0.107060 0.185820 0.000000
vt -0.125530 0.183730 0.000000
vt -0.144010 0.177720 0.000000
vt -0.204690 0.094840 0.000000
vt -0.017770 0.129610 0.000000
vt -0.028160 0.145940 0.000000
vt -0.040870 0.159810 0.000000
vt -0.002990 0.090210 0.000000
vt -0.216620 0.031300 0.000000
vt 0.002070 0.081280 0.000000
vt 0.001420 -0.079410 0.000000
vt 0.216620 -0.002470 0.000000
vt 0.209680 -0.075660 0.000000
vt 0.019120 -0.128370 0.000000
vt 0.191330 -0.128750 0.000000
vt 0.039360 -0.157170 0.000000
vt 0.067210 -0.176930 0.000000
vt -0.215930 -0.036160 0.000000
vt -0.202330 -0.099420 0.000000
vt -0.009480 -0.107750 0.000000
vt -0.175560 -0.150400 0.000000
vt -0.022230 -0.138120 0.000000
vt -0.031500 -0.152360 0.000000
vt -0.043860 -0.165050 0.000000
vt -0.060190 -0.175500 0.000000
vt -0.081370 -0.183040 0.000000
vt -0.135330 -0.180970 0.000000
vt 0.164730 -0.163570 0.000000
vt 0.099500 -0.185820 0.000000
vt 0.133070 -0.181980 0.000000
vt 0.208420 0.077890 0.000000
vt 0.017390 0.128610 0.000000
vt 0.186290 0.134830 0.000000
vt 0.044600 0.162890 0.000000
vt 0.079400 0.182370 0.000000
vt 0.154550 0.170070 0.000000
vt 0.117480 0.185340 0.000000
vt 0.107060 0.185820 0.000000
vt 0.088970 0.184230 0.000000
vt 0.180390 0.146350 0.000000
vt 0.071650 0.179200 0.000000
vt 0.055490 0.170980 0.000000
vt 0.040870 0.159810 0.000000
vt 0.028160 0.145940 0.000000
vt 0.017770 0.129610 0.000000
vt 0.204690 0.094840 0.000000
vt 0.002990 0.090210 0.000000
vt 0.216620 0.031300 0.000000
vt -0.002070 0.081280 0.000000
vt -0.001420 -0.079410 0.000000
vt -0.216620 -0.002470 0.000000
vt -0.209680 -0.075660 0.000000
vt -0.208420 0.077890 0.000000
vt -0.017390 0.128610 0.000000
vt -0.186290 0.134830 0.000000
vt -0.044600 0.162890 0.000000
vt -0.079400 0.182370 0.000000
vt -0.117480 0.185340 0.000000
vt -0.154550 0.170070 0.000000
vt -0.019120 -0.128370 0.000000
vt -0.191330 -0.128750 0.000000
vt -0.039360 -0.157170 0.000000
vt -0.067210 -0.176930 0.000000
vt -0.164730 -0.163570 0.000000
vt -0.099500 -0.185820 0.000000
vt -0.133070 -0.181980 0.000000
vt 0.009480 -0.107750 0.000000
vt 0.202330 -0.099420 0.000000
vt 0.215930 -0.036160 0.000000
vt 0.175560 -0.150400 0.000000
vt 0.022230 -0.138120 0.000000
vt 0.031500 -0.152360 0.000000
vt 0.043860 -0.165050 0.000000
vt 0.060190 -0.175500 0.000000
vt 0.081370 -0.183040 0.000000
vt 0.135330 -0.180970 0.000000
vt 0.144010 0.177720 0.000000
vt 0.125530 0.183730 0.000000
vn 0.453380 0.891317 -0.000000
vn 0.453380 0.891317 -0.000000
vn 0.453380 0.891317 -0.000000
vn 0.453380 0.891317 -0.000000
vn 0.607107 0.794620 -0.000000
vn 0.607107 0.794620 -0.000000
vn 0.607107 0.794620 -0.000000
vn 0.607107 0.794620 -0.000000
vn 0.737264 0.675604 -0.000000
vn 0.737264 0.675604 -0.000000
vn 0.737264 0.675604 -0.000000
vn 0.737264 0.675604 -0.000000
vn 0.843704 0.536809 -0.000000
vn 0.843704 0.536809 -0.000000
vn 0.843704 0.536809 -0.000000
vn 0.843704 0.536809 -0.000000
vn 0.936290 0.351228 -0.000000
vn 0.936290 0.351228 -0.000000
vn 0.936290 0.351228 -0.000000
vn 0.936290 0.351228 -0.000000
vn 0.870036 0.492988 -0.000000
vn 0.870036 0.492988 -0.000000
vn 0.870036 0.492988 -0.000000
vn 0.870036 0.492988 -0.000000
vn -0.951401 0.307954 0.000000
vn -0.951401 0.307954 0.000000
vn -0.951401 0.307954 0.000000
vn -0.951401 0.307954 0.000000
vn -0.783248 0.621709 0.000000
vn -0.783248 0.621709 0.000000
vn -0.783248 0.621709 0.000000
vn -0.783248 0.621709 0.000000
vn -0.488451 0.872592 0.000000
vn -0.488451 0.872592 0.000000
vn -0.488451 0.872592 0.000000
vn -0.488451 0.872592 0.000000
vn -0.077758 0.996972 0.000000
vn -0.077758 0.996972 0.000000
vn -0.077758 0.996972 0.000000
vn -0.077758 0.996972 0.000000
vn 0.380875 0.924626 -0.000000
vn 0.380875 0.924626 -0.000000
vn 0.380875 0.924626 -0.000000
vn 0.380875 0.924626 -0.000000
vn 0.743042 0.669244 -0.000000
vn 0.743042 0.669244 -0.000000
vn 0.743042 0.669244 -0.000000
vn 0.743042 0.669244 -0.000000
vn 0.932078 0.362257 -0.000000
vn 0.932078 0.362257 -0.000000
vn 0.932078 0.362257 -0.000000
vn 0.932078 0.362257 -0.000000
vn 0.994834 0.101514 -0.000000
vn 0.994834 0.101514 -0.000000
vn 0.994834 0.101514 -0.000000
vn 0.994834 0.101514 -0.000000
vn 0.995535 -0.094398 0.000000
vn 0.995535 -0.094398 0.000000
vn 0.995535 -0.094398 0.000000
vn 0.995535 -0.094398 0.000000
vn 0.945136 -0.326676 0.000000
vn 0.945136 -0.326676 0.000000
vn 0.945136 -0.326676 0.000000
vn 0.945136 -0.326676 0.000000
vn 0.794656 -0.607060 0.000000
vn 0.794656 -0.607060 0.000000
vn 0.794656 -0.607060 0.000000
vn 0.794656 -0.607060 0.000000
vn 0.502682 -0.864471 0.000000
vn 0.502682 -0.864471 0.000000
vn 0.502682 -0.864471 0.000000
vn 0.502682 -0.864471 0.000000
vn 0.113647 -0.993521 0.000000
vn 0.113647 -0.993521 0.000000
vn 0.113647 -0.993521 0.000000
vn 0.113647 -0.993521 0.000000
vn -0.265441 -0.964127 0.000000
vn -0.265441 -0.964127 0.000000
vn -0.265441 -0.964127 0.000000
vn -0.265441 -0.964127 0.000000
vn -0.578659 -0.815570 0.000000
vn -0.578659 -0.815570 0.000000
vn -0.578659 -0.815570 0.000000
vn -0.578659 -0.815570 0.000000
vn -0.818163 -0.574987 0.000000
vn -0.818163 -0.574987 0.000000
vn -0.818163 -0.574987 0.000000
vn -0.818163 -0.574987 0.000000
vn -0.940431 -0.339984 0.000000
vn -0.940431 -0.339984 0.000000
vn -0.940431 -0.339984 0.000000
vn -0.940431 -0.339984 0.000000
vn 0.933346 -0.358979 0.000000
vn 0.933346 -0.358979 0.000000
vn 0.933346 -0.358979 0.000000
vn 0.933346 -0.358979 0.000000
vn 0.922041 -0.387093 0.000000
vn 0.922041 -0.387093 0.000000
vn 0.922041 -0.387093 0.000000
vn 0.922041 -0.387093 0.000000
vn 0.838067 -0.545567 0.000000
vn 0.838067 -0.545567 0.000000
vn 0.838067 -0.545567 0.000000
vn 0.838067 -0.545567 0.000000
vn 0.716360 -0.697731 0.000000
vn 0.716360 -0.697731 0.000000
vn 0.716360 -0.697731 0.000000
vn 0.716360 -0.697731 0.000000
vn 0.539010 -0.842300 0.000000
vn 0.539010 -0.842300 0.000000
vn 0.539010 -0.842300 0.000000
vn 0.539010 -0.842300 0.000000
vn 0.335378 -0.942084 0.000000
vn 0.335378 -0.942084 0.000000
vn 0.335378 -0.942084 0.000000
vn 0.335378 -0.942084 0.000000
vn -0.038334 -0.999265 0.000000
vn -0.038334 -0.999265 0.000000
vn -0.038334 -0.999265 0.000000
vn -0.038334 -0.999265 0.000000
vn -0.605023 -0.796208 0.000000
vn -0.605023 -0.796208 0.000000
vn -0.605023 -0.796208 0.000000
vn -0.605023 -0.796208 0.000000
vn -0.885359 -0.464909 0.000000
vn -0.885359 -0.464909 0.000000
vn -0.885359 -0.464909 0.000000
vn -0.885359 -0.464909 0.000000
vn -0.977662 -0.210183 0.000000
vn -0.977662 -0.210183 0.000000
vn -0.977662 -0.210183 0.000000
vn -0.977662 -0.210183 0.000000
vn -0.999948 -0.010228 0.000000
vn -0.999948 -0.010228 0.000000
vn -0.999948 -0.010228 0.000000
vn -0.999948 -0.010228 0.000000
vn -0.982827 0.184531 0.000000
vn -0.982827 0.184531 0.000000
vn -0.982827 0.184531 0.000000
vn -0.982827 0.184531 0.000000
vn -0.904412 0.426659 0.000000
vn -0.904412 0.426659 0.000000
vn -0.904412 0.426659 0.000000
vn -0.904412 0.426659 0.000000
vn -0.653034 0.757328 0.000000
vn -0.653034 0.757328 0.000000
vn -0.653034 0.757328 0.000000
vn -0.653034 0.757328 0.000000
vn -0.309272 0.950974 0.000000
vn -0.309272 0.950974 0.000000
vn -0.309272 0.950974 0.000000
vn -0.309272 0.950974 0.000000
vn -0.112439 0.993659 0.000000
vn -0.112439 0.993659 0.000000
vn -0.112439 0.993659 0.000000
vn -0.112439 0.993659 0.000000
vn 0.087556 0.996160 -0.000000
vn 0.087556 0.996160 -0.000000
vn 0.087556 0.996160 -0.000000
vn 0.087556 0.996160 -0.000000
vn 0.278893 0.960322 -0.000000
vn 0.278893 0.960322 -0.000000
vn 0.278893 0.960322 -0.000000
vn 0.278893 0.960322 -0.000000
vn 0.000000 0.000000 1.000000
vn 0.000000 0.000000 1.000000
vn 0.000000 0.000000 1.000000
vn 0.000000 0.000000 1.000000
vn 0.000000 0.000000 1.000000
vn 0.000000 0.000000 1.000000
vn 0.000000 0.000000 1.000000
vn 0.000000 0.000000 1.000000
vn 0.000000 0.000000 1.000000
vn 0.000000 0.000000 1.000000
vn 0.000000 0.000000 1.000000
vn 0.000000 0.000000 1.000000
vn 0.000000 0.000000 1.000000
vn 0.000000 0.000000 1.000000
vn 0.000000 0.000000 1.000000
vn 0.000000 0.000000 1.000000
vn 0.000000 0.000000 1.000000
vn 0.000000 0.000000 1.000000
vn 0.000000 0.000000 1.000000
vn 0.000000 0.000000 1.000000
vn 0.000000 0.000000 1.000000
vn 0.000000 0.000000 1.000000
vn 0.000000 0.000000 1.000000
vn 0.000000 0.000000 1.000000
vn 0.000000 0.000000 1.000000
vn 0.000000 0.000000 1.000000
vn 0.000000 0.000000 1.000000
vn 0.000000 0.000000 1.000000
vn 0.000000 0.000000 1.000000
vn 0.000000 0.000000 1.000000
vn 0.000000 0.000000 1.000000
vn 0.000000 0.000000 1.000000
vn 0.000000 0.000000 1.000000
vn 0.000000 0.000000 1.000000
vn 0.000000 0.000000 1.000000
vn 0.000000 0.000000 1.000000
vn 0.000000 0.000000 1.000000
vn 0.000000 0.000000 1.000000
vn 0.000000 0.000000 1.000000
vn 0.000000 0.000000 1.000000
vn 0.000000 0.000000 1.000000
vn -0.000000 0.000000 -1.000000
vn -0.000000 0.000000 -1.000000
vn -0.000000 0.000000 -1.000000
vn -0.000000 0.000000 -1.000000
vn -0.000000 0.000000 -1.000000
vn -0.000000 0.000000 -1.000000
vn -0.000000 0.000000 -1.000000
vn -0.000000 0.000000 -1.000000
vn -0.000000 0.000000 -1.000000
vn -0.000000 0.000000 -1.000000
vn -0.000000 0.000000 -1.000000
vn -0.000000 0.000000 -1.000000
vn -0.000000 0.000000 -1.000000
vn -0.000000 0.000000 -1.000000
vn -0.000000 0.000000 -1.000000
vn -0.000000 0.000000 -1.000000
vn -0.000000 0.000000 -1.000000
vn -0.000000 0.000000 -1.000000
vn -0.000000 0.000000 -1.000000
vn -0.000000 0.000000 -1.000000
vn -0.000000 0.000000 -1.000000
vn -0.000000 0.000000 -1.000000
vn -0.000000 0.000000 -1.000000
vn -0.000000 0.000000 -1.000000
vn -0.000000 0.000000 -1.000000
vn -0.000000 0.000000 -1.000000
vn -0.000000 0.000000 -1.000000
vn -0.000000 0.000000 -1.000000
vn -0.000000 0.000000 -1.000000
vn -0.000000 0.000000 -1.000000
vn -0.000000 0.000000 -1.000000
vn -0.000000 0.000000 -1.000000
vn -0.000000 0.000000 -1.000000
vn -0.000000 0.000000 -1.000000
vn -0.000000 0.000000 -1.000000
vn -0.000000 0.000000 -1.000000
vn -0.000000 0.000000 -1.000000
vn -0.000000 0.000000 -1.000000
vn -0.000000 0.000000 -1.000000
vn -0.000000 0.000000 -1.000000
vn -0.000000 0.000000 -1.000000
f 1595/4783/4783 1596/4784/4784 1598/4785/4785
f 1598/4785/4785 1596/4784/4784 1597/4786/4786
f 1599/4787/4787 1595/4788/4788 1600/4789/4789
f 1600/4789/4789 1595/4788/4788 1598/4790/4790
f 1601/4791/4791 1599/4792/4792 1602/4793/4793
f 1602/4793/4793 1599/4792/4792 1600/4794/4794
f 1603/4795/4795 1601/4796/4796 1604/4797/4797
f 1604/4797/4797 1601/4796/4796 1602/4798/4798
f 1605/4799/4799 1603/4800/4800 1606/4801/4801
f 1606/4801/4801 1603/4800/4800 1604/4802/4802
f 1607/4803/4803 1605/4804/4804 1608/4805/4805
f 1608/4805/4805 1605/4804/4804 1606/4806/4806
f 1609/4807/4807 1607/4808/4808 1610/4809/4809
f 1610/4809/4809 1607/4808/4808 1608/4810/4810
f 1611/4811/4811 1609/4812/4812 1612/4813/4813
f 1612/4813/4813 1609/4812/4812 1610/4814/4814
f 1613/4815/4815 1611/4816/4816 1614/4817/4817
f 1614/4817/4817 1611/4816/4816 1612/4818/4818
f 1615/4819/4819 1613/4820/4820 1616/4821/4821
f 1616/4821/4821 1613/4820/4820 1614/4822/4822
f 1617/4823/4823 1615/4824/4824 1618/4825/4825
f 1618/4825/4825 1615/4824/4824 1616/4826/4826
f 1619/4827/4827 1617/4828/4828 1620/4829/4829
f 1620/4829/4829 1617/4828/4828 1618/4830/4830
f 1621/4831/4831 1619/4832/4832 1622/4833/4833
f 1622/4833/4833 1619/4832/4832 1620/4834/4834
f 1623/4835/4835 1621/4836/4836 1624/4837/4837
f 1624/4837/4837 1621/4836/4836 1622/4838/4838
f 1625/4839/4839 1623/4840/4840 1626/4841/4841
f 1626/4841/4841 1623/4840/4840 1624/4842/4842
f 1627/4843/4843 1625/4844/4844 1628/4845/4845
f 1628/4845/4845 1625/4844/4844 1626/4846/4846
f 1629/4847/4847 1627/4848/4848 1630/4849/4849
f 1630/4849/4849 1627/4848/4848 1628/4850/4850
f 1631/4851/4851 1629/4852/4852 1632/4853/4853
f 1632/4853/4853 1629/4852/4852 1630/4854/4854
f 1633/4855/4855 1631/4856/4856 1634/4857/4857
f 1634/4857/4857 1631/4856/4856 1632/4858/4858
f 1635/4859/4859 1633/4860/4860 1636/4861/4861
f 1636/4861/4861 1633/4860/4860 1634/4862/4862
f 1637/4863/4863 1635/4864/4864 1638/4865/4865
f 1638/4865/4865 1635/4864/4864 1636/4866/4866
f 1639/4867/4867 1637/4868/4868 1640/4869/4869
f 1640/4869/4869 1637/4868/4868 1638/4870/4870
f 1641/4871/4871 1639/4872/4872 1642/4873/4873
f 1642/4873/4873 1639/4872/4872 1640/4874/4874
f 1643/4875/4875 1641/4876/4876 1644/4877/4877
f 1644/4877/4877 1641/4876/4876 1642/4878/4878
f 1645/4879/4879 1643/4880/4880 1646/4881/4881
f 1646/4881/4881 1643/4880/4880 1644/4882/4882
f 1647/4883/4883 1645/4884/4884 1648/4885/4885
f 1648/4885/4885 1645/4884/4884 1646/4886/4886
f 1649/4887/4887 1647/4888/4888 1650/4889/4889
f 1650/4889/4889 1647/4888/4888 1648/4890/4890
f 1651/4891/4891 1649/4892/4892 1652/4893/4893
f 1652/4893/4893 1649/4892/4892 1650/4894/4894
f 1653/4895/4895 1651/4896/4896 1654/4897/4897
f 1654/4897/4897 1651/4896/4896 1652/4898/4898
f 1655/4899/4899 1653/4900/4900 1656/4901/4901
f 1656/4901/4901 1653/4900/4900 1654/4902/4902
f 1657/4903/4903 1655/4904/4904 1658/4905/4905
f 1658/4905/4905 1655/4904/4904 1656/4906/4906
f 1659/4907/4907 1657/4908/4908 1660/4909/4909
f 1660/4909/4909 1657/4908/4908 1658/4910/4910
f 1661/4911/4911 1659/4912/4912 1662/4913/4913
f 1662/4913/4913 1659/4912/4912 1660/4914/4914
f 1663/4915/4915 1661/4916/4916 1664/4917/4917
f 1664/4917/4917 1661/4916/4916 1662/4918/4918
f 1665/4919/4919 1663/4920/4920 1666/4921/4921
f 1666/4921/4921 1663/4920/4920 1664/4922/4922
f 1667/4923/4923 1665/4924/4924 1668/4925/4925
f 1668/4925/4925 1665/4924/4924 1666/4926/4926
f 1669/4927/4927 1667/4928/4928 1670/4929/4929
f 1670/4929/4929 1667/4928/4928 1668/4930/4930
f 1671/4931/4931 1669/4932/4932 1672/4933/4933
f 1672/4933/4933 1669/4932/4932 1670/4934/4934
f 1673/4935/4935 1671/4936/4936 1674/4937/4937
f 1674/4937/4937 1671/4936/4936 1672/4938/4938
f 1675/4939/4939 1673/4940/4940 1676/4941/4941
f 1676/4941/4941 1673/4940/4940 1674/4942/4942
f 1596/4943/4943 1675/4944/4944 1597/4945/4945
f 1597/4945/4945 1675/4944/4944 1676/4946/4946
f 1598/4947/4947 1597/4948/4948 1668/4949/4949
f 1668/4949/4949 1597/4948/4948 1676/4950/4950
f 1668/4949/4949 1676/4950/4950 1674/4951/4951
f 1674/4951/4951 1672/4952/4952 1668/4949/4949
f 1668/4949/4949 1672/4952/4952 1670/4953/4953
f 1666/4954/4954 1604/4955/4955 1668/4949/4949
f 1668/4949/4949 1604/4955/4955 1602/4956/4956
f 1668/4949/4949 1602/4956/4956 1600/4957/4957
f 1604/4955/4955 1666/4954/4954 1606/4958/4958
f 1606/4958/4958 1666/4954/4954 1664/4959/4959
f 1606/4958/4958 1664/4959/4959 1608/4960/4960
f 1608/4960/4960 1664/4959/4959 1642/4961/4961
f 1608/4960/4960 1642/4961/4961 1624/4962/4962
f 1624/4962/4962 1642/4961/4961 1626/4963/4963
f 1626/4963/4963 1642/4961/4961 1640/4964/4964
f 1626/4963/4963 1640/4964/4964 1628/4965/4965
f 1628/4965/4965 1640/4964/4964 1638/4966/4966
f 1628/4965/4965 1638/4966/4966 1636/4967/4967
f 1664/4959/4959 1662/4968/4968 1642/4961/4961
f 1642/4961/4961 1662/4968/4968 1660/4969/4969
f 1642/4961/4961 1660/4969/4969 1644/4970/4970
f 1644/4970/4970 1660/4969/4969 1658/4971/4971
f 1644/4970/4970 1658/4971/4971 1646/4972/4972
f 1646/4972/4972 1658/4971/4971 1648/4973/4973
f 1648/4973/4973 1658/4971/4971 1650/4974/4974
f 1650/4974/4974 1658/4971/4971 1652/4975/4975
f 1652/4975/4975 1658/4971/4971 1654/4976/4976
f 1654/4976/4976 1658/4971/4971 1656/4977/4977
f 1628/4965/4965 1636/4967/4967 1630/4978/4978
f 1630/4978/4978 1636/4967/4967 1634/4979/4979
f 1630/4978/4978 1634/4979/4979 1632/4980/4980
f 1624/4962/4962 1622/4981/4981 1608/4960/4960
f 1608/4960/4960 1622/4981/4981 1610/4982/4982
f 1610/4982/4982 1622/4981/4981 1620/4983/4983
f 1610/4982/4982 1620/4983/4983 1612/4984/4984
f 1612/4984/4984 1620/4983/4983 1614/4985/4985
f 1614/4985/4985 1620/4983/4983 1618/4986/4986
f 1614/4985/4985 1618/4986/4986 1616/4987/4987
f 1600/4957/4957 1598/4947/4947 1668/4949/4949
f 1673/4988/4988 1675/4989/4989 1667/4990/4990
f 1667/4990/4990 1675/4989/4989 1596/4991/4991
f 1667/4990/4990 1596/4991/4991 1595/4992/4992
f 1595/4992/4992 1599/4993/4993 1667/4990/4990
f 1667/4990/4990 1599/4993/4993 1601/4994/4994
f 1667/4990/4990 1601/4994/4994 1603/4995/4995
f 1667/4990/4990 1603/4995/4995 1665/4996/4996
f 1665/4996/4996 1603/4995/4995 1605/4997/4997
f 1665/4996/4996 1605/4997/4997 1663/4998/4998
f 1663/4998/4998 1605/4997/4997 1607/4999/4999
f 1663/4998/4998 1607/4999/4999 1641/5000/5000
f 1641/5000/5000 1607/4999/4999 1623/5001/5001
f 1641/5000/5000 1623/5001/5001 1625/5002/5002
f 1623/5001/5001 1607/4999/4999 1621/5003/5003
f 1621/5003/5003 1607/4999/4999 1609/5004/5004
f 1621/5003/5003 1609/5004/5004 1619/5005/5005
f 1619/5005/5005 1609/5004/5004 1611/5006/5006
f 1619/5005/5005 1611/5006/5006 1613/5007/5007
f 1615/5008/5008 1617/5009/5009 1613/5007/5007
f 1613/5007/5007 1617/5009/5009 1619/5005/5005
f 1641/5000/5000 1625/5002/5002 1639/5010/5010
f 1639/5010/5010 1625/5002/5002 1627/5011/5011
f 1639/5010/5010 1627/5011/5011 1637/5012/5012
f 1637/5012/5012 1627/5011/5011 1635/5013/5013
f 1635/5013/5013 1627/5011/5011 1629/5014/5014
f 1635/5013/5013 1629/5014/5014 1633/5015/5015
f 1633/5015/5015 1629/5014/5014 1631/5016/5016
f 1643/5017/5017 1659/5018/5018 1641/5000/5000
f 1641/5000/5000 1659/5018/5018 1661/5019/5019
f 1641/5000/5000 1661/5019/5019 1663/4998/4998
f 1659/5018/5018 1643/5017/5017 1657/5020/5020
f 1657/5020/5020 1643/5017/5017 1645/5021/5021
f 1657/5020/5020 1645/5021/5021 1647/5022/5022
f 1647/5022/5022 1649/5023/5023 1657/5020/5020
f 1657/5020/5020 1649/5023/5023 1651/5024/5024
f 1657/5020/5020 1651/5024/5024 1653/5025/5025
f 1653/5025/5025 1655/5026/5026 1657/5020/5020
f 1669/5027/5027 1671/5028/5028 1667/4990/4990
f 1667/4990/4990 1671/5028/5028 1673/4988/4988
g naranja (4)

v 30.326320 -946.914270 0.000000
v 30.390870 -946.923950 0.000000
v 30.390870 -946.923950 0.060000
v 30.326320 -946.914270 0.060000
v 30.246880 -946.907730 0.000000
v 30.246880 -946.907730 0.060000
v 30.157650 -946.904330 0.000000
v 30.157650 -946.904330 0.060000
v 30.063730 -946.904020 0.000000
v 30.063730 -946.904020 0.060000
v 29.970220 -946.906800 0.000000
v 29.970220 -946.906800 0.060000
v 29.882220 -946.912630 0.000000
v 29.882220 -946.912630 0.060000
v 29.804820 -946.921500 0.000000
v 29.804820 -946.921500 0.060000
v 29.743140 -946.933380 0.000000
v 29.743140 -946.933380 0.060000
v 29.389460 -946.987010 0.000000
v 29.389460 -946.987010 0.060000
v 29.341560 -946.985920 0.000000
v 29.341560 -946.985920 0.060000
v 29.296310 -946.981990 0.000000
v 29.296310 -946.981990 0.060000
v 29.253870 -946.974990 0.000000
v 29.253870 -946.974990 0.060000
v 29.214380 -946.964660 0.000000
v 29.214380 -946.964660 0.060000
v 29.178000 -946.950780 0.000000
v 29.178000 -946.950780 0.060000
v 29.144880 -946.933100 0.000000
v 29.144880 -946.933100 0.060000
v 29.115180 -946.911370 0.000000
v 29.115180 -946.911370 0.060000
v 29.089050 -946.885370 0.000000
v 29.089050 -946.885370 0.060000
v 29.040330 -946.796960 0.000000
v 29.040330 -946.796960 0.060000
v 29.021750 -946.690830 0.000000
v 29.021750 -946.690830 0.060000
v 29.022550 -946.570840 0.000000
v 29.022550 -946.570840 0.060000
v 29.031930 -946.440860 0.000000
v 29.031930 -946.440860 0.060000
v 29.039130 -946.304760 0.000000
v 29.039130 -946.304760 0.060000
v 29.033380 -946.166400 0.000000
v 29.033380 -946.166400 0.060000
v 29.003890 -946.029630 0.000000
v 29.003890 -946.029630 0.060000
v 28.939900 -945.898340 0.000000
v 28.939900 -945.898340 0.060000
v 28.932000 -945.884410 0.000000
v 28.932000 -945.884410 0.060000
v 28.932610 -945.855720 0.000000
v 28.932610 -945.855720 0.060000
v 28.931920 -945.829340 0.000000
v 28.931920 -945.829340 0.060000
v 28.932450 -945.802500 0.000000
v 28.932450 -945.802500 0.060000
v 28.936700 -945.772460 0.000000
v 28.936700 -945.772460 0.060000
v 28.943650 -945.745980 0.000000
v 28.943650 -945.745980 0.060000
v 28.952910 -945.720970 0.000000
v 28.952910 -945.720970 0.060000
v 28.964450 -945.697560 0.000000
v 28.964450 -945.697560 0.060000
v 28.978280 -945.675860 0.000000
v 28.978280 -945.675860 0.060000
v 28.994370 -945.656010 0.000000
v 28.994370 -945.656010 0.060000
v 29.012720 -945.638130 0.000000
v 29.012720 -945.638130 0.060000
v 29.033310 -945.622340 0.000000
v 29.033310 -945.622340 0.060000
v 29.056130 -945.608770 0.000000
v 29.056130 -945.608770 0.060000
v 29.074690 -945.600770 0.000000
v 29.074690 -945.600770 0.060000
v 29.089470 -945.588930 0.000000
v 29.089470 -945.588930 0.060000
v 29.092110 -945.590750 0.000000
v 29.092110 -945.590750 0.060000
v 29.098050 -945.591360 0.000000
v 29.098050 -945.591360 0.060000
v 29.104020 -945.591260 0.000000
v 29.104020 -945.591260 0.060000
v 29.116100 -945.588320 0.000000
v 29.116100 -945.588320 0.060000
v 29.206920 -945.575720 0.000000
v 29.206920 -945.575720 0.060000
v 29.330990 -945.567910 0.000000
v 29.330990 -945.567910 0.060000
v 29.590740 -945.578660 0.000000
v 29.590740 -945.578660 0.060000
v 29.727870 -945.595970 0.000000
v 29.727870 -945.595970 0.060000
v 29.880700 -945.625830 0.000000
v 29.880700 -945.625830 0.060000
v 30.042480 -945.667290 0.000000
v 30.042480 -945.667290 0.060000
v 30.206450 -945.719360 0.000000
v 30.206450 -945.719360 0.060000
v 30.365840 -945.781090 0.000000
v 30.365840 -945.781090 0.060000
v 30.513890 -945.851510 0.000000
v 30.513890 -945.851510 0.060000
v 30.643830 -945.929650 0.000000
v 30.643830 -945.929650 0.060000
v 30.748910 -946.014540 0.000000
v 30.748910 -946.014540 0.060000
v 30.719400 -946.024890 0.000000
v 30.719400 -946.024890 0.060000
v 30.690400 -946.040200 0.000000
v 30.690400 -946.040200 0.060000
v 30.663840 -946.057410 0.000000
v 30.663840 -946.057410 0.060000
v 30.641650 -946.073460 0.000000
v 30.641650 -946.073460 0.060000
v 30.613620 -946.094830 0.000000
v 30.613620 -946.094830 0.060000
v 30.600680 -946.106090 0.000000
v 30.600680 -946.106090 0.060000
v 30.591360 -946.116180 0.000000
v 30.591360 -946.116180 0.060000
v 30.574220 -946.134040 0.000000
v 30.574220 -946.134040 0.060000
v 30.547420 -946.161130 0.000000
v 30.547420 -946.161130 0.060000
v 30.526850 -946.184190 0.000000
v 30.526850 -946.184190 0.060000
v 30.507040 -946.210650 0.000000
v 30.507040 -946.210650 0.060000
v 30.482480 -946.247940 0.000000
v 30.482480 -946.247940 0.060000
v 30.424940 -946.357090 0.000000
v 30.424940 -946.357090 0.060000
v 30.399620 -946.420880 0.000000
v 30.399620 -946.420880 0.060000
v 30.381410 -946.486330 0.000000
v 30.381410 -946.486330 0.060000
v 30.369820 -946.553020 0.000000
v 30.369820 -946.553020 0.060000
v 30.364400 -946.620550 0.000000
v 30.364400 -946.620550 0.060000
v 30.364650 -946.688490 0.000000
v 30.364650 -946.688490 0.060000
v 30.370120 -946.756440 0.000000
v 30.370120 -946.756440 0.060000
v 30.380330 -946.823990 0.000000
v 30.380330 -946.823990 0.060000
v 30.394810 -946.890730 0.000000
v 30.394810 -946.890730 0.060000
v 30.397610 -946.902780 0.000000
v 30.397610 -946.902780 0.060000
v 30.397650 -946.908380 0.000000
v 30.397650 -946.908380 0.060000
v 30.395280 -946.913450 0.000000
v 30.395280 -946.913450 0.060000
vt 0.000000 0.000000 0.000000
vt 0.065272 0.000000 0.000000
vt 0.000000 0.060000 0.000000
vt 0.065272 0.060000 0.000000
vt 0.000000 0.000000 0.000000
vt 0.079709 0.000000 0.000000
vt 0.000000 0.060000 0.000000
vt 0.079709 0.060000 0.000000
vt 0.000000 0.000000 0.000000
vt 0.089295 0.000000 0.000000
vt 0.000000 0.060000 0.000000
vt 0.089295 0.060000 0.000000
vt 0.000000 0.000000 0.000000
vt 0.093921 0.000000 0.000000
vt 0.000000 0.060000 0.000000
vt 0.093921 0.060000 0.000000
vt 0.000000 0.000000 0.000000
vt 0.093551 0.000000 0.000000
vt 0.000000 0.060000 0.000000
vt 0.093551 0.060000 0.000000
vt 0.000000 0.000000 0.000000
vt 0.088193 0.000000 0.000000
vt 0.000000 0.060000 0.000000
vt 0.088193 0.060000 0.000000
vt 0.000000 0.000000 0.000000
vt 0.077907 0.000000 0.000000
vt 0.000000 0.060000 0.000000
vt 0.077907 0.060000 0.000000
vt 0.000000 0.000000 0.000000
vt 0.062814 0.000000 0.000000
vt 0.000000 0.060000 0.000000
vt 0.062814 0.060000 0.000000
vt 0.000000 0.000000 0.000000
vt 0.357723 0.000000 0.000000
vt 0.000000 0.060000 0.000000
vt 0.357723 0.060000 0.000000
vt 0.000000 0.000000 0.000000
vt 0.047912 0.000000 0.000000
vt 0.000000 0.060000 0.000000
vt 0.047912 0.060000 0.000000
vt 0.000000 0.000000 0.000000
vt 0.045420 0.000000 0.000000
vt 0.000000 0.060000 0.000000
vt 0.045420 0.060000 0.000000
vt 0.000000 0.000000 0.000000
vt 0.043013 0.000000 0.000000
vt 0.000000 0.060000 0.000000
vt 0.043013 0.060000 0.000000
vt 0.000000 0.000000 0.000000
vt 0.040819 0.000000 0.000000
vt 0.000000 0.060000 0.000000
vt 0.040819 0.060000 0.000000
vt 0.000000 0.000000 0.000000
vt 0.038938 0.000000 0.000000
vt 0.000000 0.060000 0.000000
vt 0.038938 0.060000 0.000000
vt 0.000000 0.000000 0.000000
vt 0.037544 0.000000 0.000000
vt 0.000000 0.060000 0.000000
vt 0.037544 0.060000 0.000000
vt 0.000000 0.000000 0.000000
vt 0.036801 0.000000 0.000000
vt 0.000000 0.060000 0.000000
vt 0.036801 0.060000 0.000000
vt 0.000000 0.000000 0.000000
vt 0.036862 0.000000 0.000000
vt 0.000000 0.060000 0.000000
vt 0.036862 0.060000 0.000000
vt 0.000000 0.000000 0.000000
vt 0.100945 0.000000 0.000000
vt 0.000000 0.060000 0.000000
vt 0.100945 0.060000 0.000000
vt 0.000000 0.000000 0.000000
vt 0.107744 0.000000 0.000000
vt 0.000000 0.060000 0.000000
vt 0.107744 0.060000 0.000000
vt 0.000000 0.000000 0.000000
vt 0.119993 0.000000 0.000000
vt 0.000000 0.060000 0.000000
vt 0.119993 0.060000 0.000000
vt 0.000000 0.000000 0.000000
vt 0.130318 0.000000 0.000000
vt 0.000000 0.060000 0.000000
vt 0.130318 0.060000 0.000000
vt 0.000000 0.000000 0.000000
vt 0.136290 0.000000 0.000000
vt 0.000000 0.060000 0.000000
vt 0.136290 0.060000 0.000000
vt 0.000000 0.000000 0.000000
vt 0.138479 0.000000 0.000000
vt 0.000000 0.060000 0.000000
vt 0.138479 0.060000 0.000000
vt 0.000000 0.000000 0.000000
vt 0.139913 0.000000 0.000000
vt 0.000000 0.060000 0.000000
vt 0.139913 0.060000 0.000000
vt 0.000000 0.000000 0.000000
vt 0.146054 0.000000 0.000000
vt 0.000000 0.060000 0.000000
vt 0.146054 0.060000 0.000000
vt 0.000000 0.000000 0.000000
vt 0.016014 0.000000 0.000000
vt 0.000000 0.060000 0.000000
vt 0.016014 0.060000 0.000000
vt 0.000000 0.000000 0.000000
vt 0.028696 0.000000 0.000000
vt 0.000000 0.060000 0.000000
vt 0.028696 0.060000 0.000000
vt 0.000000 0.000000 0.000000
vt 0.026389 0.000000 0.000000
vt 0.000000 0.060000 0.000000
vt 0.026389 0.060000 0.000000
vt 0.000000 0.000000 0.000000
vt 0.026845 0.000000 0.000000
vt 0.000000 0.060000 0.000000
vt 0.026845 0.060000 0.000000
vt 0.000000 0.000000 0.000000
vt 0.030339 0.000000 0.000000
vt 0.000000 0.060000 0.000000
vt 0.030339 0.060000 0.000000
vt 0.000000 0.000000 0.000000
vt 0.027377 0.000000 0.000000
vt 0.000000 0.060000 0.000000
vt 0.027377 0.060000 0.000000
vt 0.000000 0.000000 0.000000
vt 0.026669 0.000000 0.000000
vt 0.000000 0.060000 0.000000
vt 0.026669 0.060000 0.000000
vt 0.000000 0.000000 0.000000
vt 0.026100 0.000000 0.000000
vt 0.000000 0.060000 0.000000
vt 0.026100 0.060000 0.000000
vt 0.000000 0.000000 0.000000
vt 0.025732 0.000000 0.000000
vt 0.000000 0.060000 0.000000
vt 0.025732 0.060000 0.000000
vt 0.000000 0.000000 0.000000
vt 0.025552 0.000000 0.000000
vt 0.000000 0.060000 0.000000
vt 0.025552 0.060000 0.000000
vt 0.000000 0.000000 0.000000
vt 0.025621 0.000000 0.000000
vt 0.000000 0.060000 0.000000
vt 0.025621 0.060000 0.000000
vt 0.000000 0.000000 0.000000
vt 0.025947 0.000000 0.000000
vt 0.000000 0.060000 0.000000
vt 0.025947 0.060000 0.000000
vt 0.000000 0.000000 0.000000
vt 0.026550 0.000000 0.000000
vt 0.000000 0.060000 0.000000
vt 0.026550 0.060000 0.000000
vt 0.000000 0.000000 0.000000
vt 0.020211 0.000000 0.000000
vt 0.000000 0.060000 0.000000
vt 0.020211 0.060000 0.000000
vt 0.000000 0.000000 0.000000
vt 0.018938 0.000000 0.000000
vt 0.000000 0.060000 0.000000
vt 0.018938 0.060000 0.000000
vt 0.000000 0.000000 0.000000
vt 0.003207 0.000000 0.000000
vt 0.000000 0.060000 0.000000
vt 0.003207 0.060000 0.000000
vt 0.000000 0.000000 0.000000
vt 0.005971 0.000000 0.000000
vt 0.000000 0.060000 0.000000
vt 0.005971 0.060000 0.000000
vt 0.000000 0.000000 0.000000
vt 0.005971 0.000000 0.000000
vt 0.000000 0.060000 0.000000
vt 0.005971 0.060000 0.000000
vt 0.000000 0.000000 0.000000
vt 0.012433 0.000000 0.000000
vt 0.000000 0.060000 0.000000
vt 0.012433 0.060000 0.000000
vt 0.000000 0.000000 0.000000
vt 0.091690 0.000000 0.000000
vt 0.000000 0.060000 0.000000
vt 0.091690 0.060000 0.000000
vt 0.000000 0.000000 0.000000
vt 0.124316 0.000000 0.000000
vt 0.000000 0.060000 0.000000
vt 0.124316 0.060000 0.000000
vt 0.000000 0.000000 0.000000
vt 0.259972 0.000000 0.000000
vt 0.000000 0.060000 0.000000
vt 0.259972 0.060000 0.000000
vt 0.000000 0.000000 0.000000
vt 0.138218 0.000000 0.000000
vt 0.000000 0.060000 0.000000
vt 0.138218 0.060000 0.000000
vt 0.000000 0.000000 0.000000
vt 0.155720 0.000000 0.000000
vt 0.000000 0.060000 0.000000
vt 0.155720 0.060000 0.000000
vt 0.000000 0.000000 0.000000
vt 0.167008 0.000000 0.000000
vt 0.000000 0.060000 0.000000
vt 0.167008 0.060000 0.000000
vt 0.000000 0.000000 0.000000
vt 0.172039 0.000000 0.000000
vt 0.000000 0.060000 0.000000
vt 0.172039 0.060000 0.000000
vt 0.000000 0.000000 0.000000
vt 0.170926 0.000000 0.000000
vt 0.000000 0.060000 0.000000
vt 0.170926 0.060000 0.000000
vt 0.000000 0.000000 0.000000
vt 0.163944 0.000000 0.000000
vt 0.000000 0.060000 0.000000
vt 0.163944 0.060000 0.000000
vt 0.000000 0.000000 0.000000
vt 0.151625 0.000000 0.000000
vt 0.000000 0.060000 0.000000
vt 0.151625 0.060000 0.000000
vt 0.000000 0.000000 0.000000
vt 0.135086 0.000000 0.000000
vt 0.000000 0.060000 0.000000
vt 0.135086 0.060000 0.000000
vt 0.000000 0.000000 0.000000
vt 0.031272 0.000000 0.000000
vt 0.000000 0.060000 0.000000
vt 0.031272 0.060000 0.000000
vt 0.000000 0.000000 0.000000
vt 0.032793 0.000000 0.000000
vt 0.000000 0.060000 0.000000
vt 0.032793 0.060000 0.000000
vt 0.000000 0.000000 0.000000
vt 0.031648 0.000000 0.000000
vt 0.000000 0.060000 0.000000
vt 0.031648 0.060000 0.000000
vt 0.000000 0.000000 0.000000
vt 0.027386 0.000000 0.000000
vt 0.000000 0.060000 0.000000
vt 0.027386 0.060000 0.000000
vt 0.000000 0.000000 0.000000
vt 0.035247 0.000000 0.000000
vt 0.000000 0.060000 0.000000
vt 0.035247 0.060000 0.000000
vt 0.000000 0.000000 0.000000
vt 0.017153 0.000000 0.000000
vt 0.000000 0.060000 0.000000
vt 0.017153 0.060000 0.000000
vt 0.000000 0.000000 0.000000
vt 0.013736 0.000000 0.000000
vt 0.000000 0.060000 0.000000
vt 0.013736 0.060000 0.000000
vt 0.000000 0.000000 0.000000
vt 0.024754 0.000000 0.000000
vt 0.000000 0.060000 0.000000
vt 0.024754 0.060000 0.000000
vt 0.000000 0.000000 0.000000
vt 0.038107 0.000000 0.000000
vt 0.000000 0.060000 0.000000
vt 0.038107 0.060000 0.000000
vt 0.000000 0.000000 0.000000
vt 0.030901 0.000000 0.000000
vt 0.000000 0.060000 0.000000
vt 0.030901 0.060000 0.000000
vt 0.000000 0.000000 0.000000
vt 0.033054 0.000000 0.000000
vt 0.000000 0.060000 0.000000
vt 0.033054 0.060000 0.000000
vt 0.000000 0.000000 0.000000
vt 0.044651 0.000000 0.000000
vt 0.000000 0.060000 0.000000
vt 0.044651 0.060000 0.000000
vt 0.000000 0.000000 0.000000
vt 0.123388 0.000000 0.000000
vt 0.000000 0.060000 0.000000
vt 0.123388 0.060000 0.000000
vt 0.000000 0.000000 0.000000
vt 0.068631 0.000000 0.000000
vt 0.000000 0.060000 0.000000
vt 0.068631 0.060000 0.000000
vt 0.000000 0.000000 0.000000
vt 0.067936 0.000000 0.000000
vt 0.000000 0.060000 0.000000
vt 0.067936 0.060000 0.000000
vt 0.000000 0.000000 0.000000
vt 0.067690 0.000000 0.000000
vt 0.000000 0.060000 0.000000
vt 0.067690 0.060000 0.000000
vt 0.000000 0.000000 0.000000
vt 0.067747 0.000000 0.000000
vt 0.000000 0.060000 0.000000
vt 0.067747 0.060000 0.000000
vt 0.000000 0.000000 0.000000
vt 0.067940 0.000000 0.000000
vt 0.000000 0.060000 0.000000
vt 0.067940 0.060000 0.000000
vt 0.000000 0.000000 0.000000
vt 0.068170 0.000000 0.000000
vt 0.000000 0.060000 0.000000
vt 0.068170 0.060000 0.000000
vt 0.000000 0.000000 0.000000
vt 0.068317 0.000000 0.000000
vt 0.000000 0.060000 0.000000
vt 0.068317 0.060000 0.000000
vt 0.000000 0.000000 0.000000
vt 0.068293 0.000000 0.000000
vt 0.000000 0.060000 0.000000
vt 0.068293 0.060000 0.000000
vt 0.000000 0.000000 0.000000
vt 0.012371 0.000000 0.000000
vt 0.000000 0.060000 0.000000
vt 0.012371 0.060000 0.000000
vt 0.000000 0.000000 0.000000
vt 0.005600 0.000000 0.000000
vt 0.000000 0.060000 0.000000
vt 0.005600 0.060000 0.000000
vt 0.000000 0.000000 0.000000
vt 0.005597 0.000000 0.000000
vt 0.000000 0.060000 0.000000
vt 0.005597 0.060000 0.000000
vt 0.000000 0.000000 0.000000
vt 0.011389 0.000000 0.000000
vt 0.000000 0.060000 0.000000
vt 0.011389 0.060000 0.000000
vt 0.550455 -0.646490 0.000000
vt 0.554865 -0.635990 0.000000
vt 0.485905 -0.636810 0.000000
vt 0.557195 -0.625320 0.000000
vt 0.554395 -0.613270 0.000000
vt 0.557235 -0.630920 0.000000
vt 0.539915 -0.546530 0.000000
vt 0.406465 -0.630270 0.000000
vt 0.529705 -0.478980 0.000000
vt 0.317235 -0.626870 0.000000
vt 0.524235 -0.411030 0.000000
vt 0.223315 -0.626560 0.000000
vt 0.523985 -0.343090 0.000000
vt 0.129805 -0.629340 0.000000
vt 0.529405 -0.275560 0.000000
vt 0.041805 -0.635170 0.000000
vt 0.540995 -0.208870 0.000000
vt -0.035595 -0.644040 0.000000
vt -0.808485 -0.163400 0.000000
vt -0.097275 -0.655920 0.000000
vt -0.817865 -0.293380 0.000000
vt -0.818665 -0.413370 0.000000
vt -0.801285 -0.027300 0.000000
vt 0.559205 -0.143420 0.000000
vt 0.584525 -0.079630 0.000000
vt 0.642065 0.029520 0.000000
vt 0.202065 0.610170 0.000000
vt -0.807035 0.111060 0.000000
vt 0.366035 0.558100 0.000000
vt 0.666625 0.066810 0.000000
vt 0.525425 0.496370 0.000000
vt 0.686435 0.093270 0.000000
vt 0.707005 0.116330 0.000000
vt 0.673475 0.425950 0.000000
vt 0.733805 0.143420 0.000000
vt 0.750945 0.161280 0.000000
vt 0.760265 0.171370 0.000000
vt 0.773205 0.182630 0.000000
vt 0.803415 0.347810 0.000000
vt 0.801235 0.204000 0.000000
vt 0.823425 0.220050 0.000000
vt 0.849985 0.237260 0.000000
vt 0.878985 0.252570 0.000000
vt 0.908495 0.262920 0.000000
vt 0.040285 0.651630 0.000000
vt -0.112545 0.681490 0.000000
vt -0.249675 0.698800 0.000000
vt -0.836525 0.247830 0.000000
vt -0.509425 0.709550 0.000000
vt -0.900515 0.379120 0.000000
vt -0.633495 0.701740 0.000000
vt -0.907805 0.421740 0.000000
vt -0.908495 0.448120 0.000000
vt -0.907965 0.474960 0.000000
vt -0.903715 0.505000 0.000000
vt -0.896765 0.531480 0.000000
vt -0.887505 0.556490 0.000000
vt -0.875965 0.579900 0.000000
vt -0.724315 0.689140 0.000000
vt -0.862135 0.601600 0.000000
vt -0.846045 0.621450 0.000000
vt -0.736395 0.686200 0.000000
vt -0.827695 0.639330 0.000000
vt -0.807105 0.655120 0.000000
vt -0.765725 0.676690 0.000000
vt -0.784285 0.668690 0.000000
vt -0.742365 0.686100 0.000000
vt -0.748305 0.686710 0.000000
vt -0.750945 0.688530 0.000000
vt -0.908415 0.393050 0.000000
vt -0.450955 -0.709550 0.000000
vt -0.800085 -0.519500 0.000000
vt -0.498855 -0.708460 0.000000
vt -0.544105 -0.704530 0.000000
vt -0.586545 -0.697530 0.000000
vt -0.626035 -0.687200 0.000000
vt -0.662415 -0.673320 0.000000
vt -0.695535 -0.655640 0.000000
vt -0.725235 -0.633910 0.000000
vt -0.751365 -0.607910 0.000000
vt -0.550455 -0.646490 0.000000
vt -0.485905 -0.636810 0.000000
vt -0.554865 -0.635990 0.000000
vt -0.557195 -0.625320 0.000000
vt -0.557235 -0.630920 0.000000
vt -0.406465 -0.630270 0.000000
vt -0.539915 -0.546530 0.000000
vt -0.554395 -0.613270 0.000000
vt -0.529705 -0.478980 0.000000
vt -0.317235 -0.626870 0.000000
vt -0.524235 -0.411030 0.000000
vt -0.223315 -0.626560 0.000000
vt -0.523985 -0.343090 0.000000
vt -0.129805 -0.629340 0.000000
vt -0.529405 -0.275560 0.000000
vt -0.041805 -0.635170 0.000000
vt -0.540995 -0.208870 0.000000
vt 0.035595 -0.644040 0.000000
vt 0.808485 -0.163400 0.000000
vt 0.097275 -0.655920 0.000000
vt 0.817865 -0.293380 0.000000
vt 0.818665 -0.413370 0.000000
vt 0.450955 -0.709550 0.000000
vt 0.800085 -0.519500 0.000000
vt 0.498855 -0.708460 0.000000
vt 0.544105 -0.704530 0.000000
vt 0.586545 -0.697530 0.000000
vt 0.626035 -0.687200 0.000000
vt 0.662415 -0.673320 0.000000
vt 0.695535 -0.655640 0.000000
vt 0.725235 -0.633910 0.000000
vt 0.751365 -0.607910 0.000000
vt 0.801285 -0.027300 0.000000
vt -0.559205 -0.143420 0.000000
vt -0.584525 -0.079630 0.000000
vt 0.807035 0.111060 0.000000
vt -0.202065 0.610170 0.000000
vt -0.040285 0.651630 0.000000
vt 0.112545 0.681490 0.000000
vt 0.249675 0.698800 0.000000
vt 0.836525 0.247830 0.000000
vt 0.509425 0.709550 0.000000
vt 0.900515 0.379120 0.000000
vt 0.633495 0.701740 0.000000
vt 0.907805 0.421740 0.000000
vt 0.908495 0.448120 0.000000
vt 0.908415 0.393050 0.000000
vt 0.907965 0.474960 0.000000
vt 0.903715 0.505000 0.000000
vt 0.896765 0.531480 0.000000
vt 0.887505 0.556490 0.000000
vt 0.875965 0.579900 0.000000
vt 0.724315 0.689140 0.000000
vt 0.862135 0.601600 0.000000
vt 0.846045 0.621450 0.000000
vt 0.736395 0.686200 0.000000
vt 0.827695 0.639330 0.000000
vt 0.807105 0.655120 0.000000
vt 0.784285 0.668690 0.000000
vt 0.765725 0.676690 0.000000
vt 0.750945 0.688530 0.000000
vt 0.748305 0.686710 0.000000
vt 0.742365 0.686100 0.000000
vt -0.642065 0.029520 0.000000
vt -0.366035 0.558100 0.000000
vt -0.666625 0.066810 0.000000
vt -0.525425 0.496370 0.000000
vt -0.686435 0.093270 0.000000
vt -0.707005 0.116330 0.000000
vt -0.673475 0.425950 0.000000
vt -0.733805 0.143420 0.000000
vt -0.750945 0.161280 0.000000
vt -0.760265 0.171370 0.000000
vt -0.773205 0.182630 0.000000
vt -0.803415 0.347810 0.000000
vt -0.801235 0.204000 0.000000
vt -0.823425 0.220050 0.000000
vt -0.849985 0.237260 0.000000
vt -0.878985 0.252570 0.000000
vt -0.908495 0.262920 0.000000
vn -0.148303 -0.988942 0.000000
vn -0.148303 -0.988942 0.000000
vn -0.148303 -0.988942 0.000000
vn -0.148303 -0.988942 0.000000
vn -0.082049 -0.996628 0.000000
vn -0.082049 -0.996628 0.000000
vn -0.082049 -0.996628 0.000000
vn -0.082049 -0.996628 0.000000
vn -0.038076 -0.999275 0.000000
vn -0.038076 -0.999275 0.000000
vn -0.038076 -0.999275 0.000000
vn -0.038076 -0.999275 0.000000
vn -0.003301 -0.999995 0.000000
vn -0.003301 -0.999995 0.000000
vn -0.003301 -0.999995 0.000000
vn -0.003301 -0.999995 0.000000
vn 0.029716 -0.999558 0.000000
vn 0.029716 -0.999558 0.000000
vn 0.029716 -0.999558 0.000000
vn 0.029716 -0.999558 0.000000
vn 0.066105 -0.997813 0.000000
vn 0.066105 -0.997813 0.000000
vn 0.066105 -0.997813 0.000000
vn 0.066105 -0.997813 0.000000
vn 0.113854 -0.993497 0.000000
vn 0.113854 -0.993497 0.000000
vn 0.113854 -0.993497 0.000000
vn 0.113854 -0.993497 0.000000
vn 0.189131 -0.981952 0.000000
vn 0.189131 -0.981952 0.000000
vn 0.189131 -0.981952 0.000000
vn 0.189131 -0.981952 0.000000
vn 0.149920 -0.988698 0.000000
vn 0.149920 -0.988698 0.000000
vn 0.149920 -0.988698 0.000000
vn 0.149920 -0.988698 0.000000
vn -0.022750 -0.999741 0.000000
vn -0.022750 -0.999741 0.000000
vn -0.022750 -0.999741 0.000000
vn -0.022750 -0.999741 0.000000
vn -0.086525 -0.996250 0.000000
vn -0.086525 -0.996250 0.000000
vn -0.086525 -0.996250 0.000000
vn -0.086525 -0.996250 0.000000
vn -0.162740 -0.986669 0.000000
vn -0.162740 -0.986669 0.000000
vn -0.162740 -0.986669 0.000000
vn -0.162740 -0.986669 0.000000
vn -0.253070 -0.967448 0.000000
vn -0.253070 -0.967448 0.000000
vn -0.253070 -0.967448 0.000000
vn -0.253070 -0.967448 0.000000
vn -0.356465 -0.934309 0.000000
vn -0.356465 -0.934309 0.000000
vn -0.356465 -0.934309 0.000000
vn -0.356465 -0.934309 0.000000
vn -0.470920 -0.882176 0.000000
vn -0.470920 -0.882176 0.000000
vn -0.470920 -0.882176 0.000000
vn -0.470920 -0.882176 0.000000
vn -0.590480 -0.807052 0.000000
vn -0.590480 -0.807052 0.000000
vn -0.590480 -0.807052 0.000000
vn -0.590480 -0.807052 0.000000
vn -0.705341 -0.708868 0.000000
vn -0.705341 -0.708868 0.000000
vn -0.705341 -0.708868 0.000000
vn -0.705341 -0.708868 0.000000
vn -0.875820 -0.482637 0.000000
vn -0.875820 -0.482637 0.000000
vn -0.875820 -0.482637 0.000000
vn -0.875820 -0.482637 0.000000
vn -0.985019 -0.172446 0.000000
vn -0.985019 -0.172446 0.000000
vn -0.985019 -0.172446 0.000000
vn -0.985019 -0.172446 0.000000
vn -0.999978 0.006667 0.000000
vn -0.999978 0.006667 0.000000
vn -0.999978 0.006667 0.000000
vn -0.999978 0.006667 0.000000
vn -0.997406 0.071978 0.000000
vn -0.997406 0.071978 0.000000
vn -0.997406 0.071978 0.000000
vn -0.997406 0.071978 0.000000
vn -0.998604 0.052828 0.000000
vn -0.998604 0.052828 0.000000
vn -0.998604 0.052828 0.000000
vn -0.998604 0.052828 0.000000
vn -0.999138 -0.041522 0.000000
vn -0.999138 -0.041522 0.000000
vn -0.999138 -0.041522 0.000000
vn -0.999138 -0.041522 0.000000
vn -0.977535 -0.210774 0.000000
vn -0.977535 -0.210774 0.000000
vn -0.977535 -0.210774 0.000000
vn -0.977535 -0.210774 0.000000
vn -0.898914 -0.438125 0.000000
vn -0.898914 -0.438125 0.000000
vn -0.898914 -0.438125 0.000000
vn -0.898914 -0.438125 0.000000
vn -0.869852 -0.493312 0.000000
vn -0.869852 -0.493312 0.000000
vn -0.869852 -0.493312 0.000000
vn -0.869852 -0.493312 0.000000
vn -0.999774 0.021257 0.000000
vn -0.999774 0.021257 0.000000
vn -0.999774 0.021257 0.000000
vn -0.999774 0.021257 0.000000
vn -0.999658 -0.026147 0.000000
vn -0.999658 -0.026147 0.000000
vn -0.999658 -0.026147 0.000000
vn -0.999658 -0.026147 0.000000
vn -0.999805 0.019743 0.000000
vn -0.999805 0.019743 0.000000
vn -0.999805 0.019743 0.000000
vn -0.999805 0.019743 0.000000
vn -0.990140 0.140083 0.000000
vn -0.990140 0.140083 0.000000
vn -0.990140 0.140083 0.000000
vn -0.990140 0.140083 0.000000
vn -0.967240 0.253864 0.000000
vn -0.967240 0.253864 0.000000
vn -0.967240 0.253864 0.000000
vn -0.967240 0.253864 0.000000
vn -0.937785 0.347217 0.000000
vn -0.937785 0.347217 0.000000
vn -0.937785 0.347217 0.000000
vn -0.937785 0.347217 0.000000
vn -0.896942 0.442149 0.000000
vn -0.896942 0.442149 0.000000
vn -0.896942 0.442149 0.000000
vn -0.896942 0.442149 0.000000
vn -0.843293 0.537454 0.000000
vn -0.843293 0.537454 0.000000
vn -0.843293 0.537454 0.000000
vn -0.843293 0.537454 0.000000
vn -0.776844 0.629693 0.000000
vn -0.776844 0.629693 0.000000
vn -0.776844 0.629693 0.000000
vn -0.776844 0.629693 0.000000
vn -0.697875 0.716220 0.000000
vn -0.697875 0.716220 0.000000
vn -0.697875 0.716220 0.000000
vn -0.697875 0.716220 0.000000
vn -0.608537 0.793526 0.000000
vn -0.608537 0.793526 0.000000
vn -0.608537 0.793526 0.000000
vn -0.608537 0.793526 0.000000
vn -0.511113 0.859514 0.000000
vn -0.511113 0.859514 0.000000
vn -0.511113 0.859514 0.000000
vn -0.511113 0.859514 0.000000
vn -0.395829 0.918324 0.000000
vn -0.395829 0.918324 0.000000
vn -0.395829 0.918324 0.000000
vn -0.395829 0.918324 0.000000
vn -0.625210 0.780457 0.000000
vn -0.625210 0.780457 0.000000
vn -0.625210 0.780457 0.000000
vn -0.625210 0.780457 0.000000
vn 0.567587 0.823313 -0.000000
vn 0.567587 0.823313 -0.000000
vn 0.567587 0.823313 -0.000000
vn 0.567587 0.823313 -0.000000
vn 0.102156 0.994768 -0.000000
vn 0.102156 0.994768 -0.000000
vn 0.102156 0.994768 -0.000000
vn 0.102156 0.994768 -0.000000
vn -0.016748 0.999860 0.000000
vn -0.016748 0.999860 0.000000
vn -0.016748 0.999860 0.000000
vn -0.016748 0.999860 0.000000
vn -0.236475 0.971638 0.000000
vn -0.236475 0.971638 0.000000
vn -0.236475 0.971638 0.000000
vn -0.236475 0.971638 0.000000
vn -0.137420 0.990513 0.000000
vn -0.137420 0.990513 0.000000
vn -0.137420 0.990513 0.000000
vn -0.137420 0.990513 0.000000
vn -0.062824 0.998025 0.000000
vn -0.062824 0.998025 0.000000
vn -0.062824 0.998025 0.000000
vn -0.062824 0.998025 0.000000
vn 0.041351 0.999145 -0.000000
vn 0.041351 0.999145 -0.000000
vn 0.041351 0.999145 -0.000000
vn 0.041351 0.999145 -0.000000
vn 0.125237 0.992127 -0.000000
vn 0.125237 0.992127 -0.000000
vn 0.125237 0.992127 -0.000000
vn 0.125237 0.992127 -0.000000
vn 0.191755 0.981443 -0.000000
vn 0.191755 0.981443 -0.000000
vn 0.191755 0.981443 -0.000000
vn 0.191755 0.981443 -0.000000
vn 0.248251 0.968696 -0.000000
vn 0.248251 0.968696 -0.000000
vn 0.248251 0.968696 -0.000000
vn 0.248251 0.968696 -0.000000
vn 0.302664 0.953097 -0.000000
vn 0.302664 0.953097 -0.000000
vn 0.302664 0.953097 -0.000000
vn 0.302664 0.953097 -0.000000
vn 0.361150 0.932508 -0.000000
vn 0.361150 0.932508 -0.000000
vn 0.361150 0.932508 -0.000000
vn 0.361150 0.932508 -0.000000
vn 0.429536 0.903050 -0.000000
vn 0.429536 0.903050 -0.000000
vn 0.429536 0.903050 -0.000000
vn 0.429536 0.903050 -0.000000
vn 0.515349 0.856980 -0.000000
vn 0.515349 0.856980 -0.000000
vn 0.515349 0.856980 -0.000000
vn 0.515349 0.856980 -0.000000
vn 0.628416 0.777877 -0.000000
vn 0.628416 0.777877 -0.000000
vn 0.628416 0.777877 -0.000000
vn 0.628416 0.777877 -0.000000
vn 0.330963 -0.943644 0.000000
vn 0.330963 -0.943644 0.000000
vn 0.330963 -0.943644 0.000000
vn 0.330963 -0.943644 0.000000
vn 0.466865 -0.884329 0.000000
vn 0.466865 -0.884329 0.000000
vn 0.466865 -0.884329 0.000000
vn 0.466865 -0.884329 0.000000
vn 0.543788 -0.839222 0.000000
vn 0.543788 -0.839222 0.000000
vn 0.543788 -0.839222 0.000000
vn 0.543788 -0.839222 0.000000
vn 0.586064 -0.810265 0.000000
vn 0.586064 -0.810265 0.000000
vn 0.586064 -0.810265 0.000000
vn 0.586064 -0.810265 0.000000
vn 0.606291 -0.795243 0.000000
vn 0.606291 -0.795243 0.000000
vn 0.606291 -0.795243 0.000000
vn 0.606291 -0.795243 0.000000
vn 0.656438 -0.754380 0.000000
vn 0.656438 -0.754380 0.000000
vn 0.656438 -0.754380 0.000000
vn 0.656438 -0.754380 0.000000
vn 0.734580 -0.678522 0.000000
vn 0.734580 -0.678522 0.000000
vn 0.734580 -0.678522 0.000000
vn 0.734580 -0.678522 0.000000
vn 0.721500 -0.692414 0.000000
vn 0.721500 -0.692414 0.000000
vn 0.721500 -0.692414 0.000000
vn 0.721500 -0.692414 0.000000
vn 0.710902 -0.703291 0.000000
vn 0.710902 -0.703291 0.000000
vn 0.710902 -0.703291 0.000000
vn 0.710902 -0.703291 0.000000
vn 0.746248 -0.665668 0.000000
vn 0.746248 -0.665668 0.000000
vn 0.746248 -0.665668 0.000000
vn 0.746248 -0.665668 0.000000
vn 0.800508 -0.599322 0.000000
vn 0.800508 -0.599322 0.000000
vn 0.800508 -0.599322 0.000000
vn 0.800508 -0.599322 0.000000
vn 0.835138 -0.550040 0.000000
vn 0.835138 -0.550040 0.000000
vn 0.835138 -0.550040 0.000000
vn 0.835138 -0.550040 0.000000
vn 0.884609 -0.466334 0.000000
vn 0.884609 -0.466334 0.000000
vn 0.884609 -0.466334 0.000000
vn 0.884609 -0.466334 0.000000
vn 0.929458 -0.368927 0.000000
vn 0.929458 -0.368927 0.000000
vn 0.929458 -0.368927 0.000000
vn 0.929458 -0.368927 0.000000
vn 0.963406 -0.268046 0.000000
vn 0.963406 -0.268046 0.000000
vn 0.963406 -0.268046 0.000000
vn 0.963406 -0.268046 0.000000
vn 0.985232 -0.171223 0.000000
vn 0.985232 -0.171223 0.000000
vn 0.985232 -0.171223 0.000000
vn 0.985232 -0.171223 0.000000
vn 0.996795 -0.080003 0.000000
vn 0.996795 -0.080003 0.000000
vn 0.996795 -0.080003 0.000000
vn 0.996795 -0.080003 0.000000
vn 0.999993 0.003680 -0.000000
vn 0.999993 0.003680 -0.000000
vn 0.999993 0.003680 -0.000000
vn 0.999993 0.003680 -0.000000
vn 0.996776 0.080241 -0.000000
vn 0.996776 0.080241 -0.000000
vn 0.996776 0.080241 -0.000000
vn 0.996776 0.080241 -0.000000
vn 0.988769 0.149450 -0.000000
vn 0.988769 0.149450 -0.000000
vn 0.988769 0.149450 -0.000000
vn 0.988769 0.149450 -0.000000
vn 0.977264 0.212028 -0.000000
vn 0.977264 0.212028 -0.000000
vn 0.977264 0.212028 -0.000000
vn 0.977264 0.212028 -0.000000
vn 0.974049 0.226335 -0.000000
vn 0.974049 0.226335 -0.000000
vn 0.974049 0.226335 -0.000000
vn 0.974049 0.226335 -0.000000
vn 0.999974 0.007143 -0.000000
vn 0.999974 0.007143 -0.000000
vn 0.999974 0.007143 -0.000000
vn 0.999974 0.007143 -0.000000
vn 0.905909 -0.423472 0.000000
vn 0.905909 -0.423472 0.000000
vn 0.905909 -0.423472 0.000000
vn 0.905909 -0.423472 0.000000
vn 0.921982 -0.387232 0.000000
vn 0.921982 -0.387232 0.000000
vn 0.921982 -0.387232 0.000000
vn 0.921982 -0.387232 0.000000
vn 0.000000 0.000000 1.000000
vn 0.000000 0.000000 1.000000
vn 0.000000 0.000000 1.000000
vn 0.000000 0.000000 1.000000
vn 0.000000 0.000000 1.000000
vn 0.000000 0.000000 1.000000
vn 0.000000 0.000000 1.000000
vn 0.000000 0.000000 1.000000
vn 0.000000 0.000000 1.000000
vn 0.000000 0.000000 1.000000
vn 0.000000 0.000000 1.000000
vn 0.000000 0.000000 1.000000
vn 0.000000 0.000000 1.000000
vn 0.000000 0.000000 1.000000
vn 0.000000 0.000000 1.000000
vn 0.000000 0.000000 1.000000
vn 0.000000 0.000000 1.000000
vn 0.000000 0.000000 1.000000
vn 0.000000 0.000000 1.000000
vn 0.000000 0.000000 1.000000
vn 0.000000 0.000000 1.000000
vn 0.000000 0.000000 1.000000
vn 0.000000 0.000000 1.000000
vn 0.000000 0.000000 1.000000
vn 0.000000 0.000000 1.000000
vn 0.000000 0.000000 1.000000
vn 0.000000 0.000000 1.000000
vn 0.000000 0.000000 1.000000
vn 0.000000 0.000000 1.000000
vn 0.000000 0.000000 1.000000
vn 0.000000 0.000000 1.000000
vn 0.000000 0.000000 1.000000
vn 0.000000 0.000000 1.000000
vn 0.000000 0.000000 1.000000
vn 0.000000 0.000000 1.000000
vn 0.000000 0.000000 1.000000
vn 0.000000 0.000000 1.000000
vn 0.000000 0.000000 1.000000
vn 0.000000 0.000000 1.000000
vn 0.000000 0.000000 1.000000
vn 0.000000 0.000000 1.000000
vn 0.000000 0.000000 1.000000
vn 0.000000 0.000000 1.000000
vn 0.000000 0.000000 1.000000
vn 0.000000 0.000000 1.000000
vn 0.000000 0.000000 1.000000
vn 0.000000 0.000000 1.000000
vn 0.000000 0.000000 1.000000
vn 0.000000 0.000000 1.000000
vn 0.000000 0.000000 1.000000
vn 0.000000 0.000000 1.000000
vn 0.000000 0.000000 1.000000
vn 0.000000 0.000000 1.000000
vn 0.000000 0.000000 1.000000
vn 0.000000 0.000000 1.000000
vn 0.000000 0.000000 1.000000
vn 0.000000 0.000000 1.000000
vn 0.000000 0.000000 1.000000
vn 0.000000 0.000000 1.000000
vn 0.000000 0.000000 1.000000
vn 0.000000 0.000000 1.000000
vn 0.000000 0.000000 1.000000
vn 0.000000 0.000000 1.000000
vn 0.000000 0.000000 1.000000
vn 0.000000 0.000000 1.000000
vn 0.000000 0.000000 1.000000
vn 0.000000 0.000000 1.000000
vn 0.000000 0.000000 1.000000
vn 0.000000 0.000000 1.000000
vn 0.000000 0.000000 1.000000
vn 0.000000 0.000000 1.000000
vn 0.000000 0.000000 1.000000
vn 0.000000 0.000000 1.000000
vn 0.000000 0.000000 1.000000
vn 0.000000 0.000000 1.000000
vn 0.000000 0.000000 1.000000
vn 0.000000 0.000000 1.000000
vn 0.000000 0.000000 1.000000
vn 0.000000 0.000000 1.000000
vn 0.000000 0.000000 1.000000
vn -0.000000 -0.000000 -1.000000
vn -0.000000 -0.000000 -1.000000
vn -0.000000 -0.000000 -1.000000
vn -0.000000 -0.000000 -1.000000
vn -0.000000 -0.000000 -1.000000
vn -0.000000 -0.000000 -1.000000
vn -0.000000 -0.000000 -1.000000
vn -0.000000 -0.000000 -1.000000
vn -0.000000 -0.000000 -1.000000
vn -0.000000 -0.000000 -1.000000
vn -0.000000 -0.000000 -1.000000
vn -0.000000 -0.000000 -1.000000
vn -0.000000 -0.000000 -1.000000
vn -0.000000 -0.000000 -1.000000
vn -0.000000 -0.000000 -1.000000
vn -0.000000 -0.000000 -1.000000
vn -0.000000 -0.000000 -1.000000
vn -0.000000 -0.000000 -1.000000
vn -0.000000 -0.000000 -1.000000
vn -0.000000 -0.000000 -1.000000
vn -0.000000 -0.000000 -1.000000
vn -0.000000 -0.000000 -1.000000
vn -0.000000 -0.000000 -1.000000
vn -0.000000 -0.000000 -1.000000
vn -0.000000 -0.000000 -1.000000
vn -0.000000 -0.000000 -1.000000
vn -0.000000 -0.000000 -1.000000
vn -0.000000 -0.000000 -1.000000
vn -0.000000 -0.000000 -1.000000
vn -0.000000 -0.000000 -1.000000
vn -0.000000 -0.000000 -1.000000
vn -0.000000 -0.000000 -1.000000
vn -0.000000 -0.000000 -1.000000
vn -0.000000 -0.000000 -1.000000
vn -0.000000 -0.000000 -1.000000
vn -0.000000 -0.000000 -1.000000
vn -0.000000 -0.000000 -1.000000
vn -0.000000 -0.000000 -1.000000
vn -0.000000 -0.000000 -1.000000
vn -0.000000 -0.000000 -1.000000
vn -0.000000 -0.000000 -1.000000
vn -0.000000 -0.000000 -1.000000
vn -0.000000 -0.000000 -1.000000
vn -0.000000 -0.000000 -1.000000
vn -0.000000 -0.000000 -1.000000
vn -0.000000 -0.000000 -1.000000
vn -0.000000 -0.000000 -1.000000
vn -0.000000 -0.000000 -1.000000
vn -0.000000 -0.000000 -1.000000
vn -0.000000 -0.000000 -1.000000
vn -0.000000 -0.000000 -1.000000
vn -0.000000 -0.000000 -1.000000
vn -0.000000 -0.000000 -1.000000
vn -0.000000 -0.000000 -1.000000
vn -0.000000 -0.000000 -1.000000
vn -0.000000 -0.000000 -1.000000
vn -0.000000 -0.000000 -1.000000
vn -0.000000 -0.000000 -1.000000
vn -0.000000 -0.000000 -1.000000
vn -0.000000 -0.000000 -1.000000
vn -0.000000 -0.000000 -1.000000
vn -0.000000 -0.000000 -1.000000
vn -0.000000 -0.000000 -1.000000
vn -0.000000 -0.000000 -1.000000
vn -0.000000 -0.000000 -1.000000
vn -0.000000 -0.000000 -1.000000
vn -0.000000 -0.000000 -1.000000
vn -0.000000 -0.000000 -1.000000
vn -0.000000 -0.000000 -1.000000
vn -0.000000 -0.000000 -1.000000
vn -0.000000 -0.000000 -1.000000
vn -0.000000 -0.000000 -1.000000
vn -0.000000 -0.000000 -1.000000
vn -0.000000 -0.000000 -1.000000
vn -0.000000 -0.000000 -1.000000
vn -0.000000 -0.000000 -1.000000
vn -0.000000 -0.000000 -1.000000
vn -0.000000 -0.000000 -1.000000
vn -0.000000 -0.000000 -1.000000
vn -0.000000 -0.000000 -1.000000
f 1677/5029/5029 1678/5030/5030 1680/5031/5031
f 1680/5031/5031 1678/5030/5030 1679/5032/5032
f 1681/5033/5033 1677/5034/5034 1682/5035/5035
f 1682/5035/5035 1677/5034/5034 1680/5036/5036
f 1683/5037/5037 1681/5038/5038 1684/5039/5039
f 1684/5039/5039 1681/5038/5038 1682/5040/5040
f 1685/5041/5041 1683/5042/5042 1686/5043/5043
f 1686/5043/5043 1683/5042/5042 1684/5044/5044
f 1687/5045/5045 1685/5046/5046 1688/5047/5047
f 1688/5047/5047 1685/5046/5046 1686/5048/5048
f 1689/5049/5049 1687/5050/5050 1690/5051/5051
f 1690/5051/5051 1687/5050/5050 1688/5052/5052
f 1691/5053/5053 1689/5054/5054 1692/5055/5055
f 1692/5055/5055 1689/5054/5054 1690/5056/5056
f 1693/5057/5057 1691/5058/5058 1694/5059/5059
f 1694/5059/5059 1691/5058/5058 1692/5060/5060
f 1695/5061/5061 1693/5062/5062 1696/5063/5063
f 1696/5063/5063 1693/5062/5062 1694/5064/5064
f 1697/5065/5065 1695/5066/5066 1698/5067/5067
f 1698/5067/5067 1695/5066/5066 1696/5068/5068
f 1699/5069/5069 1697/5070/5070 1700/5071/5071
f 1700/5071/5071 1697/5070/5070 1698/5072/5072
f 1701/5073/5073 1699/5074/5074 1702/5075/5075
f 1702/5075/5075 1699/5074/5074 1700/5076/5076
f 1703/5077/5077 1701/5078/5078 1704/5079/5079
f 1704/5079/5079 1701/5078/5078 1702/5080/5080
f 1705/5081/5081 1703/5082/5082 1706/5083/5083
f 1706/5083/5083 1703/5082/5082 1704/5084/5084
f 1707/5085/5085 1705/5086/5086 1708/5087/5087
f 1708/5087/5087 1705/5086/5086 1706/5088/5088
f 1709/5089/5089 1707/5090/5090 1710/5091/5091
f 1710/5091/5091 1707/5090/5090 1708/5092/5092
f 1711/5093/5093 1709/5094/5094 1712/5095/5095
f 1712/5095/5095 1709/5094/5094 1710/5096/5096
f 1713/5097/5097 1711/5098/5098 1714/5099/5099
f 1714/5099/5099 1711/5098/5098 1712/5100/5100
f 1715/5101/5101 1713/5102/5102 1716/5103/5103
f 1716/5103/5103 1713/5102/5102 1714/5104/5104
f 1717/5105/5105 1715/5106/5106 1718/5107/5107
f 1718/5107/5107 1715/5106/5106 1716/5108/5108
f 1719/5109/5109 1717/5110/5110 1720/5111/5111
f 1720/5111/5111 1717/5110/5110 1718/5112/5112
f 1721/5113/5113 1719/5114/5114 1722/5115/5115
f 1722/5115/5115 1719/5114/5114 1720/5116/5116
f 1723/5117/5117 1721/5118/5118 1724/5119/5119
f 1724/5119/5119 1721/5118/5118 1722/5120/5120
f 1725/5121/5121 1723/5122/5122 1726/5123/5123
f 1726/5123/5123 1723/5122/5122 1724/5124/5124
f 1727/5125/5125 1725/5126/5126 1728/5127/5127
f 1728/5127/5127 1725/5126/5126 1726/5128/5128
f 1729/5129/5129 1727/5130/5130 1730/5131/5131
f 1730/5131/5131 1727/5130/5130 1728/5132/5132
f 1731/5133/5133 1729/5134/5134 1732/5135/5135
f 1732/5135/5135 1729/5134/5134 1730/5136/5136
f 1733/5137/5137 1731/5138/5138 1734/5139/5139
f 1734/5139/5139 1731/5138/5138 1732/5140/5140
f 1735/5141/5141 1733/5142/5142 1736/5143/5143
f 1736/5143/5143 1733/5142/5142 1734/5144/5144
f 1737/5145/5145 1735/5146/5146 1738/5147/5147
f 1738/5147/5147 1735/5146/5146 1736/5148/5148
f 1739/5149/5149 1737/5150/5150 1740/5151/5151
f 1740/5151/5151 1737/5150/5150 1738/5152/5152
f 1741/5153/5153 1739/5154/5154 1742/5155/5155
f 1742/5155/5155 1739/5154/5154 1740/5156/5156
f 1743/5157/5157 1741/5158/5158 1744/5159/5159
f 1744/5159/5159 1741/5158/5158 1742/5160/5160
f 1745/5161/5161 1743/5162/5162 1746/5163/5163
f 1746/5163/5163 1743/5162/5162 1744/5164/5164
f 1747/5165/5165 1745/5166/5166 1748/5167/5167
f 1748/5167/5167 1745/5166/5166 1746/5168/5168
f 1749/5169/5169 1747/5170/5170 1750/5171/5171
f 1750/5171/5171 1747/5170/5170 1748/5172/5172
f 1751/5173/5173 1749/5174/5174 1752/5175/5175
f 1752/5175/5175 1749/5174/5174 1750/5176/5176
f 1753/5177/5177 1751/5178/5178 1754/5179/5179
f 1754/5179/5179 1751/5178/5178 1752/5180/5180
f 1755/5181/5181 1753/5182/5182 1756/5183/5183
f 1756/5183/5183 1753/5182/5182 1754/5184/5184
f 1757/5185/5185 1755/5186/5186 1758/5187/5187
f 1758/5187/5187 1755/5186/5186 1756/5188/5188
f 1759/5189/5189 1757/5190/5190 1760/5191/5191
f 1760/5191/5191 1757/5190/5190 1758/5192/5192
f 1761/5193/5193 1759/5194/5194 1762/5195/5195
f 1762/5195/5195 1759/5194/5194 1760/5196/5196
f 1763/5197/5197 1761/5198/5198 1764/5199/5199
f 1764/5199/5199 1761/5198/5198 1762/5200/5200
f 1765/5201/5201 1763/5202/5202 1766/5203/5203
f 1766/5203/5203 1763/5202/5202 1764/5204/5204
f 1767/5205/5205 1765/5206/5206 1768/5207/5207
f 1768/5207/5207 1765/5206/5206 1766/5208/5208
f 1769/5209/5209 1767/5210/5210 1770/5211/5211
f 1770/5211/5211 1767/5210/5210 1768/5212/5212
f 1771/5213/5213 1769/5214/5214 1772/5215/5215
f 1772/5215/5215 1769/5214/5214 1770/5216/5216
f 1773/5217/5217 1771/5218/5218 1774/5219/5219
f 1774/5219/5219 1771/5218/5218 1772/5220/5220
f 1775/5221/5221 1773/5222/5222 1776/5223/5223
f 1776/5223/5223 1773/5222/5222 1774/5224/5224
f 1777/5225/5225 1775/5226/5226 1778/5227/5227
f 1778/5227/5227 1775/5226/5226 1776/5228/5228
f 1779/5229/5229 1777/5230/5230 1780/5231/5231
f 1780/5231/5231 1777/5230/5230 1778/5232/5232
f 1781/5233/5233 1779/5234/5234 1782/5235/5235
f 1782/5235/5235 1779/5234/5234 1780/5236/5236
f 1783/5237/5237 1781/5238/5238 1784/5239/5239
f 1784/5239/5239 1781/5238/5238 1782/5240/5240
f 1785/5241/5241 1783/5242/5242 1786/5243/5243
f 1786/5243/5243 1783/5242/5242 1784/5244/5244
f 1787/5245/5245 1785/5246/5246 1788/5247/5247
f 1788/5247/5247 1785/5246/5246 1786/5248/5248
f 1789/5249/5249 1787/5250/5250 1790/5251/5251
f 1790/5251/5251 1787/5250/5250 1788/5252/5252
f 1791/5253/5253 1789/5254/5254 1792/5255/5255
f 1792/5255/5255 1789/5254/5254 1790/5256/5256
f 1793/5257/5257 1791/5258/5258 1794/5259/5259
f 1794/5259/5259 1791/5258/5258 1792/5260/5260
f 1795/5261/5261 1793/5262/5262 1796/5263/5263
f 1796/5263/5263 1793/5262/5262 1794/5264/5264
f 1797/5265/5265 1795/5266/5266 1798/5267/5267
f 1798/5267/5267 1795/5266/5266 1796/5268/5268
f 1799/5269/5269 1797/5270/5270 1800/5271/5271
f 1800/5271/5271 1797/5270/5270 1798/5272/5272
f 1801/5273/5273 1799/5274/5274 1802/5275/5275
f 1802/5275/5275 1799/5274/5274 1800/5276/5276
f 1803/5277/5277 1801/5278/5278 1804/5279/5279
f 1804/5279/5279 1801/5278/5278 1802/5280/5280
f 1805/5281/5281 1803/5282/5282 1806/5283/5283
f 1806/5283/5283 1803/5282/5282 1804/5284/5284
f 1807/5285/5285 1805/5286/5286 1808/5287/5287
f 1808/5287/5287 1805/5286/5286 1806/5288/5288
f 1809/5289/5289 1807/5290/5290 1810/5291/5291
f 1810/5291/5291 1807/5290/5290 1808/5292/5292
f 1811/5293/5293 1809/5294/5294 1812/5295/5295
f 1812/5295/5295 1809/5294/5294 1810/5296/5296
f 1813/5297/5297 1811/5298/5298 1814/5299/5299
f 1814/5299/5299 1811/5298/5298 1812/5300/5300
f 1815/5301/5301 1813/5302/5302 1816/5303/5303
f 1816/5303/5303 1813/5302/5302 1814/5304/5304
f 1817/5305/5305 1815/5306/5306 1818/5307/5307
f 1818/5307/5307 1815/5306/5306 1816/5308/5308
f 1819/5309/5309 1817/5310/5310 1820/5311/5311
f 1820/5311/5311 1817/5310/5310 1818/5312/5312
f 1821/5313/5313 1819/5314/5314 1822/5315/5315
f 1822/5315/5315 1819/5314/5314 1820/5316/5316
f 1823/5317/5317 1821/5318/5318 1824/5319/5319
f 1824/5319/5319 1821/5318/5318 1822/5320/5320
f 1825/5321/5321 1823/5322/5322 1826/5323/5323
f 1826/5323/5323 1823/5322/5322 1824/5324/5324
f 1827/5325/5325 1825/5326/5326 1828/5327/5327
f 1828/5327/5327 1825/5326/5326 1826/5328/5328
f 1829/5329/5329 1827/5330/5330 1830/5331/5331
f 1830/5331/5331 1827/5330/5330 1828/5332/5332
f 1831/5333/5333 1829/5334/5334 1832/5335/5335
f 1832/5335/5335 1829/5334/5334 1830/5336/5336
f 1833/5337/5337 1831/5338/5338 1834/5339/5339
f 1834/5339/5339 1831/5338/5338 1832/5340/5340
f 1835/5341/5341 1833/5342/5342 1836/5343/5343
f 1836/5343/5343 1833/5342/5342 1834/5344/5344
f 1678/5345/5345 1835/5346/5346 1679/5347/5347
f 1679/5347/5347 1835/5346/5346 1836/5348/5348
f 1679/5349/5349 1836/5350/5350 1680/5351/5351
f 1680/5351/5351 1836/5350/5350 1832/5352/5352
f 1680/5351/5351 1832/5352/5352 1830/5353/5353
f 1836/5350/5350 1834/5354/5354 1832/5352/5352
f 1830/5353/5353 1828/5355/5355 1680/5351/5351
f 1680/5351/5351 1828/5355/5355 1682/5356/5356
f 1682/5356/5356 1828/5355/5355 1826/5357/5357
f 1682/5356/5356 1826/5357/5357 1684/5358/5358
f 1684/5358/5358 1826/5357/5357 1824/5359/5359
f 1684/5358/5358 1824/5359/5359 1686/5360/5360
f 1686/5360/5360 1824/5359/5359 1822/5361/5361
f 1686/5360/5360 1822/5361/5361 1688/5362/5362
f 1688/5362/5362 1822/5361/5361 1820/5363/5363
f 1688/5362/5362 1820/5363/5363 1690/5364/5364
f 1690/5364/5364 1820/5363/5363 1818/5365/5365
f 1690/5364/5364 1818/5365/5365 1692/5366/5366
f 1692/5366/5366 1818/5365/5365 1720/5367/5367
f 1692/5366/5366 1720/5367/5367 1694/5368/5368
f 1694/5368/5368 1720/5367/5367 1718/5369/5369
f 1694/5368/5368 1718/5369/5369 1716/5370/5370
f 1720/5367/5367 1818/5365/5365 1722/5371/5371
f 1722/5371/5371 1818/5365/5365 1816/5372/5372
f 1722/5371/5371 1816/5372/5372 1814/5373/5373
f 1812/5374/5374 1778/5375/5375 1814/5373/5373
f 1814/5373/5373 1778/5375/5375 1724/5376/5376
f 1814/5373/5373 1724/5376/5376 1722/5371/5371
f 1778/5375/5375 1812/5374/5374 1780/5377/5377
f 1780/5377/5377 1812/5374/5374 1810/5378/5378
f 1780/5377/5377 1810/5378/5378 1782/5379/5379
f 1782/5379/5379 1810/5378/5378 1808/5380/5380
f 1782/5379/5379 1808/5380/5380 1806/5381/5381
f 1782/5379/5379 1806/5381/5381 1784/5382/5382
f 1784/5382/5382 1806/5381/5381 1804/5383/5383
f 1784/5382/5382 1804/5383/5383 1802/5384/5384
f 1802/5384/5384 1800/5385/5385 1784/5382/5382
f 1784/5382/5382 1800/5385/5385 1798/5386/5386
f 1784/5382/5382 1798/5386/5386 1786/5387/5387
f 1786/5387/5387 1798/5386/5386 1796/5388/5388
f 1786/5387/5387 1796/5388/5388 1794/5389/5389
f 1794/5389/5389 1792/5390/5390 1786/5387/5387
f 1786/5387/5387 1792/5390/5390 1790/5391/5391
f 1786/5387/5387 1790/5391/5391 1788/5392/5392
f 1778/5375/5375 1776/5393/5393 1724/5376/5376
f 1724/5376/5376 1776/5393/5393 1774/5394/5394
f 1724/5376/5376 1774/5394/5394 1772/5395/5395
f 1724/5376/5376 1772/5395/5395 1726/5396/5396
f 1726/5396/5396 1772/5395/5395 1770/5397/5397
f 1726/5396/5396 1770/5397/5397 1728/5398/5398
f 1728/5398/5398 1770/5397/5397 1768/5399/5399
f 1728/5398/5398 1768/5399/5399 1732/5400/5400
f 1732/5400/5400 1768/5399/5399 1734/5401/5401
f 1734/5401/5401 1768/5399/5399 1736/5402/5402
f 1736/5402/5402 1768/5399/5399 1738/5403/5403
f 1738/5403/5403 1768/5399/5399 1740/5404/5404
f 1740/5404/5404 1768/5399/5399 1742/5405/5405
f 1742/5405/5405 1768/5399/5399 1744/5406/5406
f 1744/5406/5406 1768/5399/5399 1766/5407/5407
f 1744/5406/5406 1766/5407/5407 1746/5408/5408
f 1746/5408/5408 1766/5407/5407 1748/5409/5409
f 1748/5409/5409 1766/5407/5407 1764/5410/5410
f 1748/5409/5409 1764/5410/5410 1750/5411/5411
f 1750/5411/5411 1764/5410/5410 1752/5412/5412
f 1752/5412/5412 1764/5410/5410 1756/5413/5413
f 1752/5412/5412 1756/5413/5413 1754/5414/5414
f 1764/5410/5410 1762/5415/5415 1756/5413/5413
f 1756/5413/5413 1762/5415/5415 1760/5416/5416
f 1756/5413/5413 1760/5416/5416 1758/5417/5417
f 1732/5400/5400 1730/5418/5418 1728/5398/5398
f 1694/5368/5368 1716/5370/5370 1696/5419/5419
f 1696/5419/5419 1716/5370/5370 1714/5420/5420
f 1696/5419/5419 1714/5420/5420 1698/5421/5421
f 1698/5421/5421 1714/5420/5420 1700/5422/5422
f 1700/5422/5422 1714/5420/5420 1702/5423/5423
f 1702/5423/5423 1714/5420/5420 1704/5424/5424
f 1704/5424/5424 1714/5420/5420 1706/5425/5425
f 1706/5425/5425 1714/5420/5420 1708/5426/5426
f 1708/5426/5426 1714/5420/5420 1710/5427/5427
f 1710/5427/5427 1714/5420/5420 1712/5428/5428
f 1678/5429/5429 1677/5430/5430 1835/5431/5431
f 1835/5431/5431 1677/5430/5430 1831/5432/5432
f 1835/5431/5431 1831/5432/5432 1833/5433/5433
f 1681/5434/5434 1827/5435/5435 1677/5430/5430
f 1677/5430/5430 1827/5435/5435 1829/5436/5436
f 1677/5430/5430 1829/5436/5436 1831/5432/5432
f 1827/5435/5435 1681/5434/5434 1825/5437/5437
f 1825/5437/5437 1681/5434/5434 1683/5438/5438
f 1825/5437/5437 1683/5438/5438 1823/5439/5439
f 1823/5439/5439 1683/5438/5438 1685/5440/5440
f 1823/5439/5439 1685/5440/5440 1821/5441/5441
f 1821/5441/5441 1685/5440/5440 1687/5442/5442
f 1821/5441/5441 1687/5442/5442 1819/5443/5443
f 1819/5443/5443 1687/5442/5442 1689/5444/5444
f 1819/5443/5443 1689/5444/5444 1817/5445/5445
f 1817/5445/5445 1689/5444/5444 1691/5446/5446
f 1817/5445/5445 1691/5446/5446 1719/5447/5447
f 1719/5447/5447 1691/5446/5446 1693/5448/5448
f 1719/5447/5447 1693/5448/5448 1717/5449/5449
f 1717/5449/5449 1693/5448/5448 1715/5450/5450
f 1715/5450/5450 1693/5448/5448 1695/5451/5451
f 1715/5450/5450 1695/5451/5451 1713/5452/5452
f 1713/5452/5452 1695/5451/5451 1697/5453/5453
f 1713/5452/5452 1697/5453/5453 1699/5454/5454
f 1699/5454/5454 1701/5455/5455 1713/5452/5452
f 1713/5452/5452 1701/5455/5455 1703/5456/5456
f 1713/5452/5452 1703/5456/5456 1705/5457/5457
f 1705/5457/5457 1707/5458/5458 1713/5452/5452
f 1713/5452/5452 1707/5458/5458 1709/5459/5459
f 1713/5452/5452 1709/5459/5459 1711/5460/5460
f 1719/5447/5447 1721/5461/5461 1817/5445/5445
f 1817/5445/5445 1721/5461/5461 1815/5462/5462
f 1815/5462/5462 1721/5461/5461 1813/5463/5463
f 1813/5463/5463 1721/5461/5461 1723/5464/5464
f 1813/5463/5463 1723/5464/5464 1777/5465/5465
f 1777/5465/5465 1723/5464/5464 1775/5466/5466
f 1775/5466/5466 1723/5464/5464 1773/5467/5467
f 1773/5467/5467 1723/5464/5464 1771/5468/5468
f 1771/5468/5468 1723/5464/5464 1725/5469/5469
f 1771/5468/5468 1725/5469/5469 1769/5470/5470
f 1769/5470/5470 1725/5469/5469 1727/5471/5471
f 1769/5470/5470 1727/5471/5471 1767/5472/5472
f 1767/5472/5472 1727/5471/5471 1731/5473/5473
f 1767/5472/5472 1731/5473/5473 1733/5474/5474
f 1727/5471/5471 1729/5475/5475 1731/5473/5473
f 1733/5474/5474 1735/5476/5476 1767/5472/5472
f 1767/5472/5472 1735/5476/5476 1737/5477/5477
f 1767/5472/5472 1737/5477/5477 1739/5478/5478
f 1739/5478/5478 1741/5479/5479 1767/5472/5472
f 1767/5472/5472 1741/5479/5479 1743/5480/5480
f 1767/5472/5472 1743/5480/5480 1765/5481/5481
f 1765/5481/5481 1743/5480/5480 1745/5482/5482
f 1765/5481/5481 1745/5482/5482 1747/5483/5483
f 1765/5481/5481 1747/5483/5483 1763/5484/5484
f 1763/5484/5484 1747/5483/5483 1749/5485/5485
f 1763/5484/5484 1749/5485/5485 1751/5486/5486
f 1753/5487/5487 1755/5488/5488 1751/5486/5486
f 1751/5486/5486 1755/5488/5488 1763/5484/5484
f 1757/5489/5489 1759/5490/5490 1755/5488/5488
f 1755/5488/5488 1759/5490/5490 1761/5491/5491
f 1755/5488/5488 1761/5491/5491 1763/5484/5484
f 1813/5463/5463 1777/5465/5465 1811/5492/5492
f 1811/5492/5492 1777/5465/5465 1779/5493/5493
f 1811/5492/5492 1779/5493/5493 1809/5494/5494
f 1809/5494/5494 1779/5493/5493 1781/5495/5495
f 1809/5494/5494 1781/5495/5495 1807/5496/5496
f 1807/5496/5496 1781/5495/5495 1805/5497/5497
f 1805/5497/5497 1781/5495/5495 1783/5498/5498
f 1805/5497/5497 1783/5498/5498 1803/5499/5499
f 1803/5499/5499 1783/5498/5498 1801/5500/5500
f 1801/5500/5500 1783/5498/5498 1799/5501/5501
f 1799/5501/5501 1783/5498/5498 1797/5502/5502
f 1797/5502/5502 1783/5498/5498 1785/5503/5503
f 1797/5502/5502 1785/5503/5503 1795/5504/5504
f 1795/5504/5504 1785/5503/5503 1793/5505/5505
f 1793/5505/5505 1785/5503/5503 1791/5506/5506
f 1791/5506/5506 1785/5503/5503 1789/5507/5507
f 1789/5507/5507 1785/5503/5503 1787/5508/5508
g negro (3)

v 30.390870 -946.923950 0.000000
v 30.448770 -946.929670 0.000000
v 30.448770 -946.929670 0.060000
v 30.390870 -946.923950 0.060000
v 30.395280 -946.913450 0.000000
v 30.395280 -946.913450 0.060000
v 30.397650 -946.908380 0.000000
v 30.397650 -946.908380 0.060000
v 30.397610 -946.902780 0.000000
v 30.397610 -946.902780 0.060000
v 30.394810 -946.890730 0.000000
v 30.394810 -946.890730 0.060000
v 30.380330 -946.823990 0.000000
v 30.380330 -946.823990 0.060000
v 30.370120 -946.756440 0.000000
v 30.370120 -946.756440 0.060000
v 30.364650 -946.688490 0.000000
v 30.364650 -946.688490 0.060000
v 30.364400 -946.620550 0.000000
v 30.364400 -946.620550 0.060000
v 30.369820 -946.553020 0.000000
v 30.369820 -946.553020 0.060000
v 30.381410 -946.486330 0.000000
v 30.381410 -946.486330 0.060000
v 30.399620 -946.420880 0.000000
v 30.399620 -946.420880 0.060000
v 30.424940 -946.357090 0.000000
v 30.424940 -946.357090 0.060000
v 30.482480 -946.247940 0.000000
v 30.482480 -946.247940 0.060000
v 30.507040 -946.210650 0.000000
v 30.507040 -946.210650 0.060000
v 30.526850 -946.184190 0.000000
v 30.526850 -946.184190 0.060000
v 30.547420 -946.161130 0.000000
v 30.547420 -946.161130 0.060000
v 30.574220 -946.134040 0.000000
v 30.574220 -946.134040 0.060000
v 30.591360 -946.116180 0.000000
v 30.591360 -946.116180 0.060000
v 30.600680 -946.106090 0.000000
v 30.600680 -946.106090 0.060000
v 30.613620 -946.094830 0.000000
v 30.613620 -946.094830 0.060000
v 30.641650 -946.073460 0.000000
v 30.641650 -946.073460 0.060000
v 30.663840 -946.057410 0.000000
v 30.663840 -946.057410 0.060000
v 30.690400 -946.040200 0.000000
v 30.690400 -946.040200 0.060000
v 30.719400 -946.024890 0.000000
v 30.719400 -946.024890 0.060000
v 30.748910 -946.014540 0.000000
v 30.748910 -946.014540 0.060000
v 30.783790 -946.041530 0.000000
v 30.783790 -946.041530 0.060000
v 30.811750 -946.069990 0.000000
v 30.811750 -946.069990 0.060000
v 30.870080 -946.128120 0.000000
v 30.870080 -946.128120 0.060000
v 30.907160 -946.168530 0.000000
v 30.907160 -946.168530 0.060000
v 30.964660 -946.240770 0.000000
v 30.964660 -946.240770 0.060000
v 31.012660 -946.319780 0.000000
v 31.012660 -946.319780 0.060000
v 31.051440 -946.404470 0.000000
v 31.051440 -946.404470 0.060000
v 31.081280 -946.493740 0.000000
v 31.081280 -946.493740 0.060000
v 31.102460 -946.586520 0.000000
v 31.102460 -946.586520 0.060000
v 31.115270 -946.681710 0.000000
v 31.115270 -946.681710 0.060000
v 31.119980 -946.778220 0.000000
v 31.119980 -946.778220 0.060000
v 31.116870 -946.874960 0.000000
v 31.116870 -946.874960 0.060000
v 31.110480 -946.939720 0.000000
v 31.110480 -946.939720 0.060000
v 31.098470 -947.007730 0.000000
v 31.098470 -947.007730 0.060000
v 31.089670 -947.040070 0.000000
v 31.089670 -947.040070 0.060000
v 31.078660 -947.069770 0.000000
v 31.078660 -947.069770 0.060000
v 31.065150 -947.095680 0.000000
v 31.065150 -947.095680 0.060000
v 31.048880 -947.116640 0.000000
v 31.048880 -947.116640 0.060000
v 31.021440 -947.139520 0.000000
v 31.021440 -947.139520 0.060000
v 30.997570 -947.149300 0.000000
v 30.997570 -947.149300 0.060000
v 30.976120 -947.148310 0.000000
v 30.976120 -947.148310 0.060000
v 30.955940 -947.138920 0.000000
v 30.955940 -947.138920 0.060000
v 30.914760 -947.104260 0.000000
v 30.914760 -947.104260 0.060000
v 30.864830 -947.064070 0.000000
v 30.864830 -947.064070 0.060000
v 30.820740 -947.039400 0.000000
v 30.820740 -947.039400 0.060000
v 30.767610 -947.015450 0.000000
v 30.767610 -947.015450 0.060000
v 30.707780 -946.992880 0.000000
v 30.707780 -946.992880 0.060000
v 30.643630 -946.972360 0.000000
v 30.643630 -946.972360 0.060000
v 30.577510 -946.954540 0.000000
v 30.577510 -946.954540 0.060000
v 30.511770 -946.940090 0.000000
v 30.511770 -946.940090 0.060000
vt 0.000000 0.000000 0.000000
vt 0.058182 0.000000 0.000000
vt 0.000000 0.060000 0.000000
vt 0.058182 0.060000 0.000000
vt -0.000000 0.000000 0.000000
vt 0.011389 0.000000 0.000000
vt -0.000000 0.060000 0.000000
vt 0.011389 0.060000 0.000000
vt -0.000000 0.000000 0.000000
vt 0.005597 0.000000 0.000000
vt -0.000000 0.060000 0.000000
vt 0.005597 0.060000 0.000000
vt 0.000000 0.000000 0.000000
vt 0.005600 0.000000 0.000000
vt 0.000000 0.060000 0.000000
vt 0.005600 0.060000 0.000000
vt 0.000000 0.000000 0.000000
vt 0.012371 0.000000 0.000000
vt 0.000000 0.060000 0.000000
vt 0.012371 0.060000 0.000000
vt 0.000000 0.000000 0.000000
vt 0.068293 0.000000 0.000000
vt 0.000000 0.060000 0.000000
vt 0.068293 0.060000 0.000000
vt 0.000000 0.000000 0.000000
vt 0.068317 0.000000 0.000000
vt 0.000000 0.060000 0.000000
vt 0.068317 0.060000 0.000000
vt 0.000000 0.000000 0.000000
vt 0.068170 0.000000 0.000000
vt 0.000000 0.060000 0.000000
vt 0.068170 0.060000 0.000000
vt 0.000000 0.000000 0.000000
vt 0.067940 0.000000 0.000000
vt 0.000000 0.060000 0.000000
vt 0.067940 0.060000 0.000000
vt -0.000000 0.000000 0.000000
vt 0.067747 0.000000 0.000000
vt -0.000000 0.060000 0.000000
vt 0.067747 0.060000 0.000000
vt -0.000000 0.000000 0.000000
vt 0.067690 0.000000 0.000000
vt -0.000000 0.060000 0.000000
vt 0.067690 0.060000 0.000000
vt -0.000000 0.000000 0.000000
vt 0.067936 0.000000 0.000000
vt -0.000000 0.060000 0.000000
vt 0.067936 0.060000 0.000000
vt -0.000000 0.000000 0.000000
vt 0.068631 0.000000 0.000000
vt -0.000000 0.060000 0.000000
vt 0.068631 0.060000 0.000000
vt -0.000000 0.000000 0.000000
vt 0.123388 0.000000 0.000000
vt -0.000000 0.060000 0.000000
vt 0.123388 0.060000 0.000000
vt -0.000000 0.000000 0.000000
vt 0.044651 0.000000 0.000000
vt -0.000000 0.060000 0.000000
vt 0.044651 0.060000 0.000000
vt -0.000000 0.000000 0.000000
vt 0.033054 0.000000 0.000000
vt -0.000000 0.060000 0.000000
vt 0.033054 0.060000 0.000000
vt -0.000000 0.000000 0.000000
vt 0.030901 0.000000 0.000000
vt -0.000000 0.060000 0.000000
vt 0.030901 0.060000 0.000000
vt -0.000000 0.000000 0.000000
vt 0.038107 0.000000 0.000000
vt -0.000000 0.060000 0.000000
vt 0.038107 0.060000 0.000000
vt -0.000000 0.000000 0.000000
vt 0.024754 0.000000 0.000000
vt -0.000000 0.060000 0.000000
vt 0.024754 0.060000 0.000000
vt -0.000000 0.000000 0.000000
vt 0.013736 0.000000 0.000000
vt -0.000000 0.060000 0.000000
vt 0.013736 0.060000 0.000000
vt -0.000000 0.000000 0.000000
vt 0.017153 0.000000 0.000000
vt -0.000000 0.060000 0.000000
vt 0.017153 0.060000 0.000000
vt -0.000000 0.000000 0.000000
vt 0.035247 0.000000 0.000000
vt -0.000000 0.060000 0.000000
vt 0.035247 0.060000 0.000000
vt -0.000000 0.000000 0.000000
vt 0.027386 0.000000 0.000000
vt -0.000000 0.060000 0.000000
vt 0.027386 0.060000 0.000000
vt -0.000000 0.000000 0.000000
vt 0.031648 0.000000 0.000000
vt -0.000000 0.060000 0.000000
vt 0.031648 0.060000 0.000000
vt -0.000000 0.000000 0.000000
vt 0.032793 0.000000 0.000000
vt -0.000000 0.060000 0.000000
vt 0.032793 0.060000 0.000000
vt -0.000000 0.000000 0.000000
vt 0.031272 0.000000 0.000000
vt -0.000000 0.060000 0.000000
vt 0.031272 0.060000 0.000000
vt 0.000000 0.000000 0.000000
vt 0.044103 0.000000 0.000000
vt 0.000000 0.060000 0.000000
vt 0.044103 0.060000 0.000000
vt 0.000000 0.000000 0.000000
vt 0.039897 0.000000 0.000000
vt 0.000000 0.060000 0.000000
vt 0.039897 0.060000 0.000000
vt 0.000000 0.000000 0.000000
vt 0.082350 0.000000 0.000000
vt 0.000000 0.060000 0.000000
vt 0.082350 0.060000 0.000000
vt 0.000000 0.000000 0.000000
vt 0.054844 0.000000 0.000000
vt 0.000000 0.060000 0.000000
vt 0.054844 0.060000 0.000000
vt 0.000000 0.000000 0.000000
vt 0.092330 0.000000 0.000000
vt 0.000000 0.060000 0.000000
vt 0.092330 0.060000 0.000000
vt 0.000000 0.000000 0.000000
vt 0.092448 0.000000 0.000000
vt 0.000000 0.060000 0.000000
vt 0.092448 0.060000 0.000000
vt 0.000000 0.000000 0.000000
vt 0.093147 0.000000 0.000000
vt 0.000000 0.060000 0.000000
vt 0.093147 0.060000 0.000000
vt 0.000000 0.000000 0.000000
vt 0.094125 0.000000 0.000000
vt 0.000000 0.060000 0.000000
vt 0.094125 0.060000 0.000000
vt 0.000000 0.000000 0.000000
vt 0.095167 0.000000 0.000000
vt 0.000000 0.060000 0.000000
vt 0.095167 0.060000 0.000000
vt 0.000000 0.000000 0.000000
vt 0.096048 0.000000 0.000000
vt 0.000000 0.060000 0.000000
vt 0.096048 0.060000 0.000000
vt 0.000000 0.000000 0.000000
vt 0.096625 0.000000 0.000000
vt 0.000000 0.060000 0.000000
vt 0.096625 0.060000 0.000000
vt 0.000000 0.000000 0.000000
vt 0.096790 0.000000 0.000000
vt 0.000000 0.060000 0.000000
vt 0.096790 0.060000 0.000000
vt 0.000000 0.000000 0.000000
vt 0.065074 0.000000 0.000000
vt 0.000000 0.060000 0.000000
vt 0.065074 0.060000 0.000000
vt 0.000000 0.000000 0.000000
vt 0.069062 0.000000 0.000000
vt 0.000000 0.060000 0.000000
vt 0.069062 0.060000 0.000000
vt 0.000000 0.000000 0.000000
vt 0.033516 0.000000 0.000000
vt 0.000000 0.060000 0.000000
vt 0.033516 0.060000 0.000000
vt 0.000000 0.000000 0.000000
vt 0.031675 0.000000 0.000000
vt 0.000000 0.060000 0.000000
vt 0.031675 0.060000 0.000000
vt 0.000000 0.000000 0.000000
vt 0.029221 0.000000 0.000000
vt 0.000000 0.060000 0.000000
vt 0.029221 0.060000 0.000000
vt 0.000000 0.000000 0.000000
vt 0.026534 0.000000 0.000000
vt 0.000000 0.060000 0.000000
vt 0.026534 0.060000 0.000000
vt 0.000000 0.000000 0.000000
vt 0.035727 0.000000 0.000000
vt 0.000000 0.060000 0.000000
vt 0.035727 0.060000 0.000000
vt 0.000000 0.000000 0.000000
vt 0.025796 0.000000 0.000000
vt 0.000000 0.060000 0.000000
vt 0.025796 0.060000 0.000000
vt 0.000000 0.000000 0.000000
vt 0.021473 0.000000 0.000000
vt 0.000000 0.060000 0.000000
vt 0.021473 0.060000 0.000000
vt 0.000000 0.000000 0.000000
vt 0.022258 0.000000 0.000000
vt 0.000000 0.060000 0.000000
vt 0.022258 0.060000 0.000000
vt 0.000000 0.000000 0.000000
vt 0.053825 0.000000 0.000000
vt 0.000000 0.060000 0.000000
vt 0.053825 0.060000 0.000000
vt 0.000000 0.000000 0.000000
vt 0.064096 0.000000 0.000000
vt 0.000000 0.060000 0.000000
vt 0.064096 0.060000 0.000000
vt 0.000000 0.000000 0.000000
vt 0.050523 0.000000 0.000000
vt 0.000000 0.060000 0.000000
vt 0.050523 0.060000 0.000000
vt 0.000000 0.000000 0.000000
vt 0.058279 0.000000 0.000000
vt 0.000000 0.060000 0.000000
vt 0.058279 0.060000 0.000000
vt 0.000000 0.000000 0.000000
vt 0.063946 0.000000 0.000000
vt 0.000000 0.060000 0.000000
vt 0.063946 0.060000 0.000000
vt 0.000000 0.000000 0.000000
vt 0.067352 0.000000 0.000000
vt 0.000000 0.060000 0.000000
vt 0.067352 0.060000 0.000000
vt 0.000000 0.000000 0.000000
vt 0.068479 0.000000 0.000000
vt 0.000000 0.060000 0.000000
vt 0.068479 0.060000 0.000000
vt 0.000000 0.000000 0.000000
vt 0.067309 0.000000 0.000000
vt 0.000000 0.060000 0.000000
vt 0.067309 0.060000 0.000000
vt 0.000000 0.000000 0.000000
vt 0.063856 0.000000 0.000000
vt 0.000000 0.060000 0.000000
vt 0.063856 0.060000 0.000000
vt -0.230420 -0.358170 0.000000
vt -0.361860 -0.242070 0.000000
vt -0.293420 -0.347750 0.000000
vt -0.347380 -0.308810 0.000000
vt -0.344580 -0.320860 0.000000
vt -0.164680 -0.372620 0.000000
vt -0.377790 -0.038630 0.000000
vt -0.377540 -0.106570 0.000000
vt -0.372070 -0.174520 0.000000
vt -0.098560 -0.390440 0.000000
vt -0.317250 0.224830 0.000000
vt -0.342570 0.161040 0.000000
vt -0.360780 0.095590 0.000000
vt -0.034410 -0.410960 0.000000
vt 0.164970 0.413390 0.000000
vt -0.194770 0.420790 0.000000
vt -0.215340 0.397730 0.000000
vt 0.025420 -0.433530 0.000000
vt 0.270470 0.262140 0.000000
vt 0.222470 0.341150 0.000000
vt 0.078550 -0.457480 0.000000
vt 0.360270 -0.004600 0.000000
vt 0.339090 0.088180 0.000000
vt 0.309250 0.177450 0.000000
vt 0.122640 -0.482150 0.000000
vt 0.377790 -0.196300 0.000000
vt 0.373080 -0.099790 0.000000
vt 0.172570 -0.522340 0.000000
vt 0.368290 -0.357800 0.000000
vt 0.374680 -0.293040 0.000000
vt 0.213750 -0.557000 0.000000
vt 0.279250 -0.557600 0.000000
vt 0.306690 -0.534720 0.000000
vt 0.322960 -0.513760 0.000000
vt 0.233930 -0.566390 0.000000
vt 0.255380 -0.567380 0.000000
vt 0.336470 -0.487850 0.000000
vt 0.347480 -0.458150 0.000000
vt 0.356280 -0.425810 0.000000
vt -0.167970 0.447880 0.000000
vt 0.127890 0.453800 0.000000
vt -0.150830 0.465740 0.000000
vt -0.128570 0.487090 0.000000
vt -0.141510 0.475830 0.000000
vt -0.100540 0.508460 0.000000
vt 0.069560 0.511930 0.000000
vt -0.078350 0.524510 0.000000
vt -0.051790 0.541720 0.000000
vt 0.041600 0.540390 0.000000
vt -0.022790 0.557030 0.000000
vt 0.006720 0.567380 0.000000
vt -0.235150 0.371270 0.000000
vt -0.259710 0.333980 0.000000
vt -0.372370 0.028900 0.000000
vt -0.344540 -0.326460 0.000000
vt -0.346910 -0.331530 0.000000
vt -0.351320 -0.342030 0.000000
vt 0.293420 -0.347750 0.000000
vt 0.361860 -0.242070 0.000000
vt 0.230420 -0.358170 0.000000
vt 0.372070 -0.174520 0.000000
vt 0.377540 -0.106570 0.000000
vt 0.351320 -0.342030 0.000000
vt 0.346910 -0.331530 0.000000
vt 0.344540 -0.326460 0.000000
vt 0.344580 -0.320860 0.000000
vt 0.347380 -0.308810 0.000000
vt 0.377790 -0.038630 0.000000
vt 0.164680 -0.372620 0.000000
vt 0.372370 0.028900 0.000000
vt 0.360780 0.095590 0.000000
vt 0.342570 0.161040 0.000000
vt 0.317250 0.224830 0.000000
vt 0.098560 -0.390440 0.000000
vt 0.259710 0.333980 0.000000
vt 0.235150 0.371270 0.000000
vt 0.215340 0.397730 0.000000
vt 0.194770 0.420790 0.000000
vt -0.164970 0.413390 0.000000
vt 0.167970 0.447880 0.000000
vt -0.127890 0.453800 0.000000
vt 0.150830 0.465740 0.000000
vt 0.128570 0.487090 0.000000
vt 0.141510 0.475830 0.000000
vt 0.100540 0.508460 0.000000
vt -0.069560 0.511930 0.000000
vt 0.078350 0.524510 0.000000
vt 0.051790 0.541720 0.000000
vt -0.041600 0.540390 0.000000
vt 0.022790 0.557030 0.000000
vt -0.006720 0.567380 0.000000
vt 0.034410 -0.410960 0.000000
vt -0.222470 0.341150 0.000000
vt -0.270470 0.262140 0.000000
vt -0.025420 -0.433530 0.000000
vt -0.309250 0.177450 0.000000
vt -0.339090 0.088180 0.000000
vt -0.360270 -0.004600 0.000000
vt -0.078550 -0.457480 0.000000
vt -0.373080 -0.099790 0.000000
vt -0.377790 -0.196300 0.000000
vt -0.122640 -0.482150 0.000000
vt -0.374680 -0.293040 0.000000
vt -0.368290 -0.357800 0.000000
vt -0.172570 -0.522340 0.000000
vt -0.356280 -0.425810 0.000000
vt -0.347480 -0.458150 0.000000
vt -0.336470 -0.487850 0.000000
vt -0.322960 -0.513760 0.000000
vt -0.306690 -0.534720 0.000000
vt -0.279250 -0.557600 0.000000
vt -0.213750 -0.557000 0.000000
vt -0.233930 -0.566390 0.000000
vt -0.255380 -0.567380 0.000000
vn -0.098312 -0.995156 0.000000
vn -0.098312 -0.995156 0.000000
vn -0.098312 -0.995156 0.000000
vn -0.098312 -0.995156 0.000000
vn -0.921982 0.387232 0.000000
vn -0.921982 0.387232 0.000000
vn -0.921982 0.387232 0.000000
vn -0.921982 0.387232 0.000000
vn -0.905909 0.423472 0.000000
vn -0.905909 0.423472 0.000000
vn -0.905909 0.423472 0.000000
vn -0.905909 0.423472 0.000000
vn -0.999974 -0.007143 0.000000
vn -0.999974 -0.007143 0.000000
vn -0.999974 -0.007143 0.000000
vn -0.999974 -0.007143 0.000000
vn -0.974049 -0.226335 0.000000
vn -0.974049 -0.226335 0.000000
vn -0.974049 -0.226335 0.000000
vn -0.974049 -0.226335 0.000000
vn -0.977264 -0.212028 0.000000
vn -0.977264 -0.212028 0.000000
vn -0.977264 -0.212028 0.000000
vn -0.977264 -0.212028 0.000000
vn -0.988769 -0.149450 0.000000
vn -0.988769 -0.149450 0.000000
vn -0.988769 -0.149450 0.000000
vn -0.988769 -0.149450 0.000000
vn -0.996776 -0.080241 0.000000
vn -0.996776 -0.080241 0.000000
vn -0.996776 -0.080241 0.000000
vn -0.996776 -0.080241 0.000000
vn -0.999993 -0.003680 0.000000
vn -0.999993 -0.003680 0.000000
vn -0.999993 -0.003680 0.000000
vn -0.999993 -0.003680 0.000000
vn -0.996795 0.080003 0.000000
vn -0.996795 0.080003 0.000000
vn -0.996795 0.080003 0.000000
vn -0.996795 0.080003 0.000000
vn -0.985232 0.171223 0.000000
vn -0.985232 0.171223 0.000000
vn -0.985232 0.171223 0.000000
vn -0.985232 0.171223 0.000000
vn -0.963406 0.268046 0.000000
vn -0.963406 0.268046 0.000000
vn -0.963406 0.268046 0.000000
vn -0.963406 0.268046 0.000000
vn -0.929458 0.368927 0.000000
vn -0.929458 0.368927 0.000000
vn -0.929458 0.368927 0.000000
vn -0.929458 0.368927 0.000000
vn -0.884609 0.466334 0.000000
vn -0.884609 0.466334 0.000000
vn -0.884609 0.466334 0.000000
vn -0.884609 0.466334 0.000000
vn -0.835138 0.550040 0.000000
vn -0.835138 0.550040 0.000000
vn -0.835138 0.550040 0.000000
vn -0.835138 0.550040 0.000000
vn -0.800508 0.599322 0.000000
vn -0.800508 0.599322 0.000000
vn -0.800508 0.599322 0.000000
vn -0.800508 0.599322 0.000000
vn -0.746248 0.665668 0.000000
vn -0.746248 0.665668 0.000000
vn -0.746248 0.665668 0.000000
vn -0.746248 0.665668 0.000000
vn -0.710902 0.703291 0.000000
vn -0.710902 0.703291 0.000000
vn -0.710902 0.703291 0.000000
vn -0.710902 0.703291 0.000000
vn -0.721500 0.692414 0.000000
vn -0.721500 0.692414 0.000000
vn -0.721500 0.692414 0.000000
vn -0.721500 0.692414 0.000000
vn -0.734580 0.678522 0.000000
vn -0.734580 0.678522 0.000000
vn -0.734580 0.678522 0.000000
vn -0.734580 0.678522 0.000000
vn -0.656438 0.754380 0.000000
vn -0.656438 0.754380 0.000000
vn -0.656438 0.754380 0.000000
vn -0.656438 0.754380 0.000000
vn -0.606291 0.795243 0.000000
vn -0.606291 0.795243 0.000000
vn -0.606291 0.795243 0.000000
vn -0.606291 0.795243 0.000000
vn -0.586064 0.810265 0.000000
vn -0.586064 0.810265 0.000000
vn -0.586064 0.810265 0.000000
vn -0.586064 0.810265 0.000000
vn -0.543788 0.839222 0.000000
vn -0.543788 0.839222 0.000000
vn -0.543788 0.839222 0.000000
vn -0.543788 0.839222 0.000000
vn -0.466865 0.884329 0.000000
vn -0.466865 0.884329 0.000000
vn -0.466865 0.884329 0.000000
vn -0.466865 0.884329 0.000000
vn -0.330963 0.943644 0.000000
vn -0.330963 0.943644 0.000000
vn -0.330963 0.943644 0.000000
vn -0.330963 0.943644 0.000000
vn 0.611977 0.790876 -0.000000
vn 0.611977 0.790876 -0.000000
vn 0.611977 0.790876 -0.000000
vn 0.611977 0.790876 -0.000000
vn 0.713345 0.700813 -0.000000
vn 0.713345 0.700813 -0.000000
vn 0.713345 0.700813 -0.000000
vn 0.713345 0.700813 -0.000000
vn 0.705891 0.708320 -0.000000
vn 0.705891 0.708320 -0.000000
vn 0.705891 0.708320 -0.000000
vn 0.705891 0.708320 -0.000000
vn 0.736813 0.676096 -0.000000
vn 0.736813 0.676096 -0.000000
vn 0.736813 0.676096 -0.000000
vn 0.736813 0.676096 -0.000000
vn 0.782409 0.622765 -0.000000
vn 0.782409 0.622765 -0.000000
vn 0.782409 0.622765 -0.000000
vn 0.782409 0.622765 -0.000000
vn 0.854645 0.519212 -0.000000
vn 0.854645 0.519212 -0.000000
vn 0.854645 0.519212 -0.000000
vn 0.854645 0.519212 -0.000000
vn 0.909212 0.416333 -0.000000
vn 0.909212 0.416333 -0.000000
vn 0.909212 0.416333 -0.000000
vn 0.909212 0.416333 -0.000000
vn 0.948417 0.317024 -0.000000
vn 0.948417 0.317024 -0.000000
vn 0.948417 0.317024 -0.000000
vn 0.948417 0.317024 -0.000000
vn 0.974920 0.222557 -0.000000
vn 0.974920 0.222557 -0.000000
vn 0.974920 0.222557 -0.000000
vn 0.974920 0.222557 -0.000000
vn 0.991066 0.133371 -0.000000
vn 0.991066 0.133371 -0.000000
vn 0.991066 0.133371 -0.000000
vn 0.991066 0.133371 -0.000000
vn 0.998811 0.048745 -0.000000
vn 0.998811 0.048745 -0.000000
vn 0.998811 0.048745 -0.000000
vn 0.998811 0.048745 -0.000000
vn 0.999484 -0.032131 0.000000
vn 0.999484 -0.032131 0.000000
vn 0.999484 -0.032131 0.000000
vn 0.999484 -0.032131 0.000000
vn 0.995167 -0.098195 0.000000
vn 0.995167 -0.098195 0.000000
vn 0.995167 -0.098195 0.000000
vn 0.995167 -0.098195 0.000000
vn 0.984763 -0.173901 0.000000
vn 0.984763 -0.173901 0.000000
vn 0.984763 -0.173901 0.000000
vn 0.984763 -0.173901 0.000000
vn 0.964915 -0.262562 0.000000
vn 0.964915 -0.262562 0.000000
vn 0.964915 -0.262562 0.000000
vn 0.964915 -0.262562 0.000000
vn 0.937646 -0.347592 0.000000
vn 0.937646 -0.347592 0.000000
vn 0.937646 -0.347592 0.000000
vn 0.937646 -0.347592 0.000000
vn 0.886701 -0.462344 0.000000
vn 0.886701 -0.462344 0.000000
vn 0.886701 -0.462344 0.000000
vn 0.886701 -0.462344 0.000000
vn 0.789940 -0.613184 0.000000
vn 0.789940 -0.613184 0.000000
vn 0.789940 -0.613184 0.000000
vn 0.789940 -0.613184 0.000000
vn 0.640405 -0.768038 0.000000
vn 0.640405 -0.768038 0.000000
vn 0.640405 -0.768038 0.000000
vn 0.640405 -0.768038 0.000000
vn 0.379131 -0.925343 0.000000
vn 0.379131 -0.925343 0.000000
vn 0.379131 -0.925343 0.000000
vn 0.379131 -0.925343 0.000000
vn -0.046105 -0.998937 0.000000
vn -0.046105 -0.998937 0.000000
vn -0.046105 -0.998937 0.000000
vn -0.046105 -0.998937 0.000000
vn -0.421877 -0.906653 0.000000
vn -0.421877 -0.906653 0.000000
vn -0.421877 -0.906653 0.000000
vn -0.421877 -0.906653 0.000000
vn -0.643941 -0.765075 0.000000
vn -0.643941 -0.765075 0.000000
vn -0.643941 -0.765075 0.000000
vn -0.643941 -0.765075 0.000000
vn -0.627032 -0.778993 0.000000
vn -0.627032 -0.778993 0.000000
vn -0.627032 -0.778993 0.000000
vn -0.627032 -0.778993 0.000000
vn -0.488296 -0.872678 0.000000
vn -0.488296 -0.872678 0.000000
vn -0.488296 -0.872678 0.000000
vn -0.488296 -0.872678 0.000000
vn -0.410957 -0.911655 0.000000
vn -0.410957 -0.911655 0.000000
vn -0.410957 -0.911655 0.000000
vn -0.410957 -0.911655 0.000000
vn -0.352957 -0.935640 0.000000
vn -0.352957 -0.935640 0.000000
vn -0.352957 -0.935640 0.000000
vn -0.352957 -0.935640 0.000000
vn -0.304668 -0.952459 0.000000
vn -0.304668 -0.952459 0.000000
vn -0.304668 -0.952459 0.000000
vn -0.304668 -0.952459 0.000000
vn -0.260225 -0.965548 0.000000
vn -0.260225 -0.965548 0.000000
vn -0.260225 -0.965548 0.000000
vn -0.260225 -0.965548 0.000000
vn -0.214680 -0.976684 0.000000
vn -0.214680 -0.976684 0.000000
vn -0.214680 -0.976684 0.000000
vn -0.214680 -0.976684 0.000000
vn -0.163180 -0.986596 0.000000
vn -0.163180 -0.986596 0.000000
vn -0.163180 -0.986596 0.000000
vn -0.163180 -0.986596 0.000000
vn 0.000000 0.000000 1.000000
vn 0.000000 0.000000 1.000000
vn 0.000000 0.000000 1.000000
vn 0.000000 0.000000 1.000000
vn 0.000000 0.000000 1.000000
vn 0.000000 0.000000 1.000000
vn 0.000000 0.000000 1.000000
vn 0.000000 0.000000 1.000000
vn 0.000000 0.000000 1.000000
vn 0.000000 0.000000 1.000000
vn 0.000000 0.000000 1.000000
vn 0.000000 0.000000 1.000000
vn 0.000000 0.000000 1.000000
vn 0.000000 0.000000 1.000000
vn 0.000000 0.000000 1.000000
vn 0.000000 0.000000 1.000000
vn 0.000000 0.000000 1.000000
vn 0.000000 0.000000 1.000000
vn 0.000000 0.000000 1.000000
vn 0.000000 0.000000 1.000000
vn 0.000000 0.000000 1.000000
vn 0.000000 0.000000 1.000000
vn 0.000000 0.000000 1.000000
vn 0.000000 0.000000 1.000000
vn 0.000000 0.000000 1.000000
vn 0.000000 0.000000 1.000000
vn 0.000000 0.000000 1.000000
vn 0.000000 0.000000 1.000000
vn 0.000000 0.000000 1.000000
vn 0.000000 0.000000 1.000000
vn 0.000000 0.000000 1.000000
vn 0.000000 0.000000 1.000000
vn 0.000000 0.000000 1.000000
vn 0.000000 0.000000 1.000000
vn 0.000000 0.000000 1.000000
vn 0.000000 0.000000 1.000000
vn 0.000000 0.000000 1.000000
vn 0.000000 0.000000 1.000000
vn 0.000000 0.000000 1.000000
vn 0.000000 0.000000 1.000000
vn 0.000000 0.000000 1.000000
vn 0.000000 0.000000 1.000000
vn 0.000000 0.000000 1.000000
vn 0.000000 0.000000 1.000000
vn 0.000000 0.000000 1.000000
vn 0.000000 0.000000 1.000000
vn 0.000000 0.000000 1.000000
vn 0.000000 0.000000 1.000000
vn 0.000000 0.000000 1.000000
vn 0.000000 0.000000 1.000000
vn 0.000000 0.000000 1.000000
vn 0.000000 0.000000 1.000000
vn 0.000000 0.000000 1.000000
vn 0.000000 0.000000 1.000000
vn 0.000000 0.000000 1.000000
vn 0.000000 0.000000 1.000000
vn 0.000000 0.000000 1.000000
vn -0.000000 0.000000 -1.000000
vn -0.000000 0.000000 -1.000000
vn -0.000000 0.000000 -1.000000
vn -0.000000 0.000000 -1.000000
vn -0.000000 0.000000 -1.000000
vn -0.000000 0.000000 -1.000000
vn -0.000000 0.000000 -1.000000
vn -0.000000 0.000000 -1.000000
vn -0.000000 0.000000 -1.000000
vn -0.000000 0.000000 -1.000000
vn -0.000000 0.000000 -1.000000
vn -0.000000 0.000000 -1.000000
vn -0.000000 0.000000 -1.000000
vn -0.000000 0.000000 -1.000000
vn -0.000000 0.000000 -1.000000
vn -0.000000 0.000000 -1.000000
vn -0.000000 0.000000 -1.000000
vn -0.000000 0.000000 -1.000000
vn -0.000000 0.000000 -1.000000
vn -0.000000 0.000000 -1.000000
vn -0.000000 0.000000 -1.000000
vn -0.000000 0.000000 -1.000000
vn -0.000000 0.000000 -1.000000
vn -0.000000 0.000000 -1.000000
vn -0.000000 0.000000 -1.000000
vn -0.000000 0.000000 -1.000000
vn -0.000000 0.000000 -1.000000
vn -0.000000 0.000000 -1.000000
vn -0.000000 0.000000 -1.000000
vn -0.000000 0.000000 -1.000000
vn -0.000000 0.000000 -1.000000
vn -0.000000 0.000000 -1.000000
vn -0.000000 0.000000 -1.000000
vn -0.000000 0.000000 -1.000000
vn -0.000000 0.000000 -1.000000
vn -0.000000 0.000000 -1.000000
vn -0.000000 0.000000 -1.000000
vn -0.000000 0.000000 -1.000000
vn -0.000000 0.000000 -1.000000
vn -0.000000 0.000000 -1.000000
vn -0.000000 0.000000 -1.000000
vn -0.000000 0.000000 -1.000000
vn -0.000000 0.000000 -1.000000
vn -0.000000 0.000000 -1.000000
vn -0.000000 0.000000 -1.000000
vn -0.000000 0.000000 -1.000000
vn -0.000000 0.000000 -1.000000
vn -0.000000 0.000000 -1.000000
vn -0.000000 0.000000 -1.000000
vn -0.000000 0.000000 -1.000000
vn -0.000000 0.000000 -1.000000
vn -0.000000 0.000000 -1.000000
vn -0.000000 0.000000 -1.000000
vn -0.000000 0.000000 -1.000000
vn -0.000000 0.000000 -1.000000
vn -0.000000 0.000000 -1.000000
vn -0.000000 0.000000 -1.000000
usemtl ABS_(blanco)_(1)_(1)
f 1837/5509/5509 1838/5510/5510 1840/5511/5511
f 1840/5511/5511 1838/5510/5510 1839/5512/5512
f 1841/5513/5513 1837/5514/5514 1842/5515/5515
f 1842/5515/5515 1837/5514/5514 1840/5516/5516
f 1843/5517/5517 1841/5518/5518 1844/5519/5519
f 1844/5519/5519 1841/5518/5518 1842/5520/5520
f 1845/5521/5521 1843/5522/5522 1846/5523/5523
f 1846/5523/5523 1843/5522/5522 1844/5524/5524
f 1847/5525/5525 1845/5526/5526 1848/5527/5527
f 1848/5527/5527 1845/5526/5526 1846/5528/5528
f 1849/5529/5529 1847/5530/5530 1850/5531/5531
f 1850/5531/5531 1847/5530/5530 1848/5532/5532
f 1851/5533/5533 1849/5534/5534 1852/5535/5535
f 1852/5535/5535 1849/5534/5534 1850/5536/5536
f 1853/5537/5537 1851/5538/5538 1854/5539/5539
f 1854/5539/5539 1851/5538/5538 1852/5540/5540
f 1855/5541/5541 1853/5542/5542 1856/5543/5543
f 1856/5543/5543 1853/5542/5542 1854/5544/5544
f 1857/5545/5545 1855/5546/5546 1858/5547/5547
f 1858/5547/5547 1855/5546/5546 1856/5548/5548
f 1859/5549/5549 1857/5550/5550 1860/5551/5551
f 1860/5551/5551 1857/5550/5550 1858/5552/5552
f 1861/5553/5553 1859/5554/5554 1862/5555/5555
f 1862/5555/5555 1859/5554/5554 1860/5556/5556
f 1863/5557/5557 1861/5558/5558 1864/5559/5559
f 1864/5559/5559 1861/5558/5558 1862/5560/5560
f 1865/5561/5561 1863/5562/5562 1866/5563/5563
f 1866/5563/5563 1863/5562/5562 1864/5564/5564
f 1867/5565/5565 1865/5566/5566 1868/5567/5567
f 1868/5567/5567 1865/5566/5566 1866/5568/5568
f 1869/5569/5569 1867/5570/5570 1870/5571/5571
f 1870/5571/5571 1867/5570/5570 1868/5572/5572
f 1871/5573/5573 1869/5574/5574 1872/5575/5575
f 1872/5575/5575 1869/5574/5574 1870/5576/5576
f 1873/5577/5577 1871/5578/5578 1874/5579/5579
f 1874/5579/5579 1871/5578/5578 1872/5580/5580
f 1875/5581/5581 1873/5582/5582 1876/5583/5583
f 1876/5583/5583 1873/5582/5582 1874/5584/5584
f 1877/5585/5585 1875/5586/5586 1878/5587/5587
f 1878/5587/5587 1875/5586/5586 1876/5588/5588
f 1879/5589/5589 1877/5590/5590 1880/5591/5591
f 1880/5591/5591 1877/5590/5590 1878/5592/5592
f 1881/5593/5593 1879/5594/5594 1882/5595/5595
f 1882/5595/5595 1879/5594/5594 1880/5596/5596
f 1883/5597/5597 1881/5598/5598 1884/5599/5599
f 1884/5599/5599 1881/5598/5598 1882/5600/5600
f 1885/5601/5601 1883/5602/5602 1886/5603/5603
f 1886/5603/5603 1883/5602/5602 1884/5604/5604
f 1887/5605/5605 1885/5606/5606 1888/5607/5607
f 1888/5607/5607 1885/5606/5606 1886/5608/5608
f 1889/5609/5609 1887/5610/5610 1890/5611/5611
f 1890/5611/5611 1887/5610/5610 1888/5612/5612
f 1891/5613/5613 1889/5614/5614 1892/5615/5615
f 1892/5615/5615 1889/5614/5614 1890/5616/5616
f 1893/5617/5617 1891/5618/5618 1894/5619/5619
f 1894/5619/5619 1891/5618/5618 1892/5620/5620
f 1895/5621/5621 1893/5622/5622 1896/5623/5623
f 1896/5623/5623 1893/5622/5622 1894/5624/5624
f 1897/5625/5625 1895/5626/5626 1898/5627/5627
f 1898/5627/5627 1895/5626/5626 1896/5628/5628
f 1899/5629/5629 1897/5630/5630 1900/5631/5631
f 1900/5631/5631 1897/5630/5630 1898/5632/5632
f 1901/5633/5633 1899/5634/5634 1902/5635/5635
f 1902/5635/5635 1899/5634/5634 1900/5636/5636
f 1903/5637/5637 1901/5638/5638 1904/5639/5639
f 1904/5639/5639 1901/5638/5638 1902/5640/5640
f 1905/5641/5641 1903/5642/5642 1906/5643/5643
f 1906/5643/5643 1903/5642/5642 1904/5644/5644
f 1907/5645/5645 1905/5646/5646 1908/5647/5647
f 1908/5647/5647 1905/5646/5646 1906/5648/5648
f 1909/5649/5649 1907/5650/5650 1910/5651/5651
f 1910/5651/5651 1907/5650/5650 1908/5652/5652
f 1911/5653/5653 1909/5654/5654 1912/5655/5655
f 1912/5655/5655 1909/5654/5654 1910/5656/5656
f 1913/5657/5657 1911/5658/5658 1914/5659/5659
f 1914/5659/5659 1911/5658/5658 1912/5660/5660
f 1915/5661/5661 1913/5662/5662 1916/5663/5663
f 1916/5663/5663 1913/5662/5662 1914/5664/5664
f 1917/5665/5665 1915/5666/5666 1918/5667/5667
f 1918/5667/5667 1915/5666/5666 1916/5668/5668
f 1919/5669/5669 1917/5670/5670 1920/5671/5671
f 1920/5671/5671 1917/5670/5670 1918/5672/5672
f 1921/5673/5673 1919/5674/5674 1922/5675/5675
f 1922/5675/5675 1919/5674/5674 1920/5676/5676
f 1923/5677/5677 1921/5678/5678 1924/5679/5679
f 1924/5679/5679 1921/5678/5678 1922/5680/5680
f 1925/5681/5681 1923/5682/5682 1926/5683/5683
f 1926/5683/5683 1923/5682/5682 1924/5684/5684
f 1927/5685/5685 1925/5686/5686 1928/5687/5687
f 1928/5687/5687 1925/5686/5686 1926/5688/5688
f 1929/5689/5689 1927/5690/5690 1930/5691/5691
f 1930/5691/5691 1927/5690/5690 1928/5692/5692
f 1931/5693/5693 1929/5694/5694 1932/5695/5695
f 1932/5695/5695 1929/5694/5694 1930/5696/5696
f 1933/5697/5697 1931/5698/5698 1934/5699/5699
f 1934/5699/5699 1931/5698/5698 1932/5700/5700
f 1935/5701/5701 1933/5702/5702 1936/5703/5703
f 1936/5703/5703 1933/5702/5702 1934/5704/5704
f 1937/5705/5705 1935/5706/5706 1938/5707/5707
f 1938/5707/5707 1935/5706/5706 1936/5708/5708
f 1939/5709/5709 1937/5710/5710 1940/5711/5711
f 1940/5711/5711 1937/5710/5710 1938/5712/5712
f 1941/5713/5713 1939/5714/5714 1942/5715/5715
f 1942/5715/5715 1939/5714/5714 1940/5716/5716
f 1943/5717/5717 1941/5718/5718 1944/5719/5719
f 1944/5719/5719 1941/5718/5718 1942/5720/5720
f 1945/5721/5721 1943/5722/5722 1946/5723/5723
f 1946/5723/5723 1943/5722/5722 1944/5724/5724
f 1947/5725/5725 1945/5726/5726 1948/5727/5727
f 1948/5727/5727 1945/5726/5726 1946/5728/5728
f 1949/5729/5729 1947/5730/5730 1950/5731/5731
f 1950/5731/5731 1947/5730/5730 1948/5732/5732
f 1838/5733/5733 1949/5734/5734 1839/5735/5735
f 1839/5735/5735 1949/5734/5734 1950/5736/5736
f 1950/5737/5737 1850/5738/5738 1839/5739/5739
f 1839/5739/5739 1850/5738/5738 1848/5740/5740
f 1839/5739/5739 1848/5740/5740 1846/5741/5741
f 1948/5742/5742 1856/5743/5743 1950/5737/5737
f 1950/5737/5737 1856/5743/5743 1854/5744/5744
f 1950/5737/5737 1854/5744/5744 1852/5745/5745
f 1946/5746/5746 1864/5747/5747 1948/5742/5742
f 1948/5742/5742 1864/5747/5747 1862/5748/5748
f 1948/5742/5742 1862/5748/5748 1860/5749/5749
f 1944/5750/5750 1898/5751/5751 1946/5746/5746
f 1946/5746/5746 1898/5751/5751 1872/5752/5752
f 1946/5746/5746 1872/5752/5752 1870/5753/5753
f 1942/5754/5754 1902/5755/5755 1944/5750/5750
f 1944/5750/5750 1902/5755/5755 1900/5756/5756
f 1944/5750/5750 1900/5756/5756 1898/5751/5751
f 1940/5757/5757 1908/5758/5758 1942/5754/5754
f 1942/5754/5754 1908/5758/5758 1906/5759/5759
f 1942/5754/5754 1906/5759/5759 1904/5760/5760
f 1938/5761/5761 1912/5762/5762 1940/5757/5757
f 1940/5757/5757 1912/5762/5762 1910/5763/5763
f 1940/5757/5757 1910/5763/5763 1908/5758/5758
f 1936/5764/5764 1916/5765/5765 1938/5761/5761
f 1938/5761/5761 1916/5765/5765 1914/5766/5766
f 1938/5761/5761 1914/5766/5766 1912/5762/5762
f 1934/5767/5767 1928/5768/5768 1936/5764/5764
f 1936/5764/5764 1928/5768/5768 1926/5769/5769
f 1936/5764/5764 1926/5769/5769 1924/5770/5770
f 1934/5767/5767 1932/5771/5771 1928/5768/5768
f 1928/5768/5768 1932/5771/5771 1930/5772/5772
f 1924/5770/5770 1922/5773/5773 1936/5764/5764
f 1936/5764/5764 1922/5773/5773 1920/5774/5774
f 1936/5764/5764 1920/5774/5774 1918/5775/5775
f 1918/5775/5775 1916/5765/5765 1936/5764/5764
f 1904/5760/5760 1902/5755/5755 1942/5754/5754
f 1872/5752/5752 1898/5751/5751 1874/5776/5776
f 1874/5776/5776 1898/5751/5751 1896/5777/5777
f 1874/5776/5776 1896/5777/5777 1876/5778/5778
f 1876/5778/5778 1896/5777/5777 1880/5779/5779
f 1876/5778/5778 1880/5779/5779 1878/5780/5780
f 1880/5779/5779 1896/5777/5777 1882/5781/5781
f 1882/5781/5781 1896/5777/5777 1894/5782/5782
f 1882/5781/5781 1894/5782/5782 1884/5783/5783
f 1884/5783/5783 1894/5782/5782 1886/5784/5784
f 1886/5784/5784 1894/5782/5782 1892/5785/5785
f 1886/5784/5784 1892/5785/5785 1888/5786/5786
f 1888/5786/5786 1892/5785/5785 1890/5787/5787
f 1870/5753/5753 1868/5788/5788 1946/5746/5746
f 1946/5746/5746 1868/5788/5788 1866/5789/5789
f 1946/5746/5746 1866/5789/5789 1864/5747/5747
f 1860/5749/5749 1858/5790/5790 1948/5742/5742
f 1948/5742/5742 1858/5790/5790 1856/5743/5743
f 1852/5745/5745 1850/5738/5738 1950/5737/5737
f 1846/5741/5741 1844/5791/5791 1839/5739/5739
f 1839/5739/5739 1844/5791/5791 1842/5792/5792
f 1839/5739/5739 1842/5792/5792 1840/5793/5793
f 1838/5794/5794 1849/5795/5795 1949/5796/5796
f 1949/5796/5796 1849/5795/5795 1851/5797/5797
f 1949/5796/5796 1851/5797/5797 1853/5798/5798
f 1837/5799/5799 1841/5800/5800 1838/5794/5794
f 1838/5794/5794 1841/5800/5800 1843/5801/5801
f 1838/5794/5794 1843/5801/5801 1845/5802/5802
f 1845/5802/5802 1847/5803/5803 1838/5794/5794
f 1838/5794/5794 1847/5803/5803 1849/5795/5795
f 1853/5798/5798 1855/5804/5804 1949/5796/5796
f 1949/5796/5796 1855/5804/5804 1947/5805/5805
f 1947/5805/5805 1855/5804/5804 1857/5806/5806
f 1947/5805/5805 1857/5806/5806 1859/5807/5807
f 1859/5807/5807 1861/5808/5808 1947/5805/5805
f 1947/5805/5805 1861/5808/5808 1863/5809/5809
f 1947/5805/5805 1863/5809/5809 1945/5810/5810
f 1945/5810/5810 1863/5809/5809 1865/5811/5811
f 1945/5810/5810 1865/5811/5811 1867/5812/5812
f 1867/5812/5812 1869/5813/5813 1945/5810/5810
f 1945/5810/5810 1869/5813/5813 1871/5814/5814
f 1945/5810/5810 1871/5814/5814 1897/5815/5815
f 1897/5815/5815 1871/5814/5814 1873/5816/5816
f 1897/5815/5815 1873/5816/5816 1895/5817/5817
f 1895/5817/5817 1873/5816/5816 1875/5818/5818
f 1895/5817/5817 1875/5818/5818 1879/5819/5819
f 1879/5819/5819 1875/5818/5818 1877/5820/5820
f 1879/5819/5819 1881/5821/5821 1895/5817/5817
f 1895/5817/5817 1881/5821/5821 1893/5822/5822
f 1893/5822/5822 1881/5821/5821 1883/5823/5823
f 1893/5822/5822 1883/5823/5823 1885/5824/5824
f 1893/5822/5822 1885/5824/5824 1891/5825/5825
f 1891/5825/5825 1885/5824/5824 1887/5826/5826
f 1891/5825/5825 1887/5826/5826 1889/5827/5827
f 1945/5810/5810 1897/5815/5815 1943/5828/5828
f 1943/5828/5828 1897/5815/5815 1899/5829/5829
f 1943/5828/5828 1899/5829/5829 1901/5830/5830
f 1943/5828/5828 1901/5830/5830 1941/5831/5831
f 1941/5831/5831 1901/5830/5830 1903/5832/5832
f 1941/5831/5831 1903/5832/5832 1905/5833/5833
f 1905/5833/5833 1907/5834/5834 1941/5831/5831
f 1941/5831/5831 1907/5834/5834 1939/5835/5835
f 1939/5835/5835 1907/5834/5834 1909/5836/5836
f 1939/5835/5835 1909/5836/5836 1911/5837/5837
f 1939/5835/5835 1911/5837/5837 1937/5838/5838
f 1937/5838/5838 1911/5837/5837 1913/5839/5839
f 1937/5838/5838 1913/5839/5839 1915/5840/5840
f 1937/5838/5838 1915/5840/5840 1935/5841/5841
f 1935/5841/5841 1915/5840/5840 1917/5842/5842
f 1935/5841/5841 1917/5842/5842 1919/5843/5843
f 1919/5843/5843 1921/5844/5844 1935/5841/5841
f 1935/5841/5841 1921/5844/5844 1923/5845/5845
f 1935/5841/5841 1923/5845/5845 1925/5846/5846
f 1925/5846/5846 1927/5847/5847 1935/5841/5841
f 1935/5841/5841 1927/5847/5847 1933/5848/5848
f 1933/5848/5848 1927/5847/5847 1931/5849/5849
f 1931/5849/5849 1927/5847/5847 1929/5850/5850
g blanco (1)

v 28.491510 -946.101170 0.000000
v 28.535850 -946.068670 0.000000
v 28.535850 -946.068670 0.060000
v 28.491510 -946.101170 0.060000
v 28.453750 -946.141630 0.000000
v 28.453750 -946.141630 0.060000
v 28.423900 -946.189260 0.000000
v 28.423900 -946.189260 0.060000
v 28.403270 -946.243280 0.000000
v 28.403270 -946.243280 0.060000
v 28.393200 -946.302880 0.000000
v 28.393200 -946.302880 0.060000
v 28.395020 -946.367260 0.000000
v 28.395020 -946.367260 0.060000
v 28.406820 -946.421980 0.000000
v 28.406820 -946.421980 0.060000
v 28.428080 -946.474080 0.000000
v 28.428080 -946.474080 0.060000
v 28.458080 -946.521760 0.000000
v 28.458080 -946.521760 0.060000
v 28.496090 -946.563190 0.000000
v 28.496090 -946.563190 0.060000
v 28.541390 -946.596560 0.000000
v 28.541390 -946.596560 0.060000
v 28.593270 -946.620070 0.000000
v 28.593270 -946.620070 0.060000
v 28.651000 -946.631880 0.000000
v 28.651000 -946.631880 0.060000
v 28.713860 -946.630190 0.000000
v 28.713860 -946.630190 0.060000
v 28.766700 -946.617060 0.000000
v 28.766700 -946.617060 0.060000
v 28.815570 -946.593470 0.000000
v 28.815570 -946.593470 0.060000
v 28.859170 -946.560460 0.000000
v 28.859170 -946.560460 0.060000
v 28.896200 -946.519110 0.000000
v 28.896200 -946.519110 0.060000
v 28.925390 -946.470460 0.000000
v 28.925390 -946.470460 0.060000
v 28.945420 -946.415590 0.000000
v 28.945420 -946.415590 0.060000
v 28.955010 -946.355550 0.000000
v 28.955010 -946.355550 0.060000
v 28.952870 -946.291390 0.000000
v 28.952870 -946.291390 0.060000
v 28.940980 -946.238420 0.000000
v 28.940980 -946.238420 0.060000
v 28.919510 -946.187070 0.000000
v 28.919510 -946.187070 0.060000
v 28.889340 -946.139460 0.000000
v 28.889340 -946.139460 0.060000
v 28.851360 -946.097680 0.000000
v 28.851360 -946.097680 0.060000
v 28.806440 -946.063830 0.000000
v 28.806440 -946.063830 0.060000
v 28.755470 -946.039990 0.000000
v 28.755470 -946.039990 0.060000
v 28.699340 -946.028280 0.000000
v 28.699340 -946.028280 0.060000
v 28.638930 -946.030790 0.000000
v 28.638930 -946.030790 0.060000
v 28.585430 -946.044950 0.000000
v 28.585430 -946.044950 0.060000
v 28.939900 -945.898340 0.000000
v 28.932000 -945.884410 0.000000
v 28.932000 -945.884410 0.060000
v 28.939900 -945.898340 0.060000
v 29.003890 -946.029630 0.000000
v 29.003890 -946.029630 0.060000
v 29.033380 -946.166400 0.000000
v 29.033380 -946.166400 0.060000
v 29.039130 -946.304760 0.000000
v 29.039130 -946.304760 0.060000
v 29.031930 -946.440860 0.000000
v 29.031930 -946.440860 0.060000
v 29.022550 -946.570840 0.000000
v 29.022550 -946.570840 0.060000
v 29.021750 -946.690830 0.000000
v 29.021750 -946.690830 0.060000
v 29.040330 -946.796960 0.000000
v 29.040330 -946.796960 0.060000
v 29.089050 -946.885370 0.000000
v 29.089050 -946.885370 0.060000
v 29.115180 -946.911370 0.000000
v 29.115180 -946.911370 0.060000
v 29.144880 -946.933100 0.000000
v 29.144880 -946.933100 0.060000
v 29.178000 -946.950780 0.000000
v 29.178000 -946.950780 0.060000
v 29.214380 -946.964660 0.000000
v 29.214380 -946.964660 0.060000
v 29.253870 -946.974990 0.000000
v 29.253870 -946.974990 0.060000
v 29.296310 -946.981990 0.000000
v 29.296310 -946.981990 0.060000
v 29.341560 -946.985920 0.000000
v 29.341560 -946.985920 0.060000
v 29.389460 -946.987010 0.000000
v 29.389460 -946.987010 0.060000
v 29.389010 -947.079550 0.000000
v 29.389010 -947.079550 0.060000
v 29.399450 -947.159210 0.000000
v 29.399450 -947.159210 0.060000
v 29.418320 -947.230300 0.000000
v 29.418320 -947.230300 0.060000
v 29.443150 -947.297130 0.000000
v 29.443150 -947.297130 0.060000
v 29.471500 -947.364000 0.000000
v 29.471500 -947.364000 0.060000
v 29.500910 -947.435220 0.000000
v 29.500910 -947.435220 0.060000
v 29.528910 -947.515090 0.000000
v 29.528910 -947.515090 0.060000
v 29.553060 -947.607930 0.000000
v 29.553060 -947.607930 0.060000
v 29.560340 -947.649590 0.000000
v 29.560340 -947.649590 0.060000
v 29.565060 -947.693610 0.000000
v 29.565060 -947.693610 0.060000
v 29.567190 -947.739110 0.000000
v 29.567190 -947.739110 0.060000
v 29.566670 -947.785220 0.000000
v 29.566670 -947.785220 0.060000
v 29.563460 -947.831070 0.000000
v 29.563460 -947.831070 0.060000
v 29.557500 -947.875780 0.000000
v 29.557500 -947.875780 0.060000
v 29.548750 -947.918480 0.000000
v 29.548750 -947.918480 0.060000
v 29.537160 -947.958290 0.000000
v 29.537160 -947.958290 0.060000
v 29.516180 -948.012560 0.000000
v 29.516180 -948.012560 0.060000
v 29.491920 -948.060950 0.000000
v 29.491920 -948.060950 0.060000
v 29.478130 -948.083560 0.000000
v 29.478130 -948.083560 0.060000
v 29.463000 -948.105440 0.000000
v 29.463000 -948.105440 0.060000
v 29.446360 -948.126840 0.000000
v 29.446360 -948.126840 0.060000
v 29.428040 -948.148020 0.000000
v 29.428040 -948.148020 0.060000
v 29.395320 -948.180420 0.000000
v 29.395320 -948.180420 0.060000
v 29.358760 -948.209750 0.000000
v 29.358760 -948.209750 0.060000
v 29.318720 -948.235460 0.000000
v 29.318720 -948.235460 0.060000
v 29.275550 -948.257010 0.000000
v 29.275550 -948.257010 0.060000
v 29.229620 -948.273830 0.000000
v 29.229620 -948.273830 0.060000
v 29.181270 -948.285390 0.000000
v 29.181270 -948.285390 0.060000
v 29.130880 -948.291120 0.000000
v 29.130880 -948.291120 0.060000
v 29.078800 -948.290480 0.000000
v 29.078800 -948.290480 0.060000
v 29.038450 -948.285820 0.000000
v 29.038450 -948.285820 0.060000
v 29.000310 -948.278060 0.000000
v 29.000310 -948.278060 0.060000
v 28.964400 -948.267030 0.000000
v 28.964400 -948.267030 0.060000
v 28.930690 -948.252550 0.000000
v 28.930690 -948.252550 0.060000
v 28.899200 -948.234480 0.000000
v 28.899200 -948.234480 0.060000
v 28.869920 -948.212630 0.000000
v 28.869920 -948.212630 0.060000
v 28.842850 -948.186860 0.000000
v 28.842850 -948.186860 0.060000
v 28.817990 -948.156980 0.000000
v 28.817990 -948.156980 0.060000
v 28.795360 -948.119620 0.000000
v 28.795360 -948.119620 0.060000
v 28.780800 -948.080750 0.000000
v 28.780800 -948.080750 0.060000
v 28.772820 -948.040460 0.000000
v 28.772820 -948.040460 0.060000
v 28.769930 -947.998880 0.000000
v 28.769930 -947.998880 0.060000
v 28.773420 -947.912240 0.000000
v 28.773420 -947.912240 0.060000
v 28.779300 -947.821700 0.000000
v 28.779300 -947.821700 0.060000
v 28.779360 -947.763550 0.000000
v 28.779360 -947.763550 0.060000
v 28.775480 -947.706420 0.000000
v 28.775480 -947.706420 0.060000
v 28.767470 -947.650520 0.000000
v 28.767470 -947.650520 0.060000
v 28.755140 -947.596070 0.000000
v 28.755140 -947.596070 0.060000
v 28.738290 -947.543300 0.000000
v 28.738290 -947.543300 0.060000
v 28.716730 -947.492430 0.000000
v 28.716730 -947.492430 0.060000
v 28.690280 -947.443680 0.000000
v 28.690280 -947.443680 0.060000
v 28.658740 -947.397270 0.000000
v 28.658740 -947.397270 0.060000
v 28.628350 -947.358120 0.000000
v 28.628350 -947.358120 0.060000
v 28.605800 -947.331510 0.000000
v 28.605800 -947.331510 0.060000
v 28.581490 -947.304910 0.000000
v 28.581490 -947.304910 0.060000
v 28.545810 -947.265800 0.000000
v 28.545810 -947.265800 0.060000
v 28.501030 -947.220620 0.000000
v 28.501030 -947.220620 0.060000
v 28.446280 -947.169350 0.000000
v 28.446280 -947.169350 0.060000
v 28.388500 -947.113410 0.000000
v 28.388500 -947.113410 0.060000
v 28.334620 -947.054230 0.000000
v 28.334620 -947.054230 0.060000
v 28.301120 -947.014120 0.000000
v 28.301120 -947.014120 0.060000
v 28.279590 -946.985280 0.000000
v 28.279590 -946.985280 0.060000
v 28.260850 -946.957470 0.000000
v 28.260850 -946.957470 0.060000
v 28.199000 -946.839260 0.000000
v 28.199000 -946.839260 0.060000
v 28.158820 -946.715030 0.000000
v 28.158820 -946.715030 0.060000
v 28.139450 -946.587260 0.000000
v 28.139450 -946.587260 0.060000
v 28.140040 -946.458430 0.000000
v 28.140040 -946.458430 0.060000
v 28.159710 -946.331020 0.000000
v 28.159710 -946.331020 0.060000
v 28.197620 -946.207510 0.000000
v 28.197620 -946.207510 0.060000
v 28.252890 -946.090370 0.000000
v 28.252890 -946.090370 0.060000
v 28.324670 -945.982090 0.000000
v 28.324670 -945.982090 0.060000
v 28.425230 -945.885040 0.000000
v 28.425230 -945.885040 0.060000
v 28.475090 -945.853220 0.000000
v 28.475090 -945.853220 0.060000
v 28.528890 -945.827350 0.000000
v 28.528890 -945.827350 0.060000
v 28.585550 -945.808270 0.000000
v 28.585550 -945.808270 0.060000
v 28.644010 -945.796790 0.000000
v 28.644010 -945.796790 0.060000
v 28.703210 -945.793760 0.000000
v 28.703210 -945.793760 0.060000
v 28.762070 -945.799990 0.000000
v 28.762070 -945.799990 0.060000
v 28.819520 -945.816330 0.000000
v 28.819520 -945.816330 0.060000
v 28.874510 -945.843590 0.000000
v 28.874510 -945.843590 0.060000
vt 0.000000 0.000000 0.000000
vt 0.054975 0.000000 0.000000
vt 0.000000 0.060000 0.000000
vt 0.054975 0.060000 0.000000
vt 0.000000 0.000000 0.000000
vt 0.055343 0.000000 0.000000
vt 0.000000 0.060000 0.000000
vt 0.055343 0.060000 0.000000
vt 0.000000 0.000000 0.000000
vt 0.056211 0.000000 0.000000
vt 0.000000 0.060000 0.000000
vt 0.056211 0.060000 0.000000
vt 0.000000 0.000000 0.000000
vt 0.057825 0.000000 0.000000
vt 0.000000 0.060000 0.000000
vt 0.057825 0.060000 0.000000
vt 0.000000 0.000000 0.000000
vt 0.060445 0.000000 0.000000
vt 0.000000 0.060000 0.000000
vt 0.060445 0.060000 0.000000
vt 0.000000 0.000000 0.000000
vt 0.064406 0.000000 0.000000
vt 0.000000 0.060000 0.000000
vt 0.064406 0.060000 0.000000
vt 0.000000 0.000000 0.000000
vt 0.055978 0.000000 0.000000
vt 0.000000 0.060000 0.000000
vt 0.055978 0.060000 0.000000
vt 0.000000 0.000000 0.000000
vt 0.056271 0.000000 0.000000
vt 0.000000 0.060000 0.000000
vt 0.056271 0.060000 0.000000
vt 0.000000 0.000000 0.000000
vt 0.056333 0.000000 0.000000
vt 0.000000 0.060000 0.000000
vt 0.056333 0.060000 0.000000
vt 0.000000 0.000000 0.000000
vt 0.056225 0.000000 0.000000
vt 0.000000 0.060000 0.000000
vt 0.056225 0.060000 0.000000
vt 0.000000 0.000000 0.000000
vt 0.056264 0.000000 0.000000
vt 0.000000 0.060000 0.000000
vt 0.056264 0.060000 0.000000
vt 0.000000 0.000000 0.000000
vt 0.056958 0.000000 0.000000
vt 0.000000 0.060000 0.000000
vt 0.056958 0.060000 0.000000
vt 0.000000 0.000000 0.000000
vt 0.058926 0.000000 0.000000
vt 0.000000 0.060000 0.000000
vt 0.058926 0.060000 0.000000
vt -0.000000 0.000000 0.000000
vt 0.062883 0.000000 0.000000
vt -0.000000 0.060000 0.000000
vt 0.062883 0.060000 0.000000
vt -0.000000 0.000000 0.000000
vt 0.054447 0.000000 0.000000
vt -0.000000 0.060000 0.000000
vt 0.054447 0.060000 0.000000
vt -0.000000 0.000000 0.000000
vt 0.054266 0.000000 0.000000
vt -0.000000 0.060000 0.000000
vt 0.054266 0.060000 0.000000
vt -0.000000 0.000000 0.000000
vt 0.054687 0.000000 0.000000
vt -0.000000 0.060000 0.000000
vt 0.054687 0.060000 0.000000
vt -0.000000 0.000000 0.000000
vt 0.055507 0.000000 0.000000
vt -0.000000 0.060000 0.000000
vt 0.055507 0.060000 0.000000
vt -0.000000 0.000000 0.000000
vt 0.056735 0.000000 0.000000
vt -0.000000 0.060000 0.000000
vt 0.056735 0.060000 0.000000
vt -0.000000 0.000000 0.000000
vt 0.058412 0.000000 0.000000
vt -0.000000 0.060000 0.000000
vt 0.058412 0.060000 0.000000
vt -0.000000 0.000000 0.000000
vt 0.060801 0.000000 0.000000
vt -0.000000 0.060000 0.000000
vt 0.060801 0.060000 0.000000
vt 0.000000 0.000000 0.000000
vt 0.064196 0.000000 0.000000
vt 0.000000 0.060000 0.000000
vt 0.064196 0.060000 0.000000
vt 0.000000 0.000000 0.000000
vt 0.054288 0.000000 0.000000
vt 0.000000 0.060000 0.000000
vt 0.054288 0.060000 0.000000
vt 0.000000 0.000000 0.000000
vt 0.055658 0.000000 0.000000
vt 0.000000 0.060000 0.000000
vt 0.055658 0.060000 0.000000
vt 0.000000 0.000000 0.000000
vt 0.056364 0.000000 0.000000
vt 0.000000 0.060000 0.000000
vt 0.056364 0.060000 0.000000
vt 0.000000 0.000000 0.000000
vt 0.056463 0.000000 0.000000
vt 0.000000 0.060000 0.000000
vt 0.056463 0.060000 0.000000
vt 0.000000 0.000000 0.000000
vt 0.056246 0.000000 0.000000
vt 0.000000 0.060000 0.000000
vt 0.056246 0.060000 0.000000
vt 0.000000 0.000000 0.000000
vt 0.056270 0.000000 0.000000
vt 0.000000 0.060000 0.000000
vt 0.056270 0.060000 0.000000
vt 0.000000 0.000000 0.000000
vt 0.057338 0.000000 0.000000
vt 0.000000 0.060000 0.000000
vt 0.057338 0.060000 0.000000
vt 0.000000 0.000000 0.000000
vt 0.060462 0.000000 0.000000
vt 0.000000 0.060000 0.000000
vt 0.060462 0.060000 0.000000
vt 0.000000 0.000000 0.000000
vt 0.055342 0.000000 0.000000
vt 0.000000 0.060000 0.000000
vt 0.055342 0.060000 0.000000
vt 0.000000 0.000000 0.000000
vt 0.054962 0.000000 0.000000
vt 0.000000 0.060000 0.000000
vt 0.054962 0.060000 0.000000
vt 0.000000 0.000000 0.000000
vt 0.016014 0.000000 0.000000
vt 0.000000 0.060000 0.000000
vt 0.016014 0.060000 0.000000
vt 0.000000 0.000000 0.000000
vt 0.146054 0.000000 0.000000
vt 0.000000 0.060000 0.000000
vt 0.146054 0.060000 0.000000
vt 0.000000 0.000000 0.000000
vt 0.139913 0.000000 0.000000
vt 0.000000 0.060000 0.000000
vt 0.139913 0.060000 0.000000
vt 0.000000 0.000000 0.000000
vt 0.138479 0.000000 0.000000
vt 0.000000 0.060000 0.000000
vt 0.138479 0.060000 0.000000
vt 0.000000 0.000000 0.000000
vt 0.136290 0.000000 0.000000
vt 0.000000 0.060000 0.000000
vt 0.136290 0.060000 0.000000
vt 0.000000 0.000000 0.000000
vt 0.130318 0.000000 0.000000
vt 0.000000 0.060000 0.000000
vt 0.130318 0.060000 0.000000
vt 0.000000 0.000000 0.000000
vt 0.119993 0.000000 0.000000
vt 0.000000 0.060000 0.000000
vt 0.119993 0.060000 0.000000
vt 0.000000 0.000000 0.000000
vt 0.107744 0.000000 0.000000
vt 0.000000 0.060000 0.000000
vt 0.107744 0.060000 0.000000
vt 0.000000 0.000000 0.000000
vt 0.100945 0.000000 0.000000
vt 0.000000 0.060000 0.000000
vt 0.100945 0.060000 0.000000
vt 0.000000 0.000000 0.000000
vt 0.036862 0.000000 0.000000
vt 0.000000 0.060000 0.000000
vt 0.036862 0.060000 0.000000
vt 0.000000 0.000000 0.000000
vt 0.036801 0.000000 0.000000
vt 0.000000 0.060000 0.000000
vt 0.036801 0.060000 0.000000
vt 0.000000 0.000000 0.000000
vt 0.037544 0.000000 0.000000
vt 0.000000 0.060000 0.000000
vt 0.037544 0.060000 0.000000
vt 0.000000 0.000000 0.000000
vt 0.038938 0.000000 0.000000
vt 0.000000 0.060000 0.000000
vt 0.038938 0.060000 0.000000
vt 0.000000 0.000000 0.000000
vt 0.040819 0.000000 0.000000
vt 0.000000 0.060000 0.000000
vt 0.040819 0.060000 0.000000
vt 0.000000 0.000000 0.000000
vt 0.043013 0.000000 0.000000
vt 0.000000 0.060000 0.000000
vt 0.043013 0.060000 0.000000
vt 0.000000 0.000000 0.000000
vt 0.045420 0.000000 0.000000
vt 0.000000 0.060000 0.000000
vt 0.045420 0.060000 0.000000
vt 0.000000 0.000000 0.000000
vt 0.047912 0.000000 0.000000
vt 0.000000 0.060000 0.000000
vt 0.047912 0.060000 0.000000
vt 0.000000 0.000000 0.000000
vt 0.092541 0.000000 0.000000
vt 0.000000 0.060000 0.000000
vt 0.092541 0.060000 0.000000
vt 0.000000 0.000000 0.000000
vt 0.080341 0.000000 0.000000
vt 0.000000 0.060000 0.000000
vt 0.080341 0.060000 0.000000
vt 0.000000 0.000000 0.000000
vt 0.073552 0.000000 0.000000
vt 0.000000 0.060000 0.000000
vt 0.073552 0.060000 0.000000
vt 0.000000 0.000000 0.000000
vt 0.071294 0.000000 0.000000
vt 0.000000 0.060000 0.000000
vt 0.071294 0.060000 0.000000
vt 0.000000 0.000000 0.000000
vt 0.072631 0.000000 0.000000
vt 0.000000 0.060000 0.000000
vt 0.072631 0.060000 0.000000
vt 0.000000 0.000000 0.000000
vt 0.077053 0.000000 0.000000
vt 0.000000 0.060000 0.000000
vt 0.077053 0.060000 0.000000
vt 0.000000 0.000000 0.000000
vt 0.084636 0.000000 0.000000
vt 0.000000 0.060000 0.000000
vt 0.084636 0.060000 0.000000
vt 0.000000 0.000000 0.000000
vt 0.095930 0.000000 0.000000
vt 0.000000 0.060000 0.000000
vt 0.095930 0.060000 0.000000
vt 0.000000 0.000000 0.000000
vt 0.042291 0.000000 0.000000
vt 0.000000 0.060000 0.000000
vt 0.042291 0.060000 0.000000
vt 0.000000 0.000000 0.000000
vt 0.044272 0.000000 0.000000
vt 0.000000 0.060000 0.000000
vt 0.044272 0.060000 0.000000
vt 0.000000 0.000000 0.000000
vt 0.045550 0.000000 0.000000
vt 0.000000 0.060000 0.000000
vt 0.045550 0.060000 0.000000
vt 0.000000 0.000000 0.000000
vt 0.046113 0.000000 0.000000
vt 0.000000 0.060000 0.000000
vt 0.046113 0.060000 0.000000
vt 0.000000 0.000000 0.000000
vt 0.045962 0.000000 0.000000
vt 0.000000 0.060000 0.000000
vt 0.045962 0.060000 0.000000
vt 0.000000 0.000000 0.000000
vt 0.045105 0.000000 0.000000
vt 0.000000 0.060000 0.000000
vt 0.045105 0.060000 0.000000
vt 0.000000 0.000000 0.000000
vt 0.043587 0.000000 0.000000
vt 0.000000 0.060000 0.000000
vt 0.043587 0.060000 0.000000
vt 0.000000 0.000000 0.000000
vt 0.041463 0.000000 0.000000
vt 0.000000 0.060000 0.000000
vt 0.041463 0.060000 0.000000
vt 0.000000 0.000000 0.000000
vt 0.058184 0.000000 0.000000
vt 0.000000 0.060000 0.000000
vt 0.058184 0.060000 0.000000
vt 0.000000 0.000000 0.000000
vt 0.054131 0.000000 0.000000
vt 0.000000 0.060000 0.000000
vt 0.054131 0.060000 0.000000
vt 0.000000 0.000000 0.000000
vt 0.026484 0.000000 0.000000
vt 0.000000 0.060000 0.000000
vt 0.026484 0.060000 0.000000
vt 0.000000 0.000000 0.000000
vt 0.026602 0.000000 0.000000
vt 0.000000 0.060000 0.000000
vt 0.026602 0.060000 0.000000
vt 0.000000 0.000000 0.000000
vt 0.027108 0.000000 0.000000
vt 0.000000 0.060000 0.000000
vt 0.027108 0.060000 0.000000
vt 0.000000 0.000000 0.000000
vt 0.028004 0.000000 0.000000
vt 0.000000 0.060000 0.000000
vt 0.028004 0.060000 0.000000
vt 0.000000 0.000000 0.000000
vt 0.046047 0.000000 0.000000
vt 0.000000 0.060000 0.000000
vt 0.046047 0.060000 0.000000
vt 0.000000 0.000000 0.000000
vt 0.046871 0.000000 0.000000
vt 0.000000 0.060000 0.000000
vt 0.046871 0.060000 0.000000
vt 0.000000 0.000000 0.000000
vt 0.047584 0.000000 0.000000
vt 0.000000 0.060000 0.000000
vt 0.047584 0.060000 0.000000
vt 0.000000 0.000000 0.000000
vt 0.048250 0.000000 0.000000
vt 0.000000 0.060000 0.000000
vt 0.048250 0.060000 0.000000
vt 0.000000 0.000000 0.000000
vt 0.048913 0.000000 0.000000
vt 0.000000 0.060000 0.000000
vt 0.048913 0.060000 0.000000
vt 0.000000 0.000000 0.000000
vt 0.049713 0.000000 0.000000
vt 0.000000 0.060000 0.000000
vt 0.049713 0.060000 0.000000
vt 0.000000 0.000000 0.000000
vt 0.050715 0.000000 0.000000
vt 0.000000 0.060000 0.000000
vt 0.050715 0.060000 0.000000
vt 0.000000 0.000000 0.000000
vt 0.052084 0.000000 0.000000
vt 0.000000 0.060000 0.000000
vt 0.052084 0.060000 0.000000
vt 0.000000 0.000000 0.000000
vt 0.040618 0.000000 0.000000
vt 0.000000 0.060000 0.000000
vt 0.040618 0.060000 0.000000
vt 0.000000 0.000000 0.000000
vt 0.038921 0.000000 0.000000
vt 0.000000 0.060000 0.000000
vt 0.038921 0.060000 0.000000
vt 0.000000 0.000000 0.000000
vt 0.037566 0.000000 0.000000
vt 0.000000 0.060000 0.000000
vt 0.037566 0.060000 0.000000
vt 0.000000 0.000000 0.000000
vt 0.036688 0.000000 0.000000
vt 0.000000 0.060000 0.000000
vt 0.036688 0.060000 0.000000
vt 0.000000 0.000000 0.000000
vt 0.036306 0.000000 0.000000
vt 0.000000 0.060000 0.000000
vt 0.036306 0.060000 0.000000
vt 0.000000 0.000000 0.000000
vt 0.036534 0.000000 0.000000
vt 0.000000 0.060000 0.000000
vt 0.036534 0.060000 0.000000
vt 0.000000 0.000000 0.000000
vt 0.037375 0.000000 0.000000
vt 0.000000 0.060000 0.000000
vt 0.037375 0.060000 0.000000
vt 0.000000 0.000000 0.000000
vt 0.038869 0.000000 0.000000
vt 0.000000 0.060000 0.000000
vt 0.038869 0.060000 0.000000
vt 0.000000 0.000000 0.000000
vt 0.043679 0.000000 0.000000
vt 0.000000 0.060000 0.000000
vt 0.043679 0.060000 0.000000
vt 0.000000 0.000000 0.000000
vt 0.041507 0.000000 0.000000
vt 0.000000 0.060000 0.000000
vt 0.041507 0.060000 0.000000
vt 0.000000 0.000000 0.000000
vt 0.041073 0.000000 0.000000
vt 0.000000 0.060000 0.000000
vt 0.041073 0.060000 0.000000
vt 0.000000 0.000000 0.000000
vt 0.041680 0.000000 0.000000
vt 0.000000 0.060000 0.000000
vt 0.041680 0.060000 0.000000
vt 0.000000 0.000000 0.000000
vt 0.086710 0.000000 0.000000
vt 0.000000 0.060000 0.000000
vt 0.086710 0.060000 0.000000
vt 0.000000 0.000000 0.000000
vt 0.090731 0.000000 0.000000
vt 0.000000 0.060000 0.000000
vt 0.090731 0.060000 0.000000
vt 0.000000 0.000000 0.000000
vt 0.058150 0.000000 0.000000
vt 0.000000 0.060000 0.000000
vt 0.058150 0.060000 0.000000
vt 0.000000 0.000000 0.000000
vt 0.057262 0.000000 0.000000
vt 0.000000 0.060000 0.000000
vt 0.057262 0.060000 0.000000
vt 0.000000 0.000000 0.000000
vt 0.056471 0.000000 0.000000
vt 0.000000 0.060000 0.000000
vt 0.056471 0.060000 0.000000
vt 0.000000 0.000000 0.000000
vt 0.055829 0.000000 0.000000
vt 0.000000 0.060000 0.000000
vt 0.055829 0.060000 0.000000
vt 0.000000 0.000000 0.000000
vt 0.055395 0.000000 0.000000
vt 0.000000 0.060000 0.000000
vt 0.055395 0.060000 0.000000
vt 0.000000 0.000000 0.000000
vt 0.055250 0.000000 0.000000
vt 0.000000 0.060000 0.000000
vt 0.055250 0.060000 0.000000
vt 0.000000 0.000000 0.000000
vt 0.055463 0.000000 0.000000
vt 0.000000 0.060000 0.000000
vt 0.055463 0.060000 0.000000
vt 0.000000 0.000000 0.000000
vt 0.056113 0.000000 0.000000
vt 0.000000 0.060000 0.000000
vt 0.056113 0.060000 0.000000
vt 0.000000 0.000000 0.000000
vt 0.049561 0.000000 0.000000
vt 0.000000 0.060000 0.000000
vt 0.049561 0.060000 0.000000
vt 0.000000 0.000000 0.000000
vt 0.034880 0.000000 0.000000
vt 0.000000 0.060000 0.000000
vt 0.034880 0.060000 0.000000
vt 0.000000 0.000000 0.000000
vt 0.036035 0.000000 0.000000
vt 0.000000 0.060000 0.000000
vt 0.036035 0.060000 0.000000
vt 0.000000 0.000000 0.000000
vt 0.052940 0.000000 0.000000
vt 0.000000 0.060000 0.000000
vt 0.052940 0.060000 0.000000
vt 0.000000 0.000000 0.000000
vt 0.063612 0.000000 0.000000
vt 0.000000 0.060000 0.000000
vt 0.063612 0.060000 0.000000
vt 0.000000 0.000000 0.000000
vt 0.075008 0.000000 0.000000
vt 0.000000 0.060000 0.000000
vt 0.075008 0.060000 0.000000
vt 0.000000 0.000000 0.000000
vt 0.080423 0.000000 0.000000
vt 0.000000 0.060000 0.000000
vt 0.080423 0.060000 0.000000
vt 0.000000 0.000000 0.000000
vt 0.080033 0.000000 0.000000
vt 0.000000 0.060000 0.000000
vt 0.080033 0.060000 0.000000
vt 0.000000 0.000000 0.000000
vt 0.052260 0.000000 0.000000
vt 0.000000 0.060000 0.000000
vt 0.052260 0.060000 0.000000
vt 0.000000 0.000000 0.000000
vt 0.035990 0.000000 0.000000
vt 0.000000 0.060000 0.000000
vt 0.035990 0.060000 0.000000
vt 0.000000 0.000000 0.000000
vt 0.033535 0.000000 0.000000
vt 0.000000 0.060000 0.000000
vt 0.033535 0.060000 0.000000
vt 0.000000 0.000000 0.000000
vt 0.133413 0.000000 0.000000
vt 0.000000 0.060000 0.000000
vt 0.133413 0.060000 0.000000
vt 0.000000 0.000000 0.000000
vt 0.130566 0.000000 0.000000
vt 0.000000 0.060000 0.000000
vt 0.130566 0.060000 0.000000
vt 0.000000 0.000000 0.000000
vt 0.129230 0.000000 0.000000
vt 0.000000 0.060000 0.000000
vt 0.129230 0.060000 0.000000
vt 0.000000 0.000000 0.000000
vt 0.128831 0.000000 0.000000
vt 0.000000 0.060000 0.000000
vt 0.128831 0.060000 0.000000
vt 0.000000 0.000000 0.000000
vt 0.128919 0.000000 0.000000
vt 0.000000 0.060000 0.000000
vt 0.128919 0.060000 0.000000
vt 0.000000 0.000000 0.000000
vt 0.129197 0.000000 0.000000
vt 0.000000 0.060000 0.000000
vt 0.129197 0.060000 0.000000
vt 0.000000 0.000000 0.000000
vt 0.129524 0.000000 0.000000
vt 0.000000 0.060000 0.000000
vt 0.129524 0.060000 0.000000
vt 0.000000 0.000000 0.000000
vt 0.129911 0.000000 0.000000
vt 0.000000 0.060000 0.000000
vt 0.129911 0.060000 0.000000
vt 0.000000 0.000000 0.000000
vt 0.139753 0.000000 0.000000
vt 0.000000 0.060000 0.000000
vt 0.139753 0.060000 0.000000
vt 0.000000 0.000000 0.000000
vt 0.059148 0.000000 0.000000
vt 0.000000 0.060000 0.000000
vt 0.059148 0.060000 0.000000
vt 0.000000 0.000000 0.000000
vt 0.059697 0.000000 0.000000
vt 0.000000 0.060000 0.000000
vt 0.059697 0.060000 0.000000
vt 0.000000 0.000000 0.000000
vt 0.059786 0.000000 0.000000
vt 0.000000 0.060000 0.000000
vt 0.059786 0.060000 0.000000
vt 0.000000 0.000000 0.000000
vt 0.059577 0.000000 0.000000
vt 0.000000 0.060000 0.000000
vt 0.059577 0.060000 0.000000
vt 0.000000 0.000000 0.000000
vt 0.059277 0.000000 0.000000
vt 0.000000 0.060000 0.000000
vt 0.059277 0.060000 0.000000
vt 0.000000 0.000000 0.000000
vt 0.059189 0.000000 0.000000
vt 0.000000 0.060000 0.000000
vt 0.059189 0.060000 0.000000
vt 0.000000 0.000000 0.000000
vt 0.059729 0.000000 0.000000
vt 0.000000 0.060000 0.000000
vt 0.059729 0.060000 0.000000
vt 0.000000 0.000000 0.000000
vt 0.061376 0.000000 0.000000
vt 0.000000 0.060000 0.000000
vt 0.061376 0.060000 0.000000
vt 0.000000 0.000000 0.000000
vt 0.070508 0.000000 0.000000
vt 0.000000 0.060000 0.000000
vt 0.070508 0.060000 0.000000
vt -0.267890 0.997490 0.000000
vt -0.324430 1.215090 0.000000
vt -0.317470 0.973770 0.000000
vt -0.378230 1.189220 0.000000
vt -0.361810 0.941270 0.000000
vt -0.428090 1.157400 0.000000
vt -0.399570 0.900810 0.000000
vt -0.528650 1.060350 0.000000
vt -0.429420 0.853180 0.000000
vt -0.450050 0.799160 0.000000
vt -0.600430 0.952070 0.000000
vt -0.460120 0.739560 0.000000
vt -0.655700 0.834930 0.000000
vt -0.458300 0.675180 0.000000
vt -0.693610 0.711420 0.000000
vt -0.713280 0.584010 0.000000
vt -0.267770 1.234170 0.000000
vt -0.214390 1.011650 0.000000
vt -0.209310 1.245650 0.000000
vt -0.153980 1.014160 0.000000
vt -0.150110 1.248680 0.000000
vt -0.091250 1.242450 0.000000
vt -0.097850 1.002450 0.000000
vt -0.033800 1.226110 0.000000
vt -0.046880 0.978610 0.000000
vt 0.021190 1.198850 0.000000
vt -0.001960 0.944760 0.000000
vt 0.078680 1.158030 0.000000
vt 0.086580 1.144100 0.000000
vt 0.036020 0.902980 0.000000
vt 0.150570 1.012810 0.000000
vt 0.066190 0.855370 0.000000
vt 0.180060 0.876040 0.000000
vt 0.087660 0.804020 0.000000
vt 0.099550 0.751050 0.000000
vt 0.185810 0.737680 0.000000
vt 0.101690 0.686890 0.000000
vt 0.178610 0.601580 0.000000
vt 0.092100 0.626850 0.000000
vt 0.169230 0.471600 0.000000
vt 0.072070 0.571980 0.000000
vt 0.042880 0.523330 0.000000
vt 0.168430 0.351610 0.000000
vt 0.005850 0.481980 0.000000
vt 0.187010 0.245480 0.000000
vt -0.037750 0.448970 0.000000
vt -0.086620 0.425380 0.000000
vt -0.139460 0.412250 0.000000
vt -0.224970 -0.315680 0.000000
vt -0.194580 -0.354830 0.000000
vt -0.163040 -0.401240 0.000000
vt 0.235730 0.157070 0.000000
vt -0.136590 -0.449990 0.000000
vt -0.115030 -0.500860 0.000000
vt -0.202320 0.410560 0.000000
vt -0.271830 -0.262470 0.000000
vt -0.247520 -0.289070 0.000000
vt -0.260050 0.422370 0.000000
vt -0.352290 -0.178180 0.000000
vt -0.307510 -0.223360 0.000000
vt -0.407040 -0.126910 0.000000
vt -0.311930 0.445880 0.000000
vt -0.464820 -0.070970 0.000000
vt -0.357230 0.479250 0.000000
vt -0.518700 -0.011790 0.000000
vt -0.552200 0.028320 0.000000
vt -0.395240 0.520680 0.000000
vt -0.573730 0.057160 0.000000
vt -0.592470 0.084970 0.000000
vt -0.654320 0.203180 0.000000
vt -0.425240 0.568360 0.000000
vt -0.694500 0.327410 0.000000
vt -0.446500 0.620460 0.000000
vt -0.713870 0.455180 0.000000
vt 0.261860 0.131070 0.000000
vt -0.098180 -0.553630 0.000000
vt 0.291560 0.109340 0.000000
vt -0.085850 -0.608080 0.000000
vt 0.324680 0.091660 0.000000
vt -0.077840 -0.663980 0.000000
vt 0.361060 0.077780 0.000000
vt 0.565000 -0.187860 0.000000
vt 0.400550 0.067450 0.000000
vt 0.546130 -0.116770 0.000000
vt 0.442990 0.060450 0.000000
vt 0.535690 -0.037110 0.000000
vt 0.488240 0.056520 0.000000
vt 0.536140 0.055430 0.000000
vt -0.073960 -0.721110 0.000000
vt 0.327950 -1.242950 0.000000
vt 0.589830 -0.254690 0.000000
vt -0.074020 -0.779260 0.000000
vt 0.185130 -1.243380 0.000000
vt 0.225480 -1.248040 0.000000
vt 0.277560 -1.248680 0.000000
vt -0.079900 -0.869800 0.000000
vt 0.045880 -1.192040 0.000000
vt 0.077370 -1.210110 0.000000
vt 0.111080 -1.224590 0.000000
vt -0.083390 -0.956440 0.000000
vt -0.035330 -1.114540 0.000000
vt -0.010470 -1.144420 0.000000
vt 0.016600 -1.170190 0.000000
vt -0.080500 -0.998020 0.000000
vt -0.057960 -1.077180 0.000000
vt -0.072520 -1.038310 0.000000
vt 0.146990 -1.235620 0.000000
vt 0.376300 -1.231390 0.000000
vt 0.422230 -1.214570 0.000000
vt 0.618180 -0.321560 0.000000
vt 0.465400 -1.193020 0.000000
vt 0.505440 -1.167310 0.000000
vt 0.647590 -0.392780 0.000000
vt 0.542000 -1.137980 0.000000
vt 0.574720 -1.105580 0.000000
vt 0.675590 -0.472650 0.000000
vt 0.593040 -1.084400 0.000000
vt 0.609680 -1.063000 0.000000
vt 0.624810 -1.041120 0.000000
vt 0.638600 -1.018510 0.000000
vt 0.662860 -0.970120 0.000000
vt 0.683840 -0.915850 0.000000
vt 0.695430 -0.876040 0.000000
vt 0.704180 -0.833340 0.000000
vt 0.710140 -0.788630 0.000000
vt 0.713350 -0.742780 0.000000
vt 0.713870 -0.696670 0.000000
vt 0.711740 -0.651170 0.000000
vt 0.699740 -0.565490 0.000000
vt 0.707020 -0.607150 0.000000
vt 0.317470 0.973770 0.000000
vt 0.324430 1.215090 0.000000
vt 0.267890 0.997490 0.000000
vt 0.267770 1.234170 0.000000
vt 0.214390 1.011650 0.000000
vt 0.209310 1.245650 0.000000
vt 0.153980 1.014160 0.000000
vt 0.150110 1.248680 0.000000
vt 0.091250 1.242450 0.000000
vt 0.378230 1.189220 0.000000
vt 0.361810 0.941270 0.000000
vt 0.428090 1.157400 0.000000
vt 0.399570 0.900810 0.000000
vt 0.528650 1.060350 0.000000
vt 0.429420 0.853180 0.000000
vt 0.450050 0.799160 0.000000
vt 0.600430 0.952070 0.000000
vt 0.460120 0.739560 0.000000
vt 0.655700 0.834930 0.000000
vt 0.458300 0.675180 0.000000
vt 0.693610 0.711420 0.000000
vt 0.713280 0.584010 0.000000
vt 0.446500 0.620460 0.000000
vt 0.713870 0.455180 0.000000
vt 0.694500 0.327410 0.000000
vt 0.425240 0.568360 0.000000
vt 0.654320 0.203180 0.000000
vt 0.395240 0.520680 0.000000
vt 0.592470 0.084970 0.000000
vt 0.573730 0.057160 0.000000
vt 0.552200 0.028320 0.000000
vt 0.357230 0.479250 0.000000
vt 0.518700 -0.011790 0.000000
vt 0.464820 -0.070970 0.000000
vt 0.311930 0.445880 0.000000
vt 0.407040 -0.126910 0.000000
vt 0.260050 0.422370 0.000000
vt 0.352290 -0.178180 0.000000
vt 0.202320 0.410560 0.000000
vt 0.307510 -0.223360 0.000000
vt 0.271830 -0.262470 0.000000
vt 0.139460 0.412250 0.000000
vt 0.247520 -0.289070 0.000000
vt 0.224970 -0.315680 0.000000
vt 0.086620 0.425380 0.000000
vt 0.194580 -0.354830 0.000000
vt -0.187010 0.245480 0.000000
vt 0.163040 -0.401240 0.000000
vt -0.235730 0.157070 0.000000
vt 0.136590 -0.449990 0.000000
vt 0.115030 -0.500860 0.000000
vt -0.261860 0.131070 0.000000
vt 0.098180 -0.553630 0.000000
vt -0.291560 0.109340 0.000000
vt 0.085850 -0.608080 0.000000
vt -0.324680 0.091660 0.000000
vt 0.077840 -0.663980 0.000000
vt -0.361060 0.077780 0.000000
vt -0.565000 -0.187860 0.000000
vt -0.400550 0.067450 0.000000
vt -0.546130 -0.116770 0.000000
vt -0.442990 0.060450 0.000000
vt -0.535690 -0.037110 0.000000
vt -0.488240 0.056520 0.000000
vt -0.536140 0.055430 0.000000
vt 0.037750 0.448970 0.000000
vt -0.005850 0.481980 0.000000
vt -0.168430 0.351610 0.000000
vt -0.042880 0.523330 0.000000
vt -0.169230 0.471600 0.000000
vt -0.072070 0.571980 0.000000
vt -0.092100 0.626850 0.000000
vt -0.178610 0.601580 0.000000
vt -0.101690 0.686890 0.000000
vt -0.185810 0.737680 0.000000
vt -0.099550 0.751050 0.000000
vt -0.180060 0.876040 0.000000
vt -0.087660 0.804020 0.000000
vt -0.066190 0.855370 0.000000
vt -0.150570 1.012810 0.000000
vt -0.036020 0.902980 0.000000
vt -0.086580 1.144100 0.000000
vt 0.001960 0.944760 0.000000
vt -0.078680 1.158030 0.000000
vt -0.021190 1.198850 0.000000
vt 0.046880 0.978610 0.000000
vt 0.033800 1.226110 0.000000
vt 0.097850 1.002450 0.000000
vt -0.589830 -0.254690 0.000000
vt -0.327950 -1.242950 0.000000
vt 0.073960 -0.721110 0.000000
vt -0.277560 -1.248680 0.000000
vt -0.225480 -1.248040 0.000000
vt -0.618180 -0.321560 0.000000
vt -0.422230 -1.214570 0.000000
vt -0.376300 -1.231390 0.000000
vt -0.647590 -0.392780 0.000000
vt -0.505440 -1.167310 0.000000
vt -0.465400 -1.193020 0.000000
vt -0.675590 -0.472650 0.000000
vt -0.574720 -1.105580 0.000000
vt -0.542000 -1.137980 0.000000
vt -0.699740 -0.565490 0.000000
vt -0.711740 -0.651170 0.000000
vt -0.713870 -0.696670 0.000000
vt -0.713350 -0.742780 0.000000
vt -0.707020 -0.607150 0.000000
vt -0.710140 -0.788630 0.000000
vt -0.704180 -0.833340 0.000000
vt -0.695430 -0.876040 0.000000
vt -0.683840 -0.915850 0.000000
vt -0.662860 -0.970120 0.000000
vt -0.638600 -1.018510 0.000000
vt -0.624810 -1.041120 0.000000
vt -0.609680 -1.063000 0.000000
vt -0.593040 -1.084400 0.000000
vt -0.185130 -1.243380 0.000000
vt 0.074020 -0.779260 0.000000
vt -0.146990 -1.235620 0.000000
vt -0.111080 -1.224590 0.000000
vt -0.077370 -1.210110 0.000000
vt -0.045880 -1.192040 0.000000
vt 0.079900 -0.869800 0.000000
vt -0.016600 -1.170190 0.000000
vt 0.010470 -1.144420 0.000000
vt 0.035330 -1.114540 0.000000
vt 0.083390 -0.956440 0.000000
vt 0.080500 -0.998020 0.000000
vt 0.057960 -1.077180 0.000000
vt 0.072520 -1.038310 0.000000
vn 0.591174 -0.806544 0.000000
vn 0.591174 -0.806544 0.000000
vn 0.591174 -0.806544 0.000000
vn 0.591174 -0.806544 0.000000
vn 0.731079 -0.682292 0.000000
vn 0.731079 -0.682292 0.000000
vn 0.731079 -0.682292 0.000000
vn 0.731079 -0.682292 0.000000
vn 0.847348 -0.531038 0.000000
vn 0.847348 -0.531038 0.000000
vn 0.847348 -0.531038 0.000000
vn 0.847348 -0.531038 0.000000
vn 0.934194 -0.356765 0.000000
vn 0.934194 -0.356765 0.000000
vn 0.934194 -0.356765 0.000000
vn 0.934194 -0.356765 0.000000
vn 0.986025 -0.166598 0.000000
vn 0.986025 -0.166598 0.000000
vn 0.986025 -0.166598 0.000000
vn 0.986025 -0.166598 0.000000
vn 0.999601 0.028258 -0.000000
vn 0.999601 0.028258 -0.000000
vn 0.999601 0.028258 -0.000000
vn 0.999601 0.028258 -0.000000
vn 0.977530 0.210798 -0.000000
vn 0.977530 0.210798 -0.000000
vn 0.977530 0.210798 -0.000000
vn 0.977530 0.210798 -0.000000
vn 0.925881 0.377816 -0.000000
vn 0.925881 0.377816 -0.000000
vn 0.925881 0.377816 -0.000000
vn 0.925881 0.377816 -0.000000
vn 0.846399 0.532550 -0.000000
vn 0.846399 0.532550 -0.000000
vn 0.846399 0.532550 -0.000000
vn 0.846399 0.532550 -0.000000
vn 0.736866 0.676039 -0.000000
vn 0.736866 0.676039 -0.000000
vn 0.736866 0.676039 -0.000000
vn 0.736866 0.676039 -0.000000
vn 0.593096 0.805132 -0.000000
vn 0.593096 0.805132 -0.000000
vn 0.593096 0.805132 -0.000000
vn 0.593096 0.805132 -0.000000
vn 0.412758 0.910841 -0.000000
vn 0.412758 0.910841 -0.000000
vn 0.412758 0.910841 -0.000000
vn 0.412758 0.910841 -0.000000
vn 0.200422 0.979710 -0.000000
vn 0.200422 0.979710 -0.000000
vn 0.200422 0.979710 -0.000000
vn 0.200422 0.979710 -0.000000
vn -0.026875 0.999639 0.000000
vn -0.026875 0.999639 0.000000
vn -0.026875 0.999639 0.000000
vn -0.026875 0.999639 0.000000
vn -0.241152 0.970487 0.000000
vn -0.241152 0.970487 0.000000
vn -0.241152 0.970487 0.000000
vn -0.241152 0.970487 0.000000
vn -0.434713 0.900569 0.000000
vn -0.434713 0.900569 0.000000
vn -0.434713 0.900569 0.000000
vn -0.434713 0.900569 0.000000
vn -0.603622 0.797271 0.000000
vn -0.603622 0.797271 0.000000
vn -0.603622 0.797271 0.000000
vn -0.603622 0.797271 0.000000
vn -0.744949 0.667121 0.000000
vn -0.744949 0.667121 0.000000
vn -0.744949 0.667121 0.000000
vn -0.744949 0.667121 0.000000
vn -0.857493 0.514496 0.000000
vn -0.857493 0.514496 0.000000
vn -0.857493 0.514496 0.000000
vn -0.857493 0.514496 0.000000
vn -0.939368 0.342911 0.000000
vn -0.939368 0.342911 0.000000
vn -0.939368 0.342911 0.000000
vn -0.939368 0.342911 0.000000
vn -0.987483 0.157727 0.000000
vn -0.987483 0.157727 0.000000
vn -0.987483 0.157727 0.000000
vn -0.987483 0.157727 0.000000
vn -0.999444 -0.033336 0.000000
vn -0.999444 -0.033336 0.000000
vn -0.999444 -0.033336 0.000000
vn -0.999444 -0.033336 0.000000
vn -0.975721 -0.219017 0.000000
vn -0.975721 -0.219017 0.000000
vn -0.975721 -0.219017 0.000000
vn -0.975721 -0.219017 0.000000
vn -0.922603 -0.385751 0.000000
vn -0.922603 -0.385751 0.000000
vn -0.922603 -0.385751 0.000000
vn -0.922603 -0.385751 0.000000
vn -0.844683 -0.535267 0.000000
vn -0.844683 -0.535267 0.000000
vn -0.844683 -0.535267 0.000000
vn -0.844683 -0.535267 0.000000
vn -0.739956 -0.672655 0.000000
vn -0.739956 -0.672655 0.000000
vn -0.739956 -0.672655 0.000000
vn -0.739956 -0.672655 0.000000
vn -0.601819 -0.798633 0.000000
vn -0.601819 -0.798633 0.000000
vn -0.601819 -0.798633 0.000000
vn -0.601819 -0.798633 0.000000
vn -0.423673 -0.905815 0.000000
vn -0.423673 -0.905815 0.000000
vn -0.423673 -0.905815 0.000000
vn -0.423673 -0.905815 0.000000
vn -0.204226 -0.978924 0.000000
vn -0.204226 -0.978924 0.000000
vn -0.204226 -0.978924 0.000000
vn -0.204226 -0.978924 0.000000
vn 0.041514 -0.999138 0.000000
vn 0.041514 -0.999138 0.000000
vn 0.041514 -0.999138 0.000000
vn 0.041514 -0.999138 0.000000
vn 0.255863 -0.966713 0.000000
vn 0.255863 -0.966713 0.000000
vn 0.255863 -0.966713 0.000000
vn 0.255863 -0.966713 0.000000
vn 0.431571 -0.902079 0.000000
vn 0.431571 -0.902079 0.000000
vn 0.431571 -0.902079 0.000000
vn 0.431571 -0.902079 0.000000
vn 0.869852 0.493312 -0.000000
vn 0.869852 0.493312 -0.000000
vn 0.869852 0.493312 -0.000000
vn 0.869852 0.493312 -0.000000
vn 0.898914 0.438125 -0.000000
vn 0.898914 0.438125 -0.000000
vn 0.898914 0.438125 -0.000000
vn 0.898914 0.438125 -0.000000
vn 0.977535 0.210774 -0.000000
vn 0.977535 0.210774 -0.000000
vn 0.977535 0.210774 -0.000000
vn 0.977535 0.210774 -0.000000
vn 0.999138 0.041522 -0.000000
vn 0.999138 0.041522 -0.000000
vn 0.999138 0.041522 -0.000000
vn 0.999138 0.041522 -0.000000
vn 0.998604 -0.052828 0.000000
vn 0.998604 -0.052828 0.000000
vn 0.998604 -0.052828 0.000000
vn 0.998604 -0.052828 0.000000
vn 0.997406 -0.071978 0.000000
vn 0.997406 -0.071978 0.000000
vn 0.997406 -0.071978 0.000000
vn 0.997406 -0.071978 0.000000
vn 0.999978 -0.006667 0.000000
vn 0.999978 -0.006667 0.000000
vn 0.999978 -0.006667 0.000000
vn 0.999978 -0.006667 0.000000
vn 0.985019 0.172446 -0.000000
vn 0.985019 0.172446 -0.000000
vn 0.985019 0.172446 -0.000000
vn 0.985019 0.172446 -0.000000
vn 0.875820 0.482637 -0.000000
vn 0.875820 0.482637 -0.000000
vn 0.875820 0.482637 -0.000000
vn 0.875820 0.482637 -0.000000
vn 0.705341 0.708868 -0.000000
vn 0.705341 0.708868 -0.000000
vn 0.705341 0.708868 -0.000000
vn 0.705341 0.708868 -0.000000
vn 0.590480 0.807052 -0.000000
vn 0.590480 0.807052 -0.000000
vn 0.590480 0.807052 -0.000000
vn 0.590480 0.807052 -0.000000
vn 0.470920 0.882176 -0.000000
vn 0.470920 0.882176 -0.000000
vn 0.470920 0.882176 -0.000000
vn 0.470920 0.882176 -0.000000
vn 0.356465 0.934309 -0.000000
vn 0.356465 0.934309 -0.000000
vn 0.356465 0.934309 -0.000000
vn 0.356465 0.934309 -0.000000
vn 0.253070 0.967448 -0.000000
vn 0.253070 0.967448 -0.000000
vn 0.253070 0.967448 -0.000000
vn 0.253070 0.967448 -0.000000
vn 0.162740 0.986669 -0.000000
vn 0.162740 0.986669 -0.000000
vn 0.162740 0.986669 -0.000000
vn 0.162740 0.986669 -0.000000
vn 0.086525 0.996250 -0.000000
vn 0.086525 0.996250 -0.000000
vn 0.086525 0.996250 -0.000000
vn 0.086525 0.996250 -0.000000
vn 0.022750 0.999741 -0.000000
vn 0.022750 0.999741 -0.000000
vn 0.022750 0.999741 -0.000000
vn 0.022750 0.999741 -0.000000
vn 0.999988 -0.004863 0.000000
vn 0.999988 -0.004863 0.000000
vn 0.999988 -0.004863 0.000000
vn 0.999988 -0.004863 0.000000
vn 0.991521 0.129946 -0.000000
vn 0.991521 0.129946 -0.000000
vn 0.991521 0.129946 -0.000000
vn 0.991521 0.129946 -0.000000
vn 0.966530 0.256554 -0.000000
vn 0.966530 0.256554 -0.000000
vn 0.966530 0.256554 -0.000000
vn 0.966530 0.256554 -0.000000
vn 0.937391 0.348278 -0.000000
vn 0.937391 0.348278 -0.000000
vn 0.937391 0.348278 -0.000000
vn 0.937391 0.348278 -0.000000
vn 0.920676 0.390327 -0.000000
vn 0.920676 0.390327 -0.000000
vn 0.920676 0.390327 -0.000000
vn 0.920676 0.390327 -0.000000
vn 0.924293 0.381683 -0.000000
vn 0.924293 0.381683 -0.000000
vn 0.924293 0.381683 -0.000000
vn 0.924293 0.381683 -0.000000
vn 0.943691 0.330829 -0.000000
vn 0.943691 0.330829 -0.000000
vn 0.943691 0.330829 -0.000000
vn 0.943691 0.330829 -0.000000
vn 0.967793 0.251747 -0.000000
vn 0.967793 0.251747 -0.000000
vn 0.967793 0.251747 -0.000000
vn 0.967793 0.251747 -0.000000
vn 0.985073 0.172139 -0.000000
vn 0.985073 0.172139 -0.000000
vn 0.985073 0.172139 -0.000000
vn 0.985073 0.172139 -0.000000
vn 0.994301 0.106613 -0.000000
vn 0.994301 0.106613 -0.000000
vn 0.994301 0.106613 -0.000000
vn 0.994301 0.106613 -0.000000
vn 0.998906 0.046762 -0.000000
vn 0.998906 0.046762 -0.000000
vn 0.998906 0.046762 -0.000000
vn 0.998906 0.046762 -0.000000
vn 0.999936 -0.011277 0.000000
vn 0.999936 -0.011277 0.000000
vn 0.999936 -0.011277 0.000000
vn 0.999936 -0.011277 0.000000
vn 0.997558 -0.069840 0.000000
vn 0.997558 -0.069840 0.000000
vn 0.997558 -0.069840 0.000000
vn 0.997558 -0.069840 0.000000
vn 0.991232 -0.132135 0.000000
vn 0.991232 -0.132135 0.000000
vn 0.991232 -0.132135 0.000000
vn 0.991232 -0.132135 0.000000
vn 0.979643 -0.200747 0.000000
vn 0.979643 -0.200747 0.000000
vn 0.979643 -0.200747 0.000000
vn 0.979643 -0.200747 0.000000
vn 0.960138 -0.279528 0.000000
vn 0.960138 -0.279528 0.000000
vn 0.960138 -0.279528 0.000000
vn 0.960138 -0.279528 0.000000
vn 0.932729 -0.360579 0.000000
vn 0.932729 -0.360579 0.000000
vn 0.932729 -0.360579 0.000000
vn 0.932729 -0.360579 0.000000
vn 0.893946 -0.448174 0.000000
vn 0.893946 -0.448174 0.000000
vn 0.893946 -0.448174 0.000000
vn 0.893946 -0.448174 0.000000
vn 0.853739 -0.520701 0.000000
vn 0.853739 -0.520701 0.000000
vn 0.853739 -0.520701 0.000000
vn 0.853739 -0.520701 0.000000
vn 0.822503 -0.568760 0.000000
vn 0.822503 -0.568760 0.000000
vn 0.822503 -0.568760 0.000000
vn 0.822503 -0.568760 0.000000
vn 0.789432 -0.613838 0.000000
vn 0.789432 -0.613838 0.000000
vn 0.789432 -0.613838 0.000000
vn 0.789432 -0.613838 0.000000
vn 0.756325 -0.654196 0.000000
vn 0.756325 -0.654196 0.000000
vn 0.756325 -0.654196 0.000000
vn 0.756325 -0.654196 0.000000
vn 0.703624 -0.710573 0.000000
vn 0.703624 -0.710573 0.000000
vn 0.703624 -0.710573 0.000000
vn 0.703624 -0.710573 0.000000
vn 0.625761 -0.780015 0.000000
vn 0.625761 -0.780015 0.000000
vn 0.625761 -0.780015 0.000000
vn 0.625761 -0.780015 0.000000
vn 0.540311 -0.841465 0.000000
vn 0.540311 -0.841465 0.000000
vn 0.540311 -0.841465 0.000000
vn 0.540311 -0.841465 0.000000
vn 0.446633 -0.894717 0.000000
vn 0.446633 -0.894717 0.000000
vn 0.446633 -0.894717 0.000000
vn 0.446633 -0.894717 0.000000
vn 0.343876 -0.939015 0.000000
vn 0.343876 -0.939015 0.000000
vn 0.343876 -0.939015 0.000000
vn 0.343876 -0.939015 0.000000
vn 0.232536 -0.972588 0.000000
vn 0.232536 -0.972588 0.000000
vn 0.232536 -0.972588 0.000000
vn 0.232536 -0.972588 0.000000
vn 0.112985 -0.993597 0.000000
vn 0.112985 -0.993597 0.000000
vn 0.112985 -0.993597 0.000000
vn 0.112985 -0.993597 0.000000
vn -0.012288 -0.999925 0.000000
vn -0.012288 -0.999925 0.000000
vn -0.012288 -0.999925 0.000000
vn -0.012288 -0.999925 0.000000
vn -0.114727 -0.993397 0.000000
vn -0.114727 -0.993397 0.000000
vn -0.114727 -0.993397 0.000000
vn -0.114727 -0.993397 0.000000
vn -0.199376 -0.979923 0.000000
vn -0.199376 -0.979923 0.000000
vn -0.199376 -0.979923 0.000000
vn -0.199376 -0.979923 0.000000
vn -0.293618 -0.955923 0.000000
vn -0.293618 -0.955923 0.000000
vn -0.293618 -0.955923 0.000000
vn -0.293618 -0.955923 0.000000
vn -0.394676 -0.918820 0.000000
vn -0.394676 -0.918820 0.000000
vn -0.394676 -0.918820 0.000000
vn -0.394676 -0.918820 0.000000
vn -0.497710 -0.867343 0.000000
vn -0.497710 -0.867343 0.000000
vn -0.497710 -0.867343 0.000000
vn -0.497710 -0.867343 0.000000
vn -0.598071 -0.801443 0.000000
vn -0.598071 -0.801443 0.000000
vn -0.598071 -0.801443 0.000000
vn -0.598071 -0.801443 0.000000
vn -0.689501 -0.724284 0.000000
vn -0.689501 -0.724284 0.000000
vn -0.689501 -0.724284 0.000000
vn -0.689501 -0.724284 0.000000
vn -0.768727 -0.639577 0.000000
vn -0.768727 -0.639577 0.000000
vn -0.768727 -0.639577 0.000000
vn -0.768727 -0.639577 0.000000
vn -0.855324 -0.518094 0.000000
vn -0.855324 -0.518094 0.000000
vn -0.855324 -0.518094 0.000000
vn -0.855324 -0.518094 0.000000
vn -0.936458 -0.350780 0.000000
vn -0.936458 -0.350780 0.000000
vn -0.936458 -0.350780 0.000000
vn -0.936458 -0.350780 0.000000
vn -0.980944 -0.194290 0.000000
vn -0.980944 -0.194290 0.000000
vn -0.980944 -0.194290 0.000000
vn -0.980944 -0.194290 0.000000
vn -0.997593 -0.069337 0.000000
vn -0.997593 -0.069337 0.000000
vn -0.997593 -0.069337 0.000000
vn -0.997593 -0.069337 0.000000
vn -0.999190 0.040249 0.000000
vn -0.999190 0.040249 0.000000
vn -0.999190 0.040249 0.000000
vn -0.999190 0.040249 0.000000
vn -0.997898 0.064807 0.000000
vn -0.997898 0.064807 0.000000
vn -0.997898 0.064807 0.000000
vn -0.997898 0.064807 0.000000
vn -0.999999 0.001032 0.000000
vn -0.999999 0.001032 0.000000
vn -0.999999 0.001032 0.000000
vn -0.999999 0.001032 0.000000
vn -0.997702 -0.067759 0.000000
vn -0.997702 -0.067759 0.000000
vn -0.997702 -0.067759 0.000000
vn -0.997702 -0.067759 0.000000
vn -0.989889 -0.141843 0.000000
vn -0.989889 -0.141843 0.000000
vn -0.989889 -0.141843 0.000000
vn -0.989889 -0.141843 0.000000
vn -0.975307 -0.220855 0.000000
vn -0.975307 -0.220855 0.000000
vn -0.975307 -0.220855 0.000000
vn -0.975307 -0.220855 0.000000
vn -0.952615 -0.304180 0.000000
vn -0.952615 -0.304180 0.000000
vn -0.952615 -0.304180 0.000000
vn -0.952615 -0.304180 0.000000
vn -0.920720 -0.390224 0.000000
vn -0.920720 -0.390224 0.000000
vn -0.920720 -0.390224 0.000000
vn -0.920720 -0.390224 0.000000
vn -0.878961 -0.476893 0.000000
vn -0.878961 -0.476893 0.000000
vn -0.878961 -0.476893 0.000000
vn -0.878961 -0.476893 0.000000
vn -0.827082 -0.562081 0.000000
vn -0.827082 -0.562081 0.000000
vn -0.827082 -0.562081 0.000000
vn -0.827082 -0.562081 0.000000
vn -0.789939 -0.613186 0.000000
vn -0.789939 -0.613186 0.000000
vn -0.789939 -0.613186 0.000000
vn -0.789939 -0.613186 0.000000
vn -0.762908 -0.646508 0.000000
vn -0.762908 -0.646508 0.000000
vn -0.762908 -0.646508 0.000000
vn -0.762908 -0.646508 0.000000
vn -0.738167 -0.674618 0.000000
vn -0.738167 -0.674618 0.000000
vn -0.738167 -0.674618 0.000000
vn -0.738167 -0.674618 0.000000
vn -0.738759 -0.673969 0.000000
vn -0.738759 -0.673969 0.000000
vn -0.738759 -0.673969 0.000000
vn -0.738759 -0.673969 0.000000
vn -0.710244 -0.703956 0.000000
vn -0.710244 -0.703956 0.000000
vn -0.710244 -0.703956 0.000000
vn -0.710244 -0.703956 0.000000
vn -0.683529 -0.729924 0.000000
vn -0.683529 -0.729924 0.000000
vn -0.683529 -0.729924 0.000000
vn -0.683529 -0.729924 0.000000
vn -0.695575 -0.718454 0.000000
vn -0.695575 -0.718454 0.000000
vn -0.695575 -0.718454 0.000000
vn -0.695575 -0.718454 0.000000
vn -0.739442 -0.673220 0.000000
vn -0.739442 -0.673220 0.000000
vn -0.739442 -0.673220 0.000000
vn -0.739442 -0.673220 0.000000
vn -0.767515 -0.641031 0.000000
vn -0.767515 -0.641031 0.000000
vn -0.767515 -0.641031 0.000000
vn -0.767515 -0.641031 0.000000
vn -0.801332 -0.598220 0.000000
vn -0.801332 -0.598220 0.000000
vn -0.801332 -0.598220 0.000000
vn -0.801332 -0.598220 0.000000
vn -0.829287 -0.558822 0.000000
vn -0.829287 -0.558822 0.000000
vn -0.829287 -0.558822 0.000000
vn -0.829287 -0.558822 0.000000
vn -0.886046 -0.463598 0.000000
vn -0.886046 -0.463598 0.000000
vn -0.886046 -0.463598 0.000000
vn -0.886046 -0.463598 0.000000
vn -0.951472 -0.307737 0.000000
vn -0.951472 -0.307737 0.000000
vn -0.951472 -0.307737 0.000000
vn -0.951472 -0.307737 0.000000
vn -0.988703 -0.149888 0.000000
vn -0.988703 -0.149888 0.000000
vn -0.988703 -0.149888 0.000000
vn -0.988703 -0.149888 0.000000
vn -0.999990 0.004580 0.000000
vn -0.999990 0.004580 0.000000
vn -0.999990 0.004580 0.000000
vn -0.999990 0.004580 0.000000
vn -0.988292 0.152576 0.000000
vn -0.988292 0.152576 0.000000
vn -0.988292 0.152576 0.000000
vn -0.988292 0.152576 0.000000
vn -0.955981 0.293428 0.000000
vn -0.955981 0.293428 0.000000
vn -0.955981 0.293428 0.000000
vn -0.955981 0.293428 0.000000
vn -0.904386 0.426715 0.000000
vn -0.904386 0.426715 0.000000
vn -0.904386 0.426715 0.000000
vn -0.904386 0.426715 0.000000
vn -0.833492 0.552531 0.000000
vn -0.833492 0.552531 0.000000
vn -0.833492 0.552531 0.000000
vn -0.833492 0.552531 0.000000
vn -0.694437 0.719553 0.000000
vn -0.694437 0.719553 0.000000
vn -0.694437 0.719553 0.000000
vn -0.694437 0.719553 0.000000
vn -0.537969 0.842965 0.000000
vn -0.537969 0.842965 0.000000
vn -0.537969 0.842965 0.000000
vn -0.537969 0.842965 0.000000
vn -0.433357 0.901222 0.000000
vn -0.433357 0.901222 0.000000
vn -0.433357 0.901222 0.000000
vn -0.433357 0.901222 0.000000
vn -0.319137 0.947709 0.000000
vn -0.319137 0.947709 0.000000
vn -0.319137 0.947709 0.000000
vn -0.319137 0.947709 0.000000
vn -0.192693 0.981259 0.000000
vn -0.192693 0.981259 0.000000
vn -0.192693 0.981259 0.000000
vn -0.192693 0.981259 0.000000
vn -0.051116 0.998693 0.000000
vn -0.051116 0.998693 0.000000
vn -0.051116 0.998693 0.000000
vn -0.051116 0.998693 0.000000
vn 0.105256 0.994445 -0.000000
vn 0.105256 0.994445 -0.000000
vn 0.105256 0.994445 -0.000000
vn 0.105256 0.994445 -0.000000
vn 0.273571 0.961852 -0.000000
vn 0.273571 0.961852 -0.000000
vn 0.273571 0.961852 -0.000000
vn 0.273571 0.961852 -0.000000
vn 0.444148 0.895953 -0.000000
vn 0.444148 0.895953 -0.000000
vn 0.444148 0.895953 -0.000000
vn 0.444148 0.895953 -0.000000
vn 0.578942 0.815369 -0.000000
vn 0.578942 0.815369 -0.000000
vn 0.578942 0.815369 -0.000000
vn 0.578942 0.815369 -0.000000
vn 0.000000 0.000000 1.000000
vn 0.000000 0.000000 1.000000
vn 0.000000 0.000000 1.000000
vn 0.000000 0.000000 1.000000
vn 0.000000 0.000000 1.000000
vn 0.000000 0.000000 1.000000
vn 0.000000 0.000000 1.000000
vn 0.000000 0.000000 1.000000
vn 0.000000 0.000000 1.000000
vn 0.000000 0.000000 1.000000
vn 0.000000 0.000000 1.000000
vn 0.000000 0.000000 1.000000
vn 0.000000 0.000000 1.000000
vn 0.000000 0.000000 1.000000
vn 0.000000 0.000000 1.000000
vn 0.000000 0.000000 1.000000
vn 0.000000 0.000000 1.000000
vn 0.000000 0.000000 1.000000
vn 0.000000 0.000000 1.000000
vn 0.000000 0.000000 1.000000
vn 0.000000 0.000000 1.000000
vn 0.000000 0.000000 1.000000
vn 0.000000 0.000000 1.000000
vn 0.000000 0.000000 1.000000
vn 0.000000 0.000000 1.000000
vn 0.000000 0.000000 1.000000
vn 0.000000 0.000000 1.000000
vn 0.000000 0.000000 1.000000
vn 0.000000 0.000000 1.000000
vn 0.000000 0.000000 1.000000
vn 0.000000 0.000000 1.000000
vn 0.000000 0.000000 1.000000
vn 0.000000 0.000000 1.000000
vn 0.000000 0.000000 1.000000
vn 0.000000 0.000000 1.000000
vn 0.000000 0.000000 1.000000
vn 0.000000 0.000000 1.000000
vn 0.000000 0.000000 1.000000
vn 0.000000 0.000000 1.000000
vn 0.000000 0.000000 1.000000
vn 0.000000 0.000000 1.000000
vn 0.000000 0.000000 1.000000
vn 0.000000 0.000000 1.000000
vn 0.000000 0.000000 1.000000
vn 0.000000 0.000000 1.000000
vn 0.000000 0.000000 1.000000
vn 0.000000 0.000000 1.000000
vn 0.000000 0.000000 1.000000
vn 0.000000 0.000000 1.000000
vn 0.000000 0.000000 1.000000
vn 0.000000 0.000000 1.000000
vn 0.000000 0.000000 1.000000
vn 0.000000 0.000000 1.000000
vn 0.000000 0.000000 1.000000
vn 0.000000 0.000000 1.000000
vn 0.000000 0.000000 1.000000
vn 0.000000 0.000000 1.000000
vn 0.000000 0.000000 1.000000
vn 0.000000 0.000000 1.000000
vn 0.000000 0.000000 1.000000
vn 0.000000 0.000000 1.000000
vn 0.000000 0.000000 1.000000
vn 0.000000 0.000000 1.000000
vn 0.000000 0.000000 1.000000
vn 0.000000 0.000000 1.000000
vn 0.000000 0.000000 1.000000
vn 0.000000 0.000000 1.000000
vn 0.000000 0.000000 1.000000
vn 0.000000 0.000000 1.000000
vn 0.000000 0.000000 1.000000
vn 0.000000 0.000000 1.000000
vn 0.000000 0.000000 1.000000
vn 0.000000 0.000000 1.000000
vn 0.000000 0.000000 1.000000
vn 0.000000 0.000000 1.000000
vn 0.000000 0.000000 1.000000
vn 0.000000 0.000000 1.000000
vn 0.000000 0.000000 1.000000
vn 0.000000 0.000000 1.000000
vn 0.000000 0.000000 1.000000
vn 0.000000 0.000000 1.000000
vn 0.000000 0.000000 1.000000
vn 0.000000 0.000000 1.000000
vn 0.000000 0.000000 1.000000
vn 0.000000 0.000000 1.000000
vn 0.000000 0.000000 1.000000
vn 0.000000 0.000000 1.000000
vn 0.000000 0.000000 1.000000
vn 0.000000 0.000000 1.000000
vn 0.000000 0.000000 1.000000
vn 0.000000 0.000000 1.000000
vn 0.000000 0.000000 1.000000
vn 0.000000 0.000000 1.000000
vn 0.000000 0.000000 1.000000
vn 0.000000 0.000000 1.000000
vn 0.000000 0.000000 1.000000
vn 0.000000 0.000000 1.000000
vn 0.000000 0.000000 1.000000
vn 0.000000 0.000000 1.000000
vn 0.000000 0.000000 1.000000
vn 0.000000 0.000000 1.000000
vn 0.000000 0.000000 1.000000
vn 0.000000 0.000000 1.000000
vn 0.000000 0.000000 1.000000
vn 0.000000 0.000000 1.000000
vn 0.000000 0.000000 1.000000
vn 0.000000 0.000000 1.000000
vn 0.000000 0.000000 1.000000
vn 0.000000 0.000000 1.000000
vn 0.000000 0.000000 1.000000
vn 0.000000 0.000000 1.000000
vn 0.000000 0.000000 1.000000
vn 0.000000 0.000000 1.000000
vn 0.000000 0.000000 1.000000
vn 0.000000 0.000000 1.000000
vn 0.000000 0.000000 1.000000
vn 0.000000 0.000000 1.000000
vn 0.000000 0.000000 1.000000
vn 0.000000 0.000000 1.000000
vn 0.000000 0.000000 1.000000
vn 0.000000 0.000000 1.000000
vn 0.000000 0.000000 1.000000
vn 0.000000 0.000000 1.000000
vn 0.000000 0.000000 1.000000
vn 0.000000 0.000000 1.000000
vn 0.000000 0.000000 1.000000
vn 0.000000 0.000000 1.000000
vn 0.000000 0.000000 1.000000
vn 0.000000 0.000000 1.000000
vn 0.000000 0.000000 1.000000
vn -0.000000 0.000000 -1.000000
vn -0.000000 0.000000 -1.000000
vn -0.000000 0.000000 -1.000000
vn -0.000000 0.000000 -1.000000
vn -0.000000 0.000000 -1.000000
vn -0.000000 0.000000 -1.000000
vn -0.000000 0.000000 -1.000000
vn -0.000000 0.000000 -1.000000
vn -0.000000 0.000000 -1.000000
vn -0.000000 0.000000 -1.000000
vn -0.000000 0.000000 -1.000000
vn -0.000000 0.000000 -1.000000
vn -0.000000 0.000000 -1.000000
vn -0.000000 0.000000 -1.000000
vn -0.000000 0.000000 -1.000000
vn -0.000000 0.000000 -1.000000
vn -0.000000 0.000000 -1.000000
vn -0.000000 0.000000 -1.000000
vn -0.000000 0.000000 -1.000000
vn -0.000000 0.000000 -1.000000
vn -0.000000 0.000000 -1.000000
vn -0.000000 0.000000 -1.000000
vn -0.000000 0.000000 -1.000000
vn -0.000000 0.000000 -1.000000
vn -0.000000 0.000000 -1.000000
vn -0.000000 0.000000 -1.000000
vn -0.000000 0.000000 -1.000000
vn -0.000000 0.000000 -1.000000
vn -0.000000 0.000000 -1.000000
vn -0.000000 0.000000 -1.000000
vn -0.000000 0.000000 -1.000000
vn -0.000000 0.000000 -1.000000
vn -0.000000 0.000000 -1.000000
vn -0.000000 0.000000 -1.000000
vn -0.000000 0.000000 -1.000000
vn -0.000000 0.000000 -1.000000
vn -0.000000 0.000000 -1.000000
vn -0.000000 0.000000 -1.000000
vn -0.000000 0.000000 -1.000000
vn -0.000000 0.000000 -1.000000
vn -0.000000 0.000000 -1.000000
vn -0.000000 0.000000 -1.000000
vn -0.000000 0.000000 -1.000000
vn -0.000000 0.000000 -1.000000
vn -0.000000 0.000000 -1.000000
vn -0.000000 0.000000 -1.000000
vn -0.000000 0.000000 -1.000000
vn -0.000000 0.000000 -1.000000
vn -0.000000 0.000000 -1.000000
vn -0.000000 0.000000 -1.000000
vn -0.000000 0.000000 -1.000000
vn -0.000000 0.000000 -1.000000
vn -0.000000 0.000000 -1.000000
vn -0.000000 0.000000 -1.000000
vn -0.000000 0.000000 -1.000000
vn -0.000000 0.000000 -1.000000
vn -0.000000 0.000000 -1.000000
vn -0.000000 0.000000 -1.000000
vn -0.000000 0.000000 -1.000000
vn -0.000000 0.000000 -1.000000
vn -0.000000 0.000000 -1.000000
vn -0.000000 0.000000 -1.000000
vn -0.000000 0.000000 -1.000000
vn -0.000000 0.000000 -1.000000
vn -0.000000 0.000000 -1.000000
vn -0.000000 0.000000 -1.000000
vn -0.000000 0.000000 -1.000000
vn -0.000000 0.000000 -1.000000
vn -0.000000 0.000000 -1.000000
vn -0.000000 0.000000 -1.000000
vn -0.000000 0.000000 -1.000000
vn -0.000000 0.000000 -1.000000
vn -0.000000 0.000000 -1.000000
vn -0.000000 0.000000 -1.000000
vn -0.000000 0.000000 -1.000000
vn -0.000000 0.000000 -1.000000
vn -0.000000 0.000000 -1.000000
vn -0.000000 0.000000 -1.000000
vn -0.000000 0.000000 -1.000000
vn -0.000000 0.000000 -1.000000
vn -0.000000 0.000000 -1.000000
vn -0.000000 0.000000 -1.000000
vn -0.000000 0.000000 -1.000000
vn -0.000000 0.000000 -1.000000
vn -0.000000 0.000000 -1.000000
vn -0.000000 0.000000 -1.000000
vn -0.000000 0.000000 -1.000000
vn -0.000000 0.000000 -1.000000
vn -0.000000 0.000000 -1.000000
vn -0.000000 0.000000 -1.000000
vn -0.000000 0.000000 -1.000000
vn -0.000000 0.000000 -1.000000
vn -0.000000 0.000000 -1.000000
vn -0.000000 0.000000 -1.000000
vn -0.000000 0.000000 -1.000000
vn -0.000000 0.000000 -1.000000
vn -0.000000 0.000000 -1.000000
vn -0.000000 0.000000 -1.000000
vn -0.000000 0.000000 -1.000000
vn -0.000000 0.000000 -1.000000
vn -0.000000 0.000000 -1.000000
vn -0.000000 0.000000 -1.000000
vn -0.000000 0.000000 -1.000000
vn -0.000000 0.000000 -1.000000
vn -0.000000 0.000000 -1.000000
vn -0.000000 0.000000 -1.000000
vn -0.000000 0.000000 -1.000000
vn -0.000000 0.000000 -1.000000
vn -0.000000 0.000000 -1.000000
vn -0.000000 0.000000 -1.000000
vn -0.000000 0.000000 -1.000000
vn -0.000000 0.000000 -1.000000
vn -0.000000 0.000000 -1.000000
vn -0.000000 0.000000 -1.000000
vn -0.000000 0.000000 -1.000000
vn -0.000000 0.000000 -1.000000
vn -0.000000 0.000000 -1.000000
vn -0.000000 0.000000 -1.000000
vn -0.000000 0.000000 -1.000000
vn -0.000000 0.000000 -1.000000
vn -0.000000 0.000000 -1.000000
vn -0.000000 0.000000 -1.000000
vn -0.000000 0.000000 -1.000000
vn -0.000000 0.000000 -1.000000
vn -0.000000 0.000000 -1.000000
vn -0.000000 0.000000 -1.000000
vn -0.000000 0.000000 -1.000000
vn -0.000000 0.000000 -1.000000
vn -0.000000 0.000000 -1.000000
vn -0.000000 0.000000 -1.000000
usemtl ABS_(blanco)
f 1951/5851/5851 1952/5852/5852 1954/5853/5853
f 1954/5853/5853 1952/5852/5852 1953/5854/5854
f 1955/5855/5855 1951/5856/5856 1956/5857/5857
f 1956/5857/5857 1951/5856/5856 1954/5858/5858
f 1957/5859/5859 1955/5860/5860 1958/5861/5861
f 1958/5861/5861 1955/5860/5860 1956/5862/5862
f 1959/5863/5863 1957/5864/5864 1960/5865/5865
f 1960/5865/5865 1957/5864/5864 1958/5866/5866
f 1961/5867/5867 1959/5868/5868 1962/5869/5869
f 1962/5869/5869 1959/5868/5868 1960/5870/5870
f 1963/5871/5871 1961/5872/5872 1964/5873/5873
f 1964/5873/5873 1961/5872/5872 1962/5874/5874
f 1965/5875/5875 1963/5876/5876 1966/5877/5877
f 1966/5877/5877 1963/5876/5876 1964/5878/5878
f 1967/5879/5879 1965/5880/5880 1968/5881/5881
f 1968/5881/5881 1965/5880/5880 1966/5882/5882
f 1969/5883/5883 1967/5884/5884 1970/5885/5885
f 1970/5885/5885 1967/5884/5884 1968/5886/5886
f 1971/5887/5887 1969/5888/5888 1972/5889/5889
f 1972/5889/5889 1969/5888/5888 1970/5890/5890
f 1973/5891/5891 1971/5892/5892 1974/5893/5893
f 1974/5893/5893 1971/5892/5892 1972/5894/5894
f 1975/5895/5895 1973/5896/5896 1976/5897/5897
f 1976/5897/5897 1973/5896/5896 1974/5898/5898
f 1977/5899/5899 1975/5900/5900 1978/5901/5901
f 1978/5901/5901 1975/5900/5900 1976/5902/5902
f 1979/5903/5903 1977/5904/5904 1980/5905/5905
f 1980/5905/5905 1977/5904/5904 1978/5906/5906
f 1981/5907/5907 1979/5908/5908 1982/5909/5909
f 1982/5909/5909 1979/5908/5908 1980/5910/5910
f 1983/5911/5911 1981/5912/5912 1984/5913/5913
f 1984/5913/5913 1981/5912/5912 1982/5914/5914
f 1985/5915/5915 1983/5916/5916 1986/5917/5917
f 1986/5917/5917 1983/5916/5916 1984/5918/5918
f 1987/5919/5919 1985/5920/5920 1988/5921/5921
f 1988/5921/5921 1985/5920/5920 1986/5922/5922
f 1989/5923/5923 1987/5924/5924 1990/5925/5925
f 1990/5925/5925 1987/5924/5924 1988/5926/5926
f 1991/5927/5927 1989/5928/5928 1992/5929/5929
f 1992/5929/5929 1989/5928/5928 1990/5930/5930
f 1993/5931/5931 1991/5932/5932 1994/5933/5933
f 1994/5933/5933 1991/5932/5932 1992/5934/5934
f 1995/5935/5935 1993/5936/5936 1996/5937/5937
f 1996/5937/5937 1993/5936/5936 1994/5938/5938
f 1997/5939/5939 1995/5940/5940 1998/5941/5941
f 1998/5941/5941 1995/5940/5940 1996/5942/5942
f 1999/5943/5943 1997/5944/5944 2000/5945/5945
f 2000/5945/5945 1997/5944/5944 1998/5946/5946
f 2001/5947/5947 1999/5948/5948 2002/5949/5949
f 2002/5949/5949 1999/5948/5948 2000/5950/5950
f 2003/5951/5951 2001/5952/5952 2004/5953/5953
f 2004/5953/5953 2001/5952/5952 2002/5954/5954
f 2005/5955/5955 2003/5956/5956 2006/5957/5957
f 2006/5957/5957 2003/5956/5956 2004/5958/5958
f 2007/5959/5959 2005/5960/5960 2008/5961/5961
f 2008/5961/5961 2005/5960/5960 2006/5962/5962
f 2009/5963/5963 2007/5964/5964 2010/5965/5965
f 2010/5965/5965 2007/5964/5964 2008/5966/5966
f 2011/5967/5967 2009/5968/5968 2012/5969/5969
f 2012/5969/5969 2009/5968/5968 2010/5970/5970
f 2013/5971/5971 2011/5972/5972 2014/5973/5973
f 2014/5973/5973 2011/5972/5972 2012/5974/5974
f 1952/5975/5975 2013/5976/5976 1953/5977/5977
f 1953/5977/5977 2013/5976/5976 2014/5978/5978
f 2015/5979/5979 2016/5980/5980 2018/5981/5981
f 2018/5981/5981 2016/5980/5980 2017/5982/5982
f 2019/5983/5983 2015/5984/5984 2020/5985/5985
f 2020/5985/5985 2015/5984/5984 2018/5986/5986
f 2021/5987/5987 2019/5988/5988 2022/5989/5989
f 2022/5989/5989 2019/5988/5988 2020/5990/5990
f 2023/5991/5991 2021/5992/5992 2024/5993/5993
f 2024/5993/5993 2021/5992/5992 2022/5994/5994
f 2025/5995/5995 2023/5996/5996 2026/5997/5997
f 2026/5997/5997 2023/5996/5996 2024/5998/5998
f 2027/5999/5999 2025/6000/6000 2028/6001/6001
f 2028/6001/6001 2025/6000/6000 2026/6002/6002
f 2029/6003/6003 2027/6004/6004 2030/6005/6005
f 2030/6005/6005 2027/6004/6004 2028/6006/6006
f 2031/6007/6007 2029/6008/6008 2032/6009/6009
f 2032/6009/6009 2029/6008/6008 2030/6010/6010
f 2033/6011/6011 2031/6012/6012 2034/6013/6013
f 2034/6013/6013 2031/6012/6012 2032/6014/6014
f 2035/6015/6015 2033/6016/6016 2036/6017/6017
f 2036/6017/6017 2033/6016/6016 2034/6018/6018
f 2037/6019/6019 2035/6020/6020 2038/6021/6021
f 2038/6021/6021 2035/6020/6020 2036/6022/6022
f 2039/6023/6023 2037/6024/6024 2040/6025/6025
f 2040/6025/6025 2037/6024/6024 2038/6026/6026
f 2041/6027/6027 2039/6028/6028 2042/6029/6029
f 2042/6029/6029 2039/6028/6028 2040/6030/6030
f 2043/6031/6031 2041/6032/6032 2044/6033/6033
f 2044/6033/6033 2041/6032/6032 2042/6034/6034
f 2045/6035/6035 2043/6036/6036 2046/6037/6037
f 2046/6037/6037 2043/6036/6036 2044/6038/6038
f 2047/6039/6039 2045/6040/6040 2048/6041/6041
f 2048/6041/6041 2045/6040/6040 2046/6042/6042
f 2049/6043/6043 2047/6044/6044 2050/6045/6045
f 2050/6045/6045 2047/6044/6044 2048/6046/6046
f 2051/6047/6047 2049/6048/6048 2052/6049/6049
f 2052/6049/6049 2049/6048/6048 2050/6050/6050
f 2053/6051/6051 2051/6052/6052 2054/6053/6053
f 2054/6053/6053 2051/6052/6052 2052/6054/6054
f 2055/6055/6055 2053/6056/6056 2056/6057/6057
f 2056/6057/6057 2053/6056/6056 2054/6058/6058
f 2057/6059/6059 2055/6060/6060 2058/6061/6061
f 2058/6061/6061 2055/6060/6060 2056/6062/6062
f 2059/6063/6063 2057/6064/6064 2060/6065/6065
f 2060/6065/6065 2057/6064/6064 2058/6066/6066
f 2061/6067/6067 2059/6068/6068 2062/6069/6069
f 2062/6069/6069 2059/6068/6068 2060/6070/6070
f 2063/6071/6071 2061/6072/6072 2064/6073/6073
f 2064/6073/6073 2061/6072/6072 2062/6074/6074
f 2065/6075/6075 2063/6076/6076 2066/6077/6077
f 2066/6077/6077 2063/6076/6076 2064/6078/6078
f 2067/6079/6079 2065/6080/6080 2068/6081/6081
f 2068/6081/6081 2065/6080/6080 2066/6082/6082
f 2069/6083/6083 2067/6084/6084 2070/6085/6085
f 2070/6085/6085 2067/6084/6084 2068/6086/6086
f 2071/6087/6087 2069/6088/6088 2072/6089/6089
f 2072/6089/6089 2069/6088/6088 2070/6090/6090
f 2073/6091/6091 2071/6092/6092 2074/6093/6093
f 2074/6093/6093 2071/6092/6092 2072/6094/6094
f 2075/6095/6095 2073/6096/6096 2076/6097/6097
f 2076/6097/6097 2073/6096/6096 2074/6098/6098
f 2077/6099/6099 2075/6100/6100 2078/6101/6101
f 2078/6101/6101 2075/6100/6100 2076/6102/6102
f 2079/6103/6103 2077/6104/6104 2080/6105/6105
f 2080/6105/6105 2077/6104/6104 2078/6106/6106
f 2081/6107/6107 2079/6108/6108 2082/6109/6109
f 2082/6109/6109 2079/6108/6108 2080/6110/6110
f 2083/6111/6111 2081/6112/6112 2084/6113/6113
f 2084/6113/6113 2081/6112/6112 2082/6114/6114
f 2085/6115/6115 2083/6116/6116 2086/6117/6117
f 2086/6117/6117 2083/6116/6116 2084/6118/6118
f 2087/6119/6119 2085/6120/6120 2088/6121/6121
f 2088/6121/6121 2085/6120/6120 2086/6122/6122
f 2089/6123/6123 2087/6124/6124 2090/6125/6125
f 2090/6125/6125 2087/6124/6124 2088/6126/6126
f 2091/6127/6127 2089/6128/6128 2092/6129/6129
f 2092/6129/6129 2089/6128/6128 2090/6130/6130
f 2093/6131/6131 2091/6132/6132 2094/6133/6133
f 2094/6133/6133 2091/6132/6132 2092/6134/6134
f 2095/6135/6135 2093/6136/6136 2096/6137/6137
f 2096/6137/6137 2093/6136/6136 2094/6138/6138
f 2097/6139/6139 2095/6140/6140 2098/6141/6141
f 2098/6141/6141 2095/6140/6140 2096/6142/6142
f 2099/6143/6143 2097/6144/6144 2100/6145/6145
f 2100/6145/6145 2097/6144/6144 2098/6146/6146
f 2101/6147/6147 2099/6148/6148 2102/6149/6149
f 2102/6149/6149 2099/6148/6148 2100/6150/6150
f 2103/6151/6151 2101/6152/6152 2104/6153/6153
f 2104/6153/6153 2101/6152/6152 2102/6154/6154
f 2105/6155/6155 2103/6156/6156 2106/6157/6157
f 2106/6157/6157 2103/6156/6156 2104/6158/6158
f 2107/6159/6159 2105/6160/6160 2108/6161/6161
f 2108/6161/6161 2105/6160/6160 2106/6162/6162
f 2109/6163/6163 2107/6164/6164 2110/6165/6165
f 2110/6165/6165 2107/6164/6164 2108/6166/6166
f 2111/6167/6167 2109/6168/6168 2112/6169/6169
f 2112/6169/6169 2109/6168/6168 2110/6170/6170
f 2113/6171/6171 2111/6172/6172 2114/6173/6173
f 2114/6173/6173 2111/6172/6172 2112/6174/6174
f 2115/6175/6175 2113/6176/6176 2116/6177/6177
f 2116/6177/6177 2113/6176/6176 2114/6178/6178
f 2117/6179/6179 2115/6180/6180 2118/6181/6181
f 2118/6181/6181 2115/6180/6180 2116/6182/6182
f 2119/6183/6183 2117/6184/6184 2120/6185/6185
f 2120/6185/6185 2117/6184/6184 2118/6186/6186
f 2121/6187/6187 2119/6188/6188 2122/6189/6189
f 2122/6189/6189 2119/6188/6188 2120/6190/6190
f 2123/6191/6191 2121/6192/6192 2124/6193/6193
f 2124/6193/6193 2121/6192/6192 2122/6194/6194
f 2125/6195/6195 2123/6196/6196 2126/6197/6197
f 2126/6197/6197 2123/6196/6196 2124/6198/6198
f 2127/6199/6199 2125/6200/6200 2128/6201/6201
f 2128/6201/6201 2125/6200/6200 2126/6202/6202
f 2129/6203/6203 2127/6204/6204 2130/6205/6205
f 2130/6205/6205 2127/6204/6204 2128/6206/6206
f 2131/6207/6207 2129/6208/6208 2132/6209/6209
f 2132/6209/6209 2129/6208/6208 2130/6210/6210
f 2133/6211/6211 2131/6212/6212 2134/6213/6213
f 2134/6213/6213 2131/6212/6212 2132/6214/6214
f 2135/6215/6215 2133/6216/6216 2136/6217/6217
f 2136/6217/6217 2133/6216/6216 2134/6218/6218
f 2137/6219/6219 2135/6220/6220 2138/6221/6221
f 2138/6221/6221 2135/6220/6220 2136/6222/6222
f 2139/6223/6223 2137/6224/6224 2140/6225/6225
f 2140/6225/6225 2137/6224/6224 2138/6226/6226
f 2141/6227/6227 2139/6228/6228 2142/6229/6229
f 2142/6229/6229 2139/6228/6228 2140/6230/6230
f 2143/6231/6231 2141/6232/6232 2144/6233/6233
f 2144/6233/6233 2141/6232/6232 2142/6234/6234
f 2145/6235/6235 2143/6236/6236 2146/6237/6237
f 2146/6237/6237 2143/6236/6236 2144/6238/6238
f 2147/6239/6239 2145/6240/6240 2148/6241/6241
f 2148/6241/6241 2145/6240/6240 2146/6242/6242
f 2149/6243/6243 2147/6244/6244 2150/6245/6245
f 2150/6245/6245 2147/6244/6244 2148/6246/6246
f 2151/6247/6247 2149/6248/6248 2152/6249/6249
f 2152/6249/6249 2149/6248/6248 2150/6250/6250
f 2153/6251/6251 2151/6252/6252 2154/6253/6253
f 2154/6253/6253 2151/6252/6252 2152/6254/6254
f 2155/6255/6255 2153/6256/6256 2156/6257/6257
f 2156/6257/6257 2153/6256/6256 2154/6258/6258
f 2157/6259/6259 2155/6260/6260 2158/6261/6261
f 2158/6261/6261 2155/6260/6260 2156/6262/6262
f 2159/6263/6263 2157/6264/6264 2160/6265/6265
f 2160/6265/6265 2157/6264/6264 2158/6266/6266
f 2161/6267/6267 2159/6268/6268 2162/6269/6269
f 2162/6269/6269 2159/6268/6268 2160/6270/6270
f 2163/6271/6271 2161/6272/6272 2164/6273/6273
f 2164/6273/6273 2161/6272/6272 2162/6274/6274
f 2165/6275/6275 2163/6276/6276 2166/6277/6277
f 2166/6277/6277 2163/6276/6276 2164/6278/6278
f 2167/6279/6279 2165/6280/6280 2168/6281/6281
f 2168/6281/6281 2165/6280/6280 2166/6282/6282
f 2169/6283/6283 2167/6284/6284 2170/6285/6285
f 2170/6285/6285 2167/6284/6284 2168/6286/6286
f 2171/6287/6287 2169/6288/6288 2172/6289/6289
f 2172/6289/6289 2169/6288/6288 2170/6290/6290
f 2173/6291/6291 2171/6292/6292 2174/6293/6293
f 2174/6293/6293 2171/6292/6292 2172/6294/6294
f 2175/6295/6295 2173/6296/6296 2176/6297/6297
f 2176/6297/6297 2173/6296/6296 2174/6298/6298
f 2177/6299/6299 2175/6300/6300 2178/6301/6301
f 2178/6301/6301 2175/6300/6300 2176/6302/6302
f 2179/6303/6303 2177/6304/6304 2180/6305/6305
f 2180/6305/6305 2177/6304/6304 2178/6306/6306
f 2181/6307/6307 2179/6308/6308 2182/6309/6309
f 2182/6309/6309 2179/6308/6308 2180/6310/6310
f 2183/6311/6311 2181/6312/6312 2184/6313/6313
f 2184/6313/6313 2181/6312/6312 2182/6314/6314
f 2185/6315/6315 2183/6316/6316 2186/6317/6317
f 2186/6317/6317 2183/6316/6316 2184/6318/6318
f 2187/6319/6319 2185/6320/6320 2188/6321/6321
f 2188/6321/6321 2185/6320/6320 2186/6322/6322
f 2189/6323/6323 2187/6324/6324 2190/6325/6325
f 2190/6325/6325 2187/6324/6324 2188/6326/6326
f 2191/6327/6327 2189/6328/6328 2192/6329/6329
f 2192/6329/6329 2189/6328/6328 2190/6330/6330
f 2193/6331/6331 2191/6332/6332 2194/6333/6333
f 2194/6333/6333 2191/6332/6332 2192/6334/6334
f 2195/6335/6335 2193/6336/6336 2196/6337/6337
f 2196/6337/6337 2193/6336/6336 2194/6338/6338
f 2197/6339/6339 2195/6340/6340 2198/6341/6341
f 2198/6341/6341 2195/6340/6340 2196/6342/6342
f 2199/6343/6343 2197/6344/6344 2200/6345/6345
f 2200/6345/6345 2197/6344/6344 2198/6346/6346
f 2201/6347/6347 2199/6348/6348 2202/6349/6349
f 2202/6349/6349 2199/6348/6348 2200/6350/6350
f 2203/6351/6351 2201/6352/6352 2204/6353/6353
f 2204/6353/6353 2201/6352/6352 2202/6354/6354
f 2205/6355/6355 2203/6356/6356 2206/6357/6357
f 2206/6357/6357 2203/6356/6356 2204/6358/6358
f 2207/6359/6359 2205/6360/6360 2208/6361/6361
f 2208/6361/6361 2205/6360/6360 2206/6362/6362
f 2209/6363/6363 2207/6364/6364 2210/6365/6365
f 2210/6365/6365 2207/6364/6364 2208/6366/6366
f 2016/6367/6367 2209/6368/6368 2017/6369/6369
f 2017/6369/6369 2209/6368/6368 2210/6370/6370
f 2014/6371/6371 2198/6372/6372 1953/6373/6373
f 1953/6373/6373 2198/6372/6372 2196/6374/6374
f 1953/6373/6373 2196/6374/6374 1954/6375/6375
f 1954/6375/6375 2196/6374/6374 2194/6376/6376
f 1954/6375/6375 2194/6376/6376 1956/6377/6377
f 1956/6377/6377 2194/6376/6376 2192/6378/6378
f 1956/6377/6377 2192/6378/6378 1958/6379/6379
f 1958/6379/6379 2192/6378/6378 1960/6380/6380
f 1960/6380/6380 2192/6378/6378 2190/6381/6381
f 1960/6380/6380 2190/6381/6381 1962/6382/6382
f 1962/6382/6382 2190/6381/6381 2188/6383/6383
f 1962/6382/6382 2188/6383/6383 1964/6384/6384
f 1964/6384/6384 2188/6383/6383 2186/6385/6385
f 1964/6384/6384 2186/6385/6385 2184/6386/6386
f 2198/6372/6372 2014/6371/6371 2200/6387/6387
f 2200/6387/6387 2014/6371/6371 2012/6388/6388
f 2200/6387/6387 2012/6388/6388 2202/6389/6389
f 2202/6389/6389 2012/6388/6388 2010/6390/6390
f 2202/6389/6389 2010/6390/6390 2204/6391/6391
f 2204/6391/6391 2010/6390/6390 2206/6392/6392
f 2206/6392/6392 2010/6390/6390 2008/6393/6393
f 2206/6392/6392 2008/6393/6393 2208/6394/6394
f 2208/6394/6394 2008/6393/6393 2006/6395/6395
f 2208/6394/6394 2006/6395/6395 2210/6396/6396
f 2210/6396/6396 2006/6395/6395 2004/6397/6397
f 2210/6396/6396 2004/6397/6397 2017/6398/6398
f 2017/6398/6398 2004/6397/6397 2018/6399/6399
f 2018/6399/6399 2004/6397/6397 2002/6400/6400
f 2018/6399/6399 2002/6400/6400 2020/6401/6401
f 2020/6401/6401 2002/6400/6400 2000/6402/6402
f 2020/6401/6401 2000/6402/6402 2022/6403/6403
f 2022/6403/6403 2000/6402/6402 1998/6404/6404
f 2022/6403/6403 1998/6404/6404 1996/6405/6405
f 2022/6403/6403 1996/6405/6405 2024/6406/6406
f 2024/6406/6406 1996/6405/6405 1994/6407/6407
f 2024/6406/6406 1994/6407/6407 2026/6408/6408
f 2026/6408/6408 1994/6407/6407 1992/6409/6409
f 2026/6408/6408 1992/6409/6409 2028/6410/6410
f 2028/6410/6410 1992/6409/6409 1990/6411/6411
f 2028/6410/6410 1990/6411/6411 1988/6412/6412
f 2028/6410/6410 1988/6412/6412 2030/6413/6413
f 2030/6413/6413 1988/6412/6412 1986/6414/6414
f 2030/6413/6413 1986/6414/6414 2032/6415/6415
f 2032/6415/6415 1986/6414/6414 1984/6416/6416
f 2032/6415/6415 1984/6416/6416 1982/6417/6417
f 1980/6418/6418 2156/6419/6419 1982/6417/6417
f 1982/6417/6417 2156/6419/6419 2154/6420/6420
f 1982/6417/6417 2154/6420/6420 2032/6415/6415
f 2032/6415/6415 2154/6420/6420 2152/6421/6421
f 2032/6415/6415 2152/6421/6421 2034/6422/6422
f 2034/6422/6422 2152/6421/6421 2150/6423/6423
f 2034/6422/6422 2150/6423/6423 2148/6424/6424
f 1978/6425/6425 2160/6426/6426 1980/6418/6418
f 1980/6418/6418 2160/6426/6426 2158/6427/6427
f 1980/6418/6418 2158/6427/6427 2156/6419/6419
f 1976/6428/6428 2164/6429/6429 1978/6425/6425
f 1978/6425/6425 2164/6429/6429 2162/6430/6430
f 1978/6425/6425 2162/6430/6430 2160/6426/6426
f 2164/6429/6429 1976/6428/6428 2166/6431/6431
f 2166/6431/6431 1976/6428/6428 1974/6432/6432
f 2166/6431/6431 1974/6432/6432 2168/6433/6433
f 2168/6433/6433 1974/6432/6432 1972/6434/6434
f 2168/6433/6433 1972/6434/6434 2170/6435/6435
f 2170/6435/6435 1972/6434/6434 2172/6436/6436
f 2172/6436/6436 1972/6434/6434 1970/6437/6437
f 2172/6436/6436 1970/6437/6437 2174/6438/6438
f 2174/6438/6438 1970/6437/6437 2176/6439/6439
f 2176/6439/6439 1970/6437/6437 2178/6440/6440
f 2178/6440/6440 1970/6437/6437 1968/6441/6441
f 2178/6440/6440 1968/6441/6441 2180/6442/6442
f 2180/6442/6442 1968/6441/6441 1966/6443/6443
f 2180/6442/6442 1966/6443/6443 2182/6444/6444
f 2182/6444/6444 1966/6443/6443 2184/6386/6386
f 2184/6386/6386 1966/6443/6443 1964/6384/6384
f 2034/6422/6422 2148/6424/6424 2036/6445/6445
f 2036/6445/6445 2148/6424/6424 2146/6446/6446
f 2036/6445/6445 2146/6446/6446 2038/6447/6447
f 2038/6447/6447 2146/6446/6446 2144/6448/6448
f 2038/6447/6447 2144/6448/6448 2040/6449/6449
f 2040/6449/6449 2144/6448/6448 2142/6450/6450
f 2040/6449/6449 2142/6450/6450 2042/6451/6451
f 2042/6451/6451 2142/6450/6450 2056/6452/6452
f 2042/6451/6451 2056/6452/6452 2044/6453/6453
f 2044/6453/6453 2056/6452/6452 2054/6454/6454
f 2044/6453/6453 2054/6454/6454 2046/6455/6455
f 2046/6455/6455 2054/6454/6454 2052/6456/6456
f 2046/6455/6455 2052/6456/6456 2048/6457/6457
f 2048/6457/6457 2052/6456/6456 2050/6458/6458
f 2140/6459/6459 2106/6460/6460 2142/6450/6450
f 2142/6450/6450 2106/6460/6460 2058/6461/6461
f 2142/6450/6450 2058/6461/6461 2056/6452/6452
f 2138/6462/6462 2112/6463/6463 2140/6459/6459
f 2140/6459/6459 2112/6463/6463 2110/6464/6464
f 2140/6459/6459 2110/6464/6464 2108/6465/6465
f 2136/6466/6466 2120/6467/6467 2138/6462/6462
f 2138/6462/6462 2120/6467/6467 2118/6468/6468
f 2138/6462/6462 2118/6468/6468 2116/6469/6469
f 2134/6470/6470 2126/6471/6471 2136/6466/6466
f 2136/6466/6466 2126/6471/6471 2124/6472/6472
f 2136/6466/6466 2124/6472/6472 2122/6473/6473
f 2134/6470/6470 2132/6474/6474 2126/6471/6471
f 2126/6471/6471 2132/6474/6474 2128/6475/6475
f 2128/6475/6475 2132/6474/6474 2130/6476/6476
f 2122/6473/6473 2120/6467/6467 2136/6466/6466
f 2116/6469/6469 2114/6477/6477 2138/6462/6462
f 2138/6462/6462 2114/6477/6477 2112/6463/6463
f 2108/6465/6465 2106/6460/6460 2140/6459/6459
f 2106/6460/6460 2104/6478/6478 2058/6461/6461
f 2058/6461/6461 2104/6478/6478 2102/6479/6479
f 2058/6461/6461 2102/6479/6479 2060/6480/6480
f 2060/6480/6480 2102/6479/6479 2100/6481/6481
f 2060/6480/6480 2100/6481/6481 2098/6482/6482
f 2060/6480/6480 2098/6482/6482 2062/6483/6483
f 2062/6483/6483 2098/6482/6482 2096/6484/6484
f 2062/6483/6483 2096/6484/6484 2094/6485/6485
f 2062/6483/6483 2094/6485/6485 2064/6486/6486
f 2064/6486/6486 2094/6485/6485 2092/6487/6487
f 2064/6486/6486 2092/6487/6487 2090/6488/6488
f 2090/6488/6488 2088/6489/6489 2064/6486/6486
f 2064/6486/6486 2088/6489/6489 2086/6490/6490
f 2064/6486/6486 2086/6490/6490 2084/6491/6491
f 2084/6491/6491 2082/6492/6492 2064/6486/6486
f 2064/6486/6486 2082/6492/6492 2080/6493/6493
f 2064/6486/6486 2080/6493/6493 2078/6494/6494
f 2078/6494/6494 2076/6495/6495 2064/6486/6486
f 2064/6486/6486 2076/6495/6495 2074/6496/6496
f 2064/6486/6486 2074/6496/6496 2072/6497/6497
f 2072/6497/6497 2070/6498/6498 2064/6486/6486
f 2064/6486/6486 2070/6498/6498 2066/6499/6499
f 2066/6499/6499 2070/6498/6498 2068/6500/6500
f 1952/6501/6501 2197/6502/6502 2013/6503/6503
f 2013/6503/6503 2197/6502/6502 2199/6504/6504
f 2013/6503/6503 2199/6504/6504 2011/6505/6505
f 2011/6505/6505 2199/6504/6504 2201/6506/6506
f 2011/6505/6505 2201/6506/6506 2009/6507/6507
f 2009/6507/6507 2201/6506/6506 2203/6508/6508
f 2009/6507/6507 2203/6508/6508 2205/6509/6509
f 2197/6502/6502 1952/6501/6501 2195/6510/6510
f 2195/6510/6510 1952/6501/6501 1951/6511/6511
f 2195/6510/6510 1951/6511/6511 2193/6512/6512
f 2193/6512/6512 1951/6511/6511 1955/6513/6513
f 2193/6512/6512 1955/6513/6513 2191/6514/6514
f 2191/6514/6514 1955/6513/6513 1957/6515/6515
f 2191/6514/6514 1957/6515/6515 1959/6516/6516
f 2191/6514/6514 1959/6516/6516 2189/6517/6517
f 2189/6517/6517 1959/6516/6516 1961/6518/6518
f 2189/6517/6517 1961/6518/6518 2187/6519/6519
f 2187/6519/6519 1961/6518/6518 1963/6520/6520
f 2187/6519/6519 1963/6520/6520 2185/6521/6521
f 2185/6521/6521 1963/6520/6520 2183/6522/6522
f 2183/6522/6522 1963/6520/6520 1965/6523/6523
f 2183/6522/6522 1965/6523/6523 2181/6524/6524
f 2181/6524/6524 1965/6523/6523 2179/6525/6525
f 2179/6525/6525 1965/6523/6523 1967/6526/6526
f 2179/6525/6525 1967/6526/6526 2177/6527/6527
f 2177/6527/6527 1967/6526/6526 1969/6528/6528
f 2177/6527/6527 1969/6528/6528 2175/6529/6529
f 2175/6529/6529 1969/6528/6528 2173/6530/6530
f 2173/6530/6530 1969/6528/6528 2171/6531/6531
f 2171/6531/6531 1969/6528/6528 1971/6532/6532
f 2171/6531/6531 1971/6532/6532 2169/6533/6533
f 2169/6533/6533 1971/6532/6532 2167/6534/6534
f 2167/6534/6534 1971/6532/6532 1973/6535/6535
f 2167/6534/6534 1973/6535/6535 2165/6536/6536
f 2165/6536/6536 1973/6535/6535 1975/6537/6537
f 2165/6536/6536 1975/6537/6537 2163/6538/6538
f 2163/6538/6538 1975/6537/6537 1977/6539/6539
f 2163/6538/6538 1977/6539/6539 2161/6540/6540
f 2161/6540/6540 1977/6539/6539 2159/6541/6541
f 2159/6541/6541 1977/6539/6539 1979/6542/6542
f 2159/6541/6541 1979/6542/6542 2157/6543/6543
f 2157/6543/6543 1979/6542/6542 2155/6544/6544
f 2155/6544/6544 1979/6542/6542 1981/6545/6545
f 2155/6544/6544 1981/6545/6545 2153/6546/6546
f 2153/6546/6546 1981/6545/6545 2031/6547/6547
f 2153/6546/6546 2031/6547/6547 2151/6548/6548
f 2151/6548/6548 2031/6547/6547 2033/6549/6549
f 2151/6548/6548 2033/6549/6549 2149/6550/6550
f 2149/6550/6550 2033/6549/6549 2147/6551/6551
f 2147/6551/6551 2033/6549/6549 2035/6552/6552
f 2147/6551/6551 2035/6552/6552 2145/6553/6553
f 2145/6553/6553 2035/6552/6552 2037/6554/6554
f 2145/6553/6553 2037/6554/6554 2143/6555/6555
f 2143/6555/6555 2037/6554/6554 2039/6556/6556
f 2143/6555/6555 2039/6556/6556 2141/6557/6557
f 2141/6557/6557 2039/6556/6556 2041/6558/6558
f 2141/6557/6557 2041/6558/6558 2055/6559/6559
f 2055/6559/6559 2041/6558/6558 2043/6560/6560
f 2055/6559/6559 2043/6560/6560 2053/6561/6561
f 2053/6561/6561 2043/6560/6560 2045/6562/6562
f 2053/6561/6561 2045/6562/6562 2051/6563/6563
f 2051/6563/6563 2045/6562/6562 2047/6564/6564
f 2051/6563/6563 2047/6564/6564 2049/6565/6565
f 1981/6545/6545 1983/6566/6566 2031/6547/6547
f 2031/6547/6547 1983/6566/6566 1985/6567/6567
f 2031/6547/6547 1985/6567/6567 2029/6568/6568
f 2029/6568/6568 1985/6567/6567 1987/6569/6569
f 2029/6568/6568 1987/6569/6569 2027/6570/6570
f 2027/6570/6570 1987/6569/6569 1989/6571/6571
f 2027/6570/6570 1989/6571/6571 1991/6572/6572
f 2027/6570/6570 1991/6572/6572 2025/6573/6573
f 2025/6573/6573 1991/6572/6572 1993/6574/6574
f 2025/6573/6573 1993/6574/6574 2023/6575/6575
f 2023/6575/6575 1993/6574/6574 1995/6576/6576
f 2023/6575/6575 1995/6576/6576 2021/6577/6577
f 2021/6577/6577 1995/6576/6576 1997/6578/6578
f 2021/6577/6577 1997/6578/6578 1999/6579/6579
f 2021/6577/6577 1999/6579/6579 2019/6580/6580
f 2019/6580/6580 1999/6579/6579 2001/6581/6581
f 2019/6580/6580 2001/6581/6581 2015/6582/6582
f 2015/6582/6582 2001/6581/6581 2003/6583/6583
f 2015/6582/6582 2003/6583/6583 2016/6584/6584
f 2016/6584/6584 2003/6583/6583 2209/6585/6585
f 2209/6585/6585 2003/6583/6583 2005/6586/6586
f 2209/6585/6585 2005/6586/6586 2207/6587/6587
f 2207/6587/6587 2005/6586/6586 2007/6588/6588
f 2207/6587/6587 2007/6588/6588 2205/6509/6509
f 2205/6509/6509 2007/6588/6588 2009/6507/6507
f 2055/6559/6559 2057/6589/6589 2141/6557/6557
f 2141/6557/6557 2057/6589/6589 2105/6590/6590
f 2141/6557/6557 2105/6590/6590 2139/6591/6591
f 2139/6591/6591 2105/6590/6590 2107/6592/6592
f 2139/6591/6591 2107/6592/6592 2109/6593/6593
f 2059/6594/6594 2101/6595/6595 2057/6589/6589
f 2057/6589/6589 2101/6595/6595 2103/6596/6596
f 2057/6589/6589 2103/6596/6596 2105/6590/6590
f 2061/6597/6597 2097/6598/6598 2059/6594/6594
f 2059/6594/6594 2097/6598/6598 2099/6599/6599
f 2059/6594/6594 2099/6599/6599 2101/6595/6595
f 2063/6600/6600 2093/6601/6601 2061/6597/6597
f 2061/6597/6597 2093/6601/6601 2095/6602/6602
f 2061/6597/6597 2095/6602/6602 2097/6598/6598
f 2065/6603/6603 2069/6604/6604 2063/6600/6600
f 2063/6600/6600 2069/6604/6604 2071/6605/6605
f 2063/6600/6600 2071/6605/6605 2073/6606/6606
f 2065/6603/6603 2067/6607/6607 2069/6604/6604
f 2073/6606/6606 2075/6608/6608 2063/6600/6600
f 2063/6600/6600 2075/6608/6608 2077/6609/6609
f 2063/6600/6600 2077/6609/6609 2079/6610/6610
f 2079/6610/6610 2081/6611/6611 2063/6600/6600
f 2063/6600/6600 2081/6611/6611 2083/6612/6612
f 2063/6600/6600 2083/6612/6612 2085/6613/6613
f 2085/6613/6613 2087/6614/6614 2063/6600/6600
f 2063/6600/6600 2087/6614/6614 2089/6615/6615
f 2063/6600/6600 2089/6615/6615 2091/6616/6616
f 2091/6616/6616 2093/6601/6601 2063/6600/6600
f 2109/6593/6593 2111/6617/6617 2139/6591/6591
f 2139/6591/6591 2111/6617/6617 2137/6618/6618
f 2137/6618/6618 2111/6617/6617 2113/6619/6619
f 2137/6618/6618 2113/6619/6619 2115/6620/6620
f 2115/6620/6620 2117/6621/6621 2137/6618/6618
f 2137/6618/6618 2117/6621/6621 2119/6622/6622
f 2137/6618/6618 2119/6622/6622 2135/6623/6623
f 2135/6623/6623 2119/6622/6622 2121/6624/6624
f 2135/6623/6623 2121/6624/6624 2123/6625/6625
f 2123/6625/6625 2125/6626/6626 2135/6623/6623
f 2135/6623/6623 2125/6626/6626 2133/6627/6627
f 2133/6627/6627 2125/6626/6626 2131/6628/6628
f 2131/6628/6628 2125/6626/6626 2127/6629/6629
f 2131/6628/6628 2127/6629/6629 2129/6630/6630
g blanco (3)

v 28.735180 -946.181550 0.000000
v 28.766610 -946.176920 0.000000
v 28.766610 -946.176920 0.060000
v 28.735180 -946.181550 0.060000
v 28.720620 -946.188120 0.000000
v 28.720620 -946.188120 0.060000
v 28.708980 -946.196490 0.000000
v 28.708980 -946.196490 0.060000
v 28.700130 -946.206350 0.000000
v 28.700130 -946.206350 0.060000
v 28.693900 -946.217380 0.000000
v 28.693900 -946.217380 0.060000
v 28.690150 -946.229260 0.000000
v 28.690150 -946.229260 0.060000
v 28.688730 -946.241680 0.000000
v 28.688730 -946.241680 0.060000
v 28.689490 -946.254310 0.000000
v 28.689490 -946.254310 0.060000
v 28.692270 -946.266840 0.000000
v 28.692270 -946.266840 0.060000
v 28.698080 -946.280830 0.000000
v 28.698080 -946.280830 0.060000
v 28.706110 -946.292560 0.000000
v 28.706110 -946.292560 0.060000
v 28.715950 -946.301960 0.000000
v 28.715950 -946.301960 0.060000
v 28.727210 -946.308990 0.000000
v 28.727210 -946.308990 0.060000
v 28.739480 -946.313570 0.000000
v 28.739480 -946.313570 0.060000
v 28.752370 -946.315650 0.000000
v 28.752370 -946.315650 0.060000
v 28.765480 -946.315170 0.000000
v 28.765480 -946.315170 0.060000
v 28.778410 -946.312070 0.000000
v 28.778410 -946.312070 0.060000
v 28.802350 -946.297480 0.000000
v 28.802350 -946.297480 0.060000
v 28.816960 -946.275920 0.000000
v 28.816960 -946.275920 0.060000
v 28.822710 -946.250630 0.000000
v 28.822710 -946.250630 0.060000
v 28.820080 -946.224850 0.000000
v 28.820080 -946.224850 0.060000
v 28.809530 -946.201810 0.000000
v 28.809530 -946.201810 0.060000
v 28.791550 -946.184750 0.000000
v 28.791550 -946.184750 0.060000
v 28.540150 -946.424520 0.000000
v 28.573910 -946.469060 0.000000
v 28.573910 -946.469060 0.060000
v 28.540150 -946.424520 0.060000
v 28.519230 -946.371740 0.000000
v 28.519230 -946.371740 0.060000
v 28.512890 -946.314410 0.000000
v 28.512890 -946.314410 0.060000
v 28.522870 -946.256220 0.000000
v 28.522870 -946.256220 0.060000
v 28.550920 -946.200860 0.000000
v 28.550920 -946.200860 0.060000
v 28.571110 -946.176350 0.000000
v 28.571110 -946.176350 0.060000
v 28.595810 -946.155270 0.000000
v 28.595810 -946.155270 0.060000
v 28.610470 -946.146170 0.000000
v 28.610470 -946.146170 0.060000
v 28.627010 -946.138130 0.000000
v 28.627010 -946.138130 0.060000
v 28.645670 -946.131200 0.000000
v 28.645670 -946.131200 0.060000
v 28.666700 -946.125450 0.000000
v 28.666700 -946.125450 0.060000
v 28.709580 -946.120620 0.000000
v 28.709580 -946.120620 0.060000
v 28.749250 -946.125620 0.000000
v 28.749250 -946.125620 0.060000
v 28.785140 -946.139140 0.000000
v 28.785140 -946.139140 0.060000
v 28.816690 -946.159820 0.000000
v 28.816690 -946.159820 0.060000
v 28.843330 -946.186340 0.000000
v 28.843330 -946.186340 0.060000
v 28.864470 -946.217370 0.000000
v 28.864470 -946.217370 0.060000
v 28.879570 -946.251570 0.000000
v 28.879570 -946.251570 0.060000
v 28.888030 -946.287610 0.000000
v 28.888030 -946.287610 0.060000
v 28.890030 -946.327700 0.000000
v 28.890030 -946.327700 0.060000
v 28.885230 -946.366100 0.000000
v 28.885230 -946.366100 0.060000
v 28.874000 -946.402020 0.000000
v 28.874000 -946.402020 0.060000
v 28.856730 -946.434650 0.000000
v 28.856730 -946.434650 0.060000
v 28.833790 -946.463210 0.000000
v 28.833790 -946.463210 0.060000
v 28.805560 -946.486890 0.000000
v 28.805560 -946.486890 0.060000
v 28.772420 -946.504900 0.000000
v 28.772420 -946.504900 0.060000
v 28.734750 -946.516440 0.000000
v 28.734750 -946.516440 0.060000
v 28.672950 -946.518710 0.000000
v 28.672950 -946.518710 0.060000
v 28.618760 -946.501690 0.000000
v 28.618760 -946.501690 0.060000
vt 0.000000 0.000000 0.000000
vt 0.031769 0.000000 0.000000
vt 0.000000 0.060000 0.000000
vt 0.031769 0.060000 0.000000
vt 0.000000 0.000000 0.000000
vt 0.015974 0.000000 0.000000
vt 0.000000 0.060000 0.000000
vt 0.015974 0.060000 0.000000
vt 0.000000 0.000000 0.000000
vt 0.014337 0.000000 0.000000
vt 0.000000 0.060000 0.000000
vt 0.014337 0.060000 0.000000
vt 0.000000 0.000000 0.000000
vt 0.013249 0.000000 0.000000
vt 0.000000 0.060000 0.000000
vt 0.013249 0.060000 0.000000
vt 0.000000 0.000000 0.000000
vt 0.012668 0.000000 0.000000
vt 0.000000 0.060000 0.000000
vt 0.012668 0.060000 0.000000
vt 0.000000 0.000000 0.000000
vt 0.012458 0.000000 0.000000
vt 0.000000 0.060000 0.000000
vt 0.012458 0.060000 0.000000
vt 0.000000 0.000000 0.000000
vt 0.012501 0.000000 0.000000
vt 0.000000 0.060000 0.000000
vt 0.012501 0.060000 0.000000
vt 0.000000 0.000000 0.000000
vt 0.012653 0.000000 0.000000
vt 0.000000 0.060000 0.000000
vt 0.012653 0.060000 0.000000
vt 0.000000 0.000000 0.000000
vt 0.012835 0.000000 0.000000
vt 0.000000 0.060000 0.000000
vt 0.012835 0.060000 0.000000
vt 0.000000 0.000000 0.000000
vt 0.015148 0.000000 0.000000
vt 0.000000 0.060000 0.000000
vt 0.015148 0.060000 0.000000
vt 0.000000 0.000000 0.000000
vt 0.014215 0.000000 0.000000
vt 0.000000 0.060000 0.000000
vt 0.014215 0.060000 0.000000
vt 0.000000 0.000000 0.000000
vt 0.013608 0.000000 0.000000
vt 0.000000 0.060000 0.000000
vt 0.013608 0.060000 0.000000
vt 0.000000 0.000000 0.000000
vt 0.013274 0.000000 0.000000
vt 0.000000 0.060000 0.000000
vt 0.013274 0.060000 0.000000
vt 0.000000 0.000000 0.000000
vt 0.013097 0.000000 0.000000
vt 0.000000 0.060000 0.000000
vt 0.013097 0.060000 0.000000
vt 0.000000 0.000000 0.000000
vt 0.013057 0.000000 0.000000
vt 0.000000 0.060000 0.000000
vt 0.013057 0.060000 0.000000
vt -0.000000 0.000000 0.000000
vt 0.013119 0.000000 0.000000
vt -0.000000 0.060000 0.000000
vt 0.013119 0.060000 0.000000
vt -0.000000 0.000000 0.000000
vt 0.013296 0.000000 0.000000
vt -0.000000 0.060000 0.000000
vt 0.013296 0.060000 0.000000
vt -0.000000 0.000000 0.000000
vt 0.028036 0.000000 0.000000
vt -0.000000 0.060000 0.000000
vt 0.028036 0.060000 0.000000
vt -0.000000 0.000000 0.000000
vt 0.026044 0.000000 0.000000
vt -0.000000 0.060000 0.000000
vt 0.026044 0.060000 0.000000
vt -0.000000 0.000000 0.000000
vt 0.025935 0.000000 0.000000
vt -0.000000 0.060000 0.000000
vt 0.025935 0.060000 0.000000
vt 0.000000 0.000000 0.000000
vt 0.025914 0.000000 0.000000
vt 0.000000 0.060000 0.000000
vt 0.025914 0.060000 0.000000
vt 0.000000 0.000000 0.000000
vt 0.025341 0.000000 0.000000
vt 0.000000 0.060000 0.000000
vt 0.025341 0.060000 0.000000
vt 0.000000 0.000000 0.000000
vt 0.024786 0.000000 0.000000
vt 0.000000 0.060000 0.000000
vt 0.024786 0.060000 0.000000
vt 0.000000 0.000000 0.000000
vt 0.026140 0.000000 0.000000
vt 0.000000 0.060000 0.000000
vt 0.026140 0.060000 0.000000
vt 0.000000 0.000000 0.000000
vt 0.055889 0.000000 0.000000
vt 0.000000 0.060000 0.000000
vt 0.055889 0.060000 0.000000
vt 0.000000 0.000000 0.000000
vt 0.056775 0.000000 0.000000
vt 0.000000 0.060000 0.000000
vt 0.056775 0.060000 0.000000
vt 0.000000 0.000000 0.000000
vt 0.057679 0.000000 0.000000
vt 0.000000 0.060000 0.000000
vt 0.057679 0.060000 0.000000
vt -0.000000 0.000000 0.000000
vt 0.059040 0.000000 0.000000
vt -0.000000 0.060000 0.000000
vt 0.059040 0.060000 0.000000
vt -0.000000 0.000000 0.000000
vt 0.062061 0.000000 0.000000
vt -0.000000 0.060000 0.000000
vt 0.062061 0.060000 0.000000
vt -0.000000 0.000000 0.000000
vt 0.031755 0.000000 0.000000
vt -0.000000 0.060000 0.000000
vt 0.031755 0.060000 0.000000
vt -0.000000 0.000000 0.000000
vt 0.032472 0.000000 0.000000
vt -0.000000 0.060000 0.000000
vt 0.032472 0.060000 0.000000
vt -0.000000 0.000000 0.000000
vt 0.017255 0.000000 0.000000
vt -0.000000 0.060000 0.000000
vt 0.017255 0.060000 0.000000
vt -0.000000 0.000000 0.000000
vt 0.018391 0.000000 0.000000
vt -0.000000 0.060000 0.000000
vt 0.018391 0.060000 0.000000
vt -0.000000 0.000000 0.000000
vt 0.019905 0.000000 0.000000
vt -0.000000 0.060000 0.000000
vt 0.019905 0.060000 0.000000
vt -0.000000 0.000000 0.000000
vt 0.021802 0.000000 0.000000
vt -0.000000 0.060000 0.000000
vt 0.021802 0.060000 0.000000
vt -0.000000 0.000000 0.000000
vt 0.043151 0.000000 0.000000
vt -0.000000 0.060000 0.000000
vt 0.043151 0.060000 0.000000
vt 0.000000 0.000000 0.000000
vt 0.039984 0.000000 0.000000
vt 0.000000 0.060000 0.000000
vt 0.039984 0.060000 0.000000
vt 0.000000 0.000000 0.000000
vt 0.038352 0.000000 0.000000
vt 0.000000 0.060000 0.000000
vt 0.038352 0.060000 0.000000
vt 0.000000 0.000000 0.000000
vt 0.037724 0.000000 0.000000
vt 0.000000 0.060000 0.000000
vt 0.037724 0.060000 0.000000
vt 0.000000 0.000000 0.000000
vt 0.037590 0.000000 0.000000
vt 0.000000 0.060000 0.000000
vt 0.037590 0.060000 0.000000
vt 0.000000 0.000000 0.000000
vt 0.037547 0.000000 0.000000
vt 0.000000 0.060000 0.000000
vt 0.037547 0.060000 0.000000
vt 0.000000 0.000000 0.000000
vt 0.037385 0.000000 0.000000
vt 0.000000 0.060000 0.000000
vt 0.037385 0.060000 0.000000
vt 0.000000 0.000000 0.000000
vt 0.037020 0.000000 0.000000
vt 0.000000 0.060000 0.000000
vt 0.037020 0.060000 0.000000
vt 0.000000 0.000000 0.000000
vt 0.040140 0.000000 0.000000
vt 0.000000 0.060000 0.000000
vt 0.040140 0.060000 0.000000
vt 0.000000 0.000000 0.000000
vt 0.038699 0.000000 0.000000
vt 0.000000 0.060000 0.000000
vt 0.038699 0.060000 0.000000
vt 0.000000 0.000000 0.000000
vt 0.037635 0.000000 0.000000
vt 0.000000 0.060000 0.000000
vt 0.037635 0.060000 0.000000
vt 0.000000 0.000000 0.000000
vt 0.036918 0.000000 0.000000
vt 0.000000 0.060000 0.000000
vt 0.036918 0.060000 0.000000
vt 0.000000 0.000000 0.000000
vt 0.036632 0.000000 0.000000
vt 0.000000 0.060000 0.000000
vt 0.036632 0.060000 0.000000
vt 0.000000 0.000000 0.000000
vt 0.036847 0.000000 0.000000
vt 0.000000 0.060000 0.000000
vt 0.036847 0.060000 0.000000
vt 0.000000 0.000000 0.000000
vt 0.037718 0.000000 0.000000
vt 0.000000 0.060000 0.000000
vt 0.037718 0.060000 0.000000
vt 0.000000 0.000000 0.000000
vt 0.039398 0.000000 0.000000
vt 0.000000 0.060000 0.000000
vt 0.039398 0.060000 0.000000
vt 0.000000 0.000000 0.000000
vt 0.061842 0.000000 0.000000
vt 0.000000 0.060000 0.000000
vt 0.061842 0.060000 0.000000
vt 0.000000 0.000000 0.000000
vt 0.056800 0.000000 0.000000
vt 0.000000 0.060000 0.000000
vt 0.056800 0.060000 0.000000
vt 0.000000 0.000000 0.000000
vt 0.055464 0.000000 0.000000
vt 0.000000 0.060000 0.000000
vt 0.055464 0.060000 0.000000
vt 0.090090 0.134915 0.000000
vt 0.083680 0.180525 0.000000
vt 0.065150 0.142745 0.000000
vt 0.047790 0.194045 0.000000
vt 0.033720 0.138115 0.000000
vt 0.008120 0.199045 0.000000
vt 0.019160 0.131545 0.000000
vt 0.007520 0.123175 0.000000
vt -0.034760 0.194215 0.000000
vt -0.001330 0.113315 0.000000
vt -0.055790 0.188465 0.000000
vt -0.074450 0.181535 0.000000
vt 0.115230 0.159845 0.000000
vt 0.108070 0.117855 0.000000
vt 0.141870 0.133325 0.000000
vt 0.118620 0.094815 0.000000
vt 0.163010 0.102295 0.000000
vt 0.121250 0.069035 0.000000
vt 0.178110 0.068095 0.000000
vt 0.115500 0.043745 0.000000
vt 0.186570 0.032055 0.000000
vt 0.188570 -0.008035 0.000000
vt 0.100890 0.022185 0.000000
vt 0.183770 -0.046435 0.000000
vt 0.172540 -0.082355 0.000000
vt 0.076950 0.007595 0.000000
vt 0.155270 -0.114985 0.000000
vt 0.064020 0.004495 0.000000
vt 0.132330 -0.143545 0.000000
vt 0.104100 -0.167225 0.000000
vt 0.050910 0.004015 0.000000
vt 0.070960 -0.185235 0.000000
vt 0.038020 0.006095 0.000000
vt 0.033290 -0.196775 0.000000
vt -0.028510 -0.199045 0.000000
vt 0.025750 0.010675 0.000000
vt -0.082700 -0.182025 0.000000
vt 0.014490 0.017705 0.000000
vt -0.127550 -0.149395 0.000000
vt 0.004650 0.027105 0.000000
vt -0.161310 -0.104855 0.000000
vt -0.182230 -0.052075 0.000000
vt -0.003380 0.038835 0.000000
vt -0.188570 0.005255 0.000000
vt -0.009190 0.052825 0.000000
vt -0.178590 0.063445 0.000000
vt -0.011970 0.065355 0.000000
vt -0.150540 0.118805 0.000000
vt -0.012730 0.077985 0.000000
vt -0.130350 0.143315 0.000000
vt -0.011310 0.090405 0.000000
vt -0.105650 0.164395 0.000000
vt -0.090990 0.173495 0.000000
vt -0.007560 0.102285 0.000000
vt -0.065150 0.142745 0.000000
vt -0.083680 0.180525 0.000000
vt -0.090090 0.134915 0.000000
vt -0.115230 0.159845 0.000000
vt -0.108070 0.117855 0.000000
vt -0.141870 0.133325 0.000000
vt -0.118620 0.094815 0.000000
vt -0.163010 0.102295 0.000000
vt -0.121250 0.069035 0.000000
vt -0.178110 0.068095 0.000000
vt -0.115500 0.043745 0.000000
vt -0.186570 0.032055 0.000000
vt -0.188570 -0.008035 0.000000
vt -0.047790 0.194045 0.000000
vt -0.033720 0.138115 0.000000
vt -0.008120 0.199045 0.000000
vt -0.019160 0.131545 0.000000
vt -0.007520 0.123175 0.000000
vt 0.034760 0.194215 0.000000
vt 0.001330 0.113315 0.000000
vt 0.055790 0.188465 0.000000
vt 0.074450 0.181535 0.000000
vt 0.007560 0.102285 0.000000
vt 0.090990 0.173495 0.000000
vt 0.011310 0.090405 0.000000
vt 0.105650 0.164395 0.000000
vt 0.130350 0.143315 0.000000
vt 0.012730 0.077985 0.000000
vt 0.150540 0.118805 0.000000
vt 0.011970 0.065355 0.000000
vt 0.178590 0.063445 0.000000
vt 0.009190 0.052825 0.000000
vt 0.188570 0.005255 0.000000
vt 0.003380 0.038835 0.000000
vt 0.182230 -0.052075 0.000000
vt -0.004650 0.027105 0.000000
vt 0.161310 -0.104855 0.000000
vt 0.127550 -0.149395 0.000000
vt -0.014490 0.017705 0.000000
vt 0.082700 -0.182025 0.000000
vt -0.025750 0.010675 0.000000
vt 0.028510 -0.199045 0.000000
vt -0.038020 0.006095 0.000000
vt -0.033290 -0.196775 0.000000
vt -0.070960 -0.185235 0.000000
vt -0.050910 0.004015 0.000000
vt -0.104100 -0.167225 0.000000
vt -0.064020 0.004495 0.000000
vt -0.132330 -0.143545 0.000000
vt -0.155270 -0.114985 0.000000
vt -0.076950 0.007595 0.000000
vt -0.172540 -0.082355 0.000000
vt -0.100890 0.022185 0.000000
vt -0.183770 -0.046435 0.000000
vn 0.145739 -0.989323 0.000000
vn 0.145739 -0.989323 0.000000
vn 0.145739 -0.989323 0.000000
vn 0.145739 -0.989323 0.000000
vn 0.411302 -0.911499 0.000000
vn 0.411302 -0.911499 0.000000
vn 0.411302 -0.911499 0.000000
vn 0.411302 -0.911499 0.000000
vn 0.583809 -0.811891 0.000000
vn 0.583809 -0.811891 0.000000
vn 0.583809 -0.811891 0.000000
vn 0.583809 -0.811891 0.000000
vn 0.744194 -0.667963 0.000000
vn 0.744194 -0.667963 0.000000
vn 0.744194 -0.667963 0.000000
vn 0.744194 -0.667963 0.000000
vn 0.870710 -0.491797 0.000000
vn 0.870710 -0.491797 0.000000
vn 0.870710 -0.491797 0.000000
vn 0.870710 -0.491797 0.000000
vn 0.953619 -0.301016 0.000000
vn 0.953619 -0.301016 0.000000
vn 0.953619 -0.301016 0.000000
vn 0.953619 -0.301016 0.000000
vn 0.993528 -0.113592 0.000000
vn 0.993528 -0.113592 0.000000
vn 0.993528 -0.113592 0.000000
vn 0.993528 -0.113592 0.000000
vn 0.998194 0.060066 -0.000000
vn 0.998194 0.060066 -0.000000
vn 0.998194 0.060066 -0.000000
vn 0.998194 0.060066 -0.000000
vn 0.976260 0.216600 -0.000000
vn 0.976260 0.216600 -0.000000
vn 0.976260 0.216600 -0.000000
vn 0.976260 0.216600 -0.000000
vn 0.923525 0.383537 -0.000000
vn 0.923525 0.383537 -0.000000
vn 0.923525 0.383537 -0.000000
vn 0.923525 0.383537 -0.000000
vn 0.825169 0.564886 -0.000000
vn 0.825169 0.564886 -0.000000
vn 0.825169 0.564886 -0.000000
vn 0.825169 0.564886 -0.000000
vn 0.690755 0.723089 -0.000000
vn 0.690755 0.723089 -0.000000
vn 0.690755 0.723089 -0.000000
vn 0.690755 0.723089 -0.000000
vn 0.529593 0.848252 -0.000000
vn 0.529593 0.848252 -0.000000
vn 0.529593 0.848252 -0.000000
vn 0.529593 0.848252 -0.000000
vn 0.349701 0.936862 -0.000000
vn 0.349701 0.936862 -0.000000
vn 0.349701 0.936862 -0.000000
vn 0.349701 0.936862 -0.000000
vn 0.159305 0.987229 -0.000000
vn 0.159305 0.987229 -0.000000
vn 0.159305 0.987229 -0.000000
vn 0.159305 0.987229 -0.000000
vn -0.036589 0.999330 0.000000
vn -0.036589 0.999330 0.000000
vn -0.036589 0.999330 0.000000
vn -0.036589 0.999330 0.000000
vn -0.233145 0.972442 0.000000
vn -0.233145 0.972442 0.000000
vn -0.233145 0.972442 0.000000
vn -0.233145 0.972442 0.000000
vn -0.520411 0.853916 0.000000
vn -0.520411 0.853916 0.000000
vn -0.520411 0.853916 0.000000
vn -0.520411 0.853916 0.000000
vn -0.827832 0.560975 0.000000
vn -0.827832 0.560975 0.000000
vn -0.827832 0.560975 0.000000
vn -0.827832 0.560975 0.000000
vn -0.975114 0.221704 0.000000
vn -0.975114 0.221704 0.000000
vn -0.975114 0.221704 0.000000
vn -0.975114 0.221704 0.000000
vn -0.994837 -0.101490 0.000000
vn -0.994837 -0.101490 0.000000
vn -0.994837 -0.101490 0.000000
vn -0.994837 -0.101490 0.000000
vn -0.909214 -0.416329 0.000000
vn -0.909214 -0.416329 0.000000
vn -0.909214 -0.416329 0.000000
vn -0.909214 -0.416329 0.000000
vn -0.688304 -0.725422 0.000000
vn -0.688304 -0.725422 0.000000
vn -0.688304 -0.725422 0.000000
vn -0.688304 -0.725422 0.000000
vn -0.299538 -0.954084 0.000000
vn -0.299538 -0.954084 0.000000
vn -0.299538 -0.954084 0.000000
vn -0.299538 -0.954084 0.000000
vn -0.796941 -0.604057 0.000000
vn -0.796941 -0.604057 0.000000
vn -0.796941 -0.604057 0.000000
vn -0.796941 -0.604057 0.000000
vn -0.929638 -0.368474 0.000000
vn -0.929638 -0.368474 0.000000
vn -0.929638 -0.368474 0.000000
vn -0.929638 -0.368474 0.000000
vn -0.993941 -0.109918 0.000000
vn -0.993941 -0.109918 0.000000
vn -0.993941 -0.109918 0.000000
vn -0.993941 -0.109918 0.000000
vn -0.985609 0.169039 0.000000
vn -0.985609 0.169039 0.000000
vn -0.985609 0.169039 0.000000
vn -0.985609 0.169039 0.000000
vn -0.892030 0.451977 0.000000
vn -0.892030 0.451977 0.000000
vn -0.892030 0.451977 0.000000
vn -0.892030 0.451977 0.000000
vn -0.771848 0.635807 0.000000
vn -0.771848 0.635807 0.000000
vn -0.771848 0.635807 0.000000
vn -0.771848 0.635807 0.000000
vn -0.649167 0.760646 0.000000
vn -0.649167 0.760646 0.000000
vn -0.649167 0.760646 0.000000
vn -0.649167 0.760646 0.000000
vn -0.527392 0.849622 0.000000
vn -0.527392 0.849622 0.000000
vn -0.527392 0.849622 0.000000
vn -0.527392 0.849622 0.000000
vn -0.437180 0.899374 0.000000
vn -0.437180 0.899374 0.000000
vn -0.437180 0.899374 0.000000
vn -0.437180 0.899374 0.000000
vn -0.348149 0.937439 0.000000
vn -0.348149 0.937439 0.000000
vn -0.348149 0.937439 0.000000
vn -0.348149 0.937439 0.000000
vn -0.263738 0.964594 0.000000
vn -0.263738 0.964594 0.000000
vn -0.263738 0.964594 0.000000
vn -0.263738 0.964594 0.000000
vn -0.111932 0.993716 0.000000
vn -0.111932 0.993716 0.000000
vn -0.111932 0.993716 0.000000
vn -0.111932 0.993716 0.000000
vn 0.125050 0.992150 -0.000000
vn 0.125050 0.992150 -0.000000
vn 0.125050 0.992150 -0.000000
vn 0.125050 0.992150 -0.000000
vn 0.352523 0.935803 -0.000000
vn 0.352523 0.935803 -0.000000
vn 0.352523 0.935803 -0.000000
vn 0.352523 0.935803 -0.000000
vn 0.548199 0.836348 -0.000000
vn 0.548199 0.836348 -0.000000
vn 0.548199 0.836348 -0.000000
vn 0.548199 0.836348 -0.000000
vn 0.705509 0.708701 -0.000000
vn 0.705509 0.708701 -0.000000
vn 0.705509 0.708701 -0.000000
vn 0.705509 0.708701 -0.000000
vn 0.826436 0.563031 -0.000000
vn 0.826436 0.563031 -0.000000
vn 0.826436 0.563031 -0.000000
vn 0.826436 0.563031 -0.000000
vn 0.914802 0.403904 -0.000000
vn 0.914802 0.403904 -0.000000
vn 0.914802 0.403904 -0.000000
vn 0.914802 0.403904 -0.000000
vn 0.973537 0.228527 -0.000000
vn 0.973537 0.228527 -0.000000
vn 0.973537 0.228527 -0.000000
vn 0.973537 0.228527 -0.000000
vn 0.998758 0.049826 -0.000000
vn 0.998758 0.049826 -0.000000
vn 0.998758 0.049826 -0.000000
vn 0.998758 0.049826 -0.000000
vn 0.992278 -0.124035 0.000000
vn 0.992278 -0.124035 0.000000
vn 0.992278 -0.124035 0.000000
vn 0.992278 -0.124035 0.000000
vn 0.954442 -0.298396 0.000000
vn 0.954442 -0.298396 0.000000
vn 0.954442 -0.298396 0.000000
vn 0.954442 -0.298396 0.000000
vn 0.883841 -0.467788 0.000000
vn 0.883841 -0.467788 0.000000
vn 0.883841 -0.467788 0.000000
vn 0.883841 -0.467788 0.000000
vn 0.779642 -0.626225 0.000000
vn 0.779642 -0.626225 0.000000
vn 0.779642 -0.626225 0.000000
vn 0.779642 -0.626225 0.000000
vn 0.642664 -0.766148 0.000000
vn 0.642664 -0.766148 0.000000
vn 0.642664 -0.766148 0.000000
vn 0.642664 -0.766148 0.000000
vn 0.477496 -0.878634 0.000000
vn 0.477496 -0.878634 0.000000
vn 0.477496 -0.878634 0.000000
vn 0.477496 -0.878634 0.000000
vn 0.292908 -0.956140 0.000000
vn 0.292908 -0.956140 0.000000
vn 0.292908 -0.956140 0.000000
vn 0.292908 -0.956140 0.000000
vn 0.036707 -0.999326 0.000000
vn 0.036707 -0.999326 0.000000
vn 0.036707 -0.999326 0.000000
vn 0.036707 -0.999326 0.000000
vn -0.299648 -0.954050 0.000000
vn -0.299648 -0.954050 0.000000
vn -0.299648 -0.954050 0.000000
vn -0.299648 -0.954050 0.000000
vn -0.588311 -0.808635 0.000000
vn -0.588311 -0.808635 0.000000
vn -0.588311 -0.808635 0.000000
vn -0.588311 -0.808635 0.000000
vn 0.000000 0.000000 1.000000
vn 0.000000 0.000000 1.000000
vn 0.000000 0.000000 1.000000
vn 0.000000 0.000000 1.000000
vn 0.000000 0.000000 1.000000
vn 0.000000 0.000000 1.000000
vn 0.000000 0.000000 1.000000
vn 0.000000 0.000000 1.000000
vn 0.000000 0.000000 1.000000
vn 0.000000 0.000000 1.000000
vn 0.000000 0.000000 1.000000
vn 0.000000 0.000000 1.000000
vn 0.000000 0.000000 1.000000
vn 0.000000 0.000000 1.000000
vn 0.000000 0.000000 1.000000
vn 0.000000 0.000000 1.000000
vn 0.000000 0.000000 1.000000
vn 0.000000 0.000000 1.000000
vn 0.000000 0.000000 1.000000
vn 0.000000 0.000000 1.000000
vn 0.000000 0.000000 1.000000
vn 0.000000 0.000000 1.000000
vn 0.000000 0.000000 1.000000
vn 0.000000 0.000000 1.000000
vn 0.000000 0.000000 1.000000
vn 0.000000 0.000000 1.000000
vn 0.000000 0.000000 1.000000
vn 0.000000 0.000000 1.000000
vn 0.000000 0.000000 1.000000
vn 0.000000 0.000000 1.000000
vn 0.000000 0.000000 1.000000
vn 0.000000 0.000000 1.000000
vn 0.000000 0.000000 1.000000
vn 0.000000 0.000000 1.000000
vn 0.000000 0.000000 1.000000
vn 0.000000 0.000000 1.000000
vn 0.000000 0.000000 1.000000
vn 0.000000 0.000000 1.000000
vn 0.000000 0.000000 1.000000
vn 0.000000 0.000000 1.000000
vn 0.000000 0.000000 1.000000
vn 0.000000 0.000000 1.000000
vn 0.000000 0.000000 1.000000
vn 0.000000 0.000000 1.000000
vn 0.000000 0.000000 1.000000
vn 0.000000 0.000000 1.000000
vn 0.000000 0.000000 1.000000
vn 0.000000 0.000000 1.000000
vn 0.000000 0.000000 1.000000
vn 0.000000 0.000000 1.000000
vn 0.000000 0.000000 1.000000
vn 0.000000 0.000000 1.000000
vn 0.000000 0.000000 1.000000
vn 0.000000 0.000000 1.000000
vn -0.000000 0.000000 -1.000000
vn -0.000000 0.000000 -1.000000
vn -0.000000 0.000000 -1.000000
vn -0.000000 0.000000 -1.000000
vn -0.000000 0.000000 -1.000000
vn -0.000000 0.000000 -1.000000
vn -0.000000 0.000000 -1.000000
vn -0.000000 0.000000 -1.000000
vn -0.000000 0.000000 -1.000000
vn -0.000000 0.000000 -1.000000
vn -0.000000 0.000000 -1.000000
vn -0.000000 0.000000 -1.000000
vn -0.000000 0.000000 -1.000000
vn -0.000000 0.000000 -1.000000
vn -0.000000 0.000000 -1.000000
vn -0.000000 0.000000 -1.000000
vn -0.000000 0.000000 -1.000000
vn -0.000000 0.000000 -1.000000
vn -0.000000 0.000000 -1.000000
vn -0.000000 0.000000 -1.000000
vn -0.000000 0.000000 -1.000000
vn -0.000000 0.000000 -1.000000
vn -0.000000 0.000000 -1.000000
vn -0.000000 0.000000 -1.000000
vn -0.000000 0.000000 -1.000000
vn -0.000000 0.000000 -1.000000
vn -0.000000 0.000000 -1.000000
vn -0.000000 0.000000 -1.000000
vn -0.000000 0.000000 -1.000000
vn -0.000000 0.000000 -1.000000
vn -0.000000 0.000000 -1.000000
vn -0.000000 0.000000 -1.000000
vn -0.000000 0.000000 -1.000000
vn -0.000000 0.000000 -1.000000
vn -0.000000 0.000000 -1.000000
vn -0.000000 0.000000 -1.000000
vn -0.000000 0.000000 -1.000000
vn -0.000000 0.000000 -1.000000
vn -0.000000 0.000000 -1.000000
vn -0.000000 0.000000 -1.000000
vn -0.000000 0.000000 -1.000000
vn -0.000000 0.000000 -1.000000
vn -0.000000 0.000000 -1.000000
vn -0.000000 0.000000 -1.000000
vn -0.000000 0.000000 -1.000000
vn -0.000000 0.000000 -1.000000
vn -0.000000 0.000000 -1.000000
vn -0.000000 0.000000 -1.000000
vn -0.000000 0.000000 -1.000000
vn -0.000000 0.000000 -1.000000
vn -0.000000 0.000000 -1.000000
vn -0.000000 0.000000 -1.000000
vn -0.000000 0.000000 -1.000000
vn -0.000000 0.000000 -1.000000
f 2211/6631/6631 2212/6632/6632 2214/6633/6633
f 2214/6633/6633 2212/6632/6632 2213/6634/6634
f 2215/6635/6635 2211/6636/6636 2216/6637/6637
f 2216/6637/6637 2211/6636/6636 2214/6638/6638
f 2217/6639/6639 2215/6640/6640 2218/6641/6641
f 2218/6641/6641 2215/6640/6640 2216/6642/6642
f 2219/6643/6643 2217/6644/6644 2220/6645/6645
f 2220/6645/6645 2217/6644/6644 2218/6646/6646
f 2221/6647/6647 2219/6648/6648 2222/6649/6649
f 2222/6649/6649 2219/6648/6648 2220/6650/6650
f 2223/6651/6651 2221/6652/6652 2224/6653/6653
f 2224/6653/6653 2221/6652/6652 2222/6654/6654
f 2225/6655/6655 2223/6656/6656 2226/6657/6657
f 2226/6657/6657 2223/6656/6656 2224/6658/6658
f 2227/6659/6659 2225/6660/6660 2228/6661/6661
f 2228/6661/6661 2225/6660/6660 2226/6662/6662
f 2229/6663/6663 2227/6664/6664 2230/6665/6665
f 2230/6665/6665 2227/6664/6664 2228/6666/6666
f 2231/6667/6667 2229/6668/6668 2232/6669/6669
f 2232/6669/6669 2229/6668/6668 2230/6670/6670
f 2233/6671/6671 2231/6672/6672 2234/6673/6673
f 2234/6673/6673 2231/6672/6672 2232/6674/6674
f 2235/6675/6675 2233/6676/6676 2236/6677/6677
f 2236/6677/6677 2233/6676/6676 2234/6678/6678
f 2237/6679/6679 2235/6680/6680 2238/6681/6681
f 2238/6681/6681 2235/6680/6680 2236/6682/6682
f 2239/6683/6683 2237/6684/6684 2240/6685/6685
f 2240/6685/6685 2237/6684/6684 2238/6686/6686
f 2241/6687/6687 2239/6688/6688 2242/6689/6689
f 2242/6689/6689 2239/6688/6688 2240/6690/6690
f 2243/6691/6691 2241/6692/6692 2244/6693/6693
f 2244/6693/6693 2241/6692/6692 2242/6694/6694
f 2245/6695/6695 2243/6696/6696 2246/6697/6697
f 2246/6697/6697 2243/6696/6696 2244/6698/6698
f 2247/6699/6699 2245/6700/6700 2248/6701/6701
f 2248/6701/6701 2245/6700/6700 2246/6702/6702
f 2249/6703/6703 2247/6704/6704 2250/6705/6705
f 2250/6705/6705 2247/6704/6704 2248/6706/6706
f 2251/6707/6707 2249/6708/6708 2252/6709/6709
f 2252/6709/6709 2249/6708/6708 2250/6710/6710
f 2253/6711/6711 2251/6712/6712 2254/6713/6713
f 2254/6713/6713 2251/6712/6712 2252/6714/6714
f 2255/6715/6715 2253/6716/6716 2256/6717/6717
f 2256/6717/6717 2253/6716/6716 2254/6718/6718
f 2257/6719/6719 2255/6720/6720 2258/6721/6721
f 2258/6721/6721 2255/6720/6720 2256/6722/6722
f 2212/6723/6723 2257/6724/6724 2213/6725/6725
f 2213/6725/6725 2257/6724/6724 2258/6726/6726
f 2259/6727/6727 2260/6728/6728 2262/6729/6729
f 2262/6729/6729 2260/6728/6728 2261/6730/6730
f 2263/6731/6731 2259/6732/6732 2264/6733/6733
f 2264/6733/6733 2259/6732/6732 2262/6734/6734
f 2265/6735/6735 2263/6736/6736 2266/6737/6737
f 2266/6737/6737 2263/6736/6736 2264/6738/6738
f 2267/6739/6739 2265/6740/6740 2268/6741/6741
f 2268/6741/6741 2265/6740/6740 2266/6742/6742
f 2269/6743/6743 2267/6744/6744 2270/6745/6745
f 2270/6745/6745 2267/6744/6744 2268/6746/6746
f 2271/6747/6747 2269/6748/6748 2272/6749/6749
f 2272/6749/6749 2269/6748/6748 2270/6750/6750
f 2273/6751/6751 2271/6752/6752 2274/6753/6753
f 2274/6753/6753 2271/6752/6752 2272/6754/6754
f 2275/6755/6755 2273/6756/6756 2276/6757/6757
f 2276/6757/6757 2273/6756/6756 2274/6758/6758
f 2277/6759/6759 2275/6760/6760 2278/6761/6761
f 2278/6761/6761 2275/6760/6760 2276/6762/6762
f 2279/6763/6763 2277/6764/6764 2280/6765/6765
f 2280/6765/6765 2277/6764/6764 2278/6766/6766
f 2281/6767/6767 2279/6768/6768 2282/6769/6769
f 2282/6769/6769 2279/6768/6768 2280/6770/6770
f 2283/6771/6771 2281/6772/6772 2284/6773/6773
f 2284/6773/6773 2281/6772/6772 2282/6774/6774
f 2285/6775/6775 2283/6776/6776 2286/6777/6777
f 2286/6777/6777 2283/6776/6776 2284/6778/6778
f 2287/6779/6779 2285/6780/6780 2288/6781/6781
f 2288/6781/6781 2285/6780/6780 2286/6782/6782
f 2289/6783/6783 2287/6784/6784 2290/6785/6785
f 2290/6785/6785 2287/6784/6784 2288/6786/6786
f 2291/6787/6787 2289/6788/6788 2292/6789/6789
f 2292/6789/6789 2289/6788/6788 2290/6790/6790
f 2293/6791/6791 2291/6792/6792 2294/6793/6793
f 2294/6793/6793 2291/6792/6792 2292/6794/6794
f 2295/6795/6795 2293/6796/6796 2296/6797/6797
f 2296/6797/6797 2293/6796/6796 2294/6798/6798
f 2297/6799/6799 2295/6800/6800 2298/6801/6801
f 2298/6801/6801 2295/6800/6800 2296/6802/6802
f 2299/6803/6803 2297/6804/6804 2300/6805/6805
f 2300/6805/6805 2297/6804/6804 2298/6806/6806
f 2301/6807/6807 2299/6808/6808 2302/6809/6809
f 2302/6809/6809 2299/6808/6808 2300/6810/6810
f 2303/6811/6811 2301/6812/6812 2304/6813/6813
f 2304/6813/6813 2301/6812/6812 2302/6814/6814
f 2305/6815/6815 2303/6816/6816 2306/6817/6817
f 2306/6817/6817 2303/6816/6816 2304/6818/6818
f 2307/6819/6819 2305/6820/6820 2308/6821/6821
f 2308/6821/6821 2305/6820/6820 2306/6822/6822
f 2309/6823/6823 2307/6824/6824 2310/6825/6825
f 2310/6825/6825 2307/6824/6824 2308/6826/6826
f 2311/6827/6827 2309/6828/6828 2312/6829/6829
f 2312/6829/6829 2309/6828/6828 2310/6830/6830
f 2313/6831/6831 2311/6832/6832 2314/6833/6833
f 2314/6833/6833 2311/6832/6832 2312/6834/6834
f 2315/6835/6835 2313/6836/6836 2316/6837/6837
f 2316/6837/6837 2313/6836/6836 2314/6838/6838
f 2317/6839/6839 2315/6840/6840 2318/6841/6841
f 2318/6841/6841 2315/6840/6840 2316/6842/6842
f 2260/6843/6843 2317/6844/6844 2261/6845/6845
f 2261/6845/6845 2317/6844/6844 2318/6846/6846
f 2258/6847/6847 2288/6848/6848 2213/6849/6849
f 2213/6849/6849 2288/6848/6848 2286/6850/6850
f 2213/6849/6849 2286/6850/6850 2214/6851/6851
f 2214/6851/6851 2286/6850/6850 2284/6852/6852
f 2214/6851/6851 2284/6852/6852 2216/6853/6853
f 2216/6853/6853 2284/6852/6852 2218/6854/6854
f 2218/6854/6854 2284/6852/6852 2282/6855/6855
f 2218/6854/6854 2282/6855/6855 2220/6856/6856
f 2220/6856/6856 2282/6855/6855 2280/6857/6857
f 2220/6856/6856 2280/6857/6857 2278/6858/6858
f 2288/6848/6848 2258/6847/6847 2290/6859/6859
f 2290/6859/6859 2258/6847/6847 2256/6860/6860
f 2290/6859/6859 2256/6860/6860 2292/6861/6861
f 2292/6861/6861 2256/6860/6860 2254/6862/6862
f 2292/6861/6861 2254/6862/6862 2294/6863/6863
f 2294/6863/6863 2254/6862/6862 2252/6864/6864
f 2294/6863/6863 2252/6864/6864 2296/6865/6865
f 2296/6865/6865 2252/6864/6864 2250/6866/6866
f 2296/6865/6865 2250/6866/6866 2298/6867/6867
f 2298/6867/6867 2250/6866/6866 2300/6868/6868
f 2300/6868/6868 2250/6866/6866 2248/6869/6869
f 2300/6868/6868 2248/6869/6869 2302/6870/6870
f 2302/6870/6870 2248/6869/6869 2304/6871/6871
f 2304/6871/6871 2248/6869/6869 2246/6872/6872
f 2304/6871/6871 2246/6872/6872 2306/6873/6873
f 2306/6873/6873 2246/6872/6872 2244/6874/6874
f 2306/6873/6873 2244/6874/6874 2308/6875/6875
f 2308/6875/6875 2244/6874/6874 2310/6876/6876
f 2310/6876/6876 2244/6874/6874 2242/6877/6877
f 2310/6876/6876 2242/6877/6877 2312/6878/6878
f 2312/6878/6878 2242/6877/6877 2240/6879/6879
f 2312/6878/6878 2240/6879/6879 2314/6880/6880
f 2314/6880/6880 2240/6879/6879 2316/6881/6881
f 2316/6881/6881 2240/6879/6879 2238/6882/6882
f 2316/6881/6881 2238/6882/6882 2318/6883/6883
f 2318/6883/6883 2238/6882/6882 2236/6884/6884
f 2318/6883/6883 2236/6884/6884 2261/6885/6885
f 2261/6885/6885 2236/6884/6884 2234/6886/6886
f 2261/6885/6885 2234/6886/6886 2262/6887/6887
f 2262/6887/6887 2234/6886/6886 2264/6888/6888
f 2264/6888/6888 2234/6886/6886 2232/6889/6889
f 2264/6888/6888 2232/6889/6889 2266/6890/6890
f 2266/6890/6890 2232/6889/6889 2230/6891/6891
f 2266/6890/6890 2230/6891/6891 2268/6892/6892
f 2268/6892/6892 2230/6891/6891 2228/6893/6893
f 2268/6892/6892 2228/6893/6893 2270/6894/6894
f 2270/6894/6894 2228/6893/6893 2226/6895/6895
f 2270/6894/6894 2226/6895/6895 2272/6896/6896
f 2272/6896/6896 2226/6895/6895 2224/6897/6897
f 2272/6896/6896 2224/6897/6897 2274/6898/6898
f 2274/6898/6898 2224/6897/6897 2276/6899/6899
f 2276/6899/6899 2224/6897/6897 2222/6900/6900
f 2276/6899/6899 2222/6900/6900 2278/6858/6858
f 2278/6858/6858 2222/6900/6900 2220/6856/6856
f 2212/6901/6901 2287/6902/6902 2257/6903/6903
f 2257/6903/6903 2287/6902/6902 2289/6904/6904
f 2257/6903/6903 2289/6904/6904 2255/6905/6905
f 2255/6905/6905 2289/6904/6904 2291/6906/6906
f 2255/6905/6905 2291/6906/6906 2253/6907/6907
f 2253/6907/6907 2291/6906/6906 2293/6908/6908
f 2253/6907/6907 2293/6908/6908 2251/6909/6909
f 2251/6909/6909 2293/6908/6908 2295/6910/6910
f 2251/6909/6909 2295/6910/6910 2249/6911/6911
f 2249/6911/6911 2295/6910/6910 2297/6912/6912
f 2249/6911/6911 2297/6912/6912 2299/6913/6913
f 2287/6902/6902 2212/6901/6901 2285/6914/6914
f 2285/6914/6914 2212/6901/6901 2211/6915/6915
f 2285/6914/6914 2211/6915/6915 2283/6916/6916
f 2283/6916/6916 2211/6915/6915 2215/6917/6917
f 2283/6916/6916 2215/6917/6917 2217/6918/6918
f 2283/6916/6916 2217/6918/6918 2281/6919/6919
f 2281/6919/6919 2217/6918/6918 2219/6920/6920
f 2281/6919/6919 2219/6920/6920 2279/6921/6921
f 2279/6921/6921 2219/6920/6920 2277/6922/6922
f 2277/6922/6922 2219/6920/6920 2221/6923/6923
f 2277/6922/6922 2221/6923/6923 2275/6924/6924
f 2275/6924/6924 2221/6923/6923 2223/6925/6925
f 2275/6924/6924 2223/6925/6925 2273/6926/6926
f 2273/6926/6926 2223/6925/6925 2271/6927/6927
f 2271/6927/6927 2223/6925/6925 2225/6928/6928
f 2271/6927/6927 2225/6928/6928 2269/6929/6929
f 2269/6929/6929 2225/6928/6928 2227/6930/6930
f 2269/6929/6929 2227/6930/6930 2267/6931/6931
f 2267/6931/6931 2227/6930/6930 2229/6932/6932
f 2267/6931/6931 2229/6932/6932 2265/6933/6933
f 2265/6933/6933 2229/6932/6932 2231/6934/6934
f 2265/6933/6933 2231/6934/6934 2263/6935/6935
f 2263/6935/6935 2231/6934/6934 2233/6936/6936
f 2263/6935/6935 2233/6936/6936 2259/6937/6937
f 2259/6937/6937 2233/6936/6936 2260/6938/6938
f 2260/6938/6938 2233/6936/6936 2235/6939/6939
f 2260/6938/6938 2235/6939/6939 2317/6940/6940
f 2317/6940/6940 2235/6939/6939 2237/6941/6941
f 2317/6940/6940 2237/6941/6941 2315/6942/6942
f 2315/6942/6942 2237/6941/6941 2239/6943/6943
f 2315/6942/6942 2239/6943/6943 2313/6944/6944
f 2313/6944/6944 2239/6943/6943 2311/6945/6945
f 2311/6945/6945 2239/6943/6943 2241/6946/6946
f 2311/6945/6945 2241/6946/6946 2309/6947/6947
f 2309/6947/6947 2241/6946/6946 2243/6948/6948
f 2309/6947/6947 2243/6948/6948 2307/6949/6949
f 2307/6949/6949 2243/6948/6948 2305/6950/6950
f 2305/6950/6950 2243/6948/6948 2245/6951/6951
f 2305/6950/6950 2245/6951/6951 2303/6952/6952
f 2303/6952/6952 2245/6951/6951 2247/6953/6953
f 2303/6952/6952 2247/6953/6953 2301/6954/6954
f 2301/6954/6954 2247/6953/6953 2299/6913/6913
f 2299/6913/6913 2247/6953/6953 2249/6911/6911
g blanco (2)

v 28.672950 -946.518710 0.000000
v 28.618760 -946.501690 0.000000
v 28.618760 -946.501690 0.060000
v 28.672950 -946.518710 0.060000
v 28.734750 -946.516440 0.000000
v 28.734750 -946.516440 0.060000
v 28.772420 -946.504900 0.000000
v 28.772420 -946.504900 0.060000
v 28.805560 -946.486890 0.000000
v 28.805560 -946.486890 0.060000
v 28.833790 -946.463210 0.000000
v 28.833790 -946.463210 0.060000
v 28.856730 -946.434650 0.000000
v 28.856730 -946.434650 0.060000
v 28.874000 -946.402020 0.000000
v 28.874000 -946.402020 0.060000
v 28.885230 -946.366100 0.000000
v 28.885230 -946.366100 0.060000
v 28.890030 -946.327700 0.000000
v 28.890030 -946.327700 0.060000
v 28.888030 -946.287610 0.000000
v 28.888030 -946.287610 0.060000
v 28.879570 -946.251570 0.000000
v 28.879570 -946.251570 0.060000
v 28.864470 -946.217370 0.000000
v 28.864470 -946.217370 0.060000
v 28.843330 -946.186340 0.000000
v 28.843330 -946.186340 0.060000
v 28.816690 -946.159820 0.000000
v 28.816690 -946.159820 0.060000
v 28.785140 -946.139140 0.000000
v 28.785140 -946.139140 0.060000
v 28.749250 -946.125620 0.000000
v 28.749250 -946.125620 0.060000
v 28.709580 -946.120620 0.000000
v 28.709580 -946.120620 0.060000
v 28.666700 -946.125450 0.000000
v 28.666700 -946.125450 0.060000
v 28.645670 -946.131200 0.000000
v 28.645670 -946.131200 0.060000
v 28.627010 -946.138130 0.000000
v 28.627010 -946.138130 0.060000
v 28.610470 -946.146170 0.000000
v 28.610470 -946.146170 0.060000
v 28.595810 -946.155270 0.000000
v 28.595810 -946.155270 0.060000
v 28.571110 -946.176350 0.000000
v 28.571110 -946.176350 0.060000
v 28.550920 -946.200860 0.000000
v 28.550920 -946.200860 0.060000
v 28.522870 -946.256220 0.000000
v 28.522870 -946.256220 0.060000
v 28.512890 -946.314410 0.000000
v 28.512890 -946.314410 0.060000
v 28.519230 -946.371740 0.000000
v 28.519230 -946.371740 0.060000
v 28.540150 -946.424520 0.000000
v 28.540150 -946.424520 0.060000
v 28.573910 -946.469060 0.000000
v 28.573910 -946.469060 0.060000
v 28.638930 -946.030790 0.000000
v 28.585430 -946.044950 0.000000
v 28.585430 -946.044950 0.060000
v 28.638930 -946.030790 0.060000
v 28.699340 -946.028280 0.000000
v 28.699340 -946.028280 0.060000
v 28.755470 -946.039990 0.000000
v 28.755470 -946.039990 0.060000
v 28.806440 -946.063830 0.000000
v 28.806440 -946.063830 0.060000
v 28.851360 -946.097680 0.000000
v 28.851360 -946.097680 0.060000
v 28.889340 -946.139460 0.000000
v 28.889340 -946.139460 0.060000
v 28.919510 -946.187070 0.000000
v 28.919510 -946.187070 0.060000
v 28.940980 -946.238420 0.000000
v 28.940980 -946.238420 0.060000
v 28.952870 -946.291390 0.000000
v 28.952870 -946.291390 0.060000
v 28.955010 -946.355550 0.000000
v 28.955010 -946.355550 0.060000
v 28.945420 -946.415590 0.000000
v 28.945420 -946.415590 0.060000
v 28.925390 -946.470460 0.000000
v 28.925390 -946.470460 0.060000
v 28.896200 -946.519110 0.000000
v 28.896200 -946.519110 0.060000
v 28.859170 -946.560460 0.000000
v 28.859170 -946.560460 0.060000
v 28.815570 -946.593470 0.000000
v 28.815570 -946.593470 0.060000
v 28.766700 -946.617060 0.000000
v 28.766700 -946.617060 0.060000
v 28.713860 -946.630190 0.000000
v 28.713860 -946.630190 0.060000
v 28.651000 -946.631880 0.000000
v 28.651000 -946.631880 0.060000
v 28.593270 -946.620070 0.000000
v 28.593270 -946.620070 0.060000
v 28.541390 -946.596560 0.000000
v 28.541390 -946.596560 0.060000
v 28.496090 -946.563190 0.000000
v 28.496090 -946.563190 0.060000
v 28.458080 -946.521760 0.000000
v 28.458080 -946.521760 0.060000
v 28.428080 -946.474080 0.000000
v 28.428080 -946.474080 0.060000
v 28.406820 -946.421980 0.000000
v 28.406820 -946.421980 0.060000
v 28.395020 -946.367260 0.000000
v 28.395020 -946.367260 0.060000
v 28.393200 -946.302880 0.000000
v 28.393200 -946.302880 0.060000
v 28.403270 -946.243280 0.000000
v 28.403270 -946.243280 0.060000
v 28.423900 -946.189260 0.000000
v 28.423900 -946.189260 0.060000
v 28.453750 -946.141630 0.000000
v 28.453750 -946.141630 0.060000
v 28.491510 -946.101170 0.000000
v 28.491510 -946.101170 0.060000
v 28.535850 -946.068670 0.000000
v 28.535850 -946.068670 0.060000
vt 0.000000 0.000000 0.000000
vt 0.056800 0.000000 0.000000
vt 0.000000 0.060000 0.000000
vt 0.056800 0.060000 0.000000
vt 0.000000 0.000000 0.000000
vt 0.061842 0.000000 0.000000
vt 0.000000 0.060000 0.000000
vt 0.061842 0.060000 0.000000
vt 0.000000 0.000000 0.000000
vt 0.039398 0.000000 0.000000
vt 0.000000 0.060000 0.000000
vt 0.039398 0.060000 0.000000
vt 0.000000 0.000000 0.000000
vt 0.037718 0.000000 0.000000
vt 0.000000 0.060000 0.000000
vt 0.037718 0.060000 0.000000
vt 0.000000 0.000000 0.000000
vt 0.036847 0.000000 0.000000
vt 0.000000 0.060000 0.000000
vt 0.036847 0.060000 0.000000
vt 0.000000 0.000000 0.000000
vt 0.036632 0.000000 0.000000
vt 0.000000 0.060000 0.000000
vt 0.036632 0.060000 0.000000
vt 0.000000 0.000000 0.000000
vt 0.036918 0.000000 0.000000
vt 0.000000 0.060000 0.000000
vt 0.036918 0.060000 0.000000
vt 0.000000 0.000000 0.000000
vt 0.037635 0.000000 0.000000
vt 0.000000 0.060000 0.000000
vt 0.037635 0.060000 0.000000
vt 0.000000 0.000000 0.000000
vt 0.038699 0.000000 0.000000
vt 0.000000 0.060000 0.000000
vt 0.038699 0.060000 0.000000
vt 0.000000 0.000000 0.000000
vt 0.040140 0.000000 0.000000
vt 0.000000 0.060000 0.000000
vt 0.040140 0.060000 0.000000
vt 0.000000 0.000000 0.000000
vt 0.037020 0.000000 0.000000
vt 0.000000 0.060000 0.000000
vt 0.037020 0.060000 0.000000
vt 0.000000 0.000000 0.000000
vt 0.037385 0.000000 0.000000
vt 0.000000 0.060000 0.000000
vt 0.037385 0.060000 0.000000
vt 0.000000 0.000000 0.000000
vt 0.037547 0.000000 0.000000
vt 0.000000 0.060000 0.000000
vt 0.037547 0.060000 0.000000
vt 0.000000 0.000000 0.000000
vt 0.037590 0.000000 0.000000
vt 0.000000 0.060000 0.000000
vt 0.037590 0.060000 0.000000
vt 0.000000 0.000000 0.000000
vt 0.037724 0.000000 0.000000
vt 0.000000 0.060000 0.000000
vt 0.037724 0.060000 0.000000
vt 0.000000 0.000000 0.000000
vt 0.038352 0.000000 0.000000
vt 0.000000 0.060000 0.000000
vt 0.038352 0.060000 0.000000
vt 0.000000 0.000000 0.000000
vt 0.039984 0.000000 0.000000
vt 0.000000 0.060000 0.000000
vt 0.039984 0.060000 0.000000
vt 0.000000 0.000000 0.000000
vt 0.043151 0.000000 0.000000
vt 0.000000 0.060000 0.000000
vt 0.043151 0.060000 0.000000
vt 0.000000 0.000000 0.000000
vt 0.021802 0.000000 0.000000
vt 0.000000 0.060000 0.000000
vt 0.021802 0.060000 0.000000
vt 0.000000 0.000000 0.000000
vt 0.019905 0.000000 0.000000
vt 0.000000 0.060000 0.000000
vt 0.019905 0.060000 0.000000
vt 0.000000 0.000000 0.000000
vt 0.018391 0.000000 0.000000
vt 0.000000 0.060000 0.000000
vt 0.018391 0.060000 0.000000
vt 0.000000 0.000000 0.000000
vt 0.017255 0.000000 0.000000
vt 0.000000 0.060000 0.000000
vt 0.017255 0.060000 0.000000
vt 0.000000 0.000000 0.000000
vt 0.032472 0.000000 0.000000
vt 0.000000 0.060000 0.000000
vt 0.032472 0.060000 0.000000
vt 0.000000 0.000000 0.000000
vt 0.031755 0.000000 0.000000
vt 0.000000 0.060000 0.000000
vt 0.031755 0.060000 0.000000
vt 0.000000 0.000000 0.000000
vt 0.062061 0.000000 0.000000
vt 0.000000 0.060000 0.000000
vt 0.062061 0.060000 0.000000
vt 0.000000 0.000000 0.000000
vt 0.059040 0.000000 0.000000
vt 0.000000 0.060000 0.000000
vt 0.059040 0.060000 0.000000
vt 0.000000 0.000000 0.000000
vt 0.057679 0.000000 0.000000
vt 0.000000 0.060000 0.000000
vt 0.057679 0.060000 0.000000
vt 0.000000 0.000000 0.000000
vt 0.056775 0.000000 0.000000
vt 0.000000 0.060000 0.000000
vt 0.056775 0.060000 0.000000
vt 0.000000 0.000000 0.000000
vt 0.055889 0.000000 0.000000
vt 0.000000 0.060000 0.000000
vt 0.055889 0.060000 0.000000
vt 0.000000 0.000000 0.000000
vt 0.055464 0.000000 0.000000
vt 0.000000 0.060000 0.000000
vt 0.055464 0.060000 0.000000
vt 0.000000 0.000000 0.000000
vt 0.055342 0.000000 0.000000
vt 0.000000 0.060000 0.000000
vt 0.055342 0.060000 0.000000
vt 0.000000 0.000000 0.000000
vt 0.060462 0.000000 0.000000
vt 0.000000 0.060000 0.000000
vt 0.060462 0.060000 0.000000
vt 0.000000 0.000000 0.000000
vt 0.057338 0.000000 0.000000
vt 0.000000 0.060000 0.000000
vt 0.057338 0.060000 0.000000
vt 0.000000 0.000000 0.000000
vt 0.056270 0.000000 0.000000
vt 0.000000 0.060000 0.000000
vt 0.056270 0.060000 0.000000
vt 0.000000 0.000000 0.000000
vt 0.056246 0.000000 0.000000
vt 0.000000 0.060000 0.000000
vt 0.056246 0.060000 0.000000
vt 0.000000 0.000000 0.000000
vt 0.056463 0.000000 0.000000
vt 0.000000 0.060000 0.000000
vt 0.056463 0.060000 0.000000
vt 0.000000 0.000000 0.000000
vt 0.056364 0.000000 0.000000
vt 0.000000 0.060000 0.000000
vt 0.056364 0.060000 0.000000
vt 0.000000 0.000000 0.000000
vt 0.055658 0.000000 0.000000
vt 0.000000 0.060000 0.000000
vt 0.055658 0.060000 0.000000
vt 0.000000 0.000000 0.000000
vt 0.054288 0.000000 0.000000
vt 0.000000 0.060000 0.000000
vt 0.054288 0.060000 0.000000
vt 0.000000 0.000000 0.000000
vt 0.064196 0.000000 0.000000
vt 0.000000 0.060000 0.000000
vt 0.064196 0.060000 0.000000
vt 0.000000 0.000000 0.000000
vt 0.060801 0.000000 0.000000
vt 0.000000 0.060000 0.000000
vt 0.060801 0.060000 0.000000
vt 0.000000 0.000000 0.000000
vt 0.058412 0.000000 0.000000
vt 0.000000 0.060000 0.000000
vt 0.058412 0.060000 0.000000
vt 0.000000 0.000000 0.000000
vt 0.056735 0.000000 0.000000
vt 0.000000 0.060000 0.000000
vt 0.056735 0.060000 0.000000
vt 0.000000 0.000000 0.000000
vt 0.055507 0.000000 0.000000
vt 0.000000 0.060000 0.000000
vt 0.055507 0.060000 0.000000
vt 0.000000 0.000000 0.000000
vt 0.054687 0.000000 0.000000
vt 0.000000 0.060000 0.000000
vt 0.054687 0.060000 0.000000
vt 0.000000 0.000000 0.000000
vt 0.054266 0.000000 0.000000
vt 0.000000 0.060000 0.000000
vt 0.054266 0.060000 0.000000
vt 0.000000 0.000000 0.000000
vt 0.054447 0.000000 0.000000
vt 0.000000 0.060000 0.000000
vt 0.054447 0.060000 0.000000
vt 0.000000 0.000000 0.000000
vt 0.062883 0.000000 0.000000
vt 0.000000 0.060000 0.000000
vt 0.062883 0.060000 0.000000
vt 0.000000 0.000000 0.000000
vt 0.058926 0.000000 0.000000
vt 0.000000 0.060000 0.000000
vt 0.058926 0.060000 0.000000
vt 0.000000 0.000000 0.000000
vt 0.056958 0.000000 0.000000
vt 0.000000 0.060000 0.000000
vt 0.056958 0.060000 0.000000
vt 0.000000 0.000000 0.000000
vt 0.056264 0.000000 0.000000
vt 0.000000 0.060000 0.000000
vt 0.056264 0.060000 0.000000
vt 0.000000 0.000000 0.000000
vt 0.056225 0.000000 0.000000
vt 0.000000 0.060000 0.000000
vt 0.056225 0.060000 0.000000
vt 0.000000 0.000000 0.000000
vt 0.056333 0.000000 0.000000
vt 0.000000 0.060000 0.000000
vt 0.056333 0.060000 0.000000
vt 0.000000 0.000000 0.000000
vt 0.056271 0.000000 0.000000
vt 0.000000 0.060000 0.000000
vt 0.056271 0.060000 0.000000
vt 0.000000 0.000000 0.000000
vt 0.055978 0.000000 0.000000
vt 0.000000 0.060000 0.000000
vt 0.055978 0.060000 0.000000
vt 0.000000 0.000000 0.000000
vt 0.064406 0.000000 0.000000
vt 0.000000 0.060000 0.000000
vt 0.064406 0.060000 0.000000
vt 0.000000 0.000000 0.000000
vt 0.060445 0.000000 0.000000
vt 0.000000 0.060000 0.000000
vt 0.060445 0.060000 0.000000
vt 0.000000 0.000000 0.000000
vt 0.057825 0.000000 0.000000
vt 0.000000 0.060000 0.000000
vt 0.057825 0.060000 0.000000
vt 0.000000 0.000000 0.000000
vt 0.056211 0.000000 0.000000
vt 0.000000 0.060000 0.000000
vt 0.056211 0.060000 0.000000
vt 0.000000 0.000000 0.000000
vt 0.055343 0.000000 0.000000
vt 0.000000 0.060000 0.000000
vt 0.055343 0.060000 0.000000
vt 0.000000 0.000000 0.000000
vt 0.054975 0.000000 0.000000
vt 0.000000 0.060000 0.000000
vt 0.054975 0.060000 0.000000
vt 0.000000 0.000000 0.000000
vt 0.054962 0.000000 0.000000
vt 0.000000 0.060000 0.000000
vt 0.054962 0.060000 0.000000
vt -0.100195 -0.138980 0.000000
vt -0.132715 -0.266480 0.000000
vt -0.055345 -0.171610 0.000000
vt -0.080835 -0.289990 0.000000
vt -0.001155 -0.188630 0.000000
vt -0.023105 -0.301800 0.000000
vt 0.039755 -0.300110 0.000000
vt -0.133955 -0.094440 0.000000
vt -0.216025 -0.191680 0.000000
vt -0.178015 -0.233110 0.000000
vt -0.246025 -0.144000 0.000000
vt -0.154875 -0.041660 0.000000
vt -0.267285 -0.091900 0.000000
vt -0.279085 -0.037180 0.000000
vt -0.161215 0.015670 0.000000
vt -0.280905 0.027200 0.000000
vt -0.270835 0.086800 0.000000
vt -0.151235 0.073860 0.000000
vt -0.250205 0.140820 0.000000
vt -0.220355 0.188450 0.000000
vt -0.123185 0.129220 0.000000
vt -0.182595 0.228910 0.000000
vt -0.102995 0.153730 0.000000
vt -0.138255 0.261410 0.000000
vt -0.078295 0.174810 0.000000
vt -0.063635 0.183910 0.000000
vt -0.088675 0.285130 0.000000
vt -0.047095 0.191950 0.000000
vt -0.028435 0.198880 0.000000
vt -0.035175 0.299290 0.000000
vt -0.007405 0.204630 0.000000
vt 0.025235 0.301800 0.000000
vt 0.035475 0.209460 0.000000
vt 0.081365 0.290090 0.000000
vt 0.075145 0.204460 0.000000
vt 0.132335 0.266250 0.000000
vt 0.111035 0.190940 0.000000
vt 0.177255 0.232400 0.000000
vt 0.142585 0.170260 0.000000
vt 0.215235 0.190620 0.000000
vt 0.169225 0.143740 0.000000
vt 0.190365 0.112710 0.000000
vt 0.245405 0.143010 0.000000
vt 0.205465 0.078510 0.000000
vt 0.266875 0.091660 0.000000
vt 0.213925 0.042470 0.000000
vt 0.278765 0.038690 0.000000
vt 0.215925 0.002380 0.000000
vt 0.280905 -0.025470 0.000000
vt 0.211125 -0.036020 0.000000
vt 0.271315 -0.085510 0.000000
vt 0.199895 -0.071940 0.000000
vt 0.251285 -0.140380 0.000000
vt 0.182625 -0.104570 0.000000
vt 0.222095 -0.189030 0.000000
vt 0.159685 -0.133130 0.000000
vt 0.185065 -0.230380 0.000000
vt 0.131455 -0.156810 0.000000
vt 0.141465 -0.263390 0.000000
vt 0.098315 -0.174820 0.000000
vt 0.092595 -0.286980 0.000000
vt 0.060645 -0.186360 0.000000
vt 0.055345 -0.171610 0.000000
vt 0.132715 -0.266480 0.000000
vt 0.100195 -0.138980 0.000000
vt 0.178015 -0.233110 0.000000
vt 0.216025 -0.191680 0.000000
vt 0.080835 -0.289990 0.000000
vt 0.001155 -0.188630 0.000000
vt 0.023105 -0.301800 0.000000
vt -0.039755 -0.300110 0.000000
vt -0.060645 -0.186360 0.000000
vt -0.092595 -0.286980 0.000000
vt -0.098315 -0.174820 0.000000
vt -0.141465 -0.263390 0.000000
vt -0.131455 -0.156810 0.000000
vt -0.185065 -0.230380 0.000000
vt -0.159685 -0.133130 0.000000
vt -0.222095 -0.189030 0.000000
vt -0.182625 -0.104570 0.000000
vt -0.251285 -0.140380 0.000000
vt -0.199895 -0.071940 0.000000
vt -0.271315 -0.085510 0.000000
vt -0.211125 -0.036020 0.000000
vt -0.280905 -0.025470 0.000000
vt -0.215925 0.002380 0.000000
vt -0.278765 0.038690 0.000000
vt -0.213925 0.042470 0.000000
vt -0.266875 0.091660 0.000000
vt -0.205465 0.078510 0.000000
vt -0.245405 0.143010 0.000000
vt -0.190365 0.112710 0.000000
vt -0.215235 0.190620 0.000000
vt -0.169225 0.143740 0.000000
vt -0.142585 0.170260 0.000000
vt -0.177255 0.232400 0.000000
vt -0.111035 0.190940 0.000000
vt -0.132335 0.266250 0.000000
vt -0.075145 0.204460 0.000000
vt -0.081365 0.290090 0.000000
vt -0.035475 0.209460 0.000000
vt -0.025235 0.301800 0.000000
vt 0.007405 0.204630 0.000000
vt 0.035175 0.299290 0.000000
vt 0.028435 0.198880 0.000000
vt 0.088675 0.285130 0.000000
vt 0.047095 0.191950 0.000000
vt 0.063635 0.183910 0.000000
vt 0.138255 0.261410 0.000000
vt 0.078295 0.174810 0.000000
vt 0.102995 0.153730 0.000000
vt 0.182595 0.228910 0.000000
vt 0.123185 0.129220 0.000000
vt 0.220355 0.188450 0.000000
vt 0.151235 0.073860 0.000000
vt 0.250205 0.140820 0.000000
vt 0.270835 0.086800 0.000000
vt 0.161215 0.015670 0.000000
vt 0.280905 0.027200 0.000000
vt 0.279085 -0.037180 0.000000
vt 0.154875 -0.041660 0.000000
vt 0.267285 -0.091900 0.000000
vt 0.246025 -0.144000 0.000000
vt 0.133955 -0.094440 0.000000
vn 0.299648 0.954050 -0.000000
vn 0.299648 0.954050 -0.000000
vn 0.299648 0.954050 -0.000000
vn 0.299648 0.954050 -0.000000
vn -0.036707 0.999326 0.000000
vn -0.036707 0.999326 0.000000
vn -0.036707 0.999326 0.000000
vn -0.036707 0.999326 0.000000
vn -0.292908 0.956140 0.000000
vn -0.292908 0.956140 0.000000
vn -0.292908 0.956140 0.000000
vn -0.292908 0.956140 0.000000
vn -0.477496 0.878634 0.000000
vn -0.477496 0.878634 0.000000
vn -0.477496 0.878634 0.000000
vn -0.477496 0.878634 0.000000
vn -0.642664 0.766148 0.000000
vn -0.642664 0.766148 0.000000
vn -0.642664 0.766148 0.000000
vn -0.642664 0.766148 0.000000
vn -0.779642 0.626225 0.000000
vn -0.779642 0.626225 0.000000
vn -0.779642 0.626225 0.000000
vn -0.779642 0.626225 0.000000
vn -0.883841 0.467788 0.000000
vn -0.883841 0.467788 0.000000
vn -0.883841 0.467788 0.000000
vn -0.883841 0.467788 0.000000
vn -0.954442 0.298396 0.000000
vn -0.954442 0.298396 0.000000
vn -0.954442 0.298396 0.000000
vn -0.954442 0.298396 0.000000
vn -0.992278 0.124035 0.000000
vn -0.992278 0.124035 0.000000
vn -0.992278 0.124035 0.000000
vn -0.992278 0.124035 0.000000
vn -0.998758 -0.049826 0.000000
vn -0.998758 -0.049826 0.000000
vn -0.998758 -0.049826 0.000000
vn -0.998758 -0.049826 0.000000
vn -0.973537 -0.228527 0.000000
vn -0.973537 -0.228527 0.000000
vn -0.973537 -0.228527 0.000000
vn -0.973537 -0.228527 0.000000
vn -0.914802 -0.403904 0.000000
vn -0.914802 -0.403904 0.000000
vn -0.914802 -0.403904 0.000000
vn -0.914802 -0.403904 0.000000
vn -0.826436 -0.563031 0.000000
vn -0.826436 -0.563031 0.000000
vn -0.826436 -0.563031 0.000000
vn -0.826436 -0.563031 0.000000
vn -0.705509 -0.708701 0.000000
vn -0.705509 -0.708701 0.000000
vn -0.705509 -0.708701 0.000000
vn -0.705509 -0.708701 0.000000
vn -0.548199 -0.836348 0.000000
vn -0.548199 -0.836348 0.000000
vn -0.548199 -0.836348 0.000000
vn -0.548199 -0.836348 0.000000
vn -0.352523 -0.935803 0.000000
vn -0.352523 -0.935803 0.000000
vn -0.352523 -0.935803 0.000000
vn -0.352523 -0.935803 0.000000
vn -0.125050 -0.992150 0.000000
vn -0.125050 -0.992150 0.000000
vn -0.125050 -0.992150 0.000000
vn -0.125050 -0.992150 0.000000
vn 0.111932 -0.993716 0.000000
vn 0.111932 -0.993716 0.000000
vn 0.111932 -0.993716 0.000000
vn 0.111932 -0.993716 0.000000
vn 0.263738 -0.964594 0.000000
vn 0.263738 -0.964594 0.000000
vn 0.263738 -0.964594 0.000000
vn 0.263738 -0.964594 0.000000
vn 0.348149 -0.937439 0.000000
vn 0.348149 -0.937439 0.000000
vn 0.348149 -0.937439 0.000000
vn 0.348149 -0.937439 0.000000
vn 0.437180 -0.899374 0.000000
vn 0.437180 -0.899374 0.000000
vn 0.437180 -0.899374 0.000000
vn 0.437180 -0.899374 0.000000
vn 0.527392 -0.849622 0.000000
vn 0.527392 -0.849622 0.000000
vn 0.527392 -0.849622 0.000000
vn 0.527392 -0.849622 0.000000
vn 0.649167 -0.760646 0.000000
vn 0.649167 -0.760646 0.000000
vn 0.649167 -0.760646 0.000000
vn 0.649167 -0.760646 0.000000
vn 0.771848 -0.635807 0.000000
vn 0.771848 -0.635807 0.000000
vn 0.771848 -0.635807 0.000000
vn 0.771848 -0.635807 0.000000
vn 0.892030 -0.451977 0.000000
vn 0.892030 -0.451977 0.000000
vn 0.892030 -0.451977 0.000000
vn 0.892030 -0.451977 0.000000
vn 0.985609 -0.169039 0.000000
vn 0.985609 -0.169039 0.000000
vn 0.985609 -0.169039 0.000000
vn 0.985609 -0.169039 0.000000
vn 0.993941 0.109918 -0.000000
vn 0.993941 0.109918 -0.000000
vn 0.993941 0.109918 -0.000000
vn 0.993941 0.109918 -0.000000
vn 0.929638 0.368474 -0.000000
vn 0.929638 0.368474 -0.000000
vn 0.929638 0.368474 -0.000000
vn 0.929638 0.368474 -0.000000
vn 0.796941 0.604057 -0.000000
vn 0.796941 0.604057 -0.000000
vn 0.796941 0.604057 -0.000000
vn 0.796941 0.604057 -0.000000
vn 0.588311 0.808635 -0.000000
vn 0.588311 0.808635 -0.000000
vn 0.588311 0.808635 -0.000000
vn 0.588311 0.808635 -0.000000
vn -0.255863 0.966713 0.000000
vn -0.255863 0.966713 0.000000
vn -0.255863 0.966713 0.000000
vn -0.255863 0.966713 0.000000
vn -0.041514 0.999138 0.000000
vn -0.041514 0.999138 0.000000
vn -0.041514 0.999138 0.000000
vn -0.041514 0.999138 0.000000
vn 0.204226 0.978924 -0.000000
vn 0.204226 0.978924 -0.000000
vn 0.204226 0.978924 -0.000000
vn 0.204226 0.978924 -0.000000
vn 0.423673 0.905815 -0.000000
vn 0.423673 0.905815 -0.000000
vn 0.423673 0.905815 -0.000000
vn 0.423673 0.905815 -0.000000
vn 0.601819 0.798633 -0.000000
vn 0.601819 0.798633 -0.000000
vn 0.601819 0.798633 -0.000000
vn 0.601819 0.798633 -0.000000
vn 0.739956 0.672655 -0.000000
vn 0.739956 0.672655 -0.000000
vn 0.739956 0.672655 -0.000000
vn 0.739956 0.672655 -0.000000
vn 0.844683 0.535267 -0.000000
vn 0.844683 0.535267 -0.000000
vn 0.844683 0.535267 -0.000000
vn 0.844683 0.535267 -0.000000
vn 0.922603 0.385751 -0.000000
vn 0.922603 0.385751 -0.000000
vn 0.922603 0.385751 -0.000000
vn 0.922603 0.385751 -0.000000
vn 0.975721 0.219017 -0.000000
vn 0.975721 0.219017 -0.000000
vn 0.975721 0.219017 -0.000000
vn 0.975721 0.219017 -0.000000
vn 0.999444 0.033336 -0.000000
vn 0.999444 0.033336 -0.000000
vn 0.999444 0.033336 -0.000000
vn 0.999444 0.033336 -0.000000
vn 0.987483 -0.157727 0.000000
vn 0.987483 -0.157727 0.000000
vn 0.987483 -0.157727 0.000000
vn 0.987483 -0.157727 0.000000
vn 0.939368 -0.342911 0.000000
vn 0.939368 -0.342911 0.000000
vn 0.939368 -0.342911 0.000000
vn 0.939368 -0.342911 0.000000
vn 0.857493 -0.514496 0.000000
vn 0.857493 -0.514496 0.000000
vn 0.857493 -0.514496 0.000000
vn 0.857493 -0.514496 0.000000
vn 0.744949 -0.667121 0.000000
vn 0.744949 -0.667121 0.000000
vn 0.744949 -0.667121 0.000000
vn 0.744949 -0.667121 0.000000
vn 0.603622 -0.797271 0.000000
vn 0.603622 -0.797271 0.000000
vn 0.603622 -0.797271 0.000000
vn 0.603622 -0.797271 0.000000
vn 0.434713 -0.900569 0.000000
vn 0.434713 -0.900569 0.000000
vn 0.434713 -0.900569 0.000000
vn 0.434713 -0.900569 0.000000
vn 0.241152 -0.970487 0.000000
vn 0.241152 -0.970487 0.000000
vn 0.241152 -0.970487 0.000000
vn 0.241152 -0.970487 0.000000
vn 0.026875 -0.999639 0.000000
vn 0.026875 -0.999639 0.000000
vn 0.026875 -0.999639 0.000000
vn 0.026875 -0.999639 0.000000
vn -0.200422 -0.979710 0.000000
vn -0.200422 -0.979710 0.000000
vn -0.200422 -0.979710 0.000000
vn -0.200422 -0.979710 0.000000
vn -0.412758 -0.910841 0.000000
vn -0.412758 -0.910841 0.000000
vn -0.412758 -0.910841 0.000000
vn -0.412758 -0.910841 0.000000
vn -0.593096 -0.805132 0.000000
vn -0.593096 -0.805132 0.000000
vn -0.593096 -0.805132 0.000000
vn -0.593096 -0.805132 0.000000
vn -0.736866 -0.676039 0.000000
vn -0.736866 -0.676039 0.000000
vn -0.736866 -0.676039 0.000000
vn -0.736866 -0.676039 0.000000
vn -0.846399 -0.532550 0.000000
vn -0.846399 -0.532550 0.000000
vn -0.846399 -0.532550 0.000000
vn -0.846399 -0.532550 0.000000
vn -0.925881 -0.377816 0.000000
vn -0.925881 -0.377816 0.000000
vn -0.925881 -0.377816 0.000000
vn -0.925881 -0.377816 0.000000
vn -0.977530 -0.210798 0.000000
vn -0.977530 -0.210798 0.000000
vn -0.977530 -0.210798 0.000000
vn -0.977530 -0.210798 0.000000
vn -0.999601 -0.028258 0.000000
vn -0.999601 -0.028258 0.000000
vn -0.999601 -0.028258 0.000000
vn -0.999601 -0.028258 0.000000
vn -0.986025 0.166598 0.000000
vn -0.986025 0.166598 0.000000
vn -0.986025 0.166598 0.000000
vn -0.986025 0.166598 0.000000
vn -0.934194 0.356765 0.000000
vn -0.934194 0.356765 0.000000
vn -0.934194 0.356765 0.000000
vn -0.934194 0.356765 0.000000
vn -0.847348 0.531038 0.000000
vn -0.847348 0.531038 0.000000
vn -0.847348 0.531038 0.000000
vn -0.847348 0.531038 0.000000
vn -0.731079 0.682292 0.000000
vn -0.731079 0.682292 0.000000
vn -0.731079 0.682292 0.000000
vn -0.731079 0.682292 0.000000
vn -0.591174 0.806544 0.000000
vn -0.591174 0.806544 0.000000
vn -0.591174 0.806544 0.000000
vn -0.591174 0.806544 0.000000
vn -0.431571 0.902079 0.000000
vn -0.431571 0.902079 0.000000
vn -0.431571 0.902079 0.000000
vn -0.431571 0.902079 0.000000
vn 0.000000 0.000000 1.000000
vn 0.000000 0.000000 1.000000
vn 0.000000 0.000000 1.000000
vn 0.000000 0.000000 1.000000
vn 0.000000 0.000000 1.000000
vn 0.000000 0.000000 1.000000
vn 0.000000 0.000000 1.000000
vn 0.000000 0.000000 1.000000
vn 0.000000 0.000000 1.000000
vn 0.000000 0.000000 1.000000
vn 0.000000 0.000000 1.000000
vn 0.000000 0.000000 1.000000
vn 0.000000 0.000000 1.000000
vn 0.000000 0.000000 1.000000
vn 0.000000 0.000000 1.000000
vn 0.000000 0.000000 1.000000
vn 0.000000 0.000000 1.000000
vn 0.000000 0.000000 1.000000
vn 0.000000 0.000000 1.000000
vn 0.000000 0.000000 1.000000
vn 0.000000 0.000000 1.000000
vn 0.000000 0.000000 1.000000
vn 0.000000 0.000000 1.000000
vn 0.000000 0.000000 1.000000
vn 0.000000 0.000000 1.000000
vn 0.000000 0.000000 1.000000
vn 0.000000 0.000000 1.000000
vn 0.000000 0.000000 1.000000
vn 0.000000 0.000000 1.000000
vn 0.000000 0.000000 1.000000
vn 0.000000 0.000000 1.000000
vn 0.000000 0.000000 1.000000
vn 0.000000 0.000000 1.000000
vn 0.000000 0.000000 1.000000
vn 0.000000 0.000000 1.000000
vn 0.000000 0.000000 1.000000
vn 0.000000 0.000000 1.000000
vn 0.000000 0.000000 1.000000
vn 0.000000 0.000000 1.000000
vn 0.000000 0.000000 1.000000
vn 0.000000 0.000000 1.000000
vn 0.000000 0.000000 1.000000
vn 0.000000 0.000000 1.000000
vn 0.000000 0.000000 1.000000
vn 0.000000 0.000000 1.000000
vn 0.000000 0.000000 1.000000
vn 0.000000 0.000000 1.000000
vn 0.000000 0.000000 1.000000
vn 0.000000 0.000000 1.000000
vn 0.000000 0.000000 1.000000
vn 0.000000 0.000000 1.000000
vn 0.000000 0.000000 1.000000
vn 0.000000 0.000000 1.000000
vn 0.000000 0.000000 1.000000
vn 0.000000 0.000000 1.000000
vn 0.000000 0.000000 1.000000
vn 0.000000 0.000000 1.000000
vn 0.000000 0.000000 1.000000
vn 0.000000 0.000000 1.000000
vn 0.000000 0.000000 1.000000
vn 0.000000 0.000000 1.000000
vn 0.000000 0.000000 1.000000
vn -0.000000 0.000000 -1.000000
vn -0.000000 0.000000 -1.000000
vn -0.000000 0.000000 -1.000000
vn -0.000000 0.000000 -1.000000
vn -0.000000 0.000000 -1.000000
vn -0.000000 0.000000 -1.000000
vn -0.000000 0.000000 -1.000000
vn -0.000000 0.000000 -1.000000
vn -0.000000 0.000000 -1.000000
vn -0.000000 0.000000 -1.000000
vn -0.000000 0.000000 -1.000000
vn -0.000000 0.000000 -1.000000
vn -0.000000 0.000000 -1.000000
vn -0.000000 0.000000 -1.000000
vn -0.000000 0.000000 -1.000000
vn -0.000000 0.000000 -1.000000
vn -0.000000 0.000000 -1.000000
vn -0.000000 0.000000 -1.000000
vn -0.000000 0.000000 -1.000000
vn -0.000000 0.000000 -1.000000
vn -0.000000 0.000000 -1.000000
vn -0.000000 0.000000 -1.000000
vn -0.000000 0.000000 -1.000000
vn -0.000000 0.000000 -1.000000
vn -0.000000 0.000000 -1.000000
vn -0.000000 0.000000 -1.000000
vn -0.000000 0.000000 -1.000000
vn -0.000000 0.000000 -1.000000
vn -0.000000 0.000000 -1.000000
vn -0.000000 0.000000 -1.000000
vn -0.000000 0.000000 -1.000000
vn -0.000000 0.000000 -1.000000
vn -0.000000 0.000000 -1.000000
vn -0.000000 0.000000 -1.000000
vn -0.000000 0.000000 -1.000000
vn -0.000000 0.000000 -1.000000
vn -0.000000 0.000000 -1.000000
vn -0.000000 0.000000 -1.000000
vn -0.000000 0.000000 -1.000000
vn -0.000000 0.000000 -1.000000
vn -0.000000 0.000000 -1.000000
vn -0.000000 0.000000 -1.000000
vn -0.000000 0.000000 -1.000000
vn -0.000000 0.000000 -1.000000
vn -0.000000 0.000000 -1.000000
vn -0.000000 0.000000 -1.000000
vn -0.000000 0.000000 -1.000000
vn -0.000000 0.000000 -1.000000
vn -0.000000 0.000000 -1.000000
vn -0.000000 0.000000 -1.000000
vn -0.000000 0.000000 -1.000000
vn -0.000000 0.000000 -1.000000
vn -0.000000 0.000000 -1.000000
vn -0.000000 0.000000 -1.000000
vn -0.000000 0.000000 -1.000000
vn -0.000000 0.000000 -1.000000
vn -0.000000 0.000000 -1.000000
vn -0.000000 0.000000 -1.000000
vn -0.000000 0.000000 -1.000000
vn -0.000000 0.000000 -1.000000
vn -0.000000 0.000000 -1.000000
vn -0.000000 0.000000 -1.000000
f 2319/6955/6955 2320/6956/6956 2322/6957/6957
f 2322/6957/6957 2320/6956/6956 2321/6958/6958
f 2323/6959/6959 2319/6960/6960 2324/6961/6961
f 2324/6961/6961 2319/6960/6960 2322/6962/6962
f 2325/6963/6963 2323/6964/6964 2326/6965/6965
f 2326/6965/6965 2323/6964/6964 2324/6966/6966
f 2327/6967/6967 2325/6968/6968 2328/6969/6969
f 2328/6969/6969 2325/6968/6968 2326/6970/6970
f 2329/6971/6971 2327/6972/6972 2330/6973/6973
f 2330/6973/6973 2327/6972/6972 2328/6974/6974
f 2331/6975/6975 2329/6976/6976 2332/6977/6977
f 2332/6977/6977 2329/6976/6976 2330/6978/6978
f 2333/6979/6979 2331/6980/6980 2334/6981/6981
f 2334/6981/6981 2331/6980/6980 2332/6982/6982
f 2335/6983/6983 2333/6984/6984 2336/6985/6985
f 2336/6985/6985 2333/6984/6984 2334/6986/6986
f 2337/6987/6987 2335/6988/6988 2338/6989/6989
f 2338/6989/6989 2335/6988/6988 2336/6990/6990
f 2339/6991/6991 2337/6992/6992 2340/6993/6993
f 2340/6993/6993 2337/6992/6992 2338/6994/6994
f 2341/6995/6995 2339/6996/6996 2342/6997/6997
f 2342/6997/6997 2339/6996/6996 2340/6998/6998
f 2343/6999/6999 2341/7000/7000 2344/7001/7001
f 2344/7001/7001 2341/7000/7000 2342/7002/7002
f 2345/7003/7003 2343/7004/7004 2346/7005/7005
f 2346/7005/7005 2343/7004/7004 2344/7006/7006
f 2347/7007/7007 2345/7008/7008 2348/7009/7009
f 2348/7009/7009 2345/7008/7008 2346/7010/7010
f 2349/7011/7011 2347/7012/7012 2350/7013/7013
f 2350/7013/7013 2347/7012/7012 2348/7014/7014
f 2351/7015/7015 2349/7016/7016 2352/7017/7017
f 2352/7017/7017 2349/7016/7016 2350/7018/7018
f 2353/7019/7019 2351/7020/7020 2354/7021/7021
f 2354/7021/7021 2351/7020/7020 2352/7022/7022
f 2355/7023/7023 2353/7024/7024 2356/7025/7025
f 2356/7025/7025 2353/7024/7024 2354/7026/7026
f 2357/7027/7027 2355/7028/7028 2358/7029/7029
f 2358/7029/7029 2355/7028/7028 2356/7030/7030
f 2359/7031/7031 2357/7032/7032 2360/7033/7033
f 2360/7033/7033 2357/7032/7032 2358/7034/7034
f 2361/7035/7035 2359/7036/7036 2362/7037/7037
f 2362/7037/7037 2359/7036/7036 2360/7038/7038
f 2363/7039/7039 2361/7040/7040 2364/7041/7041
f 2364/7041/7041 2361/7040/7040 2362/7042/7042
f 2365/7043/7043 2363/7044/7044 2366/7045/7045
f 2366/7045/7045 2363/7044/7044 2364/7046/7046
f 2367/7047/7047 2365/7048/7048 2368/7049/7049
f 2368/7049/7049 2365/7048/7048 2366/7050/7050
f 2369/7051/7051 2367/7052/7052 2370/7053/7053
f 2370/7053/7053 2367/7052/7052 2368/7054/7054
f 2371/7055/7055 2369/7056/7056 2372/7057/7057
f 2372/7057/7057 2369/7056/7056 2370/7058/7058
f 2373/7059/7059 2371/7060/7060 2374/7061/7061
f 2374/7061/7061 2371/7060/7060 2372/7062/7062
f 2375/7063/7063 2373/7064/7064 2376/7065/7065
f 2376/7065/7065 2373/7064/7064 2374/7066/7066
f 2377/7067/7067 2375/7068/7068 2378/7069/7069
f 2378/7069/7069 2375/7068/7068 2376/7070/7070
f 2320/7071/7071 2377/7072/7072 2321/7073/7073
f 2321/7073/7073 2377/7072/7072 2378/7074/7074
f 2379/7075/7075 2380/7076/7076 2382/7077/7077
f 2382/7077/7077 2380/7076/7076 2381/7078/7078
f 2383/7079/7079 2379/7080/7080 2384/7081/7081
f 2384/7081/7081 2379/7080/7080 2382/7082/7082
f 2385/7083/7083 2383/7084/7084 2386/7085/7085
f 2386/7085/7085 2383/7084/7084 2384/7086/7086
f 2387/7087/7087 2385/7088/7088 2388/7089/7089
f 2388/7089/7089 2385/7088/7088 2386/7090/7090
f 2389/7091/7091 2387/7092/7092 2390/7093/7093
f 2390/7093/7093 2387/7092/7092 2388/7094/7094
f 2391/7095/7095 2389/7096/7096 2392/7097/7097
f 2392/7097/7097 2389/7096/7096 2390/7098/7098
f 2393/7099/7099 2391/7100/7100 2394/7101/7101
f 2394/7101/7101 2391/7100/7100 2392/7102/7102
f 2395/7103/7103 2393/7104/7104 2396/7105/7105
f 2396/7105/7105 2393/7104/7104 2394/7106/7106
f 2397/7107/7107 2395/7108/7108 2398/7109/7109
f 2398/7109/7109 2395/7108/7108 2396/7110/7110
f 2399/7111/7111 2397/7112/7112 2400/7113/7113
f 2400/7113/7113 2397/7112/7112 2398/7114/7114
f 2401/7115/7115 2399/7116/7116 2402/7117/7117
f 2402/7117/7117 2399/7116/7116 2400/7118/7118
f 2403/7119/7119 2401/7120/7120 2404/7121/7121
f 2404/7121/7121 2401/7120/7120 2402/7122/7122
f 2405/7123/7123 2403/7124/7124 2406/7125/7125
f 2406/7125/7125 2403/7124/7124 2404/7126/7126
f 2407/7127/7127 2405/7128/7128 2408/7129/7129
f 2408/7129/7129 2405/7128/7128 2406/7130/7130
f 2409/7131/7131 2407/7132/7132 2410/7133/7133
f 2410/7133/7133 2407/7132/7132 2408/7134/7134
f 2411/7135/7135 2409/7136/7136 2412/7137/7137
f 2412/7137/7137 2409/7136/7136 2410/7138/7138
f 2413/7139/7139 2411/7140/7140 2414/7141/7141
f 2414/7141/7141 2411/7140/7140 2412/7142/7142
f 2415/7143/7143 2413/7144/7144 2416/7145/7145
f 2416/7145/7145 2413/7144/7144 2414/7146/7146
f 2417/7147/7147 2415/7148/7148 2418/7149/7149
f 2418/7149/7149 2415/7148/7148 2416/7150/7150
f 2419/7151/7151 2417/7152/7152 2420/7153/7153
f 2420/7153/7153 2417/7152/7152 2418/7154/7154
f 2421/7155/7155 2419/7156/7156 2422/7157/7157
f 2422/7157/7157 2419/7156/7156 2420/7158/7158
f 2423/7159/7159 2421/7160/7160 2424/7161/7161
f 2424/7161/7161 2421/7160/7160 2422/7162/7162
f 2425/7163/7163 2423/7164/7164 2426/7165/7165
f 2426/7165/7165 2423/7164/7164 2424/7166/7166
f 2427/7167/7167 2425/7168/7168 2428/7169/7169
f 2428/7169/7169 2425/7168/7168 2426/7170/7170
f 2429/7171/7171 2427/7172/7172 2430/7173/7173
f 2430/7173/7173 2427/7172/7172 2428/7174/7174
f 2431/7175/7175 2429/7176/7176 2432/7177/7177
f 2432/7177/7177 2429/7176/7176 2430/7178/7178
f 2433/7179/7179 2431/7180/7180 2434/7181/7181
f 2434/7181/7181 2431/7180/7180 2432/7182/7182
f 2435/7183/7183 2433/7184/7184 2436/7185/7185
f 2436/7185/7185 2433/7184/7184 2434/7186/7186
f 2437/7187/7187 2435/7188/7188 2438/7189/7189
f 2438/7189/7189 2435/7188/7188 2436/7190/7190
f 2439/7191/7191 2437/7192/7192 2440/7193/7193
f 2440/7193/7193 2437/7192/7192 2438/7194/7194
f 2441/7195/7195 2439/7196/7196 2442/7197/7197
f 2442/7197/7197 2439/7196/7196 2440/7198/7198
f 2380/7199/7199 2441/7200/7200 2381/7201/7201
f 2381/7201/7201 2441/7200/7200 2442/7202/7202
f 2378/7203/7203 2420/7204/7204 2321/7205/7205
f 2321/7205/7205 2420/7204/7204 2418/7206/7206
f 2321/7205/7205 2418/7206/7206 2322/7207/7207
f 2322/7207/7207 2418/7206/7206 2416/7208/7208
f 2322/7207/7207 2416/7208/7208 2414/7209/7209
f 2376/7210/7210 2424/7211/7211 2378/7203/7203
f 2378/7203/7203 2424/7211/7211 2422/7212/7212
f 2378/7203/7203 2422/7212/7212 2420/7204/7204
f 2424/7211/7211 2376/7210/7210 2426/7213/7213
f 2426/7213/7213 2376/7210/7210 2374/7214/7214
f 2426/7213/7213 2374/7214/7214 2428/7215/7215
f 2428/7215/7215 2374/7214/7214 2430/7216/7216
f 2430/7216/7216 2374/7214/7214 2372/7217/7217
f 2430/7216/7216 2372/7217/7217 2432/7218/7218
f 2432/7218/7218 2372/7217/7217 2434/7219/7219
f 2434/7219/7219 2372/7217/7217 2370/7220/7220
f 2434/7219/7219 2370/7220/7220 2436/7221/7221
f 2436/7221/7221 2370/7220/7220 2438/7222/7222
f 2438/7222/7222 2370/7220/7220 2368/7223/7223
f 2438/7222/7222 2368/7223/7223 2440/7224/7224
f 2440/7224/7224 2368/7223/7223 2366/7225/7225
f 2440/7224/7224 2366/7225/7225 2442/7226/7226
f 2442/7226/7226 2366/7225/7225 2364/7227/7227
f 2442/7226/7226 2364/7227/7227 2362/7228/7228
f 2442/7226/7226 2362/7228/7228 2381/7229/7229
f 2381/7229/7229 2362/7228/7228 2360/7230/7230
f 2381/7229/7229 2360/7230/7230 2358/7231/7231
f 2381/7229/7229 2358/7231/7231 2382/7232/7232
f 2382/7232/7232 2358/7231/7231 2356/7233/7233
f 2382/7232/7232 2356/7233/7233 2384/7234/7234
f 2384/7234/7234 2356/7233/7233 2354/7235/7235
f 2384/7234/7234 2354/7235/7235 2386/7236/7236
f 2386/7236/7236 2354/7235/7235 2352/7237/7237
f 2386/7236/7236 2352/7237/7237 2388/7238/7238
f 2388/7238/7238 2352/7237/7237 2350/7239/7239
f 2388/7238/7238 2350/7239/7239 2390/7240/7240
f 2390/7240/7240 2350/7239/7239 2348/7241/7241
f 2390/7240/7240 2348/7241/7241 2392/7242/7242
f 2392/7242/7242 2348/7241/7241 2346/7243/7243
f 2392/7242/7242 2346/7243/7243 2344/7244/7244
f 2392/7242/7242 2344/7244/7244 2394/7245/7245
f 2394/7245/7245 2344/7244/7244 2342/7246/7246
f 2394/7245/7245 2342/7246/7246 2396/7247/7247
f 2396/7247/7247 2342/7246/7246 2340/7248/7248
f 2396/7247/7247 2340/7248/7248 2398/7249/7249
f 2398/7249/7249 2340/7248/7248 2338/7250/7250
f 2398/7249/7249 2338/7250/7250 2400/7251/7251
f 2400/7251/7251 2338/7250/7250 2336/7252/7252
f 2400/7251/7251 2336/7252/7252 2402/7253/7253
f 2402/7253/7253 2336/7252/7252 2334/7254/7254
f 2402/7253/7253 2334/7254/7254 2404/7255/7255
f 2404/7255/7255 2334/7254/7254 2332/7256/7256
f 2404/7255/7255 2332/7256/7256 2406/7257/7257
f 2406/7257/7257 2332/7256/7256 2330/7258/7258
f 2406/7257/7257 2330/7258/7258 2408/7259/7259
f 2408/7259/7259 2330/7258/7258 2328/7260/7260
f 2408/7259/7259 2328/7260/7260 2410/7261/7261
f 2410/7261/7261 2328/7260/7260 2326/7262/7262
f 2410/7261/7261 2326/7262/7262 2412/7263/7263
f 2412/7263/7263 2326/7262/7262 2324/7264/7264
f 2412/7263/7263 2324/7264/7264 2414/7209/7209
f 2414/7209/7209 2324/7264/7264 2322/7207/7207
f 2320/7265/7265 2419/7266/7266 2377/7267/7267
f 2377/7267/7267 2419/7266/7266 2421/7268/7268
f 2377/7267/7267 2421/7268/7268 2423/7269/7269
f 2419/7266/7266 2320/7265/7265 2417/7270/7270
f 2417/7270/7270 2320/7265/7265 2319/7271/7271
f 2417/7270/7270 2319/7271/7271 2415/7272/7272
f 2415/7272/7272 2319/7271/7271 2413/7273/7273
f 2413/7273/7273 2319/7271/7271 2323/7274/7274
f 2413/7273/7273 2323/7274/7274 2411/7275/7275
f 2411/7275/7275 2323/7274/7274 2325/7276/7276
f 2411/7275/7275 2325/7276/7276 2409/7277/7277
f 2409/7277/7277 2325/7276/7276 2327/7278/7278
f 2409/7277/7277 2327/7278/7278 2407/7279/7279
f 2407/7279/7279 2327/7278/7278 2329/7280/7280
f 2407/7279/7279 2329/7280/7280 2405/7281/7281
f 2405/7281/7281 2329/7280/7280 2331/7282/7282
f 2405/7281/7281 2331/7282/7282 2403/7283/7283
f 2403/7283/7283 2331/7282/7282 2333/7284/7284
f 2403/7283/7283 2333/7284/7284 2401/7285/7285
f 2401/7285/7285 2333/7284/7284 2335/7286/7286
f 2401/7285/7285 2335/7286/7286 2399/7287/7287
f 2399/7287/7287 2335/7286/7286 2337/7288/7288
f 2399/7287/7287 2337/7288/7288 2397/7289/7289
f 2397/7289/7289 2337/7288/7288 2339/7290/7290
f 2397/7289/7289 2339/7290/7290 2395/7291/7291
f 2395/7291/7291 2339/7290/7290 2341/7292/7292
f 2395/7291/7291 2341/7292/7292 2393/7293/7293
f 2393/7293/7293 2341/7292/7292 2343/7294/7294
f 2393/7293/7293 2343/7294/7294 2391/7295/7295
f 2391/7295/7295 2343/7294/7294 2345/7296/7296
f 2391/7295/7295 2345/7296/7296 2347/7297/7297
f 2391/7295/7295 2347/7297/7297 2389/7298/7298
f 2389/7298/7298 2347/7297/7297 2349/7299/7299
f 2389/7298/7298 2349/7299/7299 2387/7300/7300
f 2387/7300/7300 2349/7299/7299 2351/7301/7301
f 2387/7300/7300 2351/7301/7301 2385/7302/7302
f 2385/7302/7302 2351/7301/7301 2353/7303/7303
f 2385/7302/7302 2353/7303/7303 2383/7304/7304
f 2383/7304/7304 2353/7303/7303 2355/7305/7305
f 2383/7304/7304 2355/7305/7305 2379/7306/7306
f 2379/7306/7306 2355/7305/7305 2357/7307/7307
f 2379/7306/7306 2357/7307/7307 2380/7308/7308
f 2380/7308/7308 2357/7307/7307 2359/7309/7309
f 2380/7308/7308 2359/7309/7309 2361/7310/7310
f 2380/7308/7308 2361/7310/7310 2441/7311/7311
f 2441/7311/7311 2361/7310/7310 2363/7312/7312
f 2441/7311/7311 2363/7312/7312 2365/7313/7313
f 2441/7311/7311 2365/7313/7313 2439/7314/7314
f 2439/7314/7314 2365/7313/7313 2367/7315/7315
f 2439/7314/7314 2367/7315/7315 2437/7316/7316
f 2437/7316/7316 2367/7315/7315 2369/7317/7317
f 2437/7316/7316 2369/7317/7317 2435/7318/7318
f 2435/7318/7318 2369/7317/7317 2433/7319/7319
f 2433/7319/7319 2369/7317/7317 2371/7320/7320
f 2433/7319/7319 2371/7320/7320 2431/7321/7321
f 2431/7321/7321 2371/7320/7320 2429/7322/7322
f 2429/7322/7322 2371/7320/7320 2373/7323/7323
f 2429/7322/7322 2373/7323/7323 2427/7324/7324
f 2427/7324/7324 2373/7323/7323 2425/7325/7325
f 2425/7325/7325 2373/7323/7323 2375/7326/7326
f 2425/7325/7325 2375/7326/7326 2423/7269/7269
f 2423/7269/7269 2375/7326/7326 2377/7267/7267
g blanco

v 28.809530 -946.201810 0.000000
v 28.791550 -946.184750 0.000000
v 28.791550 -946.184750 0.060000
v 28.809530 -946.201810 0.060000
v 28.820080 -946.224850 0.000000
v 28.820080 -946.224850 0.060000
v 28.822710 -946.250630 0.000000
v 28.822710 -946.250630 0.060000
v 28.816960 -946.275920 0.000000
v 28.816960 -946.275920 0.060000
v 28.802350 -946.297480 0.000000
v 28.802350 -946.297480 0.060000
v 28.778410 -946.312070 0.000000
v 28.778410 -946.312070 0.060000
v 28.765480 -946.315170 0.000000
v 28.765480 -946.315170 0.060000
v 28.752370 -946.315650 0.000000
v 28.752370 -946.315650 0.060000
v 28.739480 -946.313570 0.000000
v 28.739480 -946.313570 0.060000
v 28.727210 -946.308990 0.000000
v 28.727210 -946.308990 0.060000
v 28.715950 -946.301960 0.000000
v 28.715950 -946.301960 0.060000
v 28.706110 -946.292560 0.000000
v 28.706110 -946.292560 0.060000
v 28.698080 -946.280830 0.000000
v 28.698080 -946.280830 0.060000
v 28.692270 -946.266840 0.000000
v 28.692270 -946.266840 0.060000
v 28.689490 -946.254310 0.000000
v 28.689490 -946.254310 0.060000
v 28.688730 -946.241680 0.000000
v 28.688730 -946.241680 0.060000
v 28.690150 -946.229260 0.000000
v 28.690150 -946.229260 0.060000
v 28.693900 -946.217380 0.000000
v 28.693900 -946.217380 0.060000
v 28.700130 -946.206350 0.000000
v 28.700130 -946.206350 0.060000
v 28.708980 -946.196490 0.000000
v 28.708980 -946.196490 0.060000
v 28.720620 -946.188120 0.000000
v 28.720620 -946.188120 0.060000
v 28.735180 -946.181550 0.000000
v 28.735180 -946.181550 0.060000
v 28.766610 -946.176920 0.000000
v 28.766610 -946.176920 0.060000
vt 0.000000 0.000000 0.000000
vt 0.024786 0.000000 0.000000
vt 0.000000 0.060000 0.000000
vt 0.024786 0.060000 0.000000
vt 0.000000 0.000000 0.000000
vt 0.025341 0.000000 0.000000
vt 0.000000 0.060000 0.000000
vt 0.025341 0.060000 0.000000
vt 0.000000 0.000000 0.000000
vt 0.025914 0.000000 0.000000
vt 0.000000 0.060000 0.000000
vt 0.025914 0.060000 0.000000
vt 0.000000 0.000000 0.000000
vt 0.025935 0.000000 0.000000
vt 0.000000 0.060000 0.000000
vt 0.025935 0.060000 0.000000
vt 0.000000 0.000000 0.000000
vt 0.026044 0.000000 0.000000
vt 0.000000 0.060000 0.000000
vt 0.026044 0.060000 0.000000
vt 0.000000 0.000000 0.000000
vt 0.028036 0.000000 0.000000
vt 0.000000 0.060000 0.000000
vt 0.028036 0.060000 0.000000
vt 0.000000 0.000000 0.000000
vt 0.013296 0.000000 0.000000
vt 0.000000 0.060000 0.000000
vt 0.013296 0.060000 0.000000
vt 0.000000 0.000000 0.000000
vt 0.013119 0.000000 0.000000
vt 0.000000 0.060000 0.000000
vt 0.013119 0.060000 0.000000
vt 0.000000 0.000000 0.000000
vt 0.013057 0.000000 0.000000
vt 0.000000 0.060000 0.000000
vt 0.013057 0.060000 0.000000
vt 0.000000 0.000000 0.000000
vt 0.013097 0.000000 0.000000
vt 0.000000 0.060000 0.000000
vt 0.013097 0.060000 0.000000
vt 0.000000 0.000000 0.000000
vt 0.013274 0.000000 0.000000
vt 0.000000 0.060000 0.000000
vt 0.013274 0.060000 0.000000
vt 0.000000 0.000000 0.000000
vt 0.013608 0.000000 0.000000
vt 0.000000 0.060000 0.000000
vt 0.013608 0.060000 0.000000
vt 0.000000 0.000000 0.000000
vt 0.014215 0.000000 0.000000
vt 0.000000 0.060000 0.000000
vt 0.014215 0.060000 0.000000
vt 0.000000 0.000000 0.000000
vt 0.015148 0.000000 0.000000
vt 0.000000 0.060000 0.000000
vt 0.015148 0.060000 0.000000
vt 0.000000 0.000000 0.000000
vt 0.012835 0.000000 0.000000
vt 0.000000 0.060000 0.000000
vt 0.012835 0.060000 0.000000
vt 0.000000 0.000000 0.000000
vt 0.012653 0.000000 0.000000
vt 0.000000 0.060000 0.000000
vt 0.012653 0.060000 0.000000
vt 0.000000 0.000000 0.000000
vt 0.012501 0.000000 0.000000
vt 0.000000 0.060000 0.000000
vt 0.012501 0.060000 0.000000
vt 0.000000 0.000000 0.000000
vt 0.012458 0.000000 0.000000
vt 0.000000 0.060000 0.000000
vt 0.012458 0.060000 0.000000
vt 0.000000 0.000000 0.000000
vt 0.012668 0.000000 0.000000
vt 0.000000 0.060000 0.000000
vt 0.012668 0.060000 0.000000
vt 0.000000 0.000000 0.000000
vt 0.013249 0.000000 0.000000
vt 0.000000 0.060000 0.000000
vt 0.013249 0.060000 0.000000
vt 0.000000 0.000000 0.000000
vt 0.014337 0.000000 0.000000
vt 0.000000 0.060000 0.000000
vt 0.014337 0.060000 0.000000
vt 0.000000 0.000000 0.000000
vt 0.015974 0.000000 0.000000
vt 0.000000 0.060000 0.000000
vt 0.015974 0.060000 0.000000
vt 0.000000 0.000000 0.000000
vt 0.031769 0.000000 0.000000
vt 0.000000 0.060000 0.000000
vt 0.031769 0.060000 0.000000
vt 0.000000 0.000000 0.000000
vt 0.026140 0.000000 0.000000
vt 0.000000 0.060000 0.000000
vt 0.026140 0.060000 0.000000
vt 0.035830 0.061535 0.000000
vt 0.010890 0.069365 0.000000
vt 0.053810 0.044475 0.000000
vt -0.020540 0.064735 0.000000
vt 0.064360 0.021435 0.000000
vt 0.066990 -0.004345 0.000000
vt -0.035100 0.058165 0.000000
vt -0.046740 0.049795 0.000000
vt -0.055590 0.039935 0.000000
vt -0.061820 0.028905 0.000000
vt -0.065570 0.017025 0.000000
vt -0.066990 0.004605 0.000000
vt -0.066230 -0.008025 0.000000
vt -0.063450 -0.020555 0.000000
vt -0.057640 -0.034545 0.000000
vt -0.049610 -0.046275 0.000000
vt -0.039770 -0.055675 0.000000
vt -0.028510 -0.062705 0.000000
vt -0.016240 -0.067285 0.000000
vt -0.003350 -0.069365 0.000000
vt 0.009760 -0.068885 0.000000
vt 0.022690 -0.065785 0.000000
vt 0.061240 -0.029635 0.000000
vt 0.046630 -0.051195 0.000000
vt -0.035830 0.061535 0.000000
vt -0.053810 0.044475 0.000000
vt -0.010890 0.069365 0.000000
vt 0.020540 0.064735 0.000000
vt -0.064360 0.021435 0.000000
vt -0.066990 -0.004345 0.000000
vt -0.061240 -0.029635 0.000000
vt -0.022690 -0.065785 0.000000
vt -0.009760 -0.068885 0.000000
vt 0.003350 -0.069365 0.000000
vt -0.046630 -0.051195 0.000000
vt 0.016240 -0.067285 0.000000
vt 0.028510 -0.062705 0.000000
vt 0.039770 -0.055675 0.000000
vt 0.049610 -0.046275 0.000000
vt 0.057640 -0.034545 0.000000
vt 0.063450 -0.020555 0.000000
vt 0.066230 -0.008025 0.000000
vt 0.066990 0.004605 0.000000
vt 0.065570 0.017025 0.000000
vt 0.061820 0.028905 0.000000
vt 0.055590 0.039935 0.000000
vt 0.046740 0.049795 0.000000
vt 0.035100 0.058165 0.000000
vn 0.688304 0.725422 -0.000000
vn 0.688304 0.725422 -0.000000
vn 0.688304 0.725422 -0.000000
vn 0.688304 0.725422 -0.000000
vn 0.909214 0.416329 -0.000000
vn 0.909214 0.416329 -0.000000
vn 0.909214 0.416329 -0.000000
vn 0.909214 0.416329 -0.000000
vn 0.994837 0.101490 -0.000000
vn 0.994837 0.101490 -0.000000
vn 0.994837 0.101490 -0.000000
vn 0.994837 0.101490 -0.000000
vn 0.975114 -0.221704 0.000000
vn 0.975114 -0.221704 0.000000
vn 0.975114 -0.221704 0.000000
vn 0.975114 -0.221704 0.000000
vn 0.827832 -0.560975 0.000000
vn 0.827832 -0.560975 0.000000
vn 0.827832 -0.560975 0.000000
vn 0.827832 -0.560975 0.000000
vn 0.520411 -0.853916 0.000000
vn 0.520411 -0.853916 0.000000
vn 0.520411 -0.853916 0.000000
vn 0.520411 -0.853916 0.000000
vn 0.233145 -0.972442 0.000000
vn 0.233145 -0.972442 0.000000
vn 0.233145 -0.972442 0.000000
vn 0.233145 -0.972442 0.000000
vn 0.036589 -0.999330 0.000000
vn 0.036589 -0.999330 0.000000
vn 0.036589 -0.999330 0.000000
vn 0.036589 -0.999330 0.000000
vn -0.159305 -0.987229 0.000000
vn -0.159305 -0.987229 0.000000
vn -0.159305 -0.987229 0.000000
vn -0.159305 -0.987229 0.000000
vn -0.349701 -0.936862 0.000000
vn -0.349701 -0.936862 0.000000
vn -0.349701 -0.936862 0.000000
vn -0.349701 -0.936862 0.000000
vn -0.529593 -0.848252 0.000000
vn -0.529593 -0.848252 0.000000
vn -0.529593 -0.848252 0.000000
vn -0.529593 -0.848252 0.000000
vn -0.690755 -0.723089 0.000000
vn -0.690755 -0.723089 0.000000
vn -0.690755 -0.723089 0.000000
vn -0.690755 -0.723089 0.000000
vn -0.825169 -0.564886 0.000000
vn -0.825169 -0.564886 0.000000
vn -0.825169 -0.564886 0.000000
vn -0.825169 -0.564886 0.000000
vn -0.923525 -0.383537 0.000000
vn -0.923525 -0.383537 0.000000
vn -0.923525 -0.383537 0.000000
vn -0.923525 -0.383537 0.000000
vn -0.976260 -0.216600 0.000000
vn -0.976260 -0.216600 0.000000
vn -0.976260 -0.216600 0.000000
vn -0.976260 -0.216600 0.000000
vn -0.998194 -0.060066 0.000000
vn -0.998194 -0.060066 0.000000
vn -0.998194 -0.060066 0.000000
vn -0.998194 -0.060066 0.000000
vn -0.993528 0.113592 0.000000
vn -0.993528 0.113592 0.000000
vn -0.993528 0.113592 0.000000
vn -0.993528 0.113592 0.000000
vn -0.953619 0.301016 0.000000
vn -0.953619 0.301016 0.000000
vn -0.953619 0.301016 0.000000
vn -0.953619 0.301016 0.000000
vn -0.870710 0.491797 0.000000
vn -0.870710 0.491797 0.000000
vn -0.870710 0.491797 0.000000
vn -0.870710 0.491797 0.000000
vn -0.744194 0.667963 0.000000
vn -0.744194 0.667963 0.000000
vn -0.744194 0.667963 0.000000
vn -0.744194 0.667963 0.000000
vn -0.583809 0.811891 0.000000
vn -0.583809 0.811891 0.000000
vn -0.583809 0.811891 0.000000
vn -0.583809 0.811891 0.000000
vn -0.411302 0.911499 0.000000
vn -0.411302 0.911499 0.000000
vn -0.411302 0.911499 0.000000
vn -0.411302 0.911499 0.000000
vn -0.145739 0.989323 0.000000
vn -0.145739 0.989323 0.000000
vn -0.145739 0.989323 0.000000
vn -0.145739 0.989323 0.000000
vn 0.299538 0.954084 -0.000000
vn 0.299538 0.954084 -0.000000
vn 0.299538 0.954084 -0.000000
vn 0.299538 0.954084 -0.000000
vn 0.000000 0.000000 1.000000
vn 0.000000 0.000000 1.000000
vn 0.000000 0.000000 1.000000
vn 0.000000 0.000000 1.000000
vn 0.000000 0.000000 1.000000
vn 0.000000 0.000000 1.000000
vn 0.000000 0.000000 1.000000
vn 0.000000 0.000000 1.000000
vn 0.000000 0.000000 1.000000
vn 0.000000 0.000000 1.000000
vn 0.000000 0.000000 1.000000
vn 0.000000 0.000000 1.000000
vn 0.000000 0.000000 1.000000
vn 0.000000 0.000000 1.000000
vn 0.000000 0.000000 1.000000
vn 0.000000 0.000000 1.000000
vn 0.000000 0.000000 1.000000
vn 0.000000 0.000000 1.000000
vn 0.000000 0.000000 1.000000
vn 0.000000 0.000000 1.000000
vn 0.000000 0.000000 1.000000
vn 0.000000 0.000000 1.000000
vn 0.000000 0.000000 1.000000
vn 0.000000 0.000000 1.000000
vn 0.000000 -0.000000 -1.000000
vn 0.000000 -0.000000 -1.000000
vn 0.000000 -0.000000 -1.000000
vn 0.000000 -0.000000 -1.000000
vn 0.000000 -0.000000 -1.000000
vn 0.000000 -0.000000 -1.000000
vn 0.000000 -0.000000 -1.000000
vn 0.000000 -0.000000 -1.000000
vn 0.000000 -0.000000 -1.000000
vn 0.000000 -0.000000 -1.000000
vn 0.000000 -0.000000 -1.000000
vn 0.000000 -0.000000 -1.000000
vn 0.000000 -0.000000 -1.000000
vn 0.000000 -0.000000 -1.000000
vn 0.000000 -0.000000 -1.000000
vn 0.000000 -0.000000 -1.000000
vn 0.000000 -0.000000 -1.000000
vn 0.000000 -0.000000 -1.000000
vn 0.000000 -0.000000 -1.000000
vn 0.000000 -0.000000 -1.000000
vn 0.000000 -0.000000 -1.000000
vn 0.000000 -0.000000 -1.000000
vn 0.000000 -0.000000 -1.000000
vn 0.000000 -0.000000 -1.000000
f 2443/7327/7327 2444/7328/7328 2446/7329/7329
f 2446/7329/7329 2444/7328/7328 2445/7330/7330
f 2447/7331/7331 2443/7332/7332 2448/7333/7333
f 2448/7333/7333 2443/7332/7332 2446/7334/7334
f 2449/7335/7335 2447/7336/7336 2450/7337/7337
f 2450/7337/7337 2447/7336/7336 2448/7338/7338
f 2451/7339/7339 2449/7340/7340 2452/7341/7341
f 2452/7341/7341 2449/7340/7340 2450/7342/7342
f 2453/7343/7343 2451/7344/7344 2454/7345/7345
f 2454/7345/7345 2451/7344/7344 2452/7346/7346
f 2455/7347/7347 2453/7348/7348 2456/7349/7349
f 2456/7349/7349 2453/7348/7348 2454/7350/7350
f 2457/7351/7351 2455/7352/7352 2458/7353/7353
f 2458/7353/7353 2455/7352/7352 2456/7354/7354
f 2459/7355/7355 2457/7356/7356 2460/7357/7357
f 2460/7357/7357 2457/7356/7356 2458/7358/7358
f 2461/7359/7359 2459/7360/7360 2462/7361/7361
f 2462/7361/7361 2459/7360/7360 2460/7362/7362
f 2463/7363/7363 2461/7364/7364 2464/7365/7365
f 2464/7365/7365 2461/7364/7364 2462/7366/7366
f 2465/7367/7367 2463/7368/7368 2466/7369/7369
f 2466/7369/7369 2463/7368/7368 2464/7370/7370
f 2467/7371/7371 2465/7372/7372 2468/7373/7373
f 2468/7373/7373 2465/7372/7372 2466/7374/7374
f 2469/7375/7375 2467/7376/7376 2470/7377/7377
f 2470/7377/7377 2467/7376/7376 2468/7378/7378
f 2471/7379/7379 2469/7380/7380 2472/7381/7381
f 2472/7381/7381 2469/7380/7380 2470/7382/7382
f 2473/7383/7383 2471/7384/7384 2474/7385/7385
f 2474/7385/7385 2471/7384/7384 2472/7386/7386
f 2475/7387/7387 2473/7388/7388 2476/7389/7389
f 2476/7389/7389 2473/7388/7388 2474/7390/7390
f 2477/7391/7391 2475/7392/7392 2478/7393/7393
f 2478/7393/7393 2475/7392/7392 2476/7394/7394
f 2479/7395/7395 2477/7396/7396 2480/7397/7397
f 2480/7397/7397 2477/7396/7396 2478/7398/7398
f 2481/7399/7399 2479/7400/7400 2482/7401/7401
f 2482/7401/7401 2479/7400/7400 2480/7402/7402
f 2483/7403/7403 2481/7404/7404 2484/7405/7405
f 2484/7405/7405 2481/7404/7404 2482/7406/7406
f 2485/7407/7407 2483/7408/7408 2486/7409/7409
f 2486/7409/7409 2483/7408/7408 2484/7410/7410
f 2487/7411/7411 2485/7412/7412 2488/7413/7413
f 2488/7413/7413 2485/7412/7412 2486/7414/7414
f 2489/7415/7415 2487/7416/7416 2490/7417/7417
f 2490/7417/7417 2487/7416/7416 2488/7418/7418
f 2444/7419/7419 2489/7420/7420 2445/7421/7421
f 2445/7421/7421 2489/7420/7420 2490/7422/7422
f 2445/7423/7423 2490/7424/7424 2446/7425/7425
f 2446/7425/7425 2490/7424/7424 2488/7426/7426
f 2446/7425/7425 2488/7426/7426 2448/7427/7427
f 2448/7427/7427 2488/7426/7426 2450/7428/7428
f 2450/7428/7428 2488/7426/7426 2486/7429/7429
f 2450/7428/7428 2486/7429/7429 2484/7430/7430
f 2484/7430/7430 2482/7431/7431 2450/7428/7428
f 2450/7428/7428 2482/7431/7431 2480/7432/7432
f 2450/7428/7428 2480/7432/7432 2478/7433/7433
f 2478/7433/7433 2476/7434/7434 2450/7428/7428
f 2450/7428/7428 2476/7434/7434 2474/7435/7435
f 2450/7428/7428 2474/7435/7435 2472/7436/7436
f 2472/7436/7436 2470/7437/7437 2450/7428/7428
f 2450/7428/7428 2470/7437/7437 2468/7438/7438
f 2450/7428/7428 2468/7438/7438 2466/7439/7439
f 2466/7439/7439 2464/7440/7440 2450/7428/7428
f 2450/7428/7428 2464/7440/7440 2462/7441/7441
f 2450/7428/7428 2462/7441/7441 2460/7442/7442
f 2460/7442/7442 2458/7443/7443 2450/7428/7428
f 2450/7428/7428 2458/7443/7443 2456/7444/7444
f 2450/7428/7428 2456/7444/7444 2452/7445/7445
f 2452/7445/7445 2456/7444/7444 2454/7446/7446
f 2444/7447/7447 2443/7448/7448 2489/7449/7449
f 2489/7449/7449 2443/7448/7448 2487/7450/7450
f 2487/7450/7450 2443/7448/7448 2447/7451/7451
f 2487/7450/7450 2447/7451/7451 2449/7452/7452
f 2451/7453/7453 2455/7454/7454 2449/7452/7452
f 2449/7452/7452 2455/7454/7454 2457/7455/7455
f 2449/7452/7452 2457/7455/7455 2459/7456/7456
f 2451/7453/7453 2453/7457/7457 2455/7454/7454
f 2459/7456/7456 2461/7458/7458 2449/7452/7452
f 2449/7452/7452 2461/7458/7458 2463/7459/7459
f 2449/7452/7452 2463/7459/7459 2465/7460/7460
f 2465/7460/7460 2467/7461/7461 2449/7452/7452
f 2449/7452/7452 2467/7461/7461 2469/7462/7462
f 2449/7452/7452 2469/7462/7462 2471/7463/7463
f 2471/7463/7463 2473/7464/7464 2449/7452/7452
f 2449/7452/7452 2473/7464/7464 2475/7465/7465
f 2449/7452/7452 2475/7465/7465 2477/7466/7466
f 2477/7466/7466 2479/7467/7467 2449/7452/7452
f 2449/7452/7452 2479/7467/7467 2481/7468/7468
f 2449/7452/7452 2481/7468/7468 2483/7469/7469
f 2483/7469/7469 2485/7470/7470 2449/7452/7452
f 2449/7452/7452 2485/7470/7470 2487/7450/7450
g naranja (1)

v 30.326320 -946.914270 0.060000
v 30.390870 -946.923950 0.060000
v 30.390870 -946.923950 0.100000
v 30.326320 -946.914270 0.100000
v 30.246880 -946.907730 0.060000
v 30.246880 -946.907730 0.100000
v 30.157650 -946.904330 0.060000
v 30.157650 -946.904330 0.100000
v 30.063730 -946.904020 0.060000
v 30.063730 -946.904020 0.100000
v 29.970220 -946.906800 0.060000
v 29.970220 -946.906800 0.100000
v 29.882220 -946.912630 0.060000
v 29.882220 -946.912630 0.100000
v 29.804820 -946.921500 0.060000
v 29.804820 -946.921500 0.100000
v 29.743140 -946.933380 0.060000
v 29.743140 -946.933380 0.100000
v 29.389460 -946.987010 0.060000
v 29.389460 -946.987010 0.100000
v 29.341560 -946.985920 0.060000
v 29.341560 -946.985920 0.100000
v 29.296310 -946.981990 0.060000
v 29.296310 -946.981990 0.100000
v 29.253870 -946.974990 0.060000
v 29.253870 -946.974990 0.100000
v 29.214380 -946.964660 0.060000
v 29.214380 -946.964660 0.100000
v 29.178000 -946.950780 0.060000
v 29.178000 -946.950780 0.100000
v 29.144880 -946.933100 0.060000
v 29.144880 -946.933100 0.100000
v 29.115180 -946.911370 0.060000
v 29.115180 -946.911370 0.100000
v 29.089050 -946.885370 0.060000
v 29.089050 -946.885370 0.100000
v 29.040330 -946.796960 0.060000
v 29.040330 -946.796960 0.100000
v 29.021750 -946.690830 0.060000
v 29.021750 -946.690830 0.100000
v 29.022550 -946.570840 0.060000
v 29.022550 -946.570840 0.100000
v 29.031930 -946.440860 0.060000
v 29.031930 -946.440860 0.100000
v 29.039130 -946.304760 0.060000
v 29.039130 -946.304760 0.100000
v 29.033380 -946.166400 0.060000
v 29.033380 -946.166400 0.100000
v 29.003890 -946.029630 0.060000
v 29.003890 -946.029630 0.100000
v 28.939900 -945.898340 0.060000
v 28.939900 -945.898340 0.100000
v 28.932000 -945.884410 0.060000
v 28.932000 -945.884410 0.100000
v 28.932610 -945.855720 0.060000
v 28.932610 -945.855720 0.100000
v 28.931920 -945.829340 0.060000
v 28.931920 -945.829340 0.100000
v 28.932450 -945.802500 0.060000
v 28.932450 -945.802500 0.100000
v 28.936700 -945.772460 0.060000
v 28.936700 -945.772460 0.100000
v 28.943650 -945.745980 0.060000
v 28.943650 -945.745980 0.100000
v 28.952910 -945.720970 0.060000
v 28.952910 -945.720970 0.100000
v 28.964450 -945.697560 0.060000
v 28.964450 -945.697560 0.100000
v 28.978280 -945.675860 0.060000
v 28.978280 -945.675860 0.100000
v 28.994370 -945.656010 0.060000
v 28.994370 -945.656010 0.100000
v 29.012720 -945.638130 0.060000
v 29.012720 -945.638130 0.100000
v 29.033310 -945.622340 0.060000
v 29.033310 -945.622340 0.100000
v 29.056130 -945.608770 0.060000
v 29.056130 -945.608770 0.100000
v 29.074690 -945.600770 0.060000
v 29.074690 -945.600770 0.100000
v 29.089470 -945.588930 0.060000
v 29.089470 -945.588930 0.100000
v 29.092110 -945.590750 0.060000
v 29.092110 -945.590750 0.100000
v 29.098050 -945.591360 0.060000
v 29.098050 -945.591360 0.100000
v 29.104020 -945.591260 0.060000
v 29.104020 -945.591260 0.100000
v 29.116100 -945.588320 0.060000
v 29.116100 -945.588320 0.100000
v 29.206920 -945.575720 0.060000
v 29.206920 -945.575720 0.100000
v 29.330990 -945.567910 0.060000
v 29.330990 -945.567910 0.100000
v 29.590740 -945.578660 0.060000
v 29.590740 -945.578660 0.100000
v 29.727870 -945.595970 0.060000
v 29.727870 -945.595970 0.100000
v 29.880700 -945.625830 0.060000
v 29.880700 -945.625830 0.100000
v 30.042480 -945.667290 0.060000
v 30.042480 -945.667290 0.100000
v 30.206450 -945.719360 0.060000
v 30.206450 -945.719360 0.100000
v 30.365840 -945.781090 0.060000
v 30.365840 -945.781090 0.100000
v 30.513890 -945.851510 0.060000
v 30.513890 -945.851510 0.100000
v 30.643830 -945.929650 0.060000
v 30.643830 -945.929650 0.100000
v 30.748910 -946.014540 0.060000
v 30.748910 -946.014540 0.100000
v 30.719400 -946.024890 0.060000
v 30.719400 -946.024890 0.100000
v 30.690400 -946.040200 0.060000
v 30.690400 -946.040200 0.100000
v 30.663840 -946.057410 0.060000
v 30.663840 -946.057410 0.100000
v 30.641650 -946.073460 0.060000
v 30.641650 -946.073460 0.100000
v 30.613620 -946.094830 0.060000
v 30.613620 -946.094830 0.100000
v 30.600680 -946.106090 0.060000
v 30.600680 -946.106090 0.100000
v 30.591360 -946.116180 0.060000
v 30.591360 -946.116180 0.100000
v 30.574220 -946.134040 0.060000
v 30.574220 -946.134040 0.100000
v 30.547420 -946.161130 0.060000
v 30.547420 -946.161130 0.100000
v 30.526850 -946.184190 0.060000
v 30.526850 -946.184190 0.100000
v 30.507040 -946.210650 0.060000
v 30.507040 -946.210650 0.100000
v 30.482480 -946.247940 0.060000
v 30.482480 -946.247940 0.100000
v 30.424940 -946.357090 0.060000
v 30.424940 -946.357090 0.100000
v 30.399620 -946.420880 0.060000
v 30.399620 -946.420880 0.100000
v 30.381410 -946.486330 0.060000
v 30.381410 -946.486330 0.100000
v 30.369820 -946.553020 0.060000
v 30.369820 -946.553020 0.100000
v 30.364400 -946.620550 0.060000
v 30.364400 -946.620550 0.100000
v 30.364650 -946.688490 0.060000
v 30.364650 -946.688490 0.100000
v 30.370120 -946.756440 0.060000
v 30.370120 -946.756440 0.100000
v 30.380330 -946.823990 0.060000
v 30.380330 -946.823990 0.100000
v 30.394810 -946.890730 0.060000
v 30.394810 -946.890730 0.100000
v 30.397610 -946.902780 0.060000
v 30.397610 -946.902780 0.100000
v 30.397650 -946.908380 0.060000
v 30.397650 -946.908380 0.100000
v 30.395280 -946.913450 0.060000
v 30.395280 -946.913450 0.100000
vt 0.000000 0.000000 0.000000
vt 0.065272 0.000000 0.000000
vt 0.000000 0.040000 0.000000
vt 0.065272 0.040000 0.000000
vt 0.000000 0.000000 0.000000
vt 0.079709 0.000000 0.000000
vt 0.000000 0.040000 0.000000
vt 0.079709 0.040000 0.000000
vt 0.000000 0.000000 0.000000
vt 0.089295 0.000000 0.000000
vt 0.000000 0.040000 0.000000
vt 0.089295 0.040000 0.000000
vt 0.000000 0.000000 0.000000
vt 0.093921 0.000000 0.000000
vt 0.000000 0.040000 0.000000
vt 0.093921 0.040000 0.000000
vt 0.000000 0.000000 0.000000
vt 0.093551 0.000000 0.000000
vt 0.000000 0.040000 0.000000
vt 0.093551 0.040000 0.000000
vt 0.000000 0.000000 0.000000
vt 0.088193 0.000000 0.000000
vt 0.000000 0.040000 0.000000
vt 0.088193 0.040000 0.000000
vt 0.000000 0.000000 0.000000
vt 0.077907 0.000000 0.000000
vt 0.000000 0.040000 0.000000
vt 0.077907 0.040000 0.000000
vt 0.000000 0.000000 0.000000
vt 0.062814 0.000000 0.000000
vt 0.000000 0.040000 0.000000
vt 0.062814 0.040000 0.000000
vt 0.000000 0.000000 0.000000
vt 0.357723 0.000000 0.000000
vt 0.000000 0.040000 0.000000
vt 0.357723 0.040000 0.000000
vt 0.000000 0.000000 0.000000
vt 0.047912 0.000000 0.000000
vt 0.000000 0.040000 0.000000
vt 0.047912 0.040000 0.000000
vt 0.000000 0.000000 0.000000
vt 0.045420 0.000000 0.000000
vt 0.000000 0.040000 0.000000
vt 0.045420 0.040000 0.000000
vt 0.000000 0.000000 0.000000
vt 0.043013 0.000000 0.000000
vt 0.000000 0.040000 0.000000
vt 0.043013 0.040000 0.000000
vt 0.000000 0.000000 0.000000
vt 0.040819 0.000000 0.000000
vt 0.000000 0.040000 0.000000
vt 0.040819 0.040000 0.000000
vt 0.000000 0.000000 0.000000
vt 0.038938 0.000000 0.000000
vt 0.000000 0.040000 0.000000
vt 0.038938 0.040000 0.000000
vt 0.000000 0.000000 0.000000
vt 0.037544 0.000000 0.000000
vt 0.000000 0.040000 0.000000
vt 0.037544 0.040000 0.000000
vt 0.000000 0.000000 0.000000
vt 0.036801 0.000000 0.000000
vt 0.000000 0.040000 0.000000
vt 0.036801 0.040000 0.000000
vt 0.000000 0.000000 0.000000
vt 0.036862 0.000000 0.000000
vt 0.000000 0.040000 0.000000
vt 0.036862 0.040000 0.000000
vt 0.000000 0.000000 0.000000
vt 0.100945 0.000000 0.000000
vt 0.000000 0.040000 0.000000
vt 0.100945 0.040000 0.000000
vt 0.000000 0.000000 0.000000
vt 0.107744 0.000000 0.000000
vt 0.000000 0.040000 0.000000
vt 0.107744 0.040000 0.000000
vt 0.000000 0.000000 0.000000
vt 0.119993 0.000000 0.000000
vt 0.000000 0.040000 0.000000
vt 0.119993 0.040000 0.000000
vt 0.000000 0.000000 0.000000
vt 0.130318 0.000000 0.000000
vt 0.000000 0.040000 0.000000
vt 0.130318 0.040000 0.000000
vt 0.000000 0.000000 0.000000
vt 0.136290 0.000000 0.000000
vt 0.000000 0.040000 0.000000
vt 0.136290 0.040000 0.000000
vt 0.000000 0.000000 0.000000
vt 0.138479 0.000000 0.000000
vt 0.000000 0.040000 0.000000
vt 0.138479 0.040000 0.000000
vt 0.000000 0.000000 0.000000
vt 0.139913 0.000000 0.000000
vt 0.000000 0.040000 0.000000
vt 0.139913 0.040000 0.000000
vt 0.000000 0.000000 0.000000
vt 0.146054 0.000000 0.000000
vt 0.000000 0.040000 0.000000
vt 0.146054 0.040000 0.000000
vt 0.000000 0.000000 0.000000
vt 0.016014 0.000000 0.000000
vt 0.000000 0.040000 0.000000
vt 0.016014 0.040000 0.000000
vt 0.000000 0.000000 0.000000
vt 0.028696 0.000000 0.000000
vt 0.000000 0.040000 0.000000
vt 0.028696 0.040000 0.000000
vt 0.000000 0.000000 0.000000
vt 0.026389 0.000000 0.000000
vt 0.000000 0.040000 0.000000
vt 0.026389 0.040000 0.000000
vt 0.000000 0.000000 0.000000
vt 0.026845 0.000000 0.000000
vt 0.000000 0.040000 0.000000
vt 0.026845 0.040000 0.000000
vt 0.000000 0.000000 0.000000
vt 0.030339 0.000000 0.000000
vt 0.000000 0.040000 0.000000
vt 0.030339 0.040000 0.000000
vt 0.000000 0.000000 0.000000
vt 0.027377 0.000000 0.000000
vt 0.000000 0.040000 0.000000
vt 0.027377 0.040000 0.000000
vt 0.000000 0.000000 0.000000
vt 0.026669 0.000000 0.000000
vt 0.000000 0.040000 0.000000
vt 0.026669 0.040000 0.000000
vt 0.000000 0.000000 0.000000
vt 0.026100 0.000000 0.000000
vt 0.000000 0.040000 0.000000
vt 0.026100 0.040000 0.000000
vt 0.000000 0.000000 0.000000
vt 0.025732 0.000000 0.000000
vt 0.000000 0.040000 0.000000
vt 0.025732 0.040000 0.000000
vt 0.000000 0.000000 0.000000
vt 0.025552 0.000000 0.000000
vt 0.000000 0.040000 0.000000
vt 0.025552 0.040000 0.000000
vt 0.000000 0.000000 0.000000
vt 0.025621 0.000000 0.000000
vt 0.000000 0.040000 0.000000
vt 0.025621 0.040000 0.000000
vt 0.000000 0.000000 0.000000
vt 0.025947 0.000000 0.000000
vt 0.000000 0.040000 0.000000
vt 0.025947 0.040000 0.000000
vt 0.000000 0.000000 0.000000
vt 0.026550 0.000000 0.000000
vt 0.000000 0.040000 0.000000
vt 0.026550 0.040000 0.000000
vt 0.000000 0.000000 0.000000
vt 0.020211 0.000000 0.000000
vt 0.000000 0.040000 0.000000
vt 0.020211 0.040000 0.000000
vt 0.000000 0.000000 0.000000
vt 0.018938 0.000000 0.000000
vt 0.000000 0.040000 0.000000
vt 0.018938 0.040000 0.000000
vt 0.000000 0.000000 0.000000
vt 0.003207 0.000000 0.000000
vt 0.000000 0.040000 0.000000
vt 0.003207 0.040000 0.000000
vt 0.000000 0.000000 0.000000
vt 0.005971 0.000000 0.000000
vt 0.000000 0.040000 0.000000
vt 0.005971 0.040000 0.000000
vt 0.000000 0.000000 0.000000
vt 0.005971 0.000000 0.000000
vt 0.000000 0.040000 0.000000
vt 0.005971 0.040000 0.000000
vt 0.000000 0.000000 0.000000
vt 0.012433 0.000000 0.000000
vt 0.000000 0.040000 0.000000
vt 0.012433 0.040000 0.000000
vt 0.000000 0.000000 0.000000
vt 0.091690 0.000000 0.000000
vt 0.000000 0.040000 0.000000
vt 0.091690 0.040000 0.000000
vt 0.000000 0.000000 0.000000
vt 0.124316 0.000000 0.000000
vt 0.000000 0.040000 0.000000
vt 0.124316 0.040000 0.000000
vt 0.000000 0.000000 0.000000
vt 0.259972 0.000000 0.000000
vt 0.000000 0.040000 0.000000
vt 0.259972 0.040000 0.000000
vt 0.000000 0.000000 0.000000
vt 0.138218 0.000000 0.000000
vt 0.000000 0.040000 0.000000
vt 0.138218 0.040000 0.000000
vt 0.000000 0.000000 0.000000
vt 0.155720 0.000000 0.000000
vt 0.000000 0.040000 0.000000
vt 0.155720 0.040000 0.000000
vt 0.000000 0.000000 0.000000
vt 0.167008 0.000000 0.000000
vt 0.000000 0.040000 0.000000
vt 0.167008 0.040000 0.000000
vt 0.000000 0.000000 0.000000
vt 0.172039 0.000000 0.000000
vt 0.000000 0.040000 0.000000
vt 0.172039 0.040000 0.000000
vt 0.000000 0.000000 0.000000
vt 0.170926 0.000000 0.000000
vt 0.000000 0.040000 0.000000
vt 0.170926 0.040000 0.000000
vt 0.000000 0.000000 0.000000
vt 0.163944 0.000000 0.000000
vt 0.000000 0.040000 0.000000
vt 0.163944 0.040000 0.000000
vt 0.000000 0.000000 0.000000
vt 0.151625 0.000000 0.000000
vt 0.000000 0.040000 0.000000
vt 0.151625 0.040000 0.000000
vt 0.000000 0.000000 0.000000
vt 0.135086 0.000000 0.000000
vt 0.000000 0.040000 0.000000
vt 0.135086 0.040000 0.000000
vt 0.000000 0.000000 0.000000
vt 0.031272 0.000000 0.000000
vt 0.000000 0.040000 0.000000
vt 0.031272 0.040000 0.000000
vt 0.000000 0.000000 0.000000
vt 0.032793 0.000000 0.000000
vt 0.000000 0.040000 0.000000
vt 0.032793 0.040000 0.000000
vt 0.000000 0.000000 0.000000
vt 0.031648 0.000000 0.000000
vt 0.000000 0.040000 0.000000
vt 0.031648 0.040000 0.000000
vt 0.000000 0.000000 0.000000
vt 0.027386 0.000000 0.000000
vt 0.000000 0.040000 0.000000
vt 0.027386 0.040000 0.000000
vt 0.000000 0.000000 0.000000
vt 0.035247 0.000000 0.000000
vt 0.000000 0.040000 0.000000
vt 0.035247 0.040000 0.000000
vt 0.000000 0.000000 0.000000
vt 0.017153 0.000000 0.000000
vt 0.000000 0.040000 0.000000
vt 0.017153 0.040000 0.000000
vt 0.000000 0.000000 0.000000
vt 0.013736 0.000000 0.000000
vt 0.000000 0.040000 0.000000
vt 0.013736 0.040000 0.000000
vt 0.000000 0.000000 0.000000
vt 0.024754 0.000000 0.000000
vt 0.000000 0.040000 0.000000
vt 0.024754 0.040000 0.000000
vt 0.000000 0.000000 0.000000
vt 0.038107 0.000000 0.000000
vt 0.000000 0.040000 0.000000
vt 0.038107 0.040000 0.000000
vt 0.000000 0.000000 0.000000
vt 0.030901 0.000000 0.000000
vt 0.000000 0.040000 0.000000
vt 0.030901 0.040000 0.000000
vt 0.000000 0.000000 0.000000
vt 0.033054 0.000000 0.000000
vt 0.000000 0.040000 0.000000
vt 0.033054 0.040000 0.000000
vt 0.000000 0.000000 0.000000
vt 0.044651 0.000000 0.000000
vt 0.000000 0.040000 0.000000
vt 0.044651 0.040000 0.000000
vt 0.000000 0.000000 0.000000
vt 0.123388 0.000000 0.000000
vt 0.000000 0.040000 0.000000
vt 0.123388 0.040000 0.000000
vt 0.000000 0.000000 0.000000
vt 0.068631 0.000000 0.000000
vt 0.000000 0.040000 0.000000
vt 0.068631 0.040000 0.000000
vt 0.000000 0.000000 0.000000
vt 0.067936 0.000000 0.000000
vt 0.000000 0.040000 0.000000
vt 0.067936 0.040000 0.000000
vt 0.000000 0.000000 0.000000
vt 0.067690 0.000000 0.000000
vt 0.000000 0.040000 0.000000
vt 0.067690 0.040000 0.000000
vt 0.000000 0.000000 0.000000
vt 0.067747 0.000000 0.000000
vt 0.000000 0.040000 0.000000
vt 0.067747 0.040000 0.000000
vt 0.000000 0.000000 0.000000
vt 0.067940 0.000000 0.000000
vt 0.000000 0.040000 0.000000
vt 0.067940 0.040000 0.000000
vt 0.000000 0.000000 0.000000
vt 0.068170 0.000000 0.000000
vt 0.000000 0.040000 0.000000
vt 0.068170 0.040000 0.000000
vt 0.000000 0.000000 0.000000
vt 0.068317 0.000000 0.000000
vt 0.000000 0.040000 0.000000
vt 0.068317 0.040000 0.000000
vt 0.000000 0.000000 0.000000
vt 0.068293 0.000000 0.000000
vt 0.000000 0.040000 0.000000
vt 0.068293 0.040000 0.000000
vt 0.000000 0.000000 0.000000
vt 0.012371 0.000000 0.000000
vt 0.000000 0.040000 0.000000
vt 0.012371 0.040000 0.000000
vt 0.000000 0.000000 0.000000
vt 0.005600 0.000000 0.000000
vt 0.000000 0.040000 0.000000
vt 0.005600 0.040000 0.000000
vt 0.000000 0.000000 0.000000
vt 0.005597 0.000000 0.000000
vt 0.000000 0.040000 0.000000
vt 0.005597 0.040000 0.000000
vt 0.000000 0.000000 0.000000
vt 0.011389 0.000000 0.000000
vt 0.000000 0.040000 0.000000
vt 0.011389 0.040000 0.000000
vt 0.550455 -0.646490 0.000000
vt 0.554865 -0.635990 0.000000
vt 0.485905 -0.636810 0.000000
vt 0.557195 -0.625320 0.000000
vt 0.554395 -0.613270 0.000000
vt 0.557235 -0.630920 0.000000
vt 0.539915 -0.546530 0.000000
vt 0.406465 -0.630270 0.000000
vt 0.529705 -0.478980 0.000000
vt 0.317235 -0.626870 0.000000
vt 0.524235 -0.411030 0.000000
vt 0.223315 -0.626560 0.000000
vt 0.523985 -0.343090 0.000000
vt 0.129805 -0.629340 0.000000
vt 0.529405 -0.275560 0.000000
vt 0.041805 -0.635170 0.000000
vt 0.540995 -0.208870 0.000000
vt -0.035595 -0.644040 0.000000
vt -0.808485 -0.163400 0.000000
vt -0.097275 -0.655920 0.000000
vt -0.817865 -0.293380 0.000000
vt -0.818665 -0.413370 0.000000
vt -0.801285 -0.027300 0.000000
vt 0.559205 -0.143420 0.000000
vt 0.584525 -0.079630 0.000000
vt 0.642065 0.029520 0.000000
vt 0.202065 0.610170 0.000000
vt -0.807035 0.111060 0.000000
vt 0.366035 0.558100 0.000000
vt 0.666625 0.066810 0.000000
vt 0.525425 0.496370 0.000000
vt 0.686435 0.093270 0.000000
vt 0.707005 0.116330 0.000000
vt 0.673475 0.425950 0.000000
vt 0.733805 0.143420 0.000000
vt 0.750945 0.161280 0.000000
vt 0.760265 0.171370 0.000000
vt 0.773205 0.182630 0.000000
vt 0.803415 0.347810 0.000000
vt 0.801235 0.204000 0.000000
vt 0.823425 0.220050 0.000000
vt 0.849985 0.237260 0.000000
vt 0.878985 0.252570 0.000000
vt 0.908495 0.262920 0.000000
vt 0.040285 0.651630 0.000000
vt -0.112545 0.681490 0.000000
vt -0.249675 0.698800 0.000000
vt -0.836525 0.247830 0.000000
vt -0.509425 0.709550 0.000000
vt -0.900515 0.379120 0.000000
vt -0.633495 0.701740 0.000000
vt -0.907805 0.421740 0.000000
vt -0.908495 0.448120 0.000000
vt -0.907965 0.474960 0.000000
vt -0.903715 0.505000 0.000000
vt -0.896765 0.531480 0.000000
vt -0.887505 0.556490 0.000000
vt -0.875965 0.579900 0.000000
vt -0.724315 0.689140 0.000000
vt -0.862135 0.601600 0.000000
vt -0.846045 0.621450 0.000000
vt -0.736395 0.686200 0.000000
vt -0.827695 0.639330 0.000000
vt -0.807105 0.655120 0.000000
vt -0.765725 0.676690 0.000000
vt -0.784285 0.668690 0.000000
vt -0.742365 0.686100 0.000000
vt -0.748305 0.686710 0.000000
vt -0.750945 0.688530 0.000000
vt -0.908415 0.393050 0.000000
vt -0.450955 -0.709550 0.000000
vt -0.800085 -0.519500 0.000000
vt -0.498855 -0.708460 0.000000
vt -0.544105 -0.704530 0.000000
vt -0.586545 -0.697530 0.000000
vt -0.626035 -0.687200 0.000000
vt -0.662415 -0.673320 0.000000
vt -0.695535 -0.655640 0.000000
vt -0.725235 -0.633910 0.000000
vt -0.751365 -0.607910 0.000000
vt -0.550455 -0.646490 0.000000
vt -0.485905 -0.636810 0.000000
vt -0.554865 -0.635990 0.000000
vt -0.557195 -0.625320 0.000000
vt -0.557235 -0.630920 0.000000
vt -0.406465 -0.630270 0.000000
vt -0.539915 -0.546530 0.000000
vt -0.554395 -0.613270 0.000000
vt -0.529705 -0.478980 0.000000
vt -0.317235 -0.626870 0.000000
vt -0.524235 -0.411030 0.000000
vt -0.223315 -0.626560 0.000000
vt -0.523985 -0.343090 0.000000
vt -0.129805 -0.629340 0.000000
vt -0.529405 -0.275560 0.000000
vt -0.041805 -0.635170 0.000000
vt -0.540995 -0.208870 0.000000
vt 0.035595 -0.644040 0.000000
vt 0.808485 -0.163400 0.000000
vt 0.097275 -0.655920 0.000000
vt 0.817865 -0.293380 0.000000
vt 0.818665 -0.413370 0.000000
vt 0.450955 -0.709550 0.000000
vt 0.800085 -0.519500 0.000000
vt 0.498855 -0.708460 0.000000
vt 0.544105 -0.704530 0.000000
vt 0.586545 -0.697530 0.000000
vt 0.626035 -0.687200 0.000000
vt 0.662415 -0.673320 0.000000
vt 0.695535 -0.655640 0.000000
vt 0.725235 -0.633910 0.000000
vt 0.751365 -0.607910 0.000000
vt 0.801285 -0.027300 0.000000
vt -0.559205 -0.143420 0.000000
vt -0.584525 -0.079630 0.000000
vt 0.807035 0.111060 0.000000
vt -0.202065 0.610170 0.000000
vt -0.040285 0.651630 0.000000
vt 0.112545 0.681490 0.000000
vt 0.249675 0.698800 0.000000
vt 0.836525 0.247830 0.000000
vt 0.509425 0.709550 0.000000
vt 0.900515 0.379120 0.000000
vt 0.633495 0.701740 0.000000
vt 0.907805 0.421740 0.000000
vt 0.908495 0.448120 0.000000
vt 0.908415 0.393050 0.000000
vt 0.907965 0.474960 0.000000
vt 0.903715 0.505000 0.000000
vt 0.896765 0.531480 0.000000
vt 0.887505 0.556490 0.000000
vt 0.875965 0.579900 0.000000
vt 0.724315 0.689140 0.000000
vt 0.862135 0.601600 0.000000
vt 0.846045 0.621450 0.000000
vt 0.736395 0.686200 0.000000
vt 0.827695 0.639330 0.000000
vt 0.807105 0.655120 0.000000
vt 0.784285 0.668690 0.000000
vt 0.765725 0.676690 0.000000
vt 0.750945 0.688530 0.000000
vt 0.748305 0.686710 0.000000
vt 0.742365 0.686100 0.000000
vt -0.642065 0.029520 0.000000
vt -0.366035 0.558100 0.000000
vt -0.666625 0.066810 0.000000
vt -0.525425 0.496370 0.000000
vt -0.686435 0.093270 0.000000
vt -0.707005 0.116330 0.000000
vt -0.673475 0.425950 0.000000
vt -0.733805 0.143420 0.000000
vt -0.750945 0.161280 0.000000
vt -0.760265 0.171370 0.000000
vt -0.773205 0.182630 0.000000
vt -0.803415 0.347810 0.000000
vt -0.801235 0.204000 0.000000
vt -0.823425 0.220050 0.000000
vt -0.849985 0.237260 0.000000
vt -0.878985 0.252570 0.000000
vt -0.908495 0.262920 0.000000
vn -0.148303 -0.988942 0.000000
vn -0.148303 -0.988942 0.000000
vn -0.148303 -0.988942 0.000000
vn -0.148303 -0.988942 0.000000
vn -0.082049 -0.996628 0.000000
vn -0.082049 -0.996628 0.000000
vn -0.082049 -0.996628 0.000000
vn -0.082049 -0.996628 0.000000
vn -0.038076 -0.999275 0.000000
vn -0.038076 -0.999275 0.000000
vn -0.038076 -0.999275 0.000000
vn -0.038076 -0.999275 0.000000
vn -0.003301 -0.999995 0.000000
vn -0.003301 -0.999995 0.000000
vn -0.003301 -0.999995 0.000000
vn -0.003301 -0.999995 0.000000
vn 0.029716 -0.999558 0.000000
vn 0.029716 -0.999558 0.000000
vn 0.029716 -0.999558 0.000000
vn 0.029716 -0.999558 0.000000
vn 0.066105 -0.997813 0.000000
vn 0.066105 -0.997813 0.000000
vn 0.066105 -0.997813 0.000000
vn 0.066105 -0.997813 0.000000
vn 0.113854 -0.993497 0.000000
vn 0.113854 -0.993497 0.000000
vn 0.113854 -0.993497 0.000000
vn 0.113854 -0.993497 0.000000
vn 0.189131 -0.981952 0.000000
vn 0.189131 -0.981952 0.000000
vn 0.189131 -0.981952 0.000000
vn 0.189131 -0.981952 0.000000
vn 0.149920 -0.988698 0.000000
vn 0.149920 -0.988698 0.000000
vn 0.149920 -0.988698 0.000000
vn 0.149920 -0.988698 0.000000
vn -0.022750 -0.999741 0.000000
vn -0.022750 -0.999741 0.000000
vn -0.022750 -0.999741 0.000000
vn -0.022750 -0.999741 0.000000
vn -0.086525 -0.996250 0.000000
vn -0.086525 -0.996250 0.000000
vn -0.086525 -0.996250 0.000000
vn -0.086525 -0.996250 0.000000
vn -0.162740 -0.986669 0.000000
vn -0.162740 -0.986669 0.000000
vn -0.162740 -0.986669 0.000000
vn -0.162740 -0.986669 0.000000
vn -0.253070 -0.967448 0.000000
vn -0.253070 -0.967448 0.000000
vn -0.253070 -0.967448 0.000000
vn -0.253070 -0.967448 0.000000
vn -0.356465 -0.934309 0.000000
vn -0.356465 -0.934309 0.000000
vn -0.356465 -0.934309 0.000000
vn -0.356465 -0.934309 0.000000
vn -0.470920 -0.882176 0.000000
vn -0.470920 -0.882176 0.000000
vn -0.470920 -0.882176 0.000000
vn -0.470920 -0.882176 0.000000
vn -0.590480 -0.807052 0.000000
vn -0.590480 -0.807052 0.000000
vn -0.590480 -0.807052 0.000000
vn -0.590480 -0.807052 0.000000
vn -0.705341 -0.708868 0.000000
vn -0.705341 -0.708868 0.000000
vn -0.705341 -0.708868 0.000000
vn -0.705341 -0.708868 0.000000
vn -0.875820 -0.482637 0.000000
vn -0.875820 -0.482637 0.000000
vn -0.875820 -0.482637 0.000000
vn -0.875820 -0.482637 0.000000
vn -0.985019 -0.172446 0.000000
vn -0.985019 -0.172446 0.000000
vn -0.985019 -0.172446 0.000000
vn -0.985019 -0.172446 0.000000
vn -0.999978 0.006667 0.000000
vn -0.999978 0.006667 0.000000
vn -0.999978 0.006667 0.000000
vn -0.999978 0.006667 0.000000
vn -0.997406 0.071978 0.000000
vn -0.997406 0.071978 0.000000
vn -0.997406 0.071978 0.000000
vn -0.997406 0.071978 0.000000
vn -0.998604 0.052828 0.000000
vn -0.998604 0.052828 0.000000
vn -0.998604 0.052828 0.000000
vn -0.998604 0.052828 0.000000
vn -0.999138 -0.041522 0.000000
vn -0.999138 -0.041522 0.000000
vn -0.999138 -0.041522 0.000000
vn -0.999138 -0.041522 0.000000
vn -0.977535 -0.210774 0.000000
vn -0.977535 -0.210774 0.000000
vn -0.977535 -0.210774 0.000000
vn -0.977535 -0.210774 0.000000
vn -0.898914 -0.438125 0.000000
vn -0.898914 -0.438125 0.000000
vn -0.898914 -0.438125 0.000000
vn -0.898914 -0.438125 0.000000
vn -0.869852 -0.493312 0.000000
vn -0.869852 -0.493312 0.000000
vn -0.869852 -0.493312 0.000000
vn -0.869852 -0.493312 0.000000
vn -0.999774 0.021257 0.000000
vn -0.999774 0.021257 0.000000
vn -0.999774 0.021257 0.000000
vn -0.999774 0.021257 0.000000
vn -0.999658 -0.026147 0.000000
vn -0.999658 -0.026147 0.000000
vn -0.999658 -0.026147 0.000000
vn -0.999658 -0.026147 0.000000
vn -0.999805 0.019743 0.000000
vn -0.999805 0.019743 0.000000
vn -0.999805 0.019743 0.000000
vn -0.999805 0.019743 0.000000
vn -0.990140 0.140083 0.000000
vn -0.990140 0.140083 0.000000
vn -0.990140 0.140083 0.000000
vn -0.990140 0.140083 0.000000
vn -0.967240 0.253864 0.000000
vn -0.967240 0.253864 0.000000
vn -0.967240 0.253864 0.000000
vn -0.967240 0.253864 0.000000
vn -0.937785 0.347217 0.000000
vn -0.937785 0.347217 0.000000
vn -0.937785 0.347217 0.000000
vn -0.937785 0.347217 0.000000
vn -0.896942 0.442149 0.000000
vn -0.896942 0.442149 0.000000
vn -0.896942 0.442149 0.000000
vn -0.896942 0.442149 0.000000
vn -0.843293 0.537454 0.000000
vn -0.843293 0.537454 0.000000
vn -0.843293 0.537454 0.000000
vn -0.843293 0.537454 0.000000
vn -0.776844 0.629693 0.000000
vn -0.776844 0.629693 0.000000
vn -0.776844 0.629693 0.000000
vn -0.776844 0.629693 0.000000
vn -0.697875 0.716220 0.000000
vn -0.697875 0.716220 0.000000
vn -0.697875 0.716220 0.000000
vn -0.697875 0.716220 0.000000
vn -0.608537 0.793526 0.000000
vn -0.608537 0.793526 0.000000
vn -0.608537 0.793526 0.000000
vn -0.608537 0.793526 0.000000
vn -0.511113 0.859514 0.000000
vn -0.511113 0.859514 0.000000
vn -0.511113 0.859514 0.000000
vn -0.511113 0.859514 0.000000
vn -0.395829 0.918324 0.000000
vn -0.395829 0.918324 0.000000
vn -0.395829 0.918324 0.000000
vn -0.395829 0.918324 0.000000
vn -0.625210 0.780457 0.000000
vn -0.625210 0.780457 0.000000
vn -0.625210 0.780457 0.000000
vn -0.625210 0.780457 0.000000
vn 0.567587 0.823313 -0.000000
vn 0.567587 0.823313 -0.000000
vn 0.567587 0.823313 -0.000000
vn 0.567587 0.823313 -0.000000
vn 0.102156 0.994768 -0.000000
vn 0.102156 0.994768 -0.000000
vn 0.102156 0.994768 -0.000000
vn 0.102156 0.994768 -0.000000
vn -0.016748 0.999860 0.000000
vn -0.016748 0.999860 0.000000
vn -0.016748 0.999860 0.000000
vn -0.016748 0.999860 0.000000
vn -0.236475 0.971638 0.000000
vn -0.236475 0.971638 0.000000
vn -0.236475 0.971638 0.000000
vn -0.236475 0.971638 0.000000
vn -0.137420 0.990513 0.000000
vn -0.137420 0.990513 0.000000
vn -0.137420 0.990513 0.000000
vn -0.137420 0.990513 0.000000
vn -0.062824 0.998025 0.000000
vn -0.062824 0.998025 0.000000
vn -0.062824 0.998025 0.000000
vn -0.062824 0.998025 0.000000
vn 0.041351 0.999145 -0.000000
vn 0.041351 0.999145 -0.000000
vn 0.041351 0.999145 -0.000000
vn 0.041351 0.999145 -0.000000
vn 0.125237 0.992127 -0.000000
vn 0.125237 0.992127 -0.000000
vn 0.125237 0.992127 -0.000000
vn 0.125237 0.992127 -0.000000
vn 0.191755 0.981443 -0.000000
vn 0.191755 0.981443 -0.000000
vn 0.191755 0.981443 -0.000000
vn 0.191755 0.981443 -0.000000
vn 0.248251 0.968696 -0.000000
vn 0.248251 0.968696 -0.000000
vn 0.248251 0.968696 -0.000000
vn 0.248251 0.968696 -0.000000
vn 0.302664 0.953097 -0.000000
vn 0.302664 0.953097 -0.000000
vn 0.302664 0.953097 -0.000000
vn 0.302664 0.953097 -0.000000
vn 0.361150 0.932508 -0.000000
vn 0.361150 0.932508 -0.000000
vn 0.361150 0.932508 -0.000000
vn 0.361150 0.932508 -0.000000
vn 0.429536 0.903050 -0.000000
vn 0.429536 0.903050 -0.000000
vn 0.429536 0.903050 -0.000000
vn 0.429536 0.903050 -0.000000
vn 0.515349 0.856980 -0.000000
vn 0.515349 0.856980 -0.000000
vn 0.515349 0.856980 -0.000000
vn 0.515349 0.856980 -0.000000
vn 0.628416 0.777877 -0.000000
vn 0.628416 0.777877 -0.000000
vn 0.628416 0.777877 -0.000000
vn 0.628416 0.777877 -0.000000
vn 0.330963 -0.943644 0.000000
vn 0.330963 -0.943644 0.000000
vn 0.330963 -0.943644 0.000000
vn 0.330963 -0.943644 0.000000
vn 0.466865 -0.884329 0.000000
vn 0.466865 -0.884329 0.000000
vn 0.466865 -0.884329 0.000000
vn 0.466865 -0.884329 0.000000
vn 0.543788 -0.839222 0.000000
vn 0.543788 -0.839222 0.000000
vn 0.543788 -0.839222 0.000000
vn 0.543788 -0.839222 0.000000
vn 0.586064 -0.810265 0.000000
vn 0.586064 -0.810265 0.000000
vn 0.586064 -0.810265 0.000000
vn 0.586064 -0.810265 0.000000
vn 0.606291 -0.795243 0.000000
vn 0.606291 -0.795243 0.000000
vn 0.606291 -0.795243 0.000000
vn 0.606291 -0.795243 0.000000
vn 0.656438 -0.754380 0.000000
vn 0.656438 -0.754380 0.000000
vn 0.656438 -0.754380 0.000000
vn 0.656438 -0.754380 0.000000
vn 0.734580 -0.678522 0.000000
vn 0.734580 -0.678522 0.000000
vn 0.734580 -0.678522 0.000000
vn 0.734580 -0.678522 0.000000
vn 0.721500 -0.692414 0.000000
vn 0.721500 -0.692414 0.000000
vn 0.721500 -0.692414 0.000000
vn 0.721500 -0.692414 0.000000
vn 0.710902 -0.703291 0.000000
vn 0.710902 -0.703291 0.000000
vn 0.710902 -0.703291 0.000000
vn 0.710902 -0.703291 0.000000
vn 0.746248 -0.665668 0.000000
vn 0.746248 -0.665668 0.000000
vn 0.746248 -0.665668 0.000000
vn 0.746248 -0.665668 0.000000
vn 0.800508 -0.599322 0.000000
vn 0.800508 -0.599322 0.000000
vn 0.800508 -0.599322 0.000000
vn 0.800508 -0.599322 0.000000
vn 0.835138 -0.550040 0.000000
vn 0.835138 -0.550040 0.000000
vn 0.835138 -0.550040 0.000000
vn 0.835138 -0.550040 0.000000
vn 0.884609 -0.466334 0.000000
vn 0.884609 -0.466334 0.000000
vn 0.884609 -0.466334 0.000000
vn 0.884609 -0.466334 0.000000
vn 0.929458 -0.368927 0.000000
vn 0.929458 -0.368927 0.000000
vn 0.929458 -0.368927 0.000000
vn 0.929458 -0.368927 0.000000
vn 0.963406 -0.268046 0.000000
vn 0.963406 -0.268046 0.000000
vn 0.963406 -0.268046 0.000000
vn 0.963406 -0.268046 0.000000
vn 0.985232 -0.171223 0.000000
vn 0.985232 -0.171223 0.000000
vn 0.985232 -0.171223 0.000000
vn 0.985232 -0.171223 0.000000
vn 0.996795 -0.080003 0.000000
vn 0.996795 -0.080003 0.000000
vn 0.996795 -0.080003 0.000000
vn 0.996795 -0.080003 0.000000
vn 0.999993 0.003680 -0.000000
vn 0.999993 0.003680 -0.000000
vn 0.999993 0.003680 -0.000000
vn 0.999993 0.003680 -0.000000
vn 0.996776 0.080241 -0.000000
vn 0.996776 0.080241 -0.000000
vn 0.996776 0.080241 -0.000000
vn 0.996776 0.080241 -0.000000
vn 0.988769 0.149450 -0.000000
vn 0.988769 0.149450 -0.000000
vn 0.988769 0.149450 -0.000000
vn 0.988769 0.149450 -0.000000
vn 0.977264 0.212028 -0.000000
vn 0.977264 0.212028 -0.000000
vn 0.977264 0.212028 -0.000000
vn 0.977264 0.212028 -0.000000
vn 0.974049 0.226335 -0.000000
vn 0.974049 0.226335 -0.000000
vn 0.974049 0.226335 -0.000000
vn 0.974049 0.226335 -0.000000
vn 0.999974 0.007143 -0.000000
vn 0.999974 0.007143 -0.000000
vn 0.999974 0.007143 -0.000000
vn 0.999974 0.007143 -0.000000
vn 0.905909 -0.423472 0.000000
vn 0.905909 -0.423472 0.000000
vn 0.905909 -0.423472 0.000000
vn 0.905909 -0.423472 0.000000
vn 0.921982 -0.387232 0.000000
vn 0.921982 -0.387232 0.000000
vn 0.921982 -0.387232 0.000000
vn 0.921982 -0.387232 0.000000
vn 0.000000 0.000000 1.000000
vn 0.000000 0.000000 1.000000
vn 0.000000 0.000000 1.000000
vn 0.000000 0.000000 1.000000
vn 0.000000 0.000000 1.000000
vn 0.000000 0.000000 1.000000
vn 0.000000 0.000000 1.000000
vn 0.000000 0.000000 1.000000
vn 0.000000 0.000000 1.000000
vn 0.000000 0.000000 1.000000
vn 0.000000 0.000000 1.000000
vn 0.000000 0.000000 1.000000
vn 0.000000 0.000000 1.000000
vn 0.000000 0.000000 1.000000
vn 0.000000 0.000000 1.000000
vn 0.000000 0.000000 1.000000
vn 0.000000 0.000000 1.000000
vn 0.000000 0.000000 1.000000
vn 0.000000 0.000000 1.000000
vn 0.000000 0.000000 1.000000
vn 0.000000 0.000000 1.000000
vn 0.000000 0.000000 1.000000
vn 0.000000 0.000000 1.000000
vn 0.000000 0.000000 1.000000
vn 0.000000 0.000000 1.000000
vn 0.000000 0.000000 1.000000
vn 0.000000 0.000000 1.000000
vn 0.000000 0.000000 1.000000
vn 0.000000 0.000000 1.000000
vn 0.000000 0.000000 1.000000
vn 0.000000 0.000000 1.000000
vn 0.000000 0.000000 1.000000
vn 0.000000 0.000000 1.000000
vn 0.000000 0.000000 1.000000
vn 0.000000 0.000000 1.000000
vn 0.000000 0.000000 1.000000
vn 0.000000 0.000000 1.000000
vn 0.000000 0.000000 1.000000
vn 0.000000 0.000000 1.000000
vn 0.000000 0.000000 1.000000
vn 0.000000 0.000000 1.000000
vn 0.000000 0.000000 1.000000
vn 0.000000 0.000000 1.000000
vn 0.000000 0.000000 1.000000
vn 0.000000 0.000000 1.000000
vn 0.000000 0.000000 1.000000
vn 0.000000 0.000000 1.000000
vn 0.000000 0.000000 1.000000
vn 0.000000 0.000000 1.000000
vn 0.000000 0.000000 1.000000
vn 0.000000 0.000000 1.000000
vn 0.000000 0.000000 1.000000
vn 0.000000 0.000000 1.000000
vn 0.000000 0.000000 1.000000
vn 0.000000 0.000000 1.000000
vn 0.000000 0.000000 1.000000
vn 0.000000 0.000000 1.000000
vn 0.000000 0.000000 1.000000
vn 0.000000 0.000000 1.000000
vn 0.000000 0.000000 1.000000
vn 0.000000 0.000000 1.000000
vn 0.000000 0.000000 1.000000
vn 0.000000 0.000000 1.000000
vn 0.000000 0.000000 1.000000
vn 0.000000 0.000000 1.000000
vn 0.000000 0.000000 1.000000
vn 0.000000 0.000000 1.000000
vn 0.000000 0.000000 1.000000
vn 0.000000 0.000000 1.000000
vn 0.000000 0.000000 1.000000
vn 0.000000 0.000000 1.000000
vn 0.000000 0.000000 1.000000
vn 0.000000 0.000000 1.000000
vn 0.000000 0.000000 1.000000
vn 0.000000 0.000000 1.000000
vn 0.000000 0.000000 1.000000
vn 0.000000 0.000000 1.000000
vn 0.000000 0.000000 1.000000
vn 0.000000 0.000000 1.000000
vn 0.000000 0.000000 1.000000
vn -0.000000 -0.000000 -1.000000
vn -0.000000 -0.000000 -1.000000
vn -0.000000 -0.000000 -1.000000
vn -0.000000 -0.000000 -1.000000
vn -0.000000 -0.000000 -1.000000
vn -0.000000 -0.000000 -1.000000
vn -0.000000 -0.000000 -1.000000
vn -0.000000 -0.000000 -1.000000
vn -0.000000 -0.000000 -1.000000
vn -0.000000 -0.000000 -1.000000
vn -0.000000 -0.000000 -1.000000
vn -0.000000 -0.000000 -1.000000
vn -0.000000 -0.000000 -1.000000
vn -0.000000 -0.000000 -1.000000
vn -0.000000 -0.000000 -1.000000
vn -0.000000 -0.000000 -1.000000
vn -0.000000 -0.000000 -1.000000
vn -0.000000 -0.000000 -1.000000
vn -0.000000 -0.000000 -1.000000
vn -0.000000 -0.000000 -1.000000
vn -0.000000 -0.000000 -1.000000
vn -0.000000 -0.000000 -1.000000
vn -0.000000 -0.000000 -1.000000
vn -0.000000 -0.000000 -1.000000
vn -0.000000 -0.000000 -1.000000
vn -0.000000 -0.000000 -1.000000
vn -0.000000 -0.000000 -1.000000
vn -0.000000 -0.000000 -1.000000
vn -0.000000 -0.000000 -1.000000
vn -0.000000 -0.000000 -1.000000
vn -0.000000 -0.000000 -1.000000
vn -0.000000 -0.000000 -1.000000
vn -0.000000 -0.000000 -1.000000
vn -0.000000 -0.000000 -1.000000
vn -0.000000 -0.000000 -1.000000
vn -0.000000 -0.000000 -1.000000
vn -0.000000 -0.000000 -1.000000
vn -0.000000 -0.000000 -1.000000
vn -0.000000 -0.000000 -1.000000
vn -0.000000 -0.000000 -1.000000
vn -0.000000 -0.000000 -1.000000
vn -0.000000 -0.000000 -1.000000
vn -0.000000 -0.000000 -1.000000
vn -0.000000 -0.000000 -1.000000
vn -0.000000 -0.000000 -1.000000
vn -0.000000 -0.000000 -1.000000
vn -0.000000 -0.000000 -1.000000
vn -0.000000 -0.000000 -1.000000
vn -0.000000 -0.000000 -1.000000
vn -0.000000 -0.000000 -1.000000
vn -0.000000 -0.000000 -1.000000
vn -0.000000 -0.000000 -1.000000
vn -0.000000 -0.000000 -1.000000
vn -0.000000 -0.000000 -1.000000
vn -0.000000 -0.000000 -1.000000
vn -0.000000 -0.000000 -1.000000
vn -0.000000 -0.000000 -1.000000
vn -0.000000 -0.000000 -1.000000
vn -0.000000 -0.000000 -1.000000
vn -0.000000 -0.000000 -1.000000
vn -0.000000 -0.000000 -1.000000
vn -0.000000 -0.000000 -1.000000
vn -0.000000 -0.000000 -1.000000
vn -0.000000 -0.000000 -1.000000
vn -0.000000 -0.000000 -1.000000
vn -0.000000 -0.000000 -1.000000
vn -0.000000 -0.000000 -1.000000
vn -0.000000 -0.000000 -1.000000
vn -0.000000 -0.000000 -1.000000
vn -0.000000 -0.000000 -1.000000
vn -0.000000 -0.000000 -1.000000
vn -0.000000 -0.000000 -1.000000
vn -0.000000 -0.000000 -1.000000
vn -0.000000 -0.000000 -1.000000
vn -0.000000 -0.000000 -1.000000
vn -0.000000 -0.000000 -1.000000
vn -0.000000 -0.000000 -1.000000
vn -0.000000 -0.000000 -1.000000
vn -0.000000 -0.000000 -1.000000
vn -0.000000 -0.000000 -1.000000
usemtl ABS_(blanco)_(1)
f 2491/7471/7471 2492/7472/7472 2494/7473/7473
f 2494/7473/7473 2492/7472/7472 2493/7474/7474
f 2495/7475/7475 2491/7476/7476 2496/7477/7477
f 2496/7477/7477 2491/7476/7476 2494/7478/7478
f 2497/7479/7479 2495/7480/7480 2498/7481/7481
f 2498/7481/7481 2495/7480/7480 2496/7482/7482
f 2499/7483/7483 2497/7484/7484 2500/7485/7485
f 2500/7485/7485 2497/7484/7484 2498/7486/7486
f 2501/7487/7487 2499/7488/7488 2502/7489/7489
f 2502/7489/7489 2499/7488/7488 2500/7490/7490
f 2503/7491/7491 2501/7492/7492 2504/7493/7493
f 2504/7493/7493 2501/7492/7492 2502/7494/7494
f 2505/7495/7495 2503/7496/7496 2506/7497/7497
f 2506/7497/7497 2503/7496/7496 2504/7498/7498
f 2507/7499/7499 2505/7500/7500 2508/7501/7501
f 2508/7501/7501 2505/7500/7500 2506/7502/7502
f 2509/7503/7503 2507/7504/7504 2510/7505/7505
f 2510/7505/7505 2507/7504/7504 2508/7506/7506
f 2511/7507/7507 2509/7508/7508 2512/7509/7509
f 2512/7509/7509 2509/7508/7508 2510/7510/7510
f 2513/7511/7511 2511/7512/7512 2514/7513/7513
f 2514/7513/7513 2511/7512/7512 2512/7514/7514
f 2515/7515/7515 2513/7516/7516 2516/7517/7517
f 2516/7517/7517 2513/7516/7516 2514/7518/7518
f 2517/7519/7519 2515/7520/7520 2518/7521/7521
f 2518/7521/7521 2515/7520/7520 2516/7522/7522
f 2519/7523/7523 2517/7524/7524 2520/7525/7525
f 2520/7525/7525 2517/7524/7524 2518/7526/7526
f 2521/7527/7527 2519/7528/7528 2522/7529/7529
f 2522/7529/7529 2519/7528/7528 2520/7530/7530
f 2523/7531/7531 2521/7532/7532 2524/7533/7533
f 2524/7533/7533 2521/7532/7532 2522/7534/7534
f 2525/7535/7535 2523/7536/7536 2526/7537/7537
f 2526/7537/7537 2523/7536/7536 2524/7538/7538
f 2527/7539/7539 2525/7540/7540 2528/7541/7541
f 2528/7541/7541 2525/7540/7540 2526/7542/7542
f 2529/7543/7543 2527/7544/7544 2530/7545/7545
f 2530/7545/7545 2527/7544/7544 2528/7546/7546
f 2531/7547/7547 2529/7548/7548 2532/7549/7549
f 2532/7549/7549 2529/7548/7548 2530/7550/7550
f 2533/7551/7551 2531/7552/7552 2534/7553/7553
f 2534/7553/7553 2531/7552/7552 2532/7554/7554
f 2535/7555/7555 2533/7556/7556 2536/7557/7557
f 2536/7557/7557 2533/7556/7556 2534/7558/7558
f 2537/7559/7559 2535/7560/7560 2538/7561/7561
f 2538/7561/7561 2535/7560/7560 2536/7562/7562
f 2539/7563/7563 2537/7564/7564 2540/7565/7565
f 2540/7565/7565 2537/7564/7564 2538/7566/7566
f 2541/7567/7567 2539/7568/7568 2542/7569/7569
f 2542/7569/7569 2539/7568/7568 2540/7570/7570
f 2543/7571/7571 2541/7572/7572 2544/7573/7573
f 2544/7573/7573 2541/7572/7572 2542/7574/7574
f 2545/7575/7575 2543/7576/7576 2546/7577/7577
f 2546/7577/7577 2543/7576/7576 2544/7578/7578
f 2547/7579/7579 2545/7580/7580 2548/7581/7581
f 2548/7581/7581 2545/7580/7580 2546/7582/7582
f 2549/7583/7583 2547/7584/7584 2550/7585/7585
f 2550/7585/7585 2547/7584/7584 2548/7586/7586
f 2551/7587/7587 2549/7588/7588 2552/7589/7589
f 2552/7589/7589 2549/7588/7588 2550/7590/7590
f 2553/7591/7591 2551/7592/7592 2554/7593/7593
f 2554/7593/7593 2551/7592/7592 2552/7594/7594
f 2555/7595/7595 2553/7596/7596 2556/7597/7597
f 2556/7597/7597 2553/7596/7596 2554/7598/7598
f 2557/7599/7599 2555/7600/7600 2558/7601/7601
f 2558/7601/7601 2555/7600/7600 2556/7602/7602
f 2559/7603/7603 2557/7604/7604 2560/7605/7605
f 2560/7605/7605 2557/7604/7604 2558/7606/7606
f 2561/7607/7607 2559/7608/7608 2562/7609/7609
f 2562/7609/7609 2559/7608/7608 2560/7610/7610
f 2563/7611/7611 2561/7612/7612 2564/7613/7613
f 2564/7613/7613 2561/7612/7612 2562/7614/7614
f 2565/7615/7615 2563/7616/7616 2566/7617/7617
f 2566/7617/7617 2563/7616/7616 2564/7618/7618
f 2567/7619/7619 2565/7620/7620 2568/7621/7621
f 2568/7621/7621 2565/7620/7620 2566/7622/7622
f 2569/7623/7623 2567/7624/7624 2570/7625/7625
f 2570/7625/7625 2567/7624/7624 2568/7626/7626
f 2571/7627/7627 2569/7628/7628 2572/7629/7629
f 2572/7629/7629 2569/7628/7628 2570/7630/7630
f 2573/7631/7631 2571/7632/7632 2574/7633/7633
f 2574/7633/7633 2571/7632/7632 2572/7634/7634
f 2575/7635/7635 2573/7636/7636 2576/7637/7637
f 2576/7637/7637 2573/7636/7636 2574/7638/7638
f 2577/7639/7639 2575/7640/7640 2578/7641/7641
f 2578/7641/7641 2575/7640/7640 2576/7642/7642
f 2579/7643/7643 2577/7644/7644 2580/7645/7645
f 2580/7645/7645 2577/7644/7644 2578/7646/7646
f 2581/7647/7647 2579/7648/7648 2582/7649/7649
f 2582/7649/7649 2579/7648/7648 2580/7650/7650
f 2583/7651/7651 2581/7652/7652 2584/7653/7653
f 2584/7653/7653 2581/7652/7652 2582/7654/7654
f 2585/7655/7655 2583/7656/7656 2586/7657/7657
f 2586/7657/7657 2583/7656/7656 2584/7658/7658
f 2587/7659/7659 2585/7660/7660 2588/7661/7661
f 2588/7661/7661 2585/7660/7660 2586/7662/7662
f 2589/7663/7663 2587/7664/7664 2590/7665/7665
f 2590/7665/7665 2587/7664/7664 2588/7666/7666
f 2591/7667/7667 2589/7668/7668 2592/7669/7669
f 2592/7669/7669 2589/7668/7668 2590/7670/7670
f 2593/7671/7671 2591/7672/7672 2594/7673/7673
f 2594/7673/7673 2591/7672/7672 2592/7674/7674
f 2595/7675/7675 2593/7676/7676 2596/7677/7677
f 2596/7677/7677 2593/7676/7676 2594/7678/7678
f 2597/7679/7679 2595/7680/7680 2598/7681/7681
f 2598/7681/7681 2595/7680/7680 2596/7682/7682
f 2599/7683/7683 2597/7684/7684 2600/7685/7685
f 2600/7685/7685 2597/7684/7684 2598/7686/7686
f 2601/7687/7687 2599/7688/7688 2602/7689/7689
f 2602/7689/7689 2599/7688/7688 2600/7690/7690
f 2603/7691/7691 2601/7692/7692 2604/7693/7693
f 2604/7693/7693 2601/7692/7692 2602/7694/7694
f 2605/7695/7695 2603/7696/7696 2606/7697/7697
f 2606/7697/7697 2603/7696/7696 2604/7698/7698
f 2607/7699/7699 2605/7700/7700 2608/7701/7701
f 2608/7701/7701 2605/7700/7700 2606/7702/7702
f 2609/7703/7703 2607/7704/7704 2610/7705/7705
f 2610/7705/7705 2607/7704/7704 2608/7706/7706
f 2611/7707/7707 2609/7708/7708 2612/7709/7709
f 2612/7709/7709 2609/7708/7708 2610/7710/7710
f 2613/7711/7711 2611/7712/7712 2614/7713/7713
f 2614/7713/7713 2611/7712/7712 2612/7714/7714
f 2615/7715/7715 2613/7716/7716 2616/7717/7717
f 2616/7717/7717 2613/7716/7716 2614/7718/7718
f 2617/7719/7719 2615/7720/7720 2618/7721/7721
f 2618/7721/7721 2615/7720/7720 2616/7722/7722
f 2619/7723/7723 2617/7724/7724 2620/7725/7725
f 2620/7725/7725 2617/7724/7724 2618/7726/7726
f 2621/7727/7727 2619/7728/7728 2622/7729/7729
f 2622/7729/7729 2619/7728/7728 2620/7730/7730
f 2623/7731/7731 2621/7732/7732 2624/7733/7733
f 2624/7733/7733 2621/7732/7732 2622/7734/7734
f 2625/7735/7735 2623/7736/7736 2626/7737/7737
f 2626/7737/7737 2623/7736/7736 2624/7738/7738
f 2627/7739/7739 2625/7740/7740 2628/7741/7741
f 2628/7741/7741 2625/7740/7740 2626/7742/7742
f 2629/7743/7743 2627/7744/7744 2630/7745/7745
f 2630/7745/7745 2627/7744/7744 2628/7746/7746
f 2631/7747/7747 2629/7748/7748 2632/7749/7749
f 2632/7749/7749 2629/7748/7748 2630/7750/7750
f 2633/7751/7751 2631/7752/7752 2634/7753/7753
f 2634/7753/7753 2631/7752/7752 2632/7754/7754
f 2635/7755/7755 2633/7756/7756 2636/7757/7757
f 2636/7757/7757 2633/7756/7756 2634/7758/7758
f 2637/7759/7759 2635/7760/7760 2638/7761/7761
f 2638/7761/7761 2635/7760/7760 2636/7762/7762
f 2639/7763/7763 2637/7764/7764 2640/7765/7765
f 2640/7765/7765 2637/7764/7764 2638/7766/7766
f 2641/7767/7767 2639/7768/7768 2642/7769/7769
f 2642/7769/7769 2639/7768/7768 2640/7770/7770
f 2643/7771/7771 2641/7772/7772 2644/7773/7773
f 2644/7773/7773 2641/7772/7772 2642/7774/7774
f 2645/7775/7775 2643/7776/7776 2646/7777/7777
f 2646/7777/7777 2643/7776/7776 2644/7778/7778
f 2647/7779/7779 2645/7780/7780 2648/7781/7781
f 2648/7781/7781 2645/7780/7780 2646/7782/7782
f 2649/7783/7783 2647/7784/7784 2650/7785/7785
f 2650/7785/7785 2647/7784/7784 2648/7786/7786
f 2492/7787/7787 2649/7788/7788 2493/7789/7789
f 2493/7789/7789 2649/7788/7788 2650/7790/7790
f 2493/7791/7791 2650/7792/7792 2494/7793/7793
f 2494/7793/7793 2650/7792/7792 2646/7794/7794
f 2494/7793/7793 2646/7794/7794 2644/7795/7795
f 2650/7792/7792 2648/7796/7796 2646/7794/7794
f 2644/7795/7795 2642/7797/7797 2494/7793/7793
f 2494/7793/7793 2642/7797/7797 2496/7798/7798
f 2496/7798/7798 2642/7797/7797 2640/7799/7799
f 2496/7798/7798 2640/7799/7799 2498/7800/7800
f 2498/7800/7800 2640/7799/7799 2638/7801/7801
f 2498/7800/7800 2638/7801/7801 2500/7802/7802
f 2500/7802/7802 2638/7801/7801 2636/7803/7803
f 2500/7802/7802 2636/7803/7803 2502/7804/7804
f 2502/7804/7804 2636/7803/7803 2634/7805/7805
f 2502/7804/7804 2634/7805/7805 2504/7806/7806
f 2504/7806/7806 2634/7805/7805 2632/7807/7807
f 2504/7806/7806 2632/7807/7807 2506/7808/7808
f 2506/7808/7808 2632/7807/7807 2534/7809/7809
f 2506/7808/7808 2534/7809/7809 2508/7810/7810
f 2508/7810/7810 2534/7809/7809 2532/7811/7811
f 2508/7810/7810 2532/7811/7811 2530/7812/7812
f 2534/7809/7809 2632/7807/7807 2536/7813/7813
f 2536/7813/7813 2632/7807/7807 2630/7814/7814
f 2536/7813/7813 2630/7814/7814 2628/7815/7815
f 2626/7816/7816 2592/7817/7817 2628/7815/7815
f 2628/7815/7815 2592/7817/7817 2538/7818/7818
f 2628/7815/7815 2538/7818/7818 2536/7813/7813
f 2592/7817/7817 2626/7816/7816 2594/7819/7819
f 2594/7819/7819 2626/7816/7816 2624/7820/7820
f 2594/7819/7819 2624/7820/7820 2596/7821/7821
f 2596/7821/7821 2624/7820/7820 2622/7822/7822
f 2596/7821/7821 2622/7822/7822 2620/7823/7823
f 2596/7821/7821 2620/7823/7823 2598/7824/7824
f 2598/7824/7824 2620/7823/7823 2618/7825/7825
f 2598/7824/7824 2618/7825/7825 2616/7826/7826
f 2616/7826/7826 2614/7827/7827 2598/7824/7824
f 2598/7824/7824 2614/7827/7827 2612/7828/7828
f 2598/7824/7824 2612/7828/7828 2600/7829/7829
f 2600/7829/7829 2612/7828/7828 2610/7830/7830
f 2600/7829/7829 2610/7830/7830 2608/7831/7831
f 2608/7831/7831 2606/7832/7832 2600/7829/7829
f 2600/7829/7829 2606/7832/7832 2604/7833/7833
f 2600/7829/7829 2604/7833/7833 2602/7834/7834
f 2592/7817/7817 2590/7835/7835 2538/7818/7818
f 2538/7818/7818 2590/7835/7835 2588/7836/7836
f 2538/7818/7818 2588/7836/7836 2586/7837/7837
f 2538/7818/7818 2586/7837/7837 2540/7838/7838
f 2540/7838/7838 2586/7837/7837 2584/7839/7839
f 2540/7838/7838 2584/7839/7839 2542/7840/7840
f 2542/7840/7840 2584/7839/7839 2582/7841/7841
f 2542/7840/7840 2582/7841/7841 2546/7842/7842
f 2546/7842/7842 2582/7841/7841 2548/7843/7843
f 2548/7843/7843 2582/7841/7841 2550/7844/7844
f 2550/7844/7844 2582/7841/7841 2552/7845/7845
f 2552/7845/7845 2582/7841/7841 2554/7846/7846
f 2554/7846/7846 2582/7841/7841 2556/7847/7847
f 2556/7847/7847 2582/7841/7841 2558/7848/7848
f 2558/7848/7848 2582/7841/7841 2580/7849/7849
f 2558/7848/7848 2580/7849/7849 2560/7850/7850
f 2560/7850/7850 2580/7849/7849 2562/7851/7851
f 2562/7851/7851 2580/7849/7849 2578/7852/7852
f 2562/7851/7851 2578/7852/7852 2564/7853/7853
f 2564/7853/7853 2578/7852/7852 2566/7854/7854
f 2566/7854/7854 2578/7852/7852 2570/7855/7855
f 2566/7854/7854 2570/7855/7855 2568/7856/7856
f 2578/7852/7852 2576/7857/7857 2570/7855/7855
f 2570/7855/7855 2576/7857/7857 2574/7858/7858
f 2570/7855/7855 2574/7858/7858 2572/7859/7859
f 2546/7842/7842 2544/7860/7860 2542/7840/7840
f 2508/7810/7810 2530/7812/7812 2510/7861/7861
f 2510/7861/7861 2530/7812/7812 2528/7862/7862
f 2510/7861/7861 2528/7862/7862 2512/7863/7863
f 2512/7863/7863 2528/7862/7862 2514/7864/7864
f 2514/7864/7864 2528/7862/7862 2516/7865/7865
f 2516/7865/7865 2528/7862/7862 2518/7866/7866
f 2518/7866/7866 2528/7862/7862 2520/7867/7867
f 2520/7867/7867 2528/7862/7862 2522/7868/7868
f 2522/7868/7868 2528/7862/7862 2524/7869/7869
f 2524/7869/7869 2528/7862/7862 2526/7870/7870
f 2492/7871/7871 2491/7872/7872 2649/7873/7873
f 2649/7873/7873 2491/7872/7872 2645/7874/7874
f 2649/7873/7873 2645/7874/7874 2647/7875/7875
f 2495/7876/7876 2641/7877/7877 2491/7872/7872
f 2491/7872/7872 2641/7877/7877 2643/7878/7878
f 2491/7872/7872 2643/7878/7878 2645/7874/7874
f 2641/7877/7877 2495/7876/7876 2639/7879/7879
f 2639/7879/7879 2495/7876/7876 2497/7880/7880
f 2639/7879/7879 2497/7880/7880 2637/7881/7881
f 2637/7881/7881 2497/7880/7880 2499/7882/7882
f 2637/7881/7881 2499/7882/7882 2635/7883/7883
f 2635/7883/7883 2499/7882/7882 2501/7884/7884
f 2635/7883/7883 2501/7884/7884 2633/7885/7885
f 2633/7885/7885 2501/7884/7884 2503/7886/7886
f 2633/7885/7885 2503/7886/7886 2631/7887/7887
f 2631/7887/7887 2503/7886/7886 2505/7888/7888
f 2631/7887/7887 2505/7888/7888 2533/7889/7889
f 2533/7889/7889 2505/7888/7888 2507/7890/7890
f 2533/7889/7889 2507/7890/7890 2531/7891/7891
f 2531/7891/7891 2507/7890/7890 2529/7892/7892
f 2529/7892/7892 2507/7890/7890 2509/7893/7893
f 2529/7892/7892 2509/7893/7893 2527/7894/7894
f 2527/7894/7894 2509/7893/7893 2511/7895/7895
f 2527/7894/7894 2511/7895/7895 2513/7896/7896
f 2513/7896/7896 2515/7897/7897 2527/7894/7894
f 2527/7894/7894 2515/7897/7897 2517/7898/7898
f 2527/7894/7894 2517/7898/7898 2519/7899/7899
f 2519/7899/7899 2521/7900/7900 2527/7894/7894
f 2527/7894/7894 2521/7900/7900 2523/7901/7901
f 2527/7894/7894 2523/7901/7901 2525/7902/7902
f 2533/7889/7889 2535/7903/7903 2631/7887/7887
f 2631/7887/7887 2535/7903/7903 2629/7904/7904
f 2629/7904/7904 2535/7903/7903 2627/7905/7905
f 2627/7905/7905 2535/7903/7903 2537/7906/7906
f 2627/7905/7905 2537/7906/7906 2591/7907/7907
f 2591/7907/7907 2537/7906/7906 2589/7908/7908
f 2589/7908/7908 2537/7906/7906 2587/7909/7909
f 2587/7909/7909 2537/7906/7906 2585/7910/7910
f 2585/7910/7910 2537/7906/7906 2539/7911/7911
f 2585/7910/7910 2539/7911/7911 2583/7912/7912
f 2583/7912/7912 2539/7911/7911 2541/7913/7913
f 2583/7912/7912 2541/7913/7913 2581/7914/7914
f 2581/7914/7914 2541/7913/7913 2545/7915/7915
f 2581/7914/7914 2545/7915/7915 2547/7916/7916
f 2541/7913/7913 2543/7917/7917 2545/7915/7915
f 2547/7916/7916 2549/7918/7918 2581/7914/7914
f 2581/7914/7914 2549/7918/7918 2551/7919/7919
f 2581/7914/7914 2551/7919/7919 2553/7920/7920
f 2553/7920/7920 2555/7921/7921 2581/7914/7914
f 2581/7914/7914 2555/7921/7921 2557/7922/7922
f 2581/7914/7914 2557/7922/7922 2579/7923/7923
f 2579/7923/7923 2557/7922/7922 2559/7924/7924
f 2579/7923/7923 2559/7924/7924 2561/7925/7925
f 2579/7923/7923 2561/7925/7925 2577/7926/7926
f 2577/7926/7926 2561/7925/7925 2563/7927/7927
f 2577/7926/7926 2563/7927/7927 2565/7928/7928
f 2567/7929/7929 2569/7930/7930 2565/7928/7928
f 2565/7928/7928 2569/7930/7930 2577/7926/7926
f 2571/7931/7931 2573/7932/7932 2569/7930/7930
f 2569/7930/7930 2573/7932/7932 2575/7933/7933
f 2569/7930/7930 2575/7933/7933 2577/7926/7926
f 2627/7905/7905 2591/7907/7907 2625/7934/7934
f 2625/7934/7934 2591/7907/7907 2593/7935/7935
f 2625/7934/7934 2593/7935/7935 2623/7936/7936
f 2623/7936/7936 2593/7935/7935 2595/7937/7937
f 2623/7936/7936 2595/7937/7937 2621/7938/7938
f 2621/7938/7938 2595/7937/7937 2619/7939/7939
f 2619/7939/7939 2595/7937/7937 2597/7940/7940
f 2619/7939/7939 2597/7940/7940 2617/7941/7941
f 2617/7941/7941 2597/7940/7940 2615/7942/7942
f 2615/7942/7942 2597/7940/7940 2613/7943/7943
f 2613/7943/7943 2597/7940/7940 2611/7944/7944
f 2611/7944/7944 2597/7940/7940 2599/7945/7945
f 2611/7944/7944 2599/7945/7945 2609/7946/7946
f 2609/7946/7946 2599/7945/7945 2607/7947/7947
f 2607/7947/7947 2599/7945/7945 2605/7948/7948
f 2605/7948/7948 2599/7945/7945 2603/7949/7949
f 2603/7949/7949 2599/7945/7945 2601/7950/7950
g naranja (5)

v 28.672950 -946.518710 0.060000
v 28.618760 -946.501690 0.060000
v 28.618760 -946.501690 0.100000
v 28.672950 -946.518710 0.100000
v 28.734750 -946.516440 0.060000
v 28.734750 -946.516440 0.100000
v 28.772420 -946.504900 0.060000
v 28.772420 -946.504900 0.100000
v 28.805560 -946.486890 0.060000
v 28.805560 -946.486890 0.100000
v 28.833790 -946.463210 0.060000
v 28.833790 -946.463210 0.100000
v 28.856730 -946.434650 0.060000
v 28.856730 -946.434650 0.100000
v 28.874000 -946.402020 0.060000
v 28.874000 -946.402020 0.100000
v 28.885230 -946.366100 0.060000
v 28.885230 -946.366100 0.100000
v 28.890030 -946.327700 0.060000
v 28.890030 -946.327700 0.100000
v 28.888030 -946.287610 0.060000
v 28.888030 -946.287610 0.100000
v 28.879570 -946.251570 0.060000
v 28.879570 -946.251570 0.100000
v 28.864470 -946.217370 0.060000
v 28.864470 -946.217370 0.100000
v 28.843330 -946.186340 0.060000
v 28.843330 -946.186340 0.100000
v 28.816690 -946.159820 0.060000
v 28.816690 -946.159820 0.100000
v 28.785140 -946.139140 0.060000
v 28.785140 -946.139140 0.100000
v 28.749250 -946.125620 0.060000
v 28.749250 -946.125620 0.100000
v 28.709580 -946.120620 0.060000
v 28.709580 -946.120620 0.100000
v 28.666700 -946.125450 0.060000
v 28.666700 -946.125450 0.100000
v 28.645670 -946.131200 0.060000
v 28.645670 -946.131200 0.100000
v 28.627010 -946.138130 0.060000
v 28.627010 -946.138130 0.100000
v 28.610470 -946.146170 0.060000
v 28.610470 -946.146170 0.100000
v 28.595810 -946.155270 0.060000
v 28.595810 -946.155270 0.100000
v 28.571110 -946.176350 0.060000
v 28.571110 -946.176350 0.100000
v 28.550920 -946.200860 0.060000
v 28.550920 -946.200860 0.100000
v 28.522870 -946.256220 0.060000
v 28.522870 -946.256220 0.100000
v 28.512890 -946.314410 0.060000
v 28.512890 -946.314410 0.100000
v 28.519230 -946.371740 0.060000
v 28.519230 -946.371740 0.100000
v 28.540150 -946.424520 0.060000
v 28.540150 -946.424520 0.100000
v 28.573910 -946.469060 0.060000
v 28.573910 -946.469060 0.100000
v 28.638930 -946.030790 0.060000
v 28.585430 -946.044950 0.060000
v 28.585430 -946.044950 0.100000
v 28.638930 -946.030790 0.100000
v 28.699340 -946.028280 0.060000
v 28.699340 -946.028280 0.100000
v 28.755470 -946.039990 0.060000
v 28.755470 -946.039990 0.100000
v 28.806440 -946.063830 0.060000
v 28.806440 -946.063830 0.100000
v 28.851360 -946.097680 0.060000
v 28.851360 -946.097680 0.100000
v 28.889340 -946.139460 0.060000
v 28.889340 -946.139460 0.100000
v 28.919510 -946.187070 0.060000
v 28.919510 -946.187070 0.100000
v 28.940980 -946.238420 0.060000
v 28.940980 -946.238420 0.100000
v 28.952870 -946.291390 0.060000
v 28.952870 -946.291390 0.100000
v 28.955010 -946.355550 0.060000
v 28.955010 -946.355550 0.100000
v 28.945420 -946.415590 0.060000
v 28.945420 -946.415590 0.100000
v 28.925390 -946.470460 0.060000
v 28.925390 -946.470460 0.100000
v 28.896200 -946.519110 0.060000
v 28.896200 -946.519110 0.100000
v 28.859170 -946.560460 0.060000
v 28.859170 -946.560460 0.100000
v 28.815570 -946.593470 0.060000
v 28.815570 -946.593470 0.100000
v 28.766700 -946.617060 0.060000
v 28.766700 -946.617060 0.100000
v 28.713860 -946.630190 0.060000
v 28.713860 -946.630190 0.100000
v 28.651000 -946.631880 0.060000
v 28.651000 -946.631880 0.100000
v 28.593270 -946.620070 0.060000
v 28.593270 -946.620070 0.100000
v 28.541390 -946.596560 0.060000
v 28.541390 -946.596560 0.100000
v 28.496090 -946.563190 0.060000
v 28.496090 -946.563190 0.100000
v 28.458080 -946.521760 0.060000
v 28.458080 -946.521760 0.100000
v 28.428080 -946.474080 0.060000
v 28.428080 -946.474080 0.100000
v 28.406820 -946.421980 0.060000
v 28.406820 -946.421980 0.100000
v 28.395020 -946.367260 0.060000
v 28.395020 -946.367260 0.100000
v 28.393200 -946.302880 0.060000
v 28.393200 -946.302880 0.100000
v 28.403270 -946.243280 0.060000
v 28.403270 -946.243280 0.100000
v 28.423900 -946.189260 0.060000
v 28.423900 -946.189260 0.100000
v 28.453750 -946.141630 0.060000
v 28.453750 -946.141630 0.100000
v 28.491510 -946.101170 0.060000
v 28.491510 -946.101170 0.100000
v 28.535850 -946.068670 0.060000
v 28.535850 -946.068670 0.100000
vt 0.000000 0.000000 0.000000
vt 0.056800 0.000000 0.000000
vt 0.000000 0.040000 0.000000
vt 0.056800 0.040000 0.000000
vt 0.000000 0.000000 0.000000
vt 0.061842 0.000000 0.000000
vt 0.000000 0.040000 0.000000
vt 0.061842 0.040000 0.000000
vt 0.000000 0.000000 0.000000
vt 0.039398 0.000000 0.000000
vt 0.000000 0.040000 0.000000
vt 0.039398 0.040000 0.000000
vt 0.000000 0.000000 0.000000
vt 0.037718 0.000000 0.000000
vt 0.000000 0.040000 0.000000
vt 0.037718 0.040000 0.000000
vt 0.000000 0.000000 0.000000
vt 0.036847 0.000000 0.000000
vt 0.000000 0.040000 0.000000
vt 0.036847 0.040000 0.000000
vt 0.000000 0.000000 0.000000
vt 0.036632 0.000000 0.000000
vt 0.000000 0.040000 0.000000
vt 0.036632 0.040000 0.000000
vt 0.000000 0.000000 0.000000
vt 0.036918 0.000000 0.000000
vt 0.000000 0.040000 0.000000
vt 0.036918 0.040000 0.000000
vt 0.000000 0.000000 0.000000
vt 0.037635 0.000000 0.000000
vt 0.000000 0.040000 0.000000
vt 0.037635 0.040000 0.000000
vt 0.000000 0.000000 0.000000
vt 0.038699 0.000000 0.000000
vt 0.000000 0.040000 0.000000
vt 0.038699 0.040000 0.000000
vt 0.000000 0.000000 0.000000
vt 0.040140 0.000000 0.000000
vt 0.000000 0.040000 0.000000
vt 0.040140 0.040000 0.000000
vt 0.000000 0.000000 0.000000
vt 0.037020 0.000000 0.000000
vt 0.000000 0.040000 0.000000
vt 0.037020 0.040000 0.000000
vt 0.000000 0.000000 0.000000
vt 0.037385 0.000000 0.000000
vt 0.000000 0.040000 0.000000
vt 0.037385 0.040000 0.000000
vt 0.000000 0.000000 0.000000
vt 0.037547 0.000000 0.000000
vt 0.000000 0.040000 0.000000
vt 0.037547 0.040000 0.000000
vt 0.000000 0.000000 0.000000
vt 0.037590 0.000000 0.000000
vt 0.000000 0.040000 0.000000
vt 0.037590 0.040000 0.000000
vt 0.000000 0.000000 0.000000
vt 0.037724 0.000000 0.000000
vt 0.000000 0.040000 0.000000
vt 0.037724 0.040000 0.000000
vt 0.000000 0.000000 0.000000
vt 0.038352 0.000000 0.000000
vt 0.000000 0.040000 0.000000
vt 0.038352 0.040000 0.000000
vt 0.000000 0.000000 0.000000
vt 0.039984 0.000000 0.000000
vt 0.000000 0.040000 0.000000
vt 0.039984 0.040000 0.000000
vt 0.000000 0.000000 0.000000
vt 0.043151 0.000000 0.000000
vt 0.000000 0.040000 0.000000
vt 0.043151 0.040000 0.000000
vt 0.000000 0.000000 0.000000
vt 0.021802 0.000000 0.000000
vt 0.000000 0.040000 0.000000
vt 0.021802 0.040000 0.000000
vt 0.000000 0.000000 0.000000
vt 0.019905 0.000000 0.000000
vt 0.000000 0.040000 0.000000
vt 0.019905 0.040000 0.000000
vt 0.000000 0.000000 0.000000
vt 0.018391 0.000000 0.000000
vt 0.000000 0.040000 0.000000
vt 0.018391 0.040000 0.000000
vt 0.000000 0.000000 0.000000
vt 0.017255 0.000000 0.000000
vt 0.000000 0.040000 0.000000
vt 0.017255 0.040000 0.000000
vt 0.000000 0.000000 0.000000
vt 0.032472 0.000000 0.000000
vt 0.000000 0.040000 0.000000
vt 0.032472 0.040000 0.000000
vt 0.000000 0.000000 0.000000
vt 0.031755 0.000000 0.000000
vt 0.000000 0.040000 0.000000
vt 0.031755 0.040000 0.000000
vt 0.000000 0.000000 0.000000
vt 0.062061 0.000000 0.000000
vt 0.000000 0.040000 0.000000
vt 0.062061 0.040000 0.000000
vt 0.000000 0.000000 0.000000
vt 0.059040 0.000000 0.000000
vt 0.000000 0.040000 0.000000
vt 0.059040 0.040000 0.000000
vt 0.000000 0.000000 0.000000
vt 0.057679 0.000000 0.000000
vt 0.000000 0.040000 0.000000
vt 0.057679 0.040000 0.000000
vt 0.000000 0.000000 0.000000
vt 0.056775 0.000000 0.000000
vt 0.000000 0.040000 0.000000
vt 0.056775 0.040000 0.000000
vt 0.000000 0.000000 0.000000
vt 0.055889 0.000000 0.000000
vt 0.000000 0.040000 0.000000
vt 0.055889 0.040000 0.000000
vt 0.000000 0.000000 0.000000
vt 0.055464 0.000000 0.000000
vt 0.000000 0.040000 0.000000
vt 0.055464 0.040000 0.000000
vt 0.000000 0.000000 0.000000
vt 0.055342 0.000000 0.000000
vt 0.000000 0.040000 0.000000
vt 0.055342 0.040000 0.000000
vt 0.000000 0.000000 0.000000
vt 0.060462 0.000000 0.000000
vt 0.000000 0.040000 0.000000
vt 0.060462 0.040000 0.000000
vt 0.000000 0.000000 0.000000
vt 0.057338 0.000000 0.000000
vt 0.000000 0.040000 0.000000
vt 0.057338 0.040000 0.000000
vt 0.000000 0.000000 0.000000
vt 0.056270 0.000000 0.000000
vt 0.000000 0.040000 0.000000
vt 0.056270 0.040000 0.000000
vt 0.000000 0.000000 0.000000
vt 0.056246 0.000000 0.000000
vt 0.000000 0.040000 0.000000
vt 0.056246 0.040000 0.000000
vt 0.000000 0.000000 0.000000
vt 0.056463 0.000000 0.000000
vt 0.000000 0.040000 0.000000
vt 0.056463 0.040000 0.000000
vt 0.000000 0.000000 0.000000
vt 0.056364 0.000000 0.000000
vt 0.000000 0.040000 0.000000
vt 0.056364 0.040000 0.000000
vt 0.000000 0.000000 0.000000
vt 0.055658 0.000000 0.000000
vt 0.000000 0.040000 0.000000
vt 0.055658 0.040000 0.000000
vt 0.000000 0.000000 0.000000
vt 0.054288 0.000000 0.000000
vt 0.000000 0.040000 0.000000
vt 0.054288 0.040000 0.000000
vt 0.000000 0.000000 0.000000
vt 0.064196 0.000000 0.000000
vt 0.000000 0.040000 0.000000
vt 0.064196 0.040000 0.000000
vt 0.000000 0.000000 0.000000
vt 0.060801 0.000000 0.000000
vt 0.000000 0.040000 0.000000
vt 0.060801 0.040000 0.000000
vt 0.000000 0.000000 0.000000
vt 0.058412 0.000000 0.000000
vt 0.000000 0.040000 0.000000
vt 0.058412 0.040000 0.000000
vt 0.000000 0.000000 0.000000
vt 0.056735 0.000000 0.000000
vt 0.000000 0.040000 0.000000
vt 0.056735 0.040000 0.000000
vt 0.000000 0.000000 0.000000
vt 0.055507 0.000000 0.000000
vt 0.000000 0.040000 0.000000
vt 0.055507 0.040000 0.000000
vt 0.000000 0.000000 0.000000
vt 0.054687 0.000000 0.000000
vt 0.000000 0.040000 0.000000
vt 0.054687 0.040000 0.000000
vt 0.000000 0.000000 0.000000
vt 0.054266 0.000000 0.000000
vt 0.000000 0.040000 0.000000
vt 0.054266 0.040000 0.000000
vt 0.000000 0.000000 0.000000
vt 0.054447 0.000000 0.000000
vt 0.000000 0.040000 0.000000
vt 0.054447 0.040000 0.000000
vt 0.000000 0.000000 0.000000
vt 0.062883 0.000000 0.000000
vt 0.000000 0.040000 0.000000
vt 0.062883 0.040000 0.000000
vt 0.000000 0.000000 0.000000
vt 0.058926 0.000000 0.000000
vt 0.000000 0.040000 0.000000
vt 0.058926 0.040000 0.000000
vt 0.000000 0.000000 0.000000
vt 0.056958 0.000000 0.000000
vt 0.000000 0.040000 0.000000
vt 0.056958 0.040000 0.000000
vt 0.000000 0.000000 0.000000
vt 0.056264 0.000000 0.000000
vt 0.000000 0.040000 0.000000
vt 0.056264 0.040000 0.000000
vt 0.000000 0.000000 0.000000
vt 0.056225 0.000000 0.000000
vt 0.000000 0.040000 0.000000
vt 0.056225 0.040000 0.000000
vt 0.000000 0.000000 0.000000
vt 0.056333 0.000000 0.000000
vt 0.000000 0.040000 0.000000
vt 0.056333 0.040000 0.000000
vt 0.000000 0.000000 0.000000
vt 0.056271 0.000000 0.000000
vt 0.000000 0.040000 0.000000
vt 0.056271 0.040000 0.000000
vt 0.000000 0.000000 0.000000
vt 0.055978 0.000000 0.000000
vt 0.000000 0.040000 0.000000
vt 0.055978 0.040000 0.000000
vt 0.000000 0.000000 0.000000
vt 0.064406 0.000000 0.000000
vt 0.000000 0.040000 0.000000
vt 0.064406 0.040000 0.000000
vt 0.000000 0.000000 0.000000
vt 0.060445 0.000000 0.000000
vt 0.000000 0.040000 0.000000
vt 0.060445 0.040000 0.000000
vt 0.000000 0.000000 0.000000
vt 0.057825 0.000000 0.000000
vt 0.000000 0.040000 0.000000
vt 0.057825 0.040000 0.000000
vt 0.000000 0.000000 0.000000
vt 0.056211 0.000000 0.000000
vt 0.000000 0.040000 0.000000
vt 0.056211 0.040000 0.000000
vt 0.000000 0.000000 0.000000
vt 0.055343 0.000000 0.000000
vt 0.000000 0.040000 0.000000
vt 0.055343 0.040000 0.000000
vt 0.000000 0.000000 0.000000
vt 0.054975 0.000000 0.000000
vt 0.000000 0.040000 0.000000
vt 0.054975 0.040000 0.000000
vt 0.000000 0.000000 0.000000
vt 0.054962 0.000000 0.000000
vt 0.000000 0.040000 0.000000
vt 0.054962 0.040000 0.000000
vt -0.100195 -0.138980 0.000000
vt -0.132715 -0.266480 0.000000
vt -0.055345 -0.171610 0.000000
vt -0.080835 -0.289990 0.000000
vt -0.001155 -0.188630 0.000000
vt -0.023105 -0.301800 0.000000
vt 0.039755 -0.300110 0.000000
vt -0.133955 -0.094440 0.000000
vt -0.216025 -0.191680 0.000000
vt -0.178015 -0.233110 0.000000
vt -0.246025 -0.144000 0.000000
vt -0.154875 -0.041660 0.000000
vt -0.267285 -0.091900 0.000000
vt -0.279085 -0.037180 0.000000
vt -0.161215 0.015670 0.000000
vt -0.280905 0.027200 0.000000
vt -0.270835 0.086800 0.000000
vt -0.151235 0.073860 0.000000
vt -0.250205 0.140820 0.000000
vt -0.220355 0.188450 0.000000
vt -0.123185 0.129220 0.000000
vt -0.182595 0.228910 0.000000
vt -0.102995 0.153730 0.000000
vt -0.138255 0.261410 0.000000
vt -0.078295 0.174810 0.000000
vt -0.063635 0.183910 0.000000
vt -0.088675 0.285130 0.000000
vt -0.047095 0.191950 0.000000
vt -0.028435 0.198880 0.000000
vt -0.035175 0.299290 0.000000
vt -0.007405 0.204630 0.000000
vt 0.025235 0.301800 0.000000
vt 0.035475 0.209460 0.000000
vt 0.081365 0.290090 0.000000
vt 0.075145 0.204460 0.000000
vt 0.132335 0.266250 0.000000
vt 0.111035 0.190940 0.000000
vt 0.177255 0.232400 0.000000
vt 0.142585 0.170260 0.000000
vt 0.215235 0.190620 0.000000
vt 0.169225 0.143740 0.000000
vt 0.190365 0.112710 0.000000
vt 0.245405 0.143010 0.000000
vt 0.205465 0.078510 0.000000
vt 0.266875 0.091660 0.000000
vt 0.213925 0.042470 0.000000
vt 0.278765 0.038690 0.000000
vt 0.215925 0.002380 0.000000
vt 0.280905 -0.025470 0.000000
vt 0.211125 -0.036020 0.000000
vt 0.271315 -0.085510 0.000000
vt 0.199895 -0.071940 0.000000
vt 0.251285 -0.140380 0.000000
vt 0.182625 -0.104570 0.000000
vt 0.222095 -0.189030 0.000000
vt 0.159685 -0.133130 0.000000
vt 0.185065 -0.230380 0.000000
vt 0.131455 -0.156810 0.000000
vt 0.141465 -0.263390 0.000000
vt 0.098315 -0.174820 0.000000
vt 0.092595 -0.286980 0.000000
vt 0.060645 -0.186360 0.000000
vt 0.055345 -0.171610 0.000000
vt 0.132715 -0.266480 0.000000
vt 0.100195 -0.138980 0.000000
vt 0.178015 -0.233110 0.000000
vt 0.216025 -0.191680 0.000000
vt 0.080835 -0.289990 0.000000
vt 0.001155 -0.188630 0.000000
vt 0.023105 -0.301800 0.000000
vt -0.039755 -0.300110 0.000000
vt -0.060645 -0.186360 0.000000
vt -0.092595 -0.286980 0.000000
vt -0.098315 -0.174820 0.000000
vt -0.141465 -0.263390 0.000000
vt -0.131455 -0.156810 0.000000
vt -0.185065 -0.230380 0.000000
vt -0.159685 -0.133130 0.000000
vt -0.222095 -0.189030 0.000000
vt -0.182625 -0.104570 0.000000
vt -0.251285 -0.140380 0.000000
vt -0.199895 -0.071940 0.000000
vt -0.271315 -0.085510 0.000000
vt -0.211125 -0.036020 0.000000
vt -0.280905 -0.025470 0.000000
vt -0.215925 0.002380 0.000000
vt -0.278765 0.038690 0.000000
vt -0.213925 0.042470 0.000000
vt -0.266875 0.091660 0.000000
vt -0.205465 0.078510 0.000000
vt -0.245405 0.143010 0.000000
vt -0.190365 0.112710 0.000000
vt -0.215235 0.190620 0.000000
vt -0.169225 0.143740 0.000000
vt -0.142585 0.170260 0.000000
vt -0.177255 0.232400 0.000000
vt -0.111035 0.190940 0.000000
vt -0.132335 0.266250 0.000000
vt -0.075145 0.204460 0.000000
vt -0.081365 0.290090 0.000000
vt -0.035475 0.209460 0.000000
vt -0.025235 0.301800 0.000000
vt 0.007405 0.204630 0.000000
vt 0.035175 0.299290 0.000000
vt 0.028435 0.198880 0.000000
vt 0.088675 0.285130 0.000000
vt 0.047095 0.191950 0.000000
vt 0.063635 0.183910 0.000000
vt 0.138255 0.261410 0.000000
vt 0.078295 0.174810 0.000000
vt 0.102995 0.153730 0.000000
vt 0.182595 0.228910 0.000000
vt 0.123185 0.129220 0.000000
vt 0.220355 0.188450 0.000000
vt 0.151235 0.073860 0.000000
vt 0.250205 0.140820 0.000000
vt 0.270835 0.086800 0.000000
vt 0.161215 0.015670 0.000000
vt 0.280905 0.027200 0.000000
vt 0.279085 -0.037180 0.000000
vt 0.154875 -0.041660 0.000000
vt 0.267285 -0.091900 0.000000
vt 0.246025 -0.144000 0.000000
vt 0.133955 -0.094440 0.000000
vn 0.299648 0.954050 -0.000000
vn 0.299648 0.954050 -0.000000
vn 0.299648 0.954050 -0.000000
vn 0.299648 0.954050 -0.000000
vn -0.036707 0.999326 0.000000
vn -0.036707 0.999326 0.000000
vn -0.036707 0.999326 0.000000
vn -0.036707 0.999326 0.000000
vn -0.292908 0.956140 0.000000
vn -0.292908 0.956140 0.000000
vn -0.292908 0.956140 0.000000
vn -0.292908 0.956140 0.000000
vn -0.477496 0.878634 0.000000
vn -0.477496 0.878634 0.000000
vn -0.477496 0.878634 0.000000
vn -0.477496 0.878634 0.000000
vn -0.642664 0.766148 0.000000
vn -0.642664 0.766148 0.000000
vn -0.642664 0.766148 0.000000
vn -0.642664 0.766148 0.000000
vn -0.779642 0.626225 0.000000
vn -0.779642 0.626225 0.000000
vn -0.779642 0.626225 0.000000
vn -0.779642 0.626225 0.000000
vn -0.883841 0.467788 0.000000
vn -0.883841 0.467788 0.000000
vn -0.883841 0.467788 0.000000
vn -0.883841 0.467788 0.000000
vn -0.954442 0.298396 0.000000
vn -0.954442 0.298396 0.000000
vn -0.954442 0.298396 0.000000
vn -0.954442 0.298396 0.000000
vn -0.992278 0.124035 0.000000
vn -0.992278 0.124035 0.000000
vn -0.992278 0.124035 0.000000
vn -0.992278 0.124035 0.000000
vn -0.998758 -0.049826 0.000000
vn -0.998758 -0.049826 0.000000
vn -0.998758 -0.049826 0.000000
vn -0.998758 -0.049826 0.000000
vn -0.973537 -0.228527 0.000000
vn -0.973537 -0.228527 0.000000
vn -0.973537 -0.228527 0.000000
vn -0.973537 -0.228527 0.000000
vn -0.914802 -0.403904 0.000000
vn -0.914802 -0.403904 0.000000
vn -0.914802 -0.403904 0.000000
vn -0.914802 -0.403904 0.000000
vn -0.826436 -0.563031 0.000000
vn -0.826436 -0.563031 0.000000
vn -0.826436 -0.563031 0.000000
vn -0.826436 -0.563031 0.000000
vn -0.705509 -0.708701 0.000000
vn -0.705509 -0.708701 0.000000
vn -0.705509 -0.708701 0.000000
vn -0.705509 -0.708701 0.000000
vn -0.548199 -0.836348 0.000000
vn -0.548199 -0.836348 0.000000
vn -0.548199 -0.836348 0.000000
vn -0.548199 -0.836348 0.000000
vn -0.352523 -0.935803 0.000000
vn -0.352523 -0.935803 0.000000
vn -0.352523 -0.935803 0.000000
vn -0.352523 -0.935803 0.000000
vn -0.125050 -0.992150 0.000000
vn -0.125050 -0.992150 0.000000
vn -0.125050 -0.992150 0.000000
vn -0.125050 -0.992150 0.000000
vn 0.111932 -0.993716 0.000000
vn 0.111932 -0.993716 0.000000
vn 0.111932 -0.993716 0.000000
vn 0.111932 -0.993716 0.000000
vn 0.263738 -0.964594 0.000000
vn 0.263738 -0.964594 0.000000
vn 0.263738 -0.964594 0.000000
vn 0.263738 -0.964594 0.000000
vn 0.348149 -0.937439 0.000000
vn 0.348149 -0.937439 0.000000
vn 0.348149 -0.937439 0.000000
vn 0.348149 -0.937439 0.000000
vn 0.437180 -0.899374 0.000000
vn 0.437180 -0.899374 0.000000
vn 0.437180 -0.899374 0.000000
vn 0.437180 -0.899374 0.000000
vn 0.527392 -0.849622 0.000000
vn 0.527392 -0.849622 0.000000
vn 0.527392 -0.849622 0.000000
vn 0.527392 -0.849622 0.000000
vn 0.649167 -0.760646 0.000000
vn 0.649167 -0.760646 0.000000
vn 0.649167 -0.760646 0.000000
vn 0.649167 -0.760646 0.000000
vn 0.771848 -0.635807 0.000000
vn 0.771848 -0.635807 0.000000
vn 0.771848 -0.635807 0.000000
vn 0.771848 -0.635807 0.000000
vn 0.892030 -0.451977 0.000000
vn 0.892030 -0.451977 0.000000
vn 0.892030 -0.451977 0.000000
vn 0.892030 -0.451977 0.000000
vn 0.985609 -0.169039 0.000000
vn 0.985609 -0.169039 0.000000
vn 0.985609 -0.169039 0.000000
vn 0.985609 -0.169039 0.000000
vn 0.993941 0.109918 -0.000000
vn 0.993941 0.109918 -0.000000
vn 0.993941 0.109918 -0.000000
vn 0.993941 0.109918 -0.000000
vn 0.929638 0.368474 -0.000000
vn 0.929638 0.368474 -0.000000
vn 0.929638 0.368474 -0.000000
vn 0.929638 0.368474 -0.000000
vn 0.796941 0.604057 -0.000000
vn 0.796941 0.604057 -0.000000
vn 0.796941 0.604057 -0.000000
vn 0.796941 0.604057 -0.000000
vn 0.588311 0.808635 -0.000000
vn 0.588311 0.808635 -0.000000
vn 0.588311 0.808635 -0.000000
vn 0.588311 0.808635 -0.000000
vn -0.255863 0.966713 0.000000
vn -0.255863 0.966713 0.000000
vn -0.255863 0.966713 0.000000
vn -0.255863 0.966713 0.000000
vn -0.041514 0.999138 0.000000
vn -0.041514 0.999138 0.000000
vn -0.041514 0.999138 0.000000
vn -0.041514 0.999138 0.000000
vn 0.204226 0.978924 -0.000000
vn 0.204226 0.978924 -0.000000
vn 0.204226 0.978924 -0.000000
vn 0.204226 0.978924 -0.000000
vn 0.423673 0.905815 -0.000000
vn 0.423673 0.905815 -0.000000
vn 0.423673 0.905815 -0.000000
vn 0.423673 0.905815 -0.000000
vn 0.601819 0.798633 -0.000000
vn 0.601819 0.798633 -0.000000
vn 0.601819 0.798633 -0.000000
vn 0.601819 0.798633 -0.000000
vn 0.739956 0.672655 -0.000000
vn 0.739956 0.672655 -0.000000
vn 0.739956 0.672655 -0.000000
vn 0.739956 0.672655 -0.000000
vn 0.844683 0.535267 -0.000000
vn 0.844683 0.535267 -0.000000
vn 0.844683 0.535267 -0.000000
vn 0.844683 0.535267 -0.000000
vn 0.922603 0.385751 -0.000000
vn 0.922603 0.385751 -0.000000
vn 0.922603 0.385751 -0.000000
vn 0.922603 0.385751 -0.000000
vn 0.975721 0.219017 -0.000000
vn 0.975721 0.219017 -0.000000
vn 0.975721 0.219017 -0.000000
vn 0.975721 0.219017 -0.000000
vn 0.999444 0.033336 -0.000000
vn 0.999444 0.033336 -0.000000
vn 0.999444 0.033336 -0.000000
vn 0.999444 0.033336 -0.000000
vn 0.987483 -0.157727 0.000000
vn 0.987483 -0.157727 0.000000
vn 0.987483 -0.157727 0.000000
vn 0.987483 -0.157727 0.000000
vn 0.939368 -0.342911 0.000000
vn 0.939368 -0.342911 0.000000
vn 0.939368 -0.342911 0.000000
vn 0.939368 -0.342911 0.000000
vn 0.857493 -0.514496 0.000000
vn 0.857493 -0.514496 0.000000
vn 0.857493 -0.514496 0.000000
vn 0.857493 -0.514496 0.000000
vn 0.744949 -0.667121 0.000000
vn 0.744949 -0.667121 0.000000
vn 0.744949 -0.667121 0.000000
vn 0.744949 -0.667121 0.000000
vn 0.603622 -0.797271 0.000000
vn 0.603622 -0.797271 0.000000
vn 0.603622 -0.797271 0.000000
vn 0.603622 -0.797271 0.000000
vn 0.434713 -0.900569 0.000000
vn 0.434713 -0.900569 0.000000
vn 0.434713 -0.900569 0.000000
vn 0.434713 -0.900569 0.000000
vn 0.241152 -0.970487 0.000000
vn 0.241152 -0.970487 0.000000
vn 0.241152 -0.970487 0.000000
vn 0.241152 -0.970487 0.000000
vn 0.026875 -0.999639 0.000000
vn 0.026875 -0.999639 0.000000
vn 0.026875 -0.999639 0.000000
vn 0.026875 -0.999639 0.000000
vn -0.200422 -0.979710 0.000000
vn -0.200422 -0.979710 0.000000
vn -0.200422 -0.979710 0.000000
vn -0.200422 -0.979710 0.000000
vn -0.412758 -0.910841 0.000000
vn -0.412758 -0.910841 0.000000
vn -0.412758 -0.910841 0.000000
vn -0.412758 -0.910841 0.000000
vn -0.593096 -0.805132 0.000000
vn -0.593096 -0.805132 0.000000
vn -0.593096 -0.805132 0.000000
vn -0.593096 -0.805132 0.000000
vn -0.736866 -0.676039 0.000000
vn -0.736866 -0.676039 0.000000
vn -0.736866 -0.676039 0.000000
vn -0.736866 -0.676039 0.000000
vn -0.846399 -0.532550 0.000000
vn -0.846399 -0.532550 0.000000
vn -0.846399 -0.532550 0.000000
vn -0.846399 -0.532550 0.000000
vn -0.925881 -0.377816 0.000000
vn -0.925881 -0.377816 0.000000
vn -0.925881 -0.377816 0.000000
vn -0.925881 -0.377816 0.000000
vn -0.977530 -0.210798 0.000000
vn -0.977530 -0.210798 0.000000
vn -0.977530 -0.210798 0.000000
vn -0.977530 -0.210798 0.000000
vn -0.999601 -0.028258 0.000000
vn -0.999601 -0.028258 0.000000
vn -0.999601 -0.028258 0.000000
vn -0.999601 -0.028258 0.000000
vn -0.986025 0.166598 0.000000
vn -0.986025 0.166598 0.000000
vn -0.986025 0.166598 0.000000
vn -0.986025 0.166598 0.000000
vn -0.934194 0.356765 0.000000
vn -0.934194 0.356765 0.000000
vn -0.934194 0.356765 0.000000
vn -0.934194 0.356765 0.000000
vn -0.847348 0.531038 0.000000
vn -0.847348 0.531038 0.000000
vn -0.847348 0.531038 0.000000
vn -0.847348 0.531038 0.000000
vn -0.731079 0.682292 0.000000
vn -0.731079 0.682292 0.000000
vn -0.731079 0.682292 0.000000
vn -0.731079 0.682292 0.000000
vn -0.591174 0.806544 0.000000
vn -0.591174 0.806544 0.000000
vn -0.591174 0.806544 0.000000
vn -0.591174 0.806544 0.000000
vn -0.431571 0.902079 0.000000
vn -0.431571 0.902079 0.000000
vn -0.431571 0.902079 0.000000
vn -0.431571 0.902079 0.000000
vn 0.000000 0.000000 1.000000
vn 0.000000 0.000000 1.000000
vn 0.000000 0.000000 1.000000
vn 0.000000 0.000000 1.000000
vn 0.000000 0.000000 1.000000
vn 0.000000 0.000000 1.000000
vn 0.000000 0.000000 1.000000
vn 0.000000 0.000000 1.000000
vn 0.000000 0.000000 1.000000
vn 0.000000 0.000000 1.000000
vn 0.000000 0.000000 1.000000
vn 0.000000 0.000000 1.000000
vn 0.000000 0.000000 1.000000
vn 0.000000 0.000000 1.000000
vn 0.000000 0.000000 1.000000
vn 0.000000 0.000000 1.000000
vn 0.000000 0.000000 1.000000
vn 0.000000 0.000000 1.000000
vn 0.000000 0.000000 1.000000
vn 0.000000 0.000000 1.000000
vn 0.000000 0.000000 1.000000
vn 0.000000 0.000000 1.000000
vn 0.000000 0.000000 1.000000
vn 0.000000 0.000000 1.000000
vn 0.000000 0.000000 1.000000
vn 0.000000 0.000000 1.000000
vn 0.000000 0.000000 1.000000
vn 0.000000 0.000000 1.000000
vn 0.000000 0.000000 1.000000
vn 0.000000 0.000000 1.000000
vn 0.000000 0.000000 1.000000
vn 0.000000 0.000000 1.000000
vn 0.000000 0.000000 1.000000
vn 0.000000 0.000000 1.000000
vn 0.000000 0.000000 1.000000
vn 0.000000 0.000000 1.000000
vn 0.000000 0.000000 1.000000
vn 0.000000 0.000000 1.000000
vn 0.000000 0.000000 1.000000
vn 0.000000 0.000000 1.000000
vn 0.000000 0.000000 1.000000
vn 0.000000 0.000000 1.000000
vn 0.000000 0.000000 1.000000
vn 0.000000 0.000000 1.000000
vn 0.000000 0.000000 1.000000
vn 0.000000 0.000000 1.000000
vn 0.000000 0.000000 1.000000
vn 0.000000 0.000000 1.000000
vn 0.000000 0.000000 1.000000
vn 0.000000 0.000000 1.000000
vn 0.000000 0.000000 1.000000
vn 0.000000 0.000000 1.000000
vn 0.000000 0.000000 1.000000
vn 0.000000 0.000000 1.000000
vn 0.000000 0.000000 1.000000
vn 0.000000 0.000000 1.000000
vn 0.000000 0.000000 1.000000
vn 0.000000 0.000000 1.000000
vn 0.000000 0.000000 1.000000
vn 0.000000 0.000000 1.000000
vn 0.000000 0.000000 1.000000
vn 0.000000 0.000000 1.000000
vn -0.000000 -0.000000 -1.000000
vn -0.000000 -0.000000 -1.000000
vn -0.000000 -0.000000 -1.000000
vn -0.000000 -0.000000 -1.000000
vn -0.000000 -0.000000 -1.000000
vn -0.000000 -0.000000 -1.000000
vn -0.000000 -0.000000 -1.000000
vn -0.000000 -0.000000 -1.000000
vn -0.000000 -0.000000 -1.000000
vn -0.000000 -0.000000 -1.000000
vn -0.000000 -0.000000 -1.000000
vn -0.000000 -0.000000 -1.000000
vn -0.000000 -0.000000 -1.000000
vn -0.000000 -0.000000 -1.000000
vn -0.000000 -0.000000 -1.000000
vn -0.000000 -0.000000 -1.000000
vn -0.000000 -0.000000 -1.000000
vn -0.000000 -0.000000 -1.000000
vn -0.000000 -0.000000 -1.000000
vn -0.000000 -0.000000 -1.000000
vn -0.000000 -0.000000 -1.000000
vn -0.000000 -0.000000 -1.000000
vn -0.000000 -0.000000 -1.000000
vn -0.000000 -0.000000 -1.000000
vn -0.000000 -0.000000 -1.000000
vn -0.000000 -0.000000 -1.000000
vn -0.000000 -0.000000 -1.000000
vn -0.000000 -0.000000 -1.000000
vn -0.000000 -0.000000 -1.000000
vn -0.000000 -0.000000 -1.000000
vn -0.000000 -0.000000 -1.000000
vn -0.000000 -0.000000 -1.000000
vn -0.000000 -0.000000 -1.000000
vn -0.000000 -0.000000 -1.000000
vn -0.000000 -0.000000 -1.000000
vn -0.000000 -0.000000 -1.000000
vn -0.000000 -0.000000 -1.000000
vn -0.000000 -0.000000 -1.000000
vn -0.000000 -0.000000 -1.000000
vn -0.000000 -0.000000 -1.000000
vn -0.000000 -0.000000 -1.000000
vn -0.000000 -0.000000 -1.000000
vn -0.000000 -0.000000 -1.000000
vn -0.000000 -0.000000 -1.000000
vn -0.000000 -0.000000 -1.000000
vn -0.000000 -0.000000 -1.000000
vn -0.000000 -0.000000 -1.000000
vn -0.000000 -0.000000 -1.000000
vn -0.000000 -0.000000 -1.000000
vn -0.000000 -0.000000 -1.000000
vn -0.000000 -0.000000 -1.000000
vn -0.000000 -0.000000 -1.000000
vn -0.000000 -0.000000 -1.000000
vn -0.000000 -0.000000 -1.000000
vn -0.000000 -0.000000 -1.000000
vn -0.000000 -0.000000 -1.000000
vn -0.000000 -0.000000 -1.000000
vn -0.000000 -0.000000 -1.000000
vn -0.000000 -0.000000 -1.000000
vn -0.000000 -0.000000 -1.000000
vn -0.000000 -0.000000 -1.000000
vn -0.000000 -0.000000 -1.000000
f 2651/7951/7951 2652/7952/7952 2654/7953/7953
f 2654/7953/7953 2652/7952/7952 2653/7954/7954
f 2655/7955/7955 2651/7956/7956 2656/7957/7957
f 2656/7957/7957 2651/7956/7956 2654/7958/7958
f 2657/7959/7959 2655/7960/7960 2658/7961/7961
f 2658/7961/7961 2655/7960/7960 2656/7962/7962
f 2659/7963/7963 2657/7964/7964 2660/7965/7965
f 2660/7965/7965 2657/7964/7964 2658/7966/7966
f 2661/7967/7967 2659/7968/7968 2662/7969/7969
f 2662/7969/7969 2659/7968/7968 2660/7970/7970
f 2663/7971/7971 2661/7972/7972 2664/7973/7973
f 2664/7973/7973 2661/7972/7972 2662/7974/7974
f 2665/7975/7975 2663/7976/7976 2666/7977/7977
f 2666/7977/7977 2663/7976/7976 2664/7978/7978
f 2667/7979/7979 2665/7980/7980 2668/7981/7981
f 2668/7981/7981 2665/7980/7980 2666/7982/7982
f 2669/7983/7983 2667/7984/7984 2670/7985/7985
f 2670/7985/7985 2667/7984/7984 2668/7986/7986
f 2671/7987/7987 2669/7988/7988 2672/7989/7989
f 2672/7989/7989 2669/7988/7988 2670/7990/7990
f 2673/7991/7991 2671/7992/7992 2674/7993/7993
f 2674/7993/7993 2671/7992/7992 2672/7994/7994
f 2675/7995/7995 2673/7996/7996 2676/7997/7997
f 2676/7997/7997 2673/7996/7996 2674/7998/7998
f 2677/7999/7999 2675/8000/8000 2678/8001/8001
f 2678/8001/8001 2675/8000/8000 2676/8002/8002
f 2679/8003/8003 2677/8004/8004 2680/8005/8005
f 2680/8005/8005 2677/8004/8004 2678/8006/8006
f 2681/8007/8007 2679/8008/8008 2682/8009/8009
f 2682/8009/8009 2679/8008/8008 2680/8010/8010
f 2683/8011/8011 2681/8012/8012 2684/8013/8013
f 2684/8013/8013 2681/8012/8012 2682/8014/8014
f 2685/8015/8015 2683/8016/8016 2686/8017/8017
f 2686/8017/8017 2683/8016/8016 2684/8018/8018
f 2687/8019/8019 2685/8020/8020 2688/8021/8021
f 2688/8021/8021 2685/8020/8020 2686/8022/8022
f 2689/8023/8023 2687/8024/8024 2690/8025/8025
f 2690/8025/8025 2687/8024/8024 2688/8026/8026
f 2691/8027/8027 2689/8028/8028 2692/8029/8029
f 2692/8029/8029 2689/8028/8028 2690/8030/8030
f 2693/8031/8031 2691/8032/8032 2694/8033/8033
f 2694/8033/8033 2691/8032/8032 2692/8034/8034
f 2695/8035/8035 2693/8036/8036 2696/8037/8037
f 2696/8037/8037 2693/8036/8036 2694/8038/8038
f 2697/8039/8039 2695/8040/8040 2698/8041/8041
f 2698/8041/8041 2695/8040/8040 2696/8042/8042
f 2699/8043/8043 2697/8044/8044 2700/8045/8045
f 2700/8045/8045 2697/8044/8044 2698/8046/8046
f 2701/8047/8047 2699/8048/8048 2702/8049/8049
f 2702/8049/8049 2699/8048/8048 2700/8050/8050
f 2703/8051/8051 2701/8052/8052 2704/8053/8053
f 2704/8053/8053 2701/8052/8052 2702/8054/8054
f 2705/8055/8055 2703/8056/8056 2706/8057/8057
f 2706/8057/8057 2703/8056/8056 2704/8058/8058
f 2707/8059/8059 2705/8060/8060 2708/8061/8061
f 2708/8061/8061 2705/8060/8060 2706/8062/8062
f 2709/8063/8063 2707/8064/8064 2710/8065/8065
f 2710/8065/8065 2707/8064/8064 2708/8066/8066
f 2652/8067/8067 2709/8068/8068 2653/8069/8069
f 2653/8069/8069 2709/8068/8068 2710/8070/8070
f 2711/8071/8071 2712/8072/8072 2714/8073/8073
f 2714/8073/8073 2712/8072/8072 2713/8074/8074
f 2715/8075/8075 2711/8076/8076 2716/8077/8077
f 2716/8077/8077 2711/8076/8076 2714/8078/8078
f 2717/8079/8079 2715/8080/8080 2718/8081/8081
f 2718/8081/8081 2715/8080/8080 2716/8082/8082
f 2719/8083/8083 2717/8084/8084 2720/8085/8085
f 2720/8085/8085 2717/8084/8084 2718/8086/8086
f 2721/8087/8087 2719/8088/8088 2722/8089/8089
f 2722/8089/8089 2719/8088/8088 2720/8090/8090
f 2723/8091/8091 2721/8092/8092 2724/8093/8093
f 2724/8093/8093 2721/8092/8092 2722/8094/8094
f 2725/8095/8095 2723/8096/8096 2726/8097/8097
f 2726/8097/8097 2723/8096/8096 2724/8098/8098
f 2727/8099/8099 2725/8100/8100 2728/8101/8101
f 2728/8101/8101 2725/8100/8100 2726/8102/8102
f 2729/8103/8103 2727/8104/8104 2730/8105/8105
f 2730/8105/8105 2727/8104/8104 2728/8106/8106
f 2731/8107/8107 2729/8108/8108 2732/8109/8109
f 2732/8109/8109 2729/8108/8108 2730/8110/8110
f 2733/8111/8111 2731/8112/8112 2734/8113/8113
f 2734/8113/8113 2731/8112/8112 2732/8114/8114
f 2735/8115/8115 2733/8116/8116 2736/8117/8117
f 2736/8117/8117 2733/8116/8116 2734/8118/8118
f 2737/8119/8119 2735/8120/8120 2738/8121/8121
f 2738/8121/8121 2735/8120/8120 2736/8122/8122
f 2739/8123/8123 2737/8124/8124 2740/8125/8125
f 2740/8125/8125 2737/8124/8124 2738/8126/8126
f 2741/8127/8127 2739/8128/8128 2742/8129/8129
f 2742/8129/8129 2739/8128/8128 2740/8130/8130
f 2743/8131/8131 2741/8132/8132 2744/8133/8133
f 2744/8133/8133 2741/8132/8132 2742/8134/8134
f 2745/8135/8135 2743/8136/8136 2746/8137/8137
f 2746/8137/8137 2743/8136/8136 2744/8138/8138
f 2747/8139/8139 2745/8140/8140 2748/8141/8141
f 2748/8141/8141 2745/8140/8140 2746/8142/8142
f 2749/8143/8143 2747/8144/8144 2750/8145/8145
f 2750/8145/8145 2747/8144/8144 2748/8146/8146
f 2751/8147/8147 2749/8148/8148 2752/8149/8149
f 2752/8149/8149 2749/8148/8148 2750/8150/8150
f 2753/8151/8151 2751/8152/8152 2754/8153/8153
f 2754/8153/8153 2751/8152/8152 2752/8154/8154
f 2755/8155/8155 2753/8156/8156 2756/8157/8157
f 2756/8157/8157 2753/8156/8156 2754/8158/8158
f 2757/8159/8159 2755/8160/8160 2758/8161/8161
f 2758/8161/8161 2755/8160/8160 2756/8162/8162
f 2759/8163/8163 2757/8164/8164 2760/8165/8165
f 2760/8165/8165 2757/8164/8164 2758/8166/8166
f 2761/8167/8167 2759/8168/8168 2762/8169/8169
f 2762/8169/8169 2759/8168/8168 2760/8170/8170
f 2763/8171/8171 2761/8172/8172 2764/8173/8173
f 2764/8173/8173 2761/8172/8172 2762/8174/8174
f 2765/8175/8175 2763/8176/8176 2766/8177/8177
f 2766/8177/8177 2763/8176/8176 2764/8178/8178
f 2767/8179/8179 2765/8180/8180 2768/8181/8181
f 2768/8181/8181 2765/8180/8180 2766/8182/8182
f 2769/8183/8183 2767/8184/8184 2770/8185/8185
f 2770/8185/8185 2767/8184/8184 2768/8186/8186
f 2771/8187/8187 2769/8188/8188 2772/8189/8189
f 2772/8189/8189 2769/8188/8188 2770/8190/8190
f 2773/8191/8191 2771/8192/8192 2774/8193/8193
f 2774/8193/8193 2771/8192/8192 2772/8194/8194
f 2712/8195/8195 2773/8196/8196 2713/8197/8197
f 2713/8197/8197 2773/8196/8196 2774/8198/8198
f 2710/8199/8199 2752/8200/8200 2653/8201/8201
f 2653/8201/8201 2752/8200/8200 2750/8202/8202
f 2653/8201/8201 2750/8202/8202 2654/8203/8203
f 2654/8203/8203 2750/8202/8202 2748/8204/8204
f 2654/8203/8203 2748/8204/8204 2746/8205/8205
f 2708/8206/8206 2756/8207/8207 2710/8199/8199
f 2710/8199/8199 2756/8207/8207 2754/8208/8208
f 2710/8199/8199 2754/8208/8208 2752/8200/8200
f 2756/8207/8207 2708/8206/8206 2758/8209/8209
f 2758/8209/8209 2708/8206/8206 2706/8210/8210
f 2758/8209/8209 2706/8210/8210 2760/8211/8211
f 2760/8211/8211 2706/8210/8210 2762/8212/8212
f 2762/8212/8212 2706/8210/8210 2704/8213/8213
f 2762/8212/8212 2704/8213/8213 2764/8214/8214
f 2764/8214/8214 2704/8213/8213 2766/8215/8215
f 2766/8215/8215 2704/8213/8213 2702/8216/8216
f 2766/8215/8215 2702/8216/8216 2768/8217/8217
f 2768/8217/8217 2702/8216/8216 2770/8218/8218
f 2770/8218/8218 2702/8216/8216 2700/8219/8219
f 2770/8218/8218 2700/8219/8219 2772/8220/8220
f 2772/8220/8220 2700/8219/8219 2698/8221/8221
f 2772/8220/8220 2698/8221/8221 2774/8222/8222
f 2774/8222/8222 2698/8221/8221 2696/8223/8223
f 2774/8222/8222 2696/8223/8223 2694/8224/8224
f 2774/8222/8222 2694/8224/8224 2713/8225/8225
f 2713/8225/8225 2694/8224/8224 2692/8226/8226
f 2713/8225/8225 2692/8226/8226 2690/8227/8227
f 2713/8225/8225 2690/8227/8227 2714/8228/8228
f 2714/8228/8228 2690/8227/8227 2688/8229/8229
f 2714/8228/8228 2688/8229/8229 2716/8230/8230
f 2716/8230/8230 2688/8229/8229 2686/8231/8231
f 2716/8230/8230 2686/8231/8231 2718/8232/8232
f 2718/8232/8232 2686/8231/8231 2684/8233/8233
f 2718/8232/8232 2684/8233/8233 2720/8234/8234
f 2720/8234/8234 2684/8233/8233 2682/8235/8235
f 2720/8234/8234 2682/8235/8235 2722/8236/8236
f 2722/8236/8236 2682/8235/8235 2680/8237/8237
f 2722/8236/8236 2680/8237/8237 2724/8238/8238
f 2724/8238/8238 2680/8237/8237 2678/8239/8239
f 2724/8238/8238 2678/8239/8239 2676/8240/8240
f 2724/8238/8238 2676/8240/8240 2726/8241/8241
f 2726/8241/8241 2676/8240/8240 2674/8242/8242
f 2726/8241/8241 2674/8242/8242 2728/8243/8243
f 2728/8243/8243 2674/8242/8242 2672/8244/8244
f 2728/8243/8243 2672/8244/8244 2730/8245/8245
f 2730/8245/8245 2672/8244/8244 2670/8246/8246
f 2730/8245/8245 2670/8246/8246 2732/8247/8247
f 2732/8247/8247 2670/8246/8246 2668/8248/8248
f 2732/8247/8247 2668/8248/8248 2734/8249/8249
f 2734/8249/8249 2668/8248/8248 2666/8250/8250
f 2734/8249/8249 2666/8250/8250 2736/8251/8251
f 2736/8251/8251 2666/8250/8250 2664/8252/8252
f 2736/8251/8251 2664/8252/8252 2738/8253/8253
f 2738/8253/8253 2664/8252/8252 2662/8254/8254
f 2738/8253/8253 2662/8254/8254 2740/8255/8255
f 2740/8255/8255 2662/8254/8254 2660/8256/8256
f 2740/8255/8255 2660/8256/8256 2742/8257/8257
f 2742/8257/8257 2660/8256/8256 2658/8258/8258
f 2742/8257/8257 2658/8258/8258 2744/8259/8259
f 2744/8259/8259 2658/8258/8258 2656/8260/8260
f 2744/8259/8259 2656/8260/8260 2746/8205/8205
f 2746/8205/8205 2656/8260/8260 2654/8203/8203
f 2652/8261/8261 2751/8262/8262 2709/8263/8263
f 2709/8263/8263 2751/8262/8262 2753/8264/8264
f 2709/8263/8263 2753/8264/8264 2755/8265/8265
f 2751/8262/8262 2652/8261/8261 2749/8266/8266
f 2749/8266/8266 2652/8261/8261 2651/8267/8267
f 2749/8266/8266 2651/8267/8267 2747/8268/8268
f 2747/8268/8268 2651/8267/8267 2745/8269/8269
f 2745/8269/8269 2651/8267/8267 2655/8270/8270
f 2745/8269/8269 2655/8270/8270 2743/8271/8271
f 2743/8271/8271 2655/8270/8270 2657/8272/8272
f 2743/8271/8271 2657/8272/8272 2741/8273/8273
f 2741/8273/8273 2657/8272/8272 2659/8274/8274
f 2741/8273/8273 2659/8274/8274 2739/8275/8275
f 2739/8275/8275 2659/8274/8274 2661/8276/8276
f 2739/8275/8275 2661/8276/8276 2737/8277/8277
f 2737/8277/8277 2661/8276/8276 2663/8278/8278
f 2737/8277/8277 2663/8278/8278 2735/8279/8279
f 2735/8279/8279 2663/8278/8278 2665/8280/8280
f 2735/8279/8279 2665/8280/8280 2733/8281/8281
f 2733/8281/8281 2665/8280/8280 2667/8282/8282
f 2733/8281/8281 2667/8282/8282 2731/8283/8283
f 2731/8283/8283 2667/8282/8282 2669/8284/8284
f 2731/8283/8283 2669/8284/8284 2729/8285/8285
f 2729/8285/8285 2669/8284/8284 2671/8286/8286
f 2729/8285/8285 2671/8286/8286 2727/8287/8287
f 2727/8287/8287 2671/8286/8286 2673/8288/8288
f 2727/8287/8287 2673/8288/8288 2725/8289/8289
f 2725/8289/8289 2673/8288/8288 2675/8290/8290
f 2725/8289/8289 2675/8290/8290 2723/8291/8291
f 2723/8291/8291 2675/8290/8290 2677/8292/8292
f 2723/8291/8291 2677/8292/8292 2679/8293/8293
f 2723/8291/8291 2679/8293/8293 2721/8294/8294
f 2721/8294/8294 2679/8293/8293 2681/8295/8295
f 2721/8294/8294 2681/8295/8295 2719/8296/8296
f 2719/8296/8296 2681/8295/8295 2683/8297/8297
f 2719/8296/8296 2683/8297/8297 2717/8298/8298
f 2717/8298/8298 2683/8297/8297 2685/8299/8299
f 2717/8298/8298 2685/8299/8299 2715/8300/8300
f 2715/8300/8300 2685/8299/8299 2687/8301/8301
f 2715/8300/8300 2687/8301/8301 2711/8302/8302
f 2711/8302/8302 2687/8301/8301 2689/8303/8303
f 2711/8302/8302 2689/8303/8303 2712/8304/8304
f 2712/8304/8304 2689/8303/8303 2691/8305/8305
f 2712/8304/8304 2691/8305/8305 2693/8306/8306
f 2712/8304/8304 2693/8306/8306 2773/8307/8307
f 2773/8307/8307 2693/8306/8306 2695/8308/8308
f 2773/8307/8307 2695/8308/8308 2697/8309/8309
f 2773/8307/8307 2697/8309/8309 2771/8310/8310
f 2771/8310/8310 2697/8309/8309 2699/8311/8311
f 2771/8310/8310 2699/8311/8311 2769/8312/8312
f 2769/8312/8312 2699/8311/8311 2701/8313/8313
f 2769/8312/8312 2701/8313/8313 2767/8314/8314
f 2767/8314/8314 2701/8313/8313 2765/8315/8315
f 2765/8315/8315 2701/8313/8313 2703/8316/8316
f 2765/8315/8315 2703/8316/8316 2763/8317/8317
f 2763/8317/8317 2703/8316/8316 2761/8318/8318
f 2761/8318/8318 2703/8316/8316 2705/8319/8319
f 2761/8318/8318 2705/8319/8319 2759/8320/8320
f 2759/8320/8320 2705/8319/8319 2757/8321/8321
f 2757/8321/8321 2705/8319/8319 2707/8322/8322
f 2757/8321/8321 2707/8322/8322 2755/8265/8265
f 2755/8265/8265 2707/8322/8322 2709/8263/8263
g naranja (6)

v 28.809530 -946.201810 0.060000
v 28.791550 -946.184750 0.060000
v 28.791550 -946.184750 0.100000
v 28.809530 -946.201810 0.100000
v 28.820080 -946.224850 0.060000
v 28.820080 -946.224850 0.100000
v 28.822710 -946.250630 0.060000
v 28.822710 -946.250630 0.100000
v 28.816960 -946.275920 0.060000
v 28.816960 -946.275920 0.100000
v 28.802350 -946.297480 0.060000
v 28.802350 -946.297480 0.100000
v 28.778410 -946.312070 0.060000
v 28.778410 -946.312070 0.100000
v 28.765480 -946.315170 0.060000
v 28.765480 -946.315170 0.100000
v 28.752370 -946.315650 0.060000
v 28.752370 -946.315650 0.100000
v 28.739480 -946.313570 0.060000
v 28.739480 -946.313570 0.100000
v 28.727210 -946.308990 0.060000
v 28.727210 -946.308990 0.100000
v 28.715950 -946.301960 0.060000
v 28.715950 -946.301960 0.100000
v 28.706110 -946.292560 0.060000
v 28.706110 -946.292560 0.100000
v 28.698080 -946.280830 0.060000
v 28.698080 -946.280830 0.100000
v 28.692270 -946.266840 0.060000
v 28.692270 -946.266840 0.100000
v 28.689490 -946.254310 0.060000
v 28.689490 -946.254310 0.100000
v 28.688730 -946.241680 0.060000
v 28.688730 -946.241680 0.100000
v 28.690150 -946.229260 0.060000
v 28.690150 -946.229260 0.100000
v 28.693900 -946.217380 0.060000
v 28.693900 -946.217380 0.100000
v 28.700130 -946.206350 0.060000
v 28.700130 -946.206350 0.100000
v 28.708980 -946.196490 0.060000
v 28.708980 -946.196490 0.100000
v 28.720620 -946.188120 0.060000
v 28.720620 -946.188120 0.100000
v 28.735180 -946.181550 0.060000
v 28.735180 -946.181550 0.100000
v 28.766610 -946.176920 0.060000
v 28.766610 -946.176920 0.100000
vt 0.000000 0.000000 0.000000
vt 0.024786 0.000000 0.000000
vt 0.000000 0.040000 0.000000
vt 0.024786 0.040000 0.000000
vt 0.000000 0.000000 0.000000
vt 0.025341 0.000000 0.000000
vt 0.000000 0.040000 0.000000
vt 0.025341 0.040000 0.000000
vt 0.000000 0.000000 0.000000
vt 0.025914 0.000000 0.000000
vt 0.000000 0.040000 0.000000
vt 0.025914 0.040000 0.000000
vt 0.000000 0.000000 0.000000
vt 0.025935 0.000000 0.000000
vt 0.000000 0.040000 0.000000
vt 0.025935 0.040000 0.000000
vt 0.000000 0.000000 0.000000
vt 0.026044 0.000000 0.000000
vt 0.000000 0.040000 0.000000
vt 0.026044 0.040000 0.000000
vt 0.000000 0.000000 0.000000
vt 0.028036 0.000000 0.000000
vt 0.000000 0.040000 0.000000
vt 0.028036 0.040000 0.000000
vt 0.000000 0.000000 0.000000
vt 0.013296 0.000000 0.000000
vt 0.000000 0.040000 0.000000
vt 0.013296 0.040000 0.000000
vt 0.000000 0.000000 0.000000
vt 0.013119 0.000000 0.000000
vt 0.000000 0.040000 0.000000
vt 0.013119 0.040000 0.000000
vt 0.000000 0.000000 0.000000
vt 0.013057 0.000000 0.000000
vt 0.000000 0.040000 0.000000
vt 0.013057 0.040000 0.000000
vt 0.000000 0.000000 0.000000
vt 0.013097 0.000000 0.000000
vt 0.000000 0.040000 0.000000
vt 0.013097 0.040000 0.000000
vt 0.000000 0.000000 0.000000
vt 0.013274 0.000000 0.000000
vt 0.000000 0.040000 0.000000
vt 0.013274 0.040000 0.000000
vt 0.000000 0.000000 0.000000
vt 0.013608 0.000000 0.000000
vt 0.000000 0.040000 0.000000
vt 0.013608 0.040000 0.000000
vt 0.000000 0.000000 0.000000
vt 0.014215 0.000000 0.000000
vt 0.000000 0.040000 0.000000
vt 0.014215 0.040000 0.000000
vt 0.000000 0.000000 0.000000
vt 0.015148 0.000000 0.000000
vt 0.000000 0.040000 0.000000
vt 0.015148 0.040000 0.000000
vt 0.000000 0.000000 0.000000
vt 0.012835 0.000000 0.000000
vt 0.000000 0.040000 0.000000
vt 0.012835 0.040000 0.000000
vt 0.000000 0.000000 0.000000
vt 0.012653 0.000000 0.000000
vt 0.000000 0.040000 0.000000
vt 0.012653 0.040000 0.000000
vt 0.000000 0.000000 0.000000
vt 0.012501 0.000000 0.000000
vt 0.000000 0.040000 0.000000
vt 0.012501 0.040000 0.000000
vt 0.000000 0.000000 0.000000
vt 0.012458 0.000000 0.000000
vt 0.000000 0.040000 0.000000
vt 0.012458 0.040000 0.000000
vt 0.000000 0.000000 0.000000
vt 0.012668 0.000000 0.000000
vt 0.000000 0.040000 0.000000
vt 0.012668 0.040000 0.000000
vt 0.000000 0.000000 0.000000
vt 0.013249 0.000000 0.000000
vt 0.000000 0.040000 0.000000
vt 0.013249 0.040000 0.000000
vt 0.000000 0.000000 0.000000
vt 0.014337 0.000000 0.000000
vt 0.000000 0.040000 0.000000
vt 0.014337 0.040000 0.000000
vt 0.000000 0.000000 0.000000
vt 0.015974 0.000000 0.000000
vt 0.000000 0.040000 0.000000
vt 0.015974 0.040000 0.000000
vt 0.000000 0.000000 0.000000
vt 0.031769 0.000000 0.000000
vt 0.000000 0.040000 0.000000
vt 0.031769 0.040000 0.000000
vt 0.000000 0.000000 0.000000
vt 0.026140 0.000000 0.000000
vt 0.000000 0.040000 0.000000
vt 0.026140 0.040000 0.000000
vt 0.035830 0.061535 0.000000
vt 0.010890 0.069365 0.000000
vt 0.053810 0.044475 0.000000
vt -0.020540 0.064735 0.000000
vt 0.064360 0.021435 0.000000
vt 0.066990 -0.004345 0.000000
vt -0.035100 0.058165 0.000000
vt -0.046740 0.049795 0.000000
vt -0.055590 0.039935 0.000000
vt -0.061820 0.028905 0.000000
vt -0.065570 0.017025 0.000000
vt -0.066990 0.004605 0.000000
vt -0.066230 -0.008025 0.000000
vt -0.063450 -0.020555 0.000000
vt -0.057640 -0.034545 0.000000
vt -0.049610 -0.046275 0.000000
vt -0.039770 -0.055675 0.000000
vt -0.028510 -0.062705 0.000000
vt -0.016240 -0.067285 0.000000
vt -0.003350 -0.069365 0.000000
vt 0.009760 -0.068885 0.000000
vt 0.022690 -0.065785 0.000000
vt 0.061240 -0.029635 0.000000
vt 0.046630 -0.051195 0.000000
vt -0.035830 0.061535 0.000000
vt -0.053810 0.044475 0.000000
vt -0.010890 0.069365 0.000000
vt 0.020540 0.064735 0.000000
vt -0.064360 0.021435 0.000000
vt -0.066990 -0.004345 0.000000
vt -0.061240 -0.029635 0.000000
vt -0.022690 -0.065785 0.000000
vt -0.009760 -0.068885 0.000000
vt 0.003350 -0.069365 0.000000
vt -0.046630 -0.051195 0.000000
vt 0.016240 -0.067285 0.000000
vt 0.028510 -0.062705 0.000000
vt 0.039770 -0.055675 0.000000
vt 0.049610 -0.046275 0.000000
vt 0.057640 -0.034545 0.000000
vt 0.063450 -0.020555 0.000000
vt 0.066230 -0.008025 0.000000
vt 0.066990 0.004605 0.000000
vt 0.065570 0.017025 0.000000
vt 0.061820 0.028905 0.000000
vt 0.055590 0.039935 0.000000
vt 0.046740 0.049795 0.000000
vt 0.035100 0.058165 0.000000
vn 0.688304 0.725422 -0.000000
vn 0.688304 0.725422 -0.000000
vn 0.688304 0.725422 -0.000000
vn 0.688304 0.725422 -0.000000
vn 0.909214 0.416329 -0.000000
vn 0.909214 0.416329 -0.000000
vn 0.909214 0.416329 -0.000000
vn 0.909214 0.416329 -0.000000
vn 0.994837 0.101490 -0.000000
vn 0.994837 0.101490 -0.000000
vn 0.994837 0.101490 -0.000000
vn 0.994837 0.101490 -0.000000
vn 0.975114 -0.221704 0.000000
vn 0.975114 -0.221704 0.000000
vn 0.975114 -0.221704 0.000000
vn 0.975114 -0.221704 0.000000
vn 0.827832 -0.560975 0.000000
vn 0.827832 -0.560975 0.000000
vn 0.827832 -0.560975 0.000000
vn 0.827832 -0.560975 0.000000
vn 0.520411 -0.853916 0.000000
vn 0.520411 -0.853916 0.000000
vn 0.520411 -0.853916 0.000000
vn 0.520411 -0.853916 0.000000
vn 0.233145 -0.972442 0.000000
vn 0.233145 -0.972442 0.000000
vn 0.233145 -0.972442 0.000000
vn 0.233145 -0.972442 0.000000
vn 0.036589 -0.999330 0.000000
vn 0.036589 -0.999330 0.000000
vn 0.036589 -0.999330 0.000000
vn 0.036589 -0.999330 0.000000
vn -0.159305 -0.987229 0.000000
vn -0.159305 -0.987229 0.000000
vn -0.159305 -0.987229 0.000000
vn -0.159305 -0.987229 0.000000
vn -0.349701 -0.936862 0.000000
vn -0.349701 -0.936862 0.000000
vn -0.349701 -0.936862 0.000000
vn -0.349701 -0.936862 0.000000
vn -0.529593 -0.848252 0.000000
vn -0.529593 -0.848252 0.000000
vn -0.529593 -0.848252 0.000000
vn -0.529593 -0.848252 0.000000
vn -0.690755 -0.723089 0.000000
vn -0.690755 -0.723089 0.000000
vn -0.690755 -0.723089 0.000000
vn -0.690755 -0.723089 0.000000
vn -0.825169 -0.564886 0.000000
vn -0.825169 -0.564886 0.000000
vn -0.825169 -0.564886 0.000000
vn -0.825169 -0.564886 0.000000
vn -0.923525 -0.383537 0.000000
vn -0.923525 -0.383537 0.000000
vn -0.923525 -0.383537 0.000000
vn -0.923525 -0.383537 0.000000
vn -0.976260 -0.216600 0.000000
vn -0.976260 -0.216600 0.000000
vn -0.976260 -0.216600 0.000000
vn -0.976260 -0.216600 0.000000
vn -0.998194 -0.060066 0.000000
vn -0.998194 -0.060066 0.000000
vn -0.998194 -0.060066 0.000000
vn -0.998194 -0.060066 0.000000
vn -0.993528 0.113592 0.000000
vn -0.993528 0.113592 0.000000
vn -0.993528 0.113592 0.000000
vn -0.993528 0.113592 0.000000
vn -0.953619 0.301016 0.000000
vn -0.953619 0.301016 0.000000
vn -0.953619 0.301016 0.000000
vn -0.953619 0.301016 0.000000
vn -0.870710 0.491797 0.000000
vn -0.870710 0.491797 0.000000
vn -0.870710 0.491797 0.000000
vn -0.870710 0.491797 0.000000
vn -0.744194 0.667963 0.000000
vn -0.744194 0.667963 0.000000
vn -0.744194 0.667963 0.000000
vn -0.744194 0.667963 0.000000
vn -0.583809 0.811891 0.000000
vn -0.583809 0.811891 0.000000
vn -0.583809 0.811891 0.000000
vn -0.583809 0.811891 0.000000
vn -0.411302 0.911499 0.000000
vn -0.411302 0.911499 0.000000
vn -0.411302 0.911499 0.000000
vn -0.411302 0.911499 0.000000
vn -0.145739 0.989323 0.000000
vn -0.145739 0.989323 0.000000
vn -0.145739 0.989323 0.000000
vn -0.145739 0.989323 0.000000
vn 0.299538 0.954084 -0.000000
vn 0.299538 0.954084 -0.000000
vn 0.299538 0.954084 -0.000000
vn 0.299538 0.954084 -0.000000
vn 0.000000 0.000000 1.000000
vn 0.000000 0.000000 1.000000
vn 0.000000 0.000000 1.000000
vn 0.000000 0.000000 1.000000
vn 0.000000 0.000000 1.000000
vn 0.000000 0.000000 1.000000
vn 0.000000 0.000000 1.000000
vn 0.000000 0.000000 1.000000
vn 0.000000 0.000000 1.000000
vn 0.000000 0.000000 1.000000
vn 0.000000 0.000000 1.000000
vn 0.000000 0.000000 1.000000
vn 0.000000 0.000000 1.000000
vn 0.000000 0.000000 1.000000
vn 0.000000 0.000000 1.000000
vn 0.000000 0.000000 1.000000
vn 0.000000 0.000000 1.000000
vn 0.000000 0.000000 1.000000
vn 0.000000 0.000000 1.000000
vn 0.000000 0.000000 1.000000
vn 0.000000 0.000000 1.000000
vn 0.000000 0.000000 1.000000
vn 0.000000 0.000000 1.000000
vn 0.000000 0.000000 1.000000
vn -0.000000 -0.000000 -1.000000
vn -0.000000 -0.000000 -1.000000
vn -0.000000 -0.000000 -1.000000
vn -0.000000 -0.000000 -1.000000
vn -0.000000 -0.000000 -1.000000
vn -0.000000 -0.000000 -1.000000
vn -0.000000 -0.000000 -1.000000
vn -0.000000 -0.000000 -1.000000
vn -0.000000 -0.000000 -1.000000
vn -0.000000 -0.000000 -1.000000
vn -0.000000 -0.000000 -1.000000
vn -0.000000 -0.000000 -1.000000
vn -0.000000 -0.000000 -1.000000
vn -0.000000 -0.000000 -1.000000
vn -0.000000 -0.000000 -1.000000
vn -0.000000 -0.000000 -1.000000
vn -0.000000 -0.000000 -1.000000
vn -0.000000 -0.000000 -1.000000
vn -0.000000 -0.000000 -1.000000
vn -0.000000 -0.000000 -1.000000
vn -0.000000 -0.000000 -1.000000
vn -0.000000 -0.000000 -1.000000
vn -0.000000 -0.000000 -1.000000
vn -0.000000 -0.000000 -1.000000
f 2775/8323/8323 2776/8324/8324 2778/8325/8325
f 2778/8325/8325 2776/8324/8324 2777/8326/8326
f 2779/8327/8327 2775/8328/8328 2780/8329/8329
f 2780/8329/8329 2775/8328/8328 2778/8330/8330
f 2781/8331/8331 2779/8332/8332 2782/8333/8333
f 2782/8333/8333 2779/8332/8332 2780/8334/8334
f 2783/8335/8335 2781/8336/8336 2784/8337/8337
f 2784/8337/8337 2781/8336/8336 2782/8338/8338
f 2785/8339/8339 2783/8340/8340 2786/8341/8341
f 2786/8341/8341 2783/8340/8340 2784/8342/8342
f 2787/8343/8343 2785/8344/8344 2788/8345/8345
f 2788/8345/8345 2785/8344/8344 2786/8346/8346
f 2789/8347/8347 2787/8348/8348 2790/8349/8349
f 2790/8349/8349 2787/8348/8348 2788/8350/8350
f 2791/8351/8351 2789/8352/8352 2792/8353/8353
f 2792/8353/8353 2789/8352/8352 2790/8354/8354
f 2793/8355/8355 2791/8356/8356 2794/8357/8357
f 2794/8357/8357 2791/8356/8356 2792/8358/8358
f 2795/8359/8359 2793/8360/8360 2796/8361/8361
f 2796/8361/8361 2793/8360/8360 2794/8362/8362
f 2797/8363/8363 2795/8364/8364 2798/8365/8365
f 2798/8365/8365 2795/8364/8364 2796/8366/8366
f 2799/8367/8367 2797/8368/8368 2800/8369/8369
f 2800/8369/8369 2797/8368/8368 2798/8370/8370
f 2801/8371/8371 2799/8372/8372 2802/8373/8373
f 2802/8373/8373 2799/8372/8372 2800/8374/8374
f 2803/8375/8375 2801/8376/8376 2804/8377/8377
f 2804/8377/8377 2801/8376/8376 2802/8378/8378
f 2805/8379/8379 2803/8380/8380 2806/8381/8381
f 2806/8381/8381 2803/8380/8380 2804/8382/8382
f 2807/8383/8383 2805/8384/8384 2808/8385/8385
f 2808/8385/8385 2805/8384/8384 2806/8386/8386
f 2809/8387/8387 2807/8388/8388 2810/8389/8389
f 2810/8389/8389 2807/8388/8388 2808/8390/8390
f 2811/8391/8391 2809/8392/8392 2812/8393/8393
f 2812/8393/8393 2809/8392/8392 2810/8394/8394
f 2813/8395/8395 2811/8396/8396 2814/8397/8397
f 2814/8397/8397 2811/8396/8396 2812/8398/8398
f 2815/8399/8399 2813/8400/8400 2816/8401/8401
f 2816/8401/8401 2813/8400/8400 2814/8402/8402
f 2817/8403/8403 2815/8404/8404 2818/8405/8405
f 2818/8405/8405 2815/8404/8404 2816/8406/8406
f 2819/8407/8407 2817/8408/8408 2820/8409/8409
f 2820/8409/8409 2817/8408/8408 2818/8410/8410
f 2821/8411/8411 2819/8412/8412 2822/8413/8413
f 2822/8413/8413 2819/8412/8412 2820/8414/8414
f 2776/8415/8415 2821/8416/8416 2777/8417/8417
f 2777/8417/8417 2821/8416/8416 2822/8418/8418
f 2777/8419/8419 2822/8420/8420 2778/8421/8421
f 2778/8421/8421 2822/8420/8420 2820/8422/8422
f 2778/8421/8421 2820/8422/8422 2780/8423/8423
f 2780/8423/8423 2820/8422/8422 2782/8424/8424
f 2782/8424/8424 2820/8422/8422 2818/8425/8425
f 2782/8424/8424 2818/8425/8425 2816/8426/8426
f 2816/8426/8426 2814/8427/8427 2782/8424/8424
f 2782/8424/8424 2814/8427/8427 2812/8428/8428
f 2782/8424/8424 2812/8428/8428 2810/8429/8429
f 2810/8429/8429 2808/8430/8430 2782/8424/8424
f 2782/8424/8424 2808/8430/8430 2806/8431/8431
f 2782/8424/8424 2806/8431/8431 2804/8432/8432
f 2804/8432/8432 2802/8433/8433 2782/8424/8424
f 2782/8424/8424 2802/8433/8433 2800/8434/8434
f 2782/8424/8424 2800/8434/8434 2798/8435/8435
f 2798/8435/8435 2796/8436/8436 2782/8424/8424
f 2782/8424/8424 2796/8436/8436 2794/8437/8437
f 2782/8424/8424 2794/8437/8437 2792/8438/8438
f 2792/8438/8438 2790/8439/8439 2782/8424/8424
f 2782/8424/8424 2790/8439/8439 2788/8440/8440
f 2782/8424/8424 2788/8440/8440 2784/8441/8441
f 2784/8441/8441 2788/8440/8440 2786/8442/8442
f 2776/8443/8443 2775/8444/8444 2821/8445/8445
f 2821/8445/8445 2775/8444/8444 2819/8446/8446
f 2819/8446/8446 2775/8444/8444 2779/8447/8447
f 2819/8446/8446 2779/8447/8447 2781/8448/8448
f 2783/8449/8449 2787/8450/8450 2781/8448/8448
f 2781/8448/8448 2787/8450/8450 2789/8451/8451
f 2781/8448/8448 2789/8451/8451 2791/8452/8452
f 2783/8449/8449 2785/8453/8453 2787/8450/8450
f 2791/8452/8452 2793/8454/8454 2781/8448/8448
f 2781/8448/8448 2793/8454/8454 2795/8455/8455
f 2781/8448/8448 2795/8455/8455 2797/8456/8456
f 2797/8456/8456 2799/8457/8457 2781/8448/8448
f 2781/8448/8448 2799/8457/8457 2801/8458/8458
f 2781/8448/8448 2801/8458/8458 2803/8459/8459
f 2803/8459/8459 2805/8460/8460 2781/8448/8448
f 2781/8448/8448 2805/8460/8460 2807/8461/8461
f 2781/8448/8448 2807/8461/8461 2809/8462/8462
f 2809/8462/8462 2811/8463/8463 2781/8448/8448
f 2781/8448/8448 2811/8463/8463 2813/8464/8464
f 2781/8448/8448 2813/8464/8464 2815/8465/8465
f 2815/8465/8465 2817/8466/8466 2781/8448/8448
f 2781/8448/8448 2817/8466/8466 2819/8446/8446
g naranja (7)

v 28.735180 -946.181550 0.060000
v 28.766610 -946.176920 0.060000
v 28.766610 -946.176920 0.100000
v 28.735180 -946.181550 0.100000
v 28.720620 -946.188120 0.060000
v 28.720620 -946.188120 0.100000
v 28.708980 -946.196490 0.060000
v 28.708980 -946.196490 0.100000
v 28.700130 -946.206350 0.060000
v 28.700130 -946.206350 0.100000
v 28.693900 -946.217380 0.060000
v 28.693900 -946.217380 0.100000
v 28.690150 -946.229260 0.060000
v 28.690150 -946.229260 0.100000
v 28.688730 -946.241680 0.060000
v 28.688730 -946.241680 0.100000
v 28.689490 -946.254310 0.060000
v 28.689490 -946.254310 0.100000
v 28.692270 -946.266840 0.060000
v 28.692270 -946.266840 0.100000
v 28.698080 -946.280830 0.060000
v 28.698080 -946.280830 0.100000
v 28.706110 -946.292560 0.060000
v 28.706110 -946.292560 0.100000
v 28.715950 -946.301960 0.060000
v 28.715950 -946.301960 0.100000
v 28.727210 -946.308990 0.060000
v 28.727210 -946.308990 0.100000
v 28.739480 -946.313570 0.060000
v 28.739480 -946.313570 0.100000
v 28.752370 -946.315650 0.060000
v 28.752370 -946.315650 0.100000
v 28.765480 -946.315170 0.060000
v 28.765480 -946.315170 0.100000
v 28.778410 -946.312070 0.060000
v 28.778410 -946.312070 0.100000
v 28.802350 -946.297480 0.060000
v 28.802350 -946.297480 0.100000
v 28.816960 -946.275920 0.060000
v 28.816960 -946.275920 0.100000
v 28.822710 -946.250630 0.060000
v 28.822710 -946.250630 0.100000
v 28.820080 -946.224850 0.060000
v 28.820080 -946.224850 0.100000
v 28.809530 -946.201810 0.060000
v 28.809530 -946.201810 0.100000
v 28.791550 -946.184750 0.060000
v 28.791550 -946.184750 0.100000
v 28.540150 -946.424520 0.060000
v 28.573910 -946.469060 0.060000
v 28.573910 -946.469060 0.100000
v 28.540150 -946.424520 0.100000
v 28.519230 -946.371740 0.060000
v 28.519230 -946.371740 0.100000
v 28.512890 -946.314410 0.060000
v 28.512890 -946.314410 0.100000
v 28.522870 -946.256220 0.060000
v 28.522870 -946.256220 0.100000
v 28.550920 -946.200860 0.060000
v 28.550920 -946.200860 0.100000
v 28.571110 -946.176350 0.060000
v 28.571110 -946.176350 0.100000
v 28.595810 -946.155270 0.060000
v 28.595810 -946.155270 0.100000
v 28.610470 -946.146170 0.060000
v 28.610470 -946.146170 0.100000
v 28.627010 -946.138130 0.060000
v 28.627010 -946.138130 0.100000
v 28.645670 -946.131200 0.060000
v 28.645670 -946.131200 0.100000
v 28.666700 -946.125450 0.060000
v 28.666700 -946.125450 0.100000
v 28.709580 -946.120620 0.060000
v 28.709580 -946.120620 0.100000
v 28.749250 -946.125620 0.060000
v 28.749250 -946.125620 0.100000
v 28.785140 -946.139140 0.060000
v 28.785140 -946.139140 0.100000
v 28.816690 -946.159820 0.060000
v 28.816690 -946.159820 0.100000
v 28.843330 -946.186340 0.060000
v 28.843330 -946.186340 0.100000
v 28.864470 -946.217370 0.060000
v 28.864470 -946.217370 0.100000
v 28.879570 -946.251570 0.060000
v 28.879570 -946.251570 0.100000
v 28.888030 -946.287610 0.060000
v 28.888030 -946.287610 0.100000
v 28.890030 -946.327700 0.060000
v 28.890030 -946.327700 0.100000
v 28.885230 -946.366100 0.060000
v 28.885230 -946.366100 0.100000
v 28.874000 -946.402020 0.060000
v 28.874000 -946.402020 0.100000
v 28.856730 -946.434650 0.060000
v 28.856730 -946.434650 0.100000
v 28.833790 -946.463210 0.060000
v 28.833790 -946.463210 0.100000
v 28.805560 -946.486890 0.060000
v 28.805560 -946.486890 0.100000
v 28.772420 -946.504900 0.060000
v 28.772420 -946.504900 0.100000
v 28.734750 -946.516440 0.060000
v 28.734750 -946.516440 0.100000
v 28.672950 -946.518710 0.060000
v 28.672950 -946.518710 0.100000
v 28.618760 -946.501690 0.060000
v 28.618760 -946.501690 0.100000
vt 0.000000 0.000000 0.000000
vt 0.031769 0.000000 0.000000
vt 0.000000 0.040000 0.000000
vt 0.031769 0.040000 0.000000
vt 0.000000 0.000000 0.000000
vt 0.015974 0.000000 0.000000
vt 0.000000 0.040000 0.000000
vt 0.015974 0.040000 0.000000
vt 0.000000 0.000000 0.000000
vt 0.014337 0.000000 0.000000
vt 0.000000 0.040000 0.000000
vt 0.014337 0.040000 0.000000
vt 0.000000 0.000000 0.000000
vt 0.013249 0.000000 0.000000
vt 0.000000 0.040000 0.000000
vt 0.013249 0.040000 0.000000
vt 0.000000 0.000000 0.000000
vt 0.012668 0.000000 0.000000
vt 0.000000 0.040000 0.000000
vt 0.012668 0.040000 0.000000
vt 0.000000 0.000000 0.000000
vt 0.012458 0.000000 0.000000
vt 0.000000 0.040000 0.000000
vt 0.012458 0.040000 0.000000
vt 0.000000 0.000000 0.000000
vt 0.012501 0.000000 0.000000
vt 0.000000 0.040000 0.000000
vt 0.012501 0.040000 0.000000
vt 0.000000 0.000000 0.000000
vt 0.012653 0.000000 0.000000
vt 0.000000 0.040000 0.000000
vt 0.012653 0.040000 0.000000
vt 0.000000 0.000000 0.000000
vt 0.012835 0.000000 0.000000
vt 0.000000 0.040000 0.000000
vt 0.012835 0.040000 0.000000
vt 0.000000 0.000000 0.000000
vt 0.015148 0.000000 0.000000
vt 0.000000 0.040000 0.000000
vt 0.015148 0.040000 0.000000
vt 0.000000 0.000000 0.000000
vt 0.014215 0.000000 0.000000
vt 0.000000 0.040000 0.000000
vt 0.014215 0.040000 0.000000
vt 0.000000 0.000000 0.000000
vt 0.013608 0.000000 0.000000
vt 0.000000 0.040000 0.000000
vt 0.013608 0.040000 0.000000
vt 0.000000 0.000000 0.000000
vt 0.013274 0.000000 0.000000
vt 0.000000 0.040000 0.000000
vt 0.013274 0.040000 0.000000
vt 0.000000 0.000000 0.000000
vt 0.013097 0.000000 0.000000
vt 0.000000 0.040000 0.000000
vt 0.013097 0.040000 0.000000
vt 0.000000 0.000000 0.000000
vt 0.013057 0.000000 0.000000
vt 0.000000 0.040000 0.000000
vt 0.013057 0.040000 0.000000
vt -0.000000 0.000000 0.000000
vt 0.013119 0.000000 0.000000
vt -0.000000 0.040000 0.000000
vt 0.013119 0.040000 0.000000
vt -0.000000 0.000000 0.000000
vt 0.013296 0.000000 0.000000
vt -0.000000 0.040000 0.000000
vt 0.013296 0.040000 0.000000
vt -0.000000 0.000000 0.000000
vt 0.028036 0.000000 0.000000
vt -0.000000 0.040000 0.000000
vt 0.028036 0.040000 0.000000
vt -0.000000 0.000000 0.000000
vt 0.026044 0.000000 0.000000
vt -0.000000 0.040000 0.000000
vt 0.026044 0.040000 0.000000
vt -0.000000 0.000000 0.000000
vt 0.025935 0.000000 0.000000
vt -0.000000 0.040000 0.000000
vt 0.025935 0.040000 0.000000
vt 0.000000 0.000000 0.000000
vt 0.025914 0.000000 0.000000
vt 0.000000 0.040000 0.000000
vt 0.025914 0.040000 0.000000
vt 0.000000 0.000000 0.000000
vt 0.025341 0.000000 0.000000
vt 0.000000 0.040000 0.000000
vt 0.025341 0.040000 0.000000
vt 0.000000 0.000000 0.000000
vt 0.024786 0.000000 0.000000
vt 0.000000 0.040000 0.000000
vt 0.024786 0.040000 0.000000
vt 0.000000 0.000000 0.000000
vt 0.026140 0.000000 0.000000
vt 0.000000 0.040000 0.000000
vt 0.026140 0.040000 0.000000
vt 0.000000 0.000000 0.000000
vt 0.055889 0.000000 0.000000
vt 0.000000 0.040000 0.000000
vt 0.055889 0.040000 0.000000
vt 0.000000 0.000000 0.000000
vt 0.056775 0.000000 0.000000
vt 0.000000 0.040000 0.000000
vt 0.056775 0.040000 0.000000
vt 0.000000 0.000000 0.000000
vt 0.057679 0.000000 0.000000
vt 0.000000 0.040000 0.000000
vt 0.057679 0.040000 0.000000
vt -0.000000 0.000000 0.000000
vt 0.059040 0.000000 0.000000
vt -0.000000 0.040000 0.000000
vt 0.059040 0.040000 0.000000
vt -0.000000 0.000000 0.000000
vt 0.062061 0.000000 0.000000
vt -0.000000 0.040000 0.000000
vt 0.062061 0.040000 0.000000
vt -0.000000 0.000000 0.000000
vt 0.031755 0.000000 0.000000
vt -0.000000 0.040000 0.000000
vt 0.031755 0.040000 0.000000
vt -0.000000 0.000000 0.000000
vt 0.032472 0.000000 0.000000
vt -0.000000 0.040000 0.000000
vt 0.032472 0.040000 0.000000
vt -0.000000 0.000000 0.000000
vt 0.017255 0.000000 0.000000
vt -0.000000 0.040000 0.000000
vt 0.017255 0.040000 0.000000
vt -0.000000 0.000000 0.000000
vt 0.018391 0.000000 0.000000
vt -0.000000 0.040000 0.000000
vt 0.018391 0.040000 0.000000
vt -0.000000 0.000000 0.000000
vt 0.019905 0.000000 0.000000
vt -0.000000 0.040000 0.000000
vt 0.019905 0.040000 0.000000
vt -0.000000 0.000000 0.000000
vt 0.021802 0.000000 0.000000
vt -0.000000 0.040000 0.000000
vt 0.021802 0.040000 0.000000
vt -0.000000 0.000000 0.000000
vt 0.043151 0.000000 0.000000
vt -0.000000 0.040000 0.000000
vt 0.043151 0.040000 0.000000
vt 0.000000 0.000000 0.000000
vt 0.039984 0.000000 0.000000
vt 0.000000 0.040000 0.000000
vt 0.039984 0.040000 0.000000
vt 0.000000 0.000000 0.000000
vt 0.038352 0.000000 0.000000
vt 0.000000 0.040000 0.000000
vt 0.038352 0.040000 0.000000
vt 0.000000 0.000000 0.000000
vt 0.037724 0.000000 0.000000
vt 0.000000 0.040000 0.000000
vt 0.037724 0.040000 0.000000
vt 0.000000 0.000000 0.000000
vt 0.037590 0.000000 0.000000
vt 0.000000 0.040000 0.000000
vt 0.037590 0.040000 0.000000
vt 0.000000 0.000000 0.000000
vt 0.037547 0.000000 0.000000
vt 0.000000 0.040000 0.000000
vt 0.037547 0.040000 0.000000
vt 0.000000 0.000000 0.000000
vt 0.037385 0.000000 0.000000
vt 0.000000 0.040000 0.000000
vt 0.037385 0.040000 0.000000
vt 0.000000 0.000000 0.000000
vt 0.037020 0.000000 0.000000
vt 0.000000 0.040000 0.000000
vt 0.037020 0.040000 0.000000
vt 0.000000 0.000000 0.000000
vt 0.040140 0.000000 0.000000
vt 0.000000 0.040000 0.000000
vt 0.040140 0.040000 0.000000
vt 0.000000 0.000000 0.000000
vt 0.038699 0.000000 0.000000
vt 0.000000 0.040000 0.000000
vt 0.038699 0.040000 0.000000
vt 0.000000 0.000000 0.000000
vt 0.037635 0.000000 0.000000
vt 0.000000 0.040000 0.000000
vt 0.037635 0.040000 0.000000
vt 0.000000 0.000000 0.000000
vt 0.036918 0.000000 0.000000
vt 0.000000 0.040000 0.000000
vt 0.036918 0.040000 0.000000
vt 0.000000 0.000000 0.000000
vt 0.036632 0.000000 0.000000
vt 0.000000 0.040000 0.000000
vt 0.036632 0.040000 0.000000
vt 0.000000 0.000000 0.000000
vt 0.036847 0.000000 0.000000
vt 0.000000 0.040000 0.000000
vt 0.036847 0.040000 0.000000
vt 0.000000 0.000000 0.000000
vt 0.037718 0.000000 0.000000
vt 0.000000 0.040000 0.000000
vt 0.037718 0.040000 0.000000
vt 0.000000 0.000000 0.000000
vt 0.039398 0.000000 0.000000
vt 0.000000 0.040000 0.000000
vt 0.039398 0.040000 0.000000
vt 0.000000 0.000000 0.000000
vt 0.061842 0.000000 0.000000
vt 0.000000 0.040000 0.000000
vt 0.061842 0.040000 0.000000
vt 0.000000 0.000000 0.000000
vt 0.056800 0.000000 0.000000
vt 0.000000 0.040000 0.000000
vt 0.056800 0.040000 0.000000
vt 0.000000 0.000000 0.000000
vt 0.055464 0.000000 0.000000
vt 0.000000 0.040000 0.000000
vt 0.055464 0.040000 0.000000
vt 0.090090 0.134915 0.000000
vt 0.083680 0.180525 0.000000
vt 0.065150 0.142745 0.000000
vt 0.047790 0.194045 0.000000
vt 0.033720 0.138115 0.000000
vt 0.008120 0.199045 0.000000
vt 0.019160 0.131545 0.000000
vt 0.007520 0.123175 0.000000
vt -0.034760 0.194215 0.000000
vt -0.001330 0.113315 0.000000
vt -0.055790 0.188465 0.000000
vt -0.074450 0.181535 0.000000
vt 0.115230 0.159845 0.000000
vt 0.108070 0.117855 0.000000
vt 0.141870 0.133325 0.000000
vt 0.118620 0.094815 0.000000
vt 0.163010 0.102295 0.000000
vt 0.121250 0.069035 0.000000
vt 0.178110 0.068095 0.000000
vt 0.115500 0.043745 0.000000
vt 0.186570 0.032055 0.000000
vt 0.188570 -0.008035 0.000000
vt 0.100890 0.022185 0.000000
vt 0.183770 -0.046435 0.000000
vt 0.172540 -0.082355 0.000000
vt 0.076950 0.007595 0.000000
vt 0.155270 -0.114985 0.000000
vt 0.064020 0.004495 0.000000
vt 0.132330 -0.143545 0.000000
vt 0.104100 -0.167225 0.000000
vt 0.050910 0.004015 0.000000
vt 0.070960 -0.185235 0.000000
vt 0.038020 0.006095 0.000000
vt 0.033290 -0.196775 0.000000
vt -0.028510 -0.199045 0.000000
vt 0.025750 0.010675 0.000000
vt -0.082700 -0.182025 0.000000
vt 0.014490 0.017705 0.000000
vt -0.127550 -0.149395 0.000000
vt 0.004650 0.027105 0.000000
vt -0.161310 -0.104855 0.000000
vt -0.182230 -0.052075 0.000000
vt -0.003380 0.038835 0.000000
vt -0.188570 0.005255 0.000000
vt -0.009190 0.052825 0.000000
vt -0.178590 0.063445 0.000000
vt -0.011970 0.065355 0.000000
vt -0.150540 0.118805 0.000000
vt -0.012730 0.077985 0.000000
vt -0.130350 0.143315 0.000000
vt -0.011310 0.090405 0.000000
vt -0.105650 0.164395 0.000000
vt -0.090990 0.173495 0.000000
vt -0.007560 0.102285 0.000000
vt -0.065150 0.142745 0.000000
vt -0.083680 0.180525 0.000000
vt -0.090090 0.134915 0.000000
vt -0.115230 0.159845 0.000000
vt -0.108070 0.117855 0.000000
vt -0.141870 0.133325 0.000000
vt -0.118620 0.094815 0.000000
vt -0.163010 0.102295 0.000000
vt -0.121250 0.069035 0.000000
vt -0.178110 0.068095 0.000000
vt -0.115500 0.043745 0.000000
vt -0.186570 0.032055 0.000000
vt -0.188570 -0.008035 0.000000
vt -0.047790 0.194045 0.000000
vt -0.033720 0.138115 0.000000
vt -0.008120 0.199045 0.000000
vt -0.019160 0.131545 0.000000
vt -0.007520 0.123175 0.000000
vt 0.034760 0.194215 0.000000
vt 0.001330 0.113315 0.000000
vt 0.055790 0.188465 0.000000
vt 0.074450 0.181535 0.000000
vt 0.007560 0.102285 0.000000
vt 0.090990 0.173495 0.000000
vt 0.011310 0.090405 0.000000
vt 0.105650 0.164395 0.000000
vt 0.130350 0.143315 0.000000
vt 0.012730 0.077985 0.000000
vt 0.150540 0.118805 0.000000
vt 0.011970 0.065355 0.000000
vt 0.178590 0.063445 0.000000
vt 0.009190 0.052825 0.000000
vt 0.188570 0.005255 0.000000
vt 0.003380 0.038835 0.000000
vt 0.182230 -0.052075 0.000000
vt -0.004650 0.027105 0.000000
vt 0.161310 -0.104855 0.000000
vt 0.127550 -0.149395 0.000000
vt -0.014490 0.017705 0.000000
vt 0.082700 -0.182025 0.000000
vt -0.025750 0.010675 0.000000
vt 0.028510 -0.199045 0.000000
vt -0.038020 0.006095 0.000000
vt -0.033290 -0.196775 0.000000
vt -0.070960 -0.185235 0.000000
vt -0.050910 0.004015 0.000000
vt -0.104100 -0.167225 0.000000
vt -0.064020 0.004495 0.000000
vt -0.132330 -0.143545 0.000000
vt -0.155270 -0.114985 0.000000
vt -0.076950 0.007595 0.000000
vt -0.172540 -0.082355 0.000000
vt -0.100890 0.022185 0.000000
vt -0.183770 -0.046435 0.000000
vn 0.145739 -0.989323 0.000000
vn 0.145739 -0.989323 0.000000
vn 0.145739 -0.989323 0.000000
vn 0.145739 -0.989323 0.000000
vn 0.411302 -0.911499 0.000000
vn 0.411302 -0.911499 0.000000
vn 0.411302 -0.911499 0.000000
vn 0.411302 -0.911499 0.000000
vn 0.583809 -0.811891 0.000000
vn 0.583809 -0.811891 0.000000
vn 0.583809 -0.811891 0.000000
vn 0.583809 -0.811891 0.000000
vn 0.744194 -0.667963 0.000000
vn 0.744194 -0.667963 0.000000
vn 0.744194 -0.667963 0.000000
vn 0.744194 -0.667963 0.000000
vn 0.870710 -0.491797 0.000000
vn 0.870710 -0.491797 0.000000
vn 0.870710 -0.491797 0.000000
vn 0.870710 -0.491797 0.000000
vn 0.953619 -0.301016 0.000000
vn 0.953619 -0.301016 0.000000
vn 0.953619 -0.301016 0.000000
vn 0.953619 -0.301016 0.000000
vn 0.993528 -0.113592 0.000000
vn 0.993528 -0.113592 0.000000
vn 0.993528 -0.113592 0.000000
vn 0.993528 -0.113592 0.000000
vn 0.998194 0.060066 -0.000000
vn 0.998194 0.060066 -0.000000
vn 0.998194 0.060066 -0.000000
vn 0.998194 0.060066 -0.000000
vn 0.976260 0.216600 -0.000000
vn 0.976260 0.216600 -0.000000
vn 0.976260 0.216600 -0.000000
vn 0.976260 0.216600 -0.000000
vn 0.923525 0.383537 -0.000000
vn 0.923525 0.383537 -0.000000
vn 0.923525 0.383537 -0.000000
vn 0.923525 0.383537 -0.000000
vn 0.825169 0.564886 -0.000000
vn 0.825169 0.564886 -0.000000
vn 0.825169 0.564886 -0.000000
vn 0.825169 0.564886 -0.000000
vn 0.690755 0.723089 -0.000000
vn 0.690755 0.723089 -0.000000
vn 0.690755 0.723089 -0.000000
vn 0.690755 0.723089 -0.000000
vn 0.529593 0.848252 -0.000000
vn 0.529593 0.848252 -0.000000
vn 0.529593 0.848252 -0.000000
vn 0.529593 0.848252 -0.000000
vn 0.349701 0.936862 -0.000000
vn 0.349701 0.936862 -0.000000
vn 0.349701 0.936862 -0.000000
vn 0.349701 0.936862 -0.000000
vn 0.159305 0.987229 -0.000000
vn 0.159305 0.987229 -0.000000
vn 0.159305 0.987229 -0.000000
vn 0.159305 0.987229 -0.000000
vn -0.036589 0.999330 0.000000
vn -0.036589 0.999330 0.000000
vn -0.036589 0.999330 0.000000
vn -0.036589 0.999330 0.000000
vn -0.233145 0.972442 0.000000
vn -0.233145 0.972442 0.000000
vn -0.233145 0.972442 0.000000
vn -0.233145 0.972442 0.000000
vn -0.520411 0.853916 0.000000
vn -0.520411 0.853916 0.000000
vn -0.520411 0.853916 0.000000
vn -0.520411 0.853916 0.000000
vn -0.827832 0.560975 0.000000
vn -0.827832 0.560975 0.000000
vn -0.827832 0.560975 0.000000
vn -0.827832 0.560975 0.000000
vn -0.975114 0.221704 0.000000
vn -0.975114 0.221704 0.000000
vn -0.975114 0.221704 0.000000
vn -0.975114 0.221704 0.000000
vn -0.994837 -0.101490 0.000000
vn -0.994837 -0.101490 0.000000
vn -0.994837 -0.101490 0.000000
vn -0.994837 -0.101490 0.000000
vn -0.909214 -0.416329 0.000000
vn -0.909214 -0.416329 0.000000
vn -0.909214 -0.416329 0.000000
vn -0.909214 -0.416329 0.000000
vn -0.688304 -0.725422 0.000000
vn -0.688304 -0.725422 0.000000
vn -0.688304 -0.725422 0.000000
vn -0.688304 -0.725422 0.000000
vn -0.299538 -0.954084 0.000000
vn -0.299538 -0.954084 0.000000
vn -0.299538 -0.954084 0.000000
vn -0.299538 -0.954084 0.000000
vn -0.796941 -0.604057 0.000000
vn -0.796941 -0.604057 0.000000
vn -0.796941 -0.604057 0.000000
vn -0.796941 -0.604057 0.000000
vn -0.929638 -0.368474 0.000000
vn -0.929638 -0.368474 0.000000
vn -0.929638 -0.368474 0.000000
vn -0.929638 -0.368474 0.000000
vn -0.993941 -0.109918 0.000000
vn -0.993941 -0.109918 0.000000
vn -0.993941 -0.109918 0.000000
vn -0.993941 -0.109918 0.000000
vn -0.985609 0.169039 0.000000
vn -0.985609 0.169039 0.000000
vn -0.985609 0.169039 0.000000
vn -0.985609 0.169039 0.000000
vn -0.892030 0.451977 0.000000
vn -0.892030 0.451977 0.000000
vn -0.892030 0.451977 0.000000
vn -0.892030 0.451977 0.000000
vn -0.771848 0.635807 0.000000
vn -0.771848 0.635807 0.000000
vn -0.771848 0.635807 0.000000
vn -0.771848 0.635807 0.000000
vn -0.649167 0.760646 0.000000
vn -0.649167 0.760646 0.000000
vn -0.649167 0.760646 0.000000
vn -0.649167 0.760646 0.000000
vn -0.527392 0.849622 0.000000
vn -0.527392 0.849622 0.000000
vn -0.527392 0.849622 0.000000
vn -0.527392 0.849622 0.000000
vn -0.437180 0.899374 0.000000
vn -0.437180 0.899374 0.000000
vn -0.437180 0.899374 0.000000
vn -0.437180 0.899374 0.000000
vn -0.348149 0.937439 0.000000
vn -0.348149 0.937439 0.000000
vn -0.348149 0.937439 0.000000
vn -0.348149 0.937439 0.000000
vn -0.263738 0.964594 0.000000
vn -0.263738 0.964594 0.000000
vn -0.263738 0.964594 0.000000
vn -0.263738 0.964594 0.000000
vn -0.111932 0.993716 0.000000
vn -0.111932 0.993716 0.000000
vn -0.111932 0.993716 0.000000
vn -0.111932 0.993716 0.000000
vn 0.125050 0.992150 -0.000000
vn 0.125050 0.992150 -0.000000
vn 0.125050 0.992150 -0.000000
vn 0.125050 0.992150 -0.000000
vn 0.352523 0.935803 -0.000000
vn 0.352523 0.935803 -0.000000
vn 0.352523 0.935803 -0.000000
vn 0.352523 0.935803 -0.000000
vn 0.548199 0.836348 -0.000000
vn 0.548199 0.836348 -0.000000
vn 0.548199 0.836348 -0.000000
vn 0.548199 0.836348 -0.000000
vn 0.705509 0.708701 -0.000000
vn 0.705509 0.708701 -0.000000
vn 0.705509 0.708701 -0.000000
vn 0.705509 0.708701 -0.000000
vn 0.826436 0.563031 -0.000000
vn 0.826436 0.563031 -0.000000
vn 0.826436 0.563031 -0.000000
vn 0.826436 0.563031 -0.000000
vn 0.914802 0.403904 -0.000000
vn 0.914802 0.403904 -0.000000
vn 0.914802 0.403904 -0.000000
vn 0.914802 0.403904 -0.000000
vn 0.973537 0.228527 -0.000000
vn 0.973537 0.228527 -0.000000
vn 0.973537 0.228527 -0.000000
vn 0.973537 0.228527 -0.000000
vn 0.998758 0.049826 -0.000000
vn 0.998758 0.049826 -0.000000
vn 0.998758 0.049826 -0.000000
vn 0.998758 0.049826 -0.000000
vn 0.992278 -0.124035 0.000000
vn 0.992278 -0.124035 0.000000
vn 0.992278 -0.124035 0.000000
vn 0.992278 -0.124035 0.000000
vn 0.954442 -0.298396 0.000000
vn 0.954442 -0.298396 0.000000
vn 0.954442 -0.298396 0.000000
vn 0.954442 -0.298396 0.000000
vn 0.883841 -0.467788 0.000000
vn 0.883841 -0.467788 0.000000
vn 0.883841 -0.467788 0.000000
vn 0.883841 -0.467788 0.000000
vn 0.779642 -0.626225 0.000000
vn 0.779642 -0.626225 0.000000
vn 0.779642 -0.626225 0.000000
vn 0.779642 -0.626225 0.000000
vn 0.642664 -0.766148 0.000000
vn 0.642664 -0.766148 0.000000
vn 0.642664 -0.766148 0.000000
vn 0.642664 -0.766148 0.000000
vn 0.477496 -0.878634 0.000000
vn 0.477496 -0.878634 0.000000
vn 0.477496 -0.878634 0.000000
vn 0.477496 -0.878634 0.000000
vn 0.292908 -0.956140 0.000000
vn 0.292908 -0.956140 0.000000
vn 0.292908 -0.956140 0.000000
vn 0.292908 -0.956140 0.000000
vn 0.036707 -0.999326 0.000000
vn 0.036707 -0.999326 0.000000
vn 0.036707 -0.999326 0.000000
vn 0.036707 -0.999326 0.000000
vn -0.299648 -0.954050 0.000000
vn -0.299648 -0.954050 0.000000
vn -0.299648 -0.954050 0.000000
vn -0.299648 -0.954050 0.000000
vn -0.588311 -0.808635 0.000000
vn -0.588311 -0.808635 0.000000
vn -0.588311 -0.808635 0.000000
vn -0.588311 -0.808635 0.000000
vn 0.000000 0.000000 1.000000
vn 0.000000 0.000000 1.000000
vn 0.000000 0.000000 1.000000
vn 0.000000 0.000000 1.000000
vn 0.000000 0.000000 1.000000
vn 0.000000 0.000000 1.000000
vn 0.000000 0.000000 1.000000
vn 0.000000 0.000000 1.000000
vn 0.000000 0.000000 1.000000
vn 0.000000 0.000000 1.000000
vn 0.000000 0.000000 1.000000
vn 0.000000 0.000000 1.000000
vn 0.000000 0.000000 1.000000
vn 0.000000 0.000000 1.000000
vn 0.000000 0.000000 1.000000
vn 0.000000 0.000000 1.000000
vn 0.000000 0.000000 1.000000
vn 0.000000 0.000000 1.000000
vn 0.000000 0.000000 1.000000
vn 0.000000 0.000000 1.000000
vn 0.000000 0.000000 1.000000
vn 0.000000 0.000000 1.000000
vn 0.000000 0.000000 1.000000
vn 0.000000 0.000000 1.000000
vn 0.000000 0.000000 1.000000
vn 0.000000 0.000000 1.000000
vn 0.000000 0.000000 1.000000
vn 0.000000 0.000000 1.000000
vn 0.000000 0.000000 1.000000
vn 0.000000 0.000000 1.000000
vn 0.000000 0.000000 1.000000
vn 0.000000 0.000000 1.000000
vn 0.000000 0.000000 1.000000
vn 0.000000 0.000000 1.000000
vn 0.000000 0.000000 1.000000
vn 0.000000 0.000000 1.000000
vn 0.000000 0.000000 1.000000
vn 0.000000 0.000000 1.000000
vn 0.000000 0.000000 1.000000
vn 0.000000 0.000000 1.000000
vn 0.000000 0.000000 1.000000
vn 0.000000 0.000000 1.000000
vn 0.000000 0.000000 1.000000
vn 0.000000 0.000000 1.000000
vn 0.000000 0.000000 1.000000
vn 0.000000 0.000000 1.000000
vn 0.000000 0.000000 1.000000
vn 0.000000 0.000000 1.000000
vn 0.000000 0.000000 1.000000
vn 0.000000 0.000000 1.000000
vn 0.000000 0.000000 1.000000
vn 0.000000 0.000000 1.000000
vn 0.000000 0.000000 1.000000
vn 0.000000 0.000000 1.000000
vn -0.000000 -0.000000 -1.000000
vn -0.000000 -0.000000 -1.000000
vn -0.000000 -0.000000 -1.000000
vn -0.000000 -0.000000 -1.000000
vn -0.000000 -0.000000 -1.000000
vn -0.000000 -0.000000 -1.000000
vn -0.000000 -0.000000 -1.000000
vn -0.000000 -0.000000 -1.000000
vn -0.000000 -0.000000 -1.000000
vn -0.000000 -0.000000 -1.000000
vn -0.000000 -0.000000 -1.000000
vn -0.000000 -0.000000 -1.000000
vn -0.000000 -0.000000 -1.000000
vn -0.000000 -0.000000 -1.000000
vn -0.000000 -0.000000 -1.000000
vn -0.000000 -0.000000 -1.000000
vn -0.000000 -0.000000 -1.000000
vn -0.000000 -0.000000 -1.000000
vn -0.000000 -0.000000 -1.000000
vn -0.000000 -0.000000 -1.000000
vn -0.000000 -0.000000 -1.000000
vn -0.000000 -0.000000 -1.000000
vn -0.000000 -0.000000 -1.000000
vn -0.000000 -0.000000 -1.000000
vn -0.000000 -0.000000 -1.000000
vn -0.000000 -0.000000 -1.000000
vn -0.000000 -0.000000 -1.000000
vn -0.000000 -0.000000 -1.000000
vn -0.000000 -0.000000 -1.000000
vn -0.000000 -0.000000 -1.000000
vn -0.000000 -0.000000 -1.000000
vn -0.000000 -0.000000 -1.000000
vn -0.000000 -0.000000 -1.000000
vn -0.000000 -0.000000 -1.000000
vn -0.000000 -0.000000 -1.000000
vn -0.000000 -0.000000 -1.000000
vn -0.000000 -0.000000 -1.000000
vn -0.000000 -0.000000 -1.000000
vn -0.000000 -0.000000 -1.000000
vn -0.000000 -0.000000 -1.000000
vn -0.000000 -0.000000 -1.000000
vn -0.000000 -0.000000 -1.000000
vn -0.000000 -0.000000 -1.000000
vn -0.000000 -0.000000 -1.000000
vn -0.000000 -0.000000 -1.000000
vn -0.000000 -0.000000 -1.000000
vn -0.000000 -0.000000 -1.000000
vn -0.000000 -0.000000 -1.000000
vn -0.000000 -0.000000 -1.000000
vn -0.000000 -0.000000 -1.000000
vn -0.000000 -0.000000 -1.000000
vn -0.000000 -0.000000 -1.000000
vn -0.000000 -0.000000 -1.000000
vn -0.000000 -0.000000 -1.000000
f 2823/8467/8467 2824/8468/8468 2826/8469/8469
f 2826/8469/8469 2824/8468/8468 2825/8470/8470
f 2827/8471/8471 2823/8472/8472 2828/8473/8473
f 2828/8473/8473 2823/8472/8472 2826/8474/8474
f 2829/8475/8475 2827/8476/8476 2830/8477/8477
f 2830/8477/8477 2827/8476/8476 2828/8478/8478
f 2831/8479/8479 2829/8480/8480 2832/8481/8481
f 2832/8481/8481 2829/8480/8480 2830/8482/8482
f 2833/8483/8483 2831/8484/8484 2834/8485/8485
f 2834/8485/8485 2831/8484/8484 2832/8486/8486
f 2835/8487/8487 2833/8488/8488 2836/8489/8489
f 2836/8489/8489 2833/8488/8488 2834/8490/8490
f 2837/8491/8491 2835/8492/8492 2838/8493/8493
f 2838/8493/8493 2835/8492/8492 2836/8494/8494
f 2839/8495/8495 2837/8496/8496 2840/8497/8497
f 2840/8497/8497 2837/8496/8496 2838/8498/8498
f 2841/8499/8499 2839/8500/8500 2842/8501/8501
f 2842/8501/8501 2839/8500/8500 2840/8502/8502
f 2843/8503/8503 2841/8504/8504 2844/8505/8505
f 2844/8505/8505 2841/8504/8504 2842/8506/8506
f 2845/8507/8507 2843/8508/8508 2846/8509/8509
f 2846/8509/8509 2843/8508/8508 2844/8510/8510
f 2847/8511/8511 2845/8512/8512 2848/8513/8513
f 2848/8513/8513 2845/8512/8512 2846/8514/8514
f 2849/8515/8515 2847/8516/8516 2850/8517/8517
f 2850/8517/8517 2847/8516/8516 2848/8518/8518
f 2851/8519/8519 2849/8520/8520 2852/8521/8521
f 2852/8521/8521 2849/8520/8520 2850/8522/8522
f 2853/8523/8523 2851/8524/8524 2854/8525/8525
f 2854/8525/8525 2851/8524/8524 2852/8526/8526
f 2855/8527/8527 2853/8528/8528 2856/8529/8529
f 2856/8529/8529 2853/8528/8528 2854/8530/8530
f 2857/8531/8531 2855/8532/8532 2858/8533/8533
f 2858/8533/8533 2855/8532/8532 2856/8534/8534
f 2859/8535/8535 2857/8536/8536 2860/8537/8537
f 2860/8537/8537 2857/8536/8536 2858/8538/8538
f 2861/8539/8539 2859/8540/8540 2862/8541/8541
f 2862/8541/8541 2859/8540/8540 2860/8542/8542
f 2863/8543/8543 2861/8544/8544 2864/8545/8545
f 2864/8545/8545 2861/8544/8544 2862/8546/8546
f 2865/8547/8547 2863/8548/8548 2866/8549/8549
f 2866/8549/8549 2863/8548/8548 2864/8550/8550
f 2867/8551/8551 2865/8552/8552 2868/8553/8553
f 2868/8553/8553 2865/8552/8552 2866/8554/8554
f 2869/8555/8555 2867/8556/8556 2870/8557/8557
f 2870/8557/8557 2867/8556/8556 2868/8558/8558
f 2824/8559/8559 2869/8560/8560 2825/8561/8561
f 2825/8561/8561 2869/8560/8560 2870/8562/8562
f 2871/8563/8563 2872/8564/8564 2874/8565/8565
f 2874/8565/8565 2872/8564/8564 2873/8566/8566
f 2875/8567/8567 2871/8568/8568 2876/8569/8569
f 2876/8569/8569 2871/8568/8568 2874/8570/8570
f 2877/8571/8571 2875/8572/8572 2878/8573/8573
f 2878/8573/8573 2875/8572/8572 2876/8574/8574
f 2879/8575/8575 2877/8576/8576 2880/8577/8577
f 2880/8577/8577 2877/8576/8576 2878/8578/8578
f 2881/8579/8579 2879/8580/8580 2882/8581/8581
f 2882/8581/8581 2879/8580/8580 2880/8582/8582
f 2883/8583/8583 2881/8584/8584 2884/8585/8585
f 2884/8585/8585 2881/8584/8584 2882/8586/8586
f 2885/8587/8587 2883/8588/8588 2886/8589/8589
f 2886/8589/8589 2883/8588/8588 2884/8590/8590
f 2887/8591/8591 2885/8592/8592 2888/8593/8593
f 2888/8593/8593 2885/8592/8592 2886/8594/8594
f 2889/8595/8595 2887/8596/8596 2890/8597/8597
f 2890/8597/8597 2887/8596/8596 2888/8598/8598
f 2891/8599/8599 2889/8600/8600 2892/8601/8601
f 2892/8601/8601 2889/8600/8600 2890/8602/8602
f 2893/8603/8603 2891/8604/8604 2894/8605/8605
f 2894/8605/8605 2891/8604/8604 2892/8606/8606
f 2895/8607/8607 2893/8608/8608 2896/8609/8609
f 2896/8609/8609 2893/8608/8608 2894/8610/8610
f 2897/8611/8611 2895/8612/8612 2898/8613/8613
f 2898/8613/8613 2895/8612/8612 2896/8614/8614
f 2899/8615/8615 2897/8616/8616 2900/8617/8617
f 2900/8617/8617 2897/8616/8616 2898/8618/8618
f 2901/8619/8619 2899/8620/8620 2902/8621/8621
f 2902/8621/8621 2899/8620/8620 2900/8622/8622
f 2903/8623/8623 2901/8624/8624 2904/8625/8625
f 2904/8625/8625 2901/8624/8624 2902/8626/8626
f 2905/8627/8627 2903/8628/8628 2906/8629/8629
f 2906/8629/8629 2903/8628/8628 2904/8630/8630
f 2907/8631/8631 2905/8632/8632 2908/8633/8633
f 2908/8633/8633 2905/8632/8632 2906/8634/8634
f 2909/8635/8635 2907/8636/8636 2910/8637/8637
f 2910/8637/8637 2907/8636/8636 2908/8638/8638
f 2911/8639/8639 2909/8640/8640 2912/8641/8641
f 2912/8641/8641 2909/8640/8640 2910/8642/8642
f 2913/8643/8643 2911/8644/8644 2914/8645/8645
f 2914/8645/8645 2911/8644/8644 2912/8646/8646
f 2915/8647/8647 2913/8648/8648 2916/8649/8649
f 2916/8649/8649 2913/8648/8648 2914/8650/8650
f 2917/8651/8651 2915/8652/8652 2918/8653/8653
f 2918/8653/8653 2915/8652/8652 2916/8654/8654
f 2919/8655/8655 2917/8656/8656 2920/8657/8657
f 2920/8657/8657 2917/8656/8656 2918/8658/8658
f 2921/8659/8659 2919/8660/8660 2922/8661/8661
f 2922/8661/8661 2919/8660/8660 2920/8662/8662
f 2923/8663/8663 2921/8664/8664 2924/8665/8665
f 2924/8665/8665 2921/8664/8664 2922/8666/8666
f 2925/8667/8667 2923/8668/8668 2926/8669/8669
f 2926/8669/8669 2923/8668/8668 2924/8670/8670
f 2927/8671/8671 2925/8672/8672 2928/8673/8673
f 2928/8673/8673 2925/8672/8672 2926/8674/8674
f 2929/8675/8675 2927/8676/8676 2930/8677/8677
f 2930/8677/8677 2927/8676/8676 2928/8678/8678
f 2872/8679/8679 2929/8680/8680 2873/8681/8681
f 2873/8681/8681 2929/8680/8680 2930/8682/8682
f 2870/8683/8683 2900/8684/8684 2825/8685/8685
f 2825/8685/8685 2900/8684/8684 2898/8686/8686
f 2825/8685/8685 2898/8686/8686 2826/8687/8687
f 2826/8687/8687 2898/8686/8686 2896/8688/8688
f 2826/8687/8687 2896/8688/8688 2828/8689/8689
f 2828/8689/8689 2896/8688/8688 2830/8690/8690
f 2830/8690/8690 2896/8688/8688 2894/8691/8691
f 2830/8690/8690 2894/8691/8691 2832/8692/8692
f 2832/8692/8692 2894/8691/8691 2892/8693/8693
f 2832/8692/8692 2892/8693/8693 2890/8694/8694
f 2900/8684/8684 2870/8683/8683 2902/8695/8695
f 2902/8695/8695 2870/8683/8683 2868/8696/8696
f 2902/8695/8695 2868/8696/8696 2904/8697/8697
f 2904/8697/8697 2868/8696/8696 2866/8698/8698
f 2904/8697/8697 2866/8698/8698 2906/8699/8699
f 2906/8699/8699 2866/8698/8698 2864/8700/8700
f 2906/8699/8699 2864/8700/8700 2908/8701/8701
f 2908/8701/8701 2864/8700/8700 2862/8702/8702
f 2908/8701/8701 2862/8702/8702 2910/8703/8703
f 2910/8703/8703 2862/8702/8702 2912/8704/8704
f 2912/8704/8704 2862/8702/8702 2860/8705/8705
f 2912/8704/8704 2860/8705/8705 2914/8706/8706
f 2914/8706/8706 2860/8705/8705 2916/8707/8707
f 2916/8707/8707 2860/8705/8705 2858/8708/8708
f 2916/8707/8707 2858/8708/8708 2918/8709/8709
f 2918/8709/8709 2858/8708/8708 2856/8710/8710
f 2918/8709/8709 2856/8710/8710 2920/8711/8711
f 2920/8711/8711 2856/8710/8710 2922/8712/8712
f 2922/8712/8712 2856/8710/8710 2854/8713/8713
f 2922/8712/8712 2854/8713/8713 2924/8714/8714
f 2924/8714/8714 2854/8713/8713 2852/8715/8715
f 2924/8714/8714 2852/8715/8715 2926/8716/8716
f 2926/8716/8716 2852/8715/8715 2928/8717/8717
f 2928/8717/8717 2852/8715/8715 2850/8718/8718
f 2928/8717/8717 2850/8718/8718 2930/8719/8719
f 2930/8719/8719 2850/8718/8718 2848/8720/8720
f 2930/8719/8719 2848/8720/8720 2873/8721/8721
f 2873/8721/8721 2848/8720/8720 2846/8722/8722
f 2873/8721/8721 2846/8722/8722 2874/8723/8723
f 2874/8723/8723 2846/8722/8722 2876/8724/8724
f 2876/8724/8724 2846/8722/8722 2844/8725/8725
f 2876/8724/8724 2844/8725/8725 2878/8726/8726
f 2878/8726/8726 2844/8725/8725 2842/8727/8727
f 2878/8726/8726 2842/8727/8727 2880/8728/8728
f 2880/8728/8728 2842/8727/8727 2840/8729/8729
f 2880/8728/8728 2840/8729/8729 2882/8730/8730
f 2882/8730/8730 2840/8729/8729 2838/8731/8731
f 2882/8730/8730 2838/8731/8731 2884/8732/8732
f 2884/8732/8732 2838/8731/8731 2836/8733/8733
f 2884/8732/8732 2836/8733/8733 2886/8734/8734
f 2886/8734/8734 2836/8733/8733 2888/8735/8735
f 2888/8735/8735 2836/8733/8733 2834/8736/8736
f 2888/8735/8735 2834/8736/8736 2890/8694/8694
f 2890/8694/8694 2834/8736/8736 2832/8692/8692
f 2824/8737/8737 2899/8738/8738 2869/8739/8739
f 2869/8739/8739 2899/8738/8738 2901/8740/8740
f 2869/8739/8739 2901/8740/8740 2867/8741/8741
f 2867/8741/8741 2901/8740/8740 2903/8742/8742
f 2867/8741/8741 2903/8742/8742 2865/8743/8743
f 2865/8743/8743 2903/8742/8742 2905/8744/8744
f 2865/8743/8743 2905/8744/8744 2863/8745/8745
f 2863/8745/8745 2905/8744/8744 2907/8746/8746
f 2863/8745/8745 2907/8746/8746 2861/8747/8747
f 2861/8747/8747 2907/8746/8746 2909/8748/8748
f 2861/8747/8747 2909/8748/8748 2911/8749/8749
f 2899/8738/8738 2824/8737/8737 2897/8750/8750
f 2897/8750/8750 2824/8737/8737 2823/8751/8751
f 2897/8750/8750 2823/8751/8751 2895/8752/8752
f 2895/8752/8752 2823/8751/8751 2827/8753/8753
f 2895/8752/8752 2827/8753/8753 2829/8754/8754
f 2895/8752/8752 2829/8754/8754 2893/8755/8755
f 2893/8755/8755 2829/8754/8754 2831/8756/8756
f 2893/8755/8755 2831/8756/8756 2891/8757/8757
f 2891/8757/8757 2831/8756/8756 2889/8758/8758
f 2889/8758/8758 2831/8756/8756 2833/8759/8759
f 2889/8758/8758 2833/8759/8759 2887/8760/8760
f 2887/8760/8760 2833/8759/8759 2835/8761/8761
f 2887/8760/8760 2835/8761/8761 2885/8762/8762
f 2885/8762/8762 2835/8761/8761 2883/8763/8763
f 2883/8763/8763 2835/8761/8761 2837/8764/8764
f 2883/8763/8763 2837/8764/8764 2881/8765/8765
f 2881/8765/8765 2837/8764/8764 2839/8766/8766
f 2881/8765/8765 2839/8766/8766 2879/8767/8767
f 2879/8767/8767 2839/8766/8766 2841/8768/8768
f 2879/8767/8767 2841/8768/8768 2877/8769/8769
f 2877/8769/8769 2841/8768/8768 2843/8770/8770
f 2877/8769/8769 2843/8770/8770 2875/8771/8771
f 2875/8771/8771 2843/8770/8770 2845/8772/8772
f 2875/8771/8771 2845/8772/8772 2871/8773/8773
f 2871/8773/8773 2845/8772/8772 2872/8774/8774
f 2872/8774/8774 2845/8772/8772 2847/8775/8775
f 2872/8774/8774 2847/8775/8775 2929/8776/8776
f 2929/8776/8776 2847/8775/8775 2849/8777/8777
f 2929/8776/8776 2849/8777/8777 2927/8778/8778
f 2927/8778/8778 2849/8777/8777 2851/8779/8779
f 2927/8778/8778 2851/8779/8779 2925/8780/8780
f 2925/8780/8780 2851/8779/8779 2923/8781/8781
f 2923/8781/8781 2851/8779/8779 2853/8782/8782
f 2923/8781/8781 2853/8782/8782 2921/8783/8783
f 2921/8783/8783 2853/8782/8782 2855/8784/8784
f 2921/8783/8783 2855/8784/8784 2919/8785/8785
f 2919/8785/8785 2855/8784/8784 2917/8786/8786
f 2917/8786/8786 2855/8784/8784 2857/8787/8787
f 2917/8786/8786 2857/8787/8787 2915/8788/8788
f 2915/8788/8788 2857/8787/8787 2859/8789/8789
f 2915/8788/8788 2859/8789/8789 2913/8790/8790
f 2913/8790/8790 2859/8789/8789 2911/8749/8749
f 2911/8749/8749 2859/8789/8789 2861/8747/8747
g negro (4)

v 28.735180 -946.181550 0.100000
v 28.766610 -946.176920 0.100000
v 28.766610 -946.176920 0.140000
v 28.735180 -946.181550 0.140000
v 28.720620 -946.188120 0.100000
v 28.720620 -946.188120 0.140000
v 28.708980 -946.196490 0.100000
v 28.708980 -946.196490 0.140000
v 28.700130 -946.206350 0.100000
v 28.700130 -946.206350 0.140000
v 28.693900 -946.217380 0.100000
v 28.693900 -946.217380 0.140000
v 28.690150 -946.229260 0.100000
v 28.690150 -946.229260 0.140000
v 28.688730 -946.241680 0.100000
v 28.688730 -946.241680 0.140000
v 28.689490 -946.254310 0.100000
v 28.689490 -946.254310 0.140000
v 28.692270 -946.266840 0.100000
v 28.692270 -946.266840 0.140000
v 28.698080 -946.280830 0.100000
v 28.698080 -946.280830 0.140000
v 28.706110 -946.292560 0.100000
v 28.706110 -946.292560 0.140000
v 28.715950 -946.301960 0.100000
v 28.715950 -946.301960 0.140000
v 28.727210 -946.308990 0.100000
v 28.727210 -946.308990 0.140000
v 28.739480 -946.313570 0.100000
v 28.739480 -946.313570 0.140000
v 28.752370 -946.315650 0.100000
v 28.752370 -946.315650 0.140000
v 28.765480 -946.315170 0.100000
v 28.765480 -946.315170 0.140000
v 28.778410 -946.312070 0.100000
v 28.778410 -946.312070 0.140000
v 28.802350 -946.297480 0.100000
v 28.802350 -946.297480 0.140000
v 28.816960 -946.275920 0.100000
v 28.816960 -946.275920 0.140000
v 28.822710 -946.250630 0.100000
v 28.822710 -946.250630 0.140000
v 28.820080 -946.224850 0.100000
v 28.820080 -946.224850 0.140000
v 28.809530 -946.201810 0.100000
v 28.809530 -946.201810 0.140000
v 28.791550 -946.184750 0.100000
v 28.791550 -946.184750 0.140000
v 28.540150 -946.424520 0.100000
v 28.573910 -946.469060 0.100000
v 28.573910 -946.469060 0.140000
v 28.540150 -946.424520 0.140000
v 28.519230 -946.371740 0.100000
v 28.519230 -946.371740 0.140000
v 28.512890 -946.314410 0.100000
v 28.512890 -946.314410 0.140000
v 28.522870 -946.256220 0.100000
v 28.522870 -946.256220 0.140000
v 28.550920 -946.200860 0.100000
v 28.550920 -946.200860 0.140000
v 28.571110 -946.176350 0.100000
v 28.571110 -946.176350 0.140000
v 28.595810 -946.155270 0.100000
v 28.595810 -946.155270 0.140000
v 28.610470 -946.146170 0.100000
v 28.610470 -946.146170 0.140000
v 28.627010 -946.138130 0.100000
v 28.627010 -946.138130 0.140000
v 28.645670 -946.131200 0.100000
v 28.645670 -946.131200 0.140000
v 28.666700 -946.125450 0.100000
v 28.666700 -946.125450 0.140000
v 28.709580 -946.120620 0.100000
v 28.709580 -946.120620 0.140000
v 28.749250 -946.125620 0.100000
v 28.749250 -946.125620 0.140000
v 28.785140 -946.139140 0.100000
v 28.785140 -946.139140 0.140000
v 28.816690 -946.159820 0.100000
v 28.816690 -946.159820 0.140000
v 28.843330 -946.186340 0.100000
v 28.843330 -946.186340 0.140000
v 28.864470 -946.217370 0.100000
v 28.864470 -946.217370 0.140000
v 28.879570 -946.251570 0.100000
v 28.879570 -946.251570 0.140000
v 28.888030 -946.287610 0.100000
v 28.888030 -946.287610 0.140000
v 28.890030 -946.327700 0.100000
v 28.890030 -946.327700 0.140000
v 28.885230 -946.366100 0.100000
v 28.885230 -946.366100 0.140000
v 28.874000 -946.402020 0.100000
v 28.874000 -946.402020 0.140000
v 28.856730 -946.434650 0.100000
v 28.856730 -946.434650 0.140000
v 28.833790 -946.463210 0.100000
v 28.833790 -946.463210 0.140000
v 28.805560 -946.486890 0.100000
v 28.805560 -946.486890 0.140000
v 28.772420 -946.504900 0.100000
v 28.772420 -946.504900 0.140000
v 28.734750 -946.516440 0.100000
v 28.734750 -946.516440 0.140000
v 28.672950 -946.518710 0.100000
v 28.672950 -946.518710 0.140000
v 28.618760 -946.501690 0.100000
v 28.618760 -946.501690 0.140000
vt 0.000000 0.000000 0.000000
vt 0.031769 0.000000 0.000000
vt 0.000000 0.040000 0.000000
vt 0.031769 0.040000 0.000000
vt 0.000000 0.000000 0.000000
vt 0.015974 0.000000 0.000000
vt 0.000000 0.040000 0.000000
vt 0.015974 0.040000 0.000000
vt 0.000000 0.000000 0.000000
vt 0.014337 0.000000 0.000000
vt 0.000000 0.040000 0.000000
vt 0.014337 0.040000 0.000000
vt 0.000000 0.000000 0.000000
vt 0.013249 0.000000 0.000000
vt 0.000000 0.040000 0.000000
vt 0.013249 0.040000 0.000000
vt 0.000000 0.000000 0.000000
vt 0.012668 0.000000 0.000000
vt 0.000000 0.040000 0.000000
vt 0.012668 0.040000 0.000000
vt 0.000000 0.000000 0.000000
vt 0.012458 0.000000 0.000000
vt 0.000000 0.040000 0.000000
vt 0.012458 0.040000 0.000000
vt 0.000000 0.000000 0.000000
vt 0.012501 0.000000 0.000000
vt 0.000000 0.040000 0.000000
vt 0.012501 0.040000 0.000000
vt 0.000000 0.000000 0.000000
vt 0.012653 0.000000 0.000000
vt 0.000000 0.040000 0.000000
vt 0.012653 0.040000 0.000000
vt 0.000000 0.000000 0.000000
vt 0.012835 0.000000 0.000000
vt 0.000000 0.040000 0.000000
vt 0.012835 0.040000 0.000000
vt 0.000000 0.000000 0.000000
vt 0.015148 0.000000 0.000000
vt 0.000000 0.040000 0.000000
vt 0.015148 0.040000 0.000000
vt 0.000000 0.000000 0.000000
vt 0.014215 0.000000 0.000000
vt 0.000000 0.040000 0.000000
vt 0.014215 0.040000 0.000000
vt 0.000000 0.000000 0.000000
vt 0.013608 0.000000 0.000000
vt 0.000000 0.040000 0.000000
vt 0.013608 0.040000 0.000000
vt 0.000000 0.000000 0.000000
vt 0.013274 0.000000 0.000000
vt 0.000000 0.040000 0.000000
vt 0.013274 0.040000 0.000000
vt 0.000000 0.000000 0.000000
vt 0.013097 0.000000 0.000000
vt 0.000000 0.040000 0.000000
vt 0.013097 0.040000 0.000000
vt 0.000000 0.000000 0.000000
vt 0.013057 0.000000 0.000000
vt 0.000000 0.040000 0.000000
vt 0.013057 0.040000 0.000000
vt -0.000000 0.000000 0.000000
vt 0.013119 0.000000 0.000000
vt -0.000000 0.040000 0.000000
vt 0.013119 0.040000 0.000000
vt -0.000000 0.000000 0.000000
vt 0.013296 0.000000 0.000000
vt -0.000000 0.040000 0.000000
vt 0.013296 0.040000 0.000000
vt -0.000000 0.000000 0.000000
vt 0.028036 0.000000 0.000000
vt -0.000000 0.040000 0.000000
vt 0.028036 0.040000 0.000000
vt -0.000000 0.000000 0.000000
vt 0.026044 0.000000 0.000000
vt -0.000000 0.040000 0.000000
vt 0.026044 0.040000 0.000000
vt -0.000000 0.000000 0.000000
vt 0.025935 0.000000 0.000000
vt -0.000000 0.040000 0.000000
vt 0.025935 0.040000 0.000000
vt 0.000000 0.000000 0.000000
vt 0.025914 0.000000 0.000000
vt 0.000000 0.040000 0.000000
vt 0.025914 0.040000 0.000000
vt 0.000000 0.000000 0.000000
vt 0.025341 0.000000 0.000000
vt 0.000000 0.040000 0.000000
vt 0.025341 0.040000 0.000000
vt 0.000000 0.000000 0.000000
vt 0.024786 0.000000 0.000000
vt 0.000000 0.040000 0.000000
vt 0.024786 0.040000 0.000000
vt 0.000000 0.000000 0.000000
vt 0.026140 0.000000 0.000000
vt 0.000000 0.040000 0.000000
vt 0.026140 0.040000 0.000000
vt 0.000000 0.000000 0.000000
vt 0.055889 0.000000 0.000000
vt 0.000000 0.040000 0.000000
vt 0.055889 0.040000 0.000000
vt 0.000000 0.000000 0.000000
vt 0.056775 0.000000 0.000000
vt 0.000000 0.040000 0.000000
vt 0.056775 0.040000 0.000000
vt 0.000000 0.000000 0.000000
vt 0.057679 0.000000 0.000000
vt 0.000000 0.040000 0.000000
vt 0.057679 0.040000 0.000000
vt -0.000000 0.000000 0.000000
vt 0.059040 0.000000 0.000000
vt -0.000000 0.040000 0.000000
vt 0.059040 0.040000 0.000000
vt -0.000000 0.000000 0.000000
vt 0.062061 0.000000 0.000000
vt -0.000000 0.040000 0.000000
vt 0.062061 0.040000 0.000000
vt -0.000000 0.000000 0.000000
vt 0.031755 0.000000 0.000000
vt -0.000000 0.040000 0.000000
vt 0.031755 0.040000 0.000000
vt -0.000000 0.000000 0.000000
vt 0.032472 0.000000 0.000000
vt -0.000000 0.040000 0.000000
vt 0.032472 0.040000 0.000000
vt -0.000000 0.000000 0.000000
vt 0.017255 0.000000 0.000000
vt -0.000000 0.040000 0.000000
vt 0.017255 0.040000 0.000000
vt -0.000000 0.000000 0.000000
vt 0.018391 0.000000 0.000000
vt -0.000000 0.040000 0.000000
vt 0.018391 0.040000 0.000000
vt -0.000000 0.000000 0.000000
vt 0.019905 0.000000 0.000000
vt -0.000000 0.040000 0.000000
vt 0.019905 0.040000 0.000000
vt -0.000000 0.000000 0.000000
vt 0.021802 0.000000 0.000000
vt -0.000000 0.040000 0.000000
vt 0.021802 0.040000 0.000000
vt -0.000000 0.000000 0.000000
vt 0.043151 0.000000 0.000000
vt -0.000000 0.040000 0.000000
vt 0.043151 0.040000 0.000000
vt 0.000000 0.000000 0.000000
vt 0.039984 0.000000 0.000000
vt 0.000000 0.040000 0.000000
vt 0.039984 0.040000 0.000000
vt 0.000000 0.000000 0.000000
vt 0.038352 0.000000 0.000000
vt 0.000000 0.040000 0.000000
vt 0.038352 0.040000 0.000000
vt 0.000000 0.000000 0.000000
vt 0.037724 0.000000 0.000000
vt 0.000000 0.040000 0.000000
vt 0.037724 0.040000 0.000000
vt 0.000000 0.000000 0.000000
vt 0.037590 0.000000 0.000000
vt 0.000000 0.040000 0.000000
vt 0.037590 0.040000 0.000000
vt 0.000000 0.000000 0.000000
vt 0.037547 0.000000 0.000000
vt 0.000000 0.040000 0.000000
vt 0.037547 0.040000 0.000000
vt 0.000000 0.000000 0.000000
vt 0.037385 0.000000 0.000000
vt 0.000000 0.040000 0.000000
vt 0.037385 0.040000 0.000000
vt 0.000000 0.000000 0.000000
vt 0.037020 0.000000 0.000000
vt 0.000000 0.040000 0.000000
vt 0.037020 0.040000 0.000000
vt 0.000000 0.000000 0.000000
vt 0.040140 0.000000 0.000000
vt 0.000000 0.040000 0.000000
vt 0.040140 0.040000 0.000000
vt 0.000000 0.000000 0.000000
vt 0.038699 0.000000 0.000000
vt 0.000000 0.040000 0.000000
vt 0.038699 0.040000 0.000000
vt 0.000000 0.000000 0.000000
vt 0.037635 0.000000 0.000000
vt 0.000000 0.040000 0.000000
vt 0.037635 0.040000 0.000000
vt 0.000000 0.000000 0.000000
vt 0.036918 0.000000 0.000000
vt 0.000000 0.040000 0.000000
vt 0.036918 0.040000 0.000000
vt 0.000000 0.000000 0.000000
vt 0.036632 0.000000 0.000000
vt 0.000000 0.040000 0.000000
vt 0.036632 0.040000 0.000000
vt 0.000000 0.000000 0.000000
vt 0.036847 0.000000 0.000000
vt 0.000000 0.040000 0.000000
vt 0.036847 0.040000 0.000000
vt 0.000000 0.000000 0.000000
vt 0.037718 0.000000 0.000000
vt 0.000000 0.040000 0.000000
vt 0.037718 0.040000 0.000000
vt 0.000000 0.000000 0.000000
vt 0.039398 0.000000 0.000000
vt 0.000000 0.040000 0.000000
vt 0.039398 0.040000 0.000000
vt 0.000000 0.000000 0.000000
vt 0.061842 0.000000 0.000000
vt 0.000000 0.040000 0.000000
vt 0.061842 0.040000 0.000000
vt 0.000000 0.000000 0.000000
vt 0.056800 0.000000 0.000000
vt 0.000000 0.040000 0.000000
vt 0.056800 0.040000 0.000000
vt 0.000000 0.000000 0.000000
vt 0.055464 0.000000 0.000000
vt 0.000000 0.040000 0.000000
vt 0.055464 0.040000 0.000000
vt 0.090090 0.134915 0.000000
vt 0.083680 0.180525 0.000000
vt 0.065150 0.142745 0.000000
vt 0.047790 0.194045 0.000000
vt 0.033720 0.138115 0.000000
vt 0.008120 0.199045 0.000000
vt 0.019160 0.131545 0.000000
vt 0.007520 0.123175 0.000000
vt -0.034760 0.194215 0.000000
vt -0.001330 0.113315 0.000000
vt -0.055790 0.188465 0.000000
vt -0.074450 0.181535 0.000000
vt 0.115230 0.159845 0.000000
vt 0.108070 0.117855 0.000000
vt 0.141870 0.133325 0.000000
vt 0.118620 0.094815 0.000000
vt 0.163010 0.102295 0.000000
vt 0.121250 0.069035 0.000000
vt 0.178110 0.068095 0.000000
vt 0.115500 0.043745 0.000000
vt 0.186570 0.032055 0.000000
vt 0.188570 -0.008035 0.000000
vt 0.100890 0.022185 0.000000
vt 0.183770 -0.046435 0.000000
vt 0.172540 -0.082355 0.000000
vt 0.076950 0.007595 0.000000
vt 0.155270 -0.114985 0.000000
vt 0.064020 0.004495 0.000000
vt 0.132330 -0.143545 0.000000
vt 0.104100 -0.167225 0.000000
vt 0.050910 0.004015 0.000000
vt 0.070960 -0.185235 0.000000
vt 0.038020 0.006095 0.000000
vt 0.033290 -0.196775 0.000000
vt -0.028510 -0.199045 0.000000
vt 0.025750 0.010675 0.000000
vt -0.082700 -0.182025 0.000000
vt 0.014490 0.017705 0.000000
vt -0.127550 -0.149395 0.000000
vt 0.004650 0.027105 0.000000
vt -0.161310 -0.104855 0.000000
vt -0.182230 -0.052075 0.000000
vt -0.003380 0.038835 0.000000
vt -0.188570 0.005255 0.000000
vt -0.009190 0.052825 0.000000
vt -0.178590 0.063445 0.000000
vt -0.011970 0.065355 0.000000
vt -0.150540 0.118805 0.000000
vt -0.012730 0.077985 0.000000
vt -0.130350 0.143315 0.000000
vt -0.011310 0.090405 0.000000
vt -0.105650 0.164395 0.000000
vt -0.090990 0.173495 0.000000
vt -0.007560 0.102285 0.000000
vt -0.065150 0.142745 0.000000
vt -0.083680 0.180525 0.000000
vt -0.090090 0.134915 0.000000
vt -0.115230 0.159845 0.000000
vt -0.108070 0.117855 0.000000
vt -0.141870 0.133325 0.000000
vt -0.118620 0.094815 0.000000
vt -0.163010 0.102295 0.000000
vt -0.121250 0.069035 0.000000
vt -0.178110 0.068095 0.000000
vt -0.115500 0.043745 0.000000
vt -0.186570 0.032055 0.000000
vt -0.188570 -0.008035 0.000000
vt -0.047790 0.194045 0.000000
vt -0.033720 0.138115 0.000000
vt -0.008120 0.199045 0.000000
vt -0.019160 0.131545 0.000000
vt -0.007520 0.123175 0.000000
vt 0.034760 0.194215 0.000000
vt 0.001330 0.113315 0.000000
vt 0.055790 0.188465 0.000000
vt 0.074450 0.181535 0.000000
vt 0.007560 0.102285 0.000000
vt 0.090990 0.173495 0.000000
vt 0.011310 0.090405 0.000000
vt 0.105650 0.164395 0.000000
vt 0.130350 0.143315 0.000000
vt 0.012730 0.077985 0.000000
vt 0.150540 0.118805 0.000000
vt 0.011970 0.065355 0.000000
vt 0.178590 0.063445 0.000000
vt 0.009190 0.052825 0.000000
vt 0.188570 0.005255 0.000000
vt 0.003380 0.038835 0.000000
vt 0.182230 -0.052075 0.000000
vt -0.004650 0.027105 0.000000
vt 0.161310 -0.104855 0.000000
vt 0.127550 -0.149395 0.000000
vt -0.014490 0.017705 0.000000
vt 0.082700 -0.182025 0.000000
vt -0.025750 0.010675 0.000000
vt 0.028510 -0.199045 0.000000
vt -0.038020 0.006095 0.000000
vt -0.033290 -0.196775 0.000000
vt -0.070960 -0.185235 0.000000
vt -0.050910 0.004015 0.000000
vt -0.104100 -0.167225 0.000000
vt -0.064020 0.004495 0.000000
vt -0.132330 -0.143545 0.000000
vt -0.155270 -0.114985 0.000000
vt -0.076950 0.007595 0.000000
vt -0.172540 -0.082355 0.000000
vt -0.100890 0.022185 0.000000
vt -0.183770 -0.046435 0.000000
vn 0.145739 -0.989323 0.000000
vn 0.145739 -0.989323 0.000000
vn 0.145739 -0.989323 0.000000
vn 0.145739 -0.989323 0.000000
vn 0.411302 -0.911499 0.000000
vn 0.411302 -0.911499 0.000000
vn 0.411302 -0.911499 0.000000
vn 0.411302 -0.911499 0.000000
vn 0.583809 -0.811891 0.000000
vn 0.583809 -0.811891 0.000000
vn 0.583809 -0.811891 0.000000
vn 0.583809 -0.811891 0.000000
vn 0.744194 -0.667963 0.000000
vn 0.744194 -0.667963 0.000000
vn 0.744194 -0.667963 0.000000
vn 0.744194 -0.667963 0.000000
vn 0.870710 -0.491797 0.000000
vn 0.870710 -0.491797 0.000000
vn 0.870710 -0.491797 0.000000
vn 0.870710 -0.491797 0.000000
vn 0.953619 -0.301016 0.000000
vn 0.953619 -0.301016 0.000000
vn 0.953619 -0.301016 0.000000
vn 0.953619 -0.301016 0.000000
vn 0.993528 -0.113592 0.000000
vn 0.993528 -0.113592 0.000000
vn 0.993528 -0.113592 0.000000
vn 0.993528 -0.113592 0.000000
vn 0.998194 0.060066 -0.000000
vn 0.998194 0.060066 -0.000000
vn 0.998194 0.060066 -0.000000
vn 0.998194 0.060066 -0.000000
vn 0.976260 0.216600 -0.000000
vn 0.976260 0.216600 -0.000000
vn 0.976260 0.216600 -0.000000
vn 0.976260 0.216600 -0.000000
vn 0.923525 0.383537 -0.000000
vn 0.923525 0.383537 -0.000000
vn 0.923525 0.383537 -0.000000
vn 0.923525 0.383537 -0.000000
vn 0.825169 0.564886 -0.000000
vn 0.825169 0.564886 -0.000000
vn 0.825169 0.564886 -0.000000
vn 0.825169 0.564886 -0.000000
vn 0.690755 0.723089 -0.000000
vn 0.690755 0.723089 -0.000000
vn 0.690755 0.723089 -0.000000
vn 0.690755 0.723089 -0.000000
vn 0.529593 0.848252 -0.000000
vn 0.529593 0.848252 -0.000000
vn 0.529593 0.848252 -0.000000
vn 0.529593 0.848252 -0.000000
vn 0.349701 0.936862 -0.000000
vn 0.349701 0.936862 -0.000000
vn 0.349701 0.936862 -0.000000
vn 0.349701 0.936862 -0.000000
vn 0.159305 0.987229 -0.000000
vn 0.159305 0.987229 -0.000000
vn 0.159305 0.987229 -0.000000
vn 0.159305 0.987229 -0.000000
vn -0.036589 0.999330 0.000000
vn -0.036589 0.999330 0.000000
vn -0.036589 0.999330 0.000000
vn -0.036589 0.999330 0.000000
vn -0.233145 0.972442 0.000000
vn -0.233145 0.972442 0.000000
vn -0.233145 0.972442 0.000000
vn -0.233145 0.972442 0.000000
vn -0.520411 0.853916 0.000000
vn -0.520411 0.853916 0.000000
vn -0.520411 0.853916 0.000000
vn -0.520411 0.853916 0.000000
vn -0.827832 0.560975 0.000000
vn -0.827832 0.560975 0.000000
vn -0.827832 0.560975 0.000000
vn -0.827832 0.560975 0.000000
vn -0.975114 0.221704 0.000000
vn -0.975114 0.221704 0.000000
vn -0.975114 0.221704 0.000000
vn -0.975114 0.221704 0.000000
vn -0.994837 -0.101490 0.000000
vn -0.994837 -0.101490 0.000000
vn -0.994837 -0.101490 0.000000
vn -0.994837 -0.101490 0.000000
vn -0.909214 -0.416329 0.000000
vn -0.909214 -0.416329 0.000000
vn -0.909214 -0.416329 0.000000
vn -0.909214 -0.416329 0.000000
vn -0.688304 -0.725422 0.000000
vn -0.688304 -0.725422 0.000000
vn -0.688304 -0.725422 0.000000
vn -0.688304 -0.725422 0.000000
vn -0.299538 -0.954084 0.000000
vn -0.299538 -0.954084 0.000000
vn -0.299538 -0.954084 0.000000
vn -0.299538 -0.954084 0.000000
vn -0.796941 -0.604057 0.000000
vn -0.796941 -0.604057 0.000000
vn -0.796941 -0.604057 0.000000
vn -0.796941 -0.604057 0.000000
vn -0.929638 -0.368474 0.000000
vn -0.929638 -0.368474 0.000000
vn -0.929638 -0.368474 0.000000
vn -0.929638 -0.368474 0.000000
vn -0.993941 -0.109918 0.000000
vn -0.993941 -0.109918 0.000000
vn -0.993941 -0.109918 0.000000
vn -0.993941 -0.109918 0.000000
vn -0.985609 0.169039 0.000000
vn -0.985609 0.169039 0.000000
vn -0.985609 0.169039 0.000000
vn -0.985609 0.169039 0.000000
vn -0.892030 0.451977 0.000000
vn -0.892030 0.451977 0.000000
vn -0.892030 0.451977 0.000000
vn -0.892030 0.451977 0.000000
vn -0.771848 0.635807 0.000000
vn -0.771848 0.635807 0.000000
vn -0.771848 0.635807 0.000000
vn -0.771848 0.635807 0.000000
vn -0.649167 0.760646 0.000000
vn -0.649167 0.760646 0.000000
vn -0.649167 0.760646 0.000000
vn -0.649167 0.760646 0.000000
vn -0.527392 0.849622 0.000000
vn -0.527392 0.849622 0.000000
vn -0.527392 0.849622 0.000000
vn -0.527392 0.849622 0.000000
vn -0.437180 0.899374 0.000000
vn -0.437180 0.899374 0.000000
vn -0.437180 0.899374 0.000000
vn -0.437180 0.899374 0.000000
vn -0.348149 0.937439 0.000000
vn -0.348149 0.937439 0.000000
vn -0.348149 0.937439 0.000000
vn -0.348149 0.937439 0.000000
vn -0.263738 0.964594 0.000000
vn -0.263738 0.964594 0.000000
vn -0.263738 0.964594 0.000000
vn -0.263738 0.964594 0.000000
vn -0.111932 0.993716 0.000000
vn -0.111932 0.993716 0.000000
vn -0.111932 0.993716 0.000000
vn -0.111932 0.993716 0.000000
vn 0.125050 0.992150 -0.000000
vn 0.125050 0.992150 -0.000000
vn 0.125050 0.992150 -0.000000
vn 0.125050 0.992150 -0.000000
vn 0.352523 0.935803 -0.000000
vn 0.352523 0.935803 -0.000000
vn 0.352523 0.935803 -0.000000
vn 0.352523 0.935803 -0.000000
vn 0.548199 0.836348 -0.000000
vn 0.548199 0.836348 -0.000000
vn 0.548199 0.836348 -0.000000
vn 0.548199 0.836348 -0.000000
vn 0.705509 0.708701 -0.000000
vn 0.705509 0.708701 -0.000000
vn 0.705509 0.708701 -0.000000
vn 0.705509 0.708701 -0.000000
vn 0.826436 0.563031 -0.000000
vn 0.826436 0.563031 -0.000000
vn 0.826436 0.563031 -0.000000
vn 0.826436 0.563031 -0.000000
vn 0.914802 0.403904 -0.000000
vn 0.914802 0.403904 -0.000000
vn 0.914802 0.403904 -0.000000
vn 0.914802 0.403904 -0.000000
vn 0.973537 0.228527 -0.000000
vn 0.973537 0.228527 -0.000000
vn 0.973537 0.228527 -0.000000
vn 0.973537 0.228527 -0.000000
vn 0.998758 0.049826 -0.000000
vn 0.998758 0.049826 -0.000000
vn 0.998758 0.049826 -0.000000
vn 0.998758 0.049826 -0.000000
vn 0.992278 -0.124035 0.000000
vn 0.992278 -0.124035 0.000000
vn 0.992278 -0.124035 0.000000
vn 0.992278 -0.124035 0.000000
vn 0.954442 -0.298396 0.000000
vn 0.954442 -0.298396 0.000000
vn 0.954442 -0.298396 0.000000
vn 0.954442 -0.298396 0.000000
vn 0.883841 -0.467788 0.000000
vn 0.883841 -0.467788 0.000000
vn 0.883841 -0.467788 0.000000
vn 0.883841 -0.467788 0.000000
vn 0.779642 -0.626225 0.000000
vn 0.779642 -0.626225 0.000000
vn 0.779642 -0.626225 0.000000
vn 0.779642 -0.626225 0.000000
vn 0.642664 -0.766148 0.000000
vn 0.642664 -0.766148 0.000000
vn 0.642664 -0.766148 0.000000
vn 0.642664 -0.766148 0.000000
vn 0.477496 -0.878634 0.000000
vn 0.477496 -0.878634 0.000000
vn 0.477496 -0.878634 0.000000
vn 0.477496 -0.878634 0.000000
vn 0.292908 -0.956140 0.000000
vn 0.292908 -0.956140 0.000000
vn 0.292908 -0.956140 0.000000
vn 0.292908 -0.956140 0.000000
vn 0.036707 -0.999326 0.000000
vn 0.036707 -0.999326 0.000000
vn 0.036707 -0.999326 0.000000
vn 0.036707 -0.999326 0.000000
vn -0.299648 -0.954050 0.000000
vn -0.299648 -0.954050 0.000000
vn -0.299648 -0.954050 0.000000
vn -0.299648 -0.954050 0.000000
vn -0.588311 -0.808635 0.000000
vn -0.588311 -0.808635 0.000000
vn -0.588311 -0.808635 0.000000
vn -0.588311 -0.808635 0.000000
vn 0.000000 0.000000 1.000000
vn 0.000000 0.000000 1.000000
vn 0.000000 0.000000 1.000000
vn 0.000000 0.000000 1.000000
vn 0.000000 0.000000 1.000000
vn 0.000000 0.000000 1.000000
vn 0.000000 0.000000 1.000000
vn 0.000000 0.000000 1.000000
vn 0.000000 0.000000 1.000000
vn 0.000000 0.000000 1.000000
vn 0.000000 0.000000 1.000000
vn 0.000000 0.000000 1.000000
vn 0.000000 0.000000 1.000000
vn 0.000000 0.000000 1.000000
vn 0.000000 0.000000 1.000000
vn 0.000000 0.000000 1.000000
vn 0.000000 0.000000 1.000000
vn 0.000000 0.000000 1.000000
vn 0.000000 0.000000 1.000000
vn 0.000000 0.000000 1.000000
vn 0.000000 0.000000 1.000000
vn 0.000000 0.000000 1.000000
vn 0.000000 0.000000 1.000000
vn 0.000000 0.000000 1.000000
vn 0.000000 0.000000 1.000000
vn 0.000000 0.000000 1.000000
vn 0.000000 0.000000 1.000000
vn 0.000000 0.000000 1.000000
vn 0.000000 0.000000 1.000000
vn 0.000000 0.000000 1.000000
vn 0.000000 0.000000 1.000000
vn 0.000000 0.000000 1.000000
vn 0.000000 0.000000 1.000000
vn 0.000000 0.000000 1.000000
vn 0.000000 0.000000 1.000000
vn 0.000000 0.000000 1.000000
vn 0.000000 0.000000 1.000000
vn 0.000000 0.000000 1.000000
vn 0.000000 0.000000 1.000000
vn 0.000000 0.000000 1.000000
vn 0.000000 0.000000 1.000000
vn 0.000000 0.000000 1.000000
vn 0.000000 0.000000 1.000000
vn 0.000000 0.000000 1.000000
vn 0.000000 0.000000 1.000000
vn 0.000000 0.000000 1.000000
vn 0.000000 0.000000 1.000000
vn 0.000000 0.000000 1.000000
vn 0.000000 0.000000 1.000000
vn 0.000000 0.000000 1.000000
vn 0.000000 0.000000 1.000000
vn 0.000000 0.000000 1.000000
vn 0.000000 0.000000 1.000000
vn 0.000000 0.000000 1.000000
vn -0.000000 -0.000000 -1.000000
vn -0.000000 -0.000000 -1.000000
vn -0.000000 -0.000000 -1.000000
vn -0.000000 -0.000000 -1.000000
vn -0.000000 -0.000000 -1.000000
vn -0.000000 -0.000000 -1.000000
vn -0.000000 -0.000000 -1.000000
vn -0.000000 -0.000000 -1.000000
vn -0.000000 -0.000000 -1.000000
vn -0.000000 -0.000000 -1.000000
vn -0.000000 -0.000000 -1.000000
vn -0.000000 -0.000000 -1.000000
vn -0.000000 -0.000000 -1.000000
vn -0.000000 -0.000000 -1.000000
vn -0.000000 -0.000000 -1.000000
vn -0.000000 -0.000000 -1.000000
vn -0.000000 -0.000000 -1.000000
vn -0.000000 -0.000000 -1.000000
vn -0.000000 -0.000000 -1.000000
vn -0.000000 -0.000000 -1.000000
vn -0.000000 -0.000000 -1.000000
vn -0.000000 -0.000000 -1.000000
vn -0.000000 -0.000000 -1.000000
vn -0.000000 -0.000000 -1.000000
vn -0.000000 -0.000000 -1.000000
vn -0.000000 -0.000000 -1.000000
vn -0.000000 -0.000000 -1.000000
vn -0.000000 -0.000000 -1.000000
vn -0.000000 -0.000000 -1.000000
vn -0.000000 -0.000000 -1.000000
vn -0.000000 -0.000000 -1.000000
vn -0.000000 -0.000000 -1.000000
vn -0.000000 -0.000000 -1.000000
vn -0.000000 -0.000000 -1.000000
vn -0.000000 -0.000000 -1.000000
vn -0.000000 -0.000000 -1.000000
vn -0.000000 -0.000000 -1.000000
vn -0.000000 -0.000000 -1.000000
vn -0.000000 -0.000000 -1.000000
vn -0.000000 -0.000000 -1.000000
vn -0.000000 -0.000000 -1.000000
vn -0.000000 -0.000000 -1.000000
vn -0.000000 -0.000000 -1.000000
vn -0.000000 -0.000000 -1.000000
vn -0.000000 -0.000000 -1.000000
vn -0.000000 -0.000000 -1.000000
vn -0.000000 -0.000000 -1.000000
vn -0.000000 -0.000000 -1.000000
vn -0.000000 -0.000000 -1.000000
vn -0.000000 -0.000000 -1.000000
vn -0.000000 -0.000000 -1.000000
vn -0.000000 -0.000000 -1.000000
vn -0.000000 -0.000000 -1.000000
vn -0.000000 -0.000000 -1.000000
usemtl ABS_(blanco)_(1)_(1)
f 2931/8791/8791 2932/8792/8792 2934/8793/8793
f 2934/8793/8793 2932/8792/8792 2933/8794/8794
f 2935/8795/8795 2931/8796/8796 2936/8797/8797
f 2936/8797/8797 2931/8796/8796 2934/8798/8798
f 2937/8799/8799 2935/8800/8800 2938/8801/8801
f 2938/8801/8801 2935/8800/8800 2936/8802/8802
f 2939/8803/8803 2937/8804/8804 2940/8805/8805
f 2940/8805/8805 2937/8804/8804 2938/8806/8806
f 2941/8807/8807 2939/8808/8808 2942/8809/8809
f 2942/8809/8809 2939/8808/8808 2940/8810/8810
f 2943/8811/8811 2941/8812/8812 2944/8813/8813
f 2944/8813/8813 2941/8812/8812 2942/8814/8814
f 2945/8815/8815 2943/8816/8816 2946/8817/8817
f 2946/8817/8817 2943/8816/8816 2944/8818/8818
f 2947/8819/8819 2945/8820/8820 2948/8821/8821
f 2948/8821/8821 2945/8820/8820 2946/8822/8822
f 2949/8823/8823 2947/8824/8824 2950/8825/8825
f 2950/8825/8825 2947/8824/8824 2948/8826/8826
f 2951/8827/8827 2949/8828/8828 2952/8829/8829
f 2952/8829/8829 2949/8828/8828 2950/8830/8830
f 2953/8831/8831 2951/8832/8832 2954/8833/8833
f 2954/8833/8833 2951/8832/8832 2952/8834/8834
f 2955/8835/8835 2953/8836/8836 2956/8837/8837
f 2956/8837/8837 2953/8836/8836 2954/8838/8838
f 2957/8839/8839 2955/8840/8840 2958/8841/8841
f 2958/8841/8841 2955/8840/8840 2956/8842/8842
f 2959/8843/8843 2957/8844/8844 2960/8845/8845
f 2960/8845/8845 2957/8844/8844 2958/8846/8846
f 2961/8847/8847 2959/8848/8848 2962/8849/8849
f 2962/8849/8849 2959/8848/8848 2960/8850/8850
f 2963/8851/8851 2961/8852/8852 2964/8853/8853
f 2964/8853/8853 2961/8852/8852 2962/8854/8854
f 2965/8855/8855 2963/8856/8856 2966/8857/8857
f 2966/8857/8857 2963/8856/8856 2964/8858/8858
f 2967/8859/8859 2965/8860/8860 2968/8861/8861
f 2968/8861/8861 2965/8860/8860 2966/8862/8862
f 2969/8863/8863 2967/8864/8864 2970/8865/8865
f 2970/8865/8865 2967/8864/8864 2968/8866/8866
f 2971/8867/8867 2969/8868/8868 2972/8869/8869
f 2972/8869/8869 2969/8868/8868 2970/8870/8870
f 2973/8871/8871 2971/8872/8872 2974/8873/8873
f 2974/8873/8873 2971/8872/8872 2972/8874/8874
f 2975/8875/8875 2973/8876/8876 2976/8877/8877
f 2976/8877/8877 2973/8876/8876 2974/8878/8878
f 2977/8879/8879 2975/8880/8880 2978/8881/8881
f 2978/8881/8881 2975/8880/8880 2976/8882/8882
f 2932/8883/8883 2977/8884/8884 2933/8885/8885
f 2933/8885/8885 2977/8884/8884 2978/8886/8886
f 2979/8887/8887 2980/8888/8888 2982/8889/8889
f 2982/8889/8889 2980/8888/8888 2981/8890/8890
f 2983/8891/8891 2979/8892/8892 2984/8893/8893
f 2984/8893/8893 2979/8892/8892 2982/8894/8894
f 2985/8895/8895 2983/8896/8896 2986/8897/8897
f 2986/8897/8897 2983/8896/8896 2984/8898/8898
f 2987/8899/8899 2985/8900/8900 2988/8901/8901
f 2988/8901/8901 2985/8900/8900 2986/8902/8902
f 2989/8903/8903 2987/8904/8904 2990/8905/8905
f 2990/8905/8905 2987/8904/8904 2988/8906/8906
f 2991/8907/8907 2989/8908/8908 2992/8909/8909
f 2992/8909/8909 2989/8908/8908 2990/8910/8910
f 2993/8911/8911 2991/8912/8912 2994/8913/8913
f 2994/8913/8913 2991/8912/8912 2992/8914/8914
f 2995/8915/8915 2993/8916/8916 2996/8917/8917
f 2996/8917/8917 2993/8916/8916 2994/8918/8918
f 2997/8919/8919 2995/8920/8920 2998/8921/8921
f 2998/8921/8921 2995/8920/8920 2996/8922/8922
f 2999/8923/8923 2997/8924/8924 3000/8925/8925
f 3000/8925/8925 2997/8924/8924 2998/8926/8926
f 3001/8927/8927 2999/8928/8928 3002/8929/8929
f 3002/8929/8929 2999/8928/8928 3000/8930/8930
f 3003/8931/8931 3001/8932/8932 3004/8933/8933
f 3004/8933/8933 3001/8932/8932 3002/8934/8934
f 3005/8935/8935 3003/8936/8936 3006/8937/8937
f 3006/8937/8937 3003/8936/8936 3004/8938/8938
f 3007/8939/8939 3005/8940/8940 3008/8941/8941
f 3008/8941/8941 3005/8940/8940 3006/8942/8942
f 3009/8943/8943 3007/8944/8944 3010/8945/8945
f 3010/8945/8945 3007/8944/8944 3008/8946/8946
f 3011/8947/8947 3009/8948/8948 3012/8949/8949
f 3012/8949/8949 3009/8948/8948 3010/8950/8950
f 3013/8951/8951 3011/8952/8952 3014/8953/8953
f 3014/8953/8953 3011/8952/8952 3012/8954/8954
f 3015/8955/8955 3013/8956/8956 3016/8957/8957
f 3016/8957/8957 3013/8956/8956 3014/8958/8958
f 3017/8959/8959 3015/8960/8960 3018/8961/8961
f 3018/8961/8961 3015/8960/8960 3016/8962/8962
f 3019/8963/8963 3017/8964/8964 3020/8965/8965
f 3020/8965/8965 3017/8964/8964 3018/8966/8966
f 3021/8967/8967 3019/8968/8968 3022/8969/8969
f 3022/8969/8969 3019/8968/8968 3020/8970/8970
f 3023/8971/8971 3021/8972/8972 3024/8973/8973
f 3024/8973/8973 3021/8972/8972 3022/8974/8974
f 3025/8975/8975 3023/8976/8976 3026/8977/8977
f 3026/8977/8977 3023/8976/8976 3024/8978/8978
f 3027/8979/8979 3025/8980/8980 3028/8981/8981
f 3028/8981/8981 3025/8980/8980 3026/8982/8982
f 3029/8983/8983 3027/8984/8984 3030/8985/8985
f 3030/8985/8985 3027/8984/8984 3028/8986/8986
f 3031/8987/8987 3029/8988/8988 3032/8989/8989
f 3032/8989/8989 3029/8988/8988 3030/8990/8990
f 3033/8991/8991 3031/8992/8992 3034/8993/8993
f 3034/8993/8993 3031/8992/8992 3032/8994/8994
f 3035/8995/8995 3033/8996/8996 3036/8997/8997
f 3036/8997/8997 3033/8996/8996 3034/8998/8998
f 3037/8999/8999 3035/9000/9000 3038/9001/9001
f 3038/9001/9001 3035/9000/9000 3036/9002/9002
f 2980/9003/9003 3037/9004/9004 2981/9005/9005
f 2981/9005/9005 3037/9004/9004 3038/9006/9006
f 2978/9007/9007 3008/9008/9008 2933/9009/9009
f 2933/9009/9009 3008/9008/9008 3006/9010/9010
f 2933/9009/9009 3006/9010/9010 2934/9011/9011
f 2934/9011/9011 3006/9010/9010 3004/9012/9012
f 2934/9011/9011 3004/9012/9012 2936/9013/9013
f 2936/9013/9013 3004/9012/9012 2938/9014/9014
f 2938/9014/9014 3004/9012/9012 3002/9015/9015
f 2938/9014/9014 3002/9015/9015 2940/9016/9016
f 2940/9016/9016 3002/9015/9015 3000/9017/9017
f 2940/9016/9016 3000/9017/9017 2998/9018/9018
f 3008/9008/9008 2978/9007/9007 3010/9019/9019
f 3010/9019/9019 2978/9007/9007 2976/9020/9020
f 3010/9019/9019 2976/9020/9020 3012/9021/9021
f 3012/9021/9021 2976/9020/9020 2974/9022/9022
f 3012/9021/9021 2974/9022/9022 3014/9023/9023
f 3014/9023/9023 2974/9022/9022 2972/9024/9024
f 3014/9023/9023 2972/9024/9024 3016/9025/9025
f 3016/9025/9025 2972/9024/9024 2970/9026/9026
f 3016/9025/9025 2970/9026/9026 3018/9027/9027
f 3018/9027/9027 2970/9026/9026 3020/9028/9028
f 3020/9028/9028 2970/9026/9026 2968/9029/9029
f 3020/9028/9028 2968/9029/9029 3022/9030/9030
f 3022/9030/9030 2968/9029/9029 3024/9031/9031
f 3024/9031/9031 2968/9029/9029 2966/9032/9032
f 3024/9031/9031 2966/9032/9032 3026/9033/9033
f 3026/9033/9033 2966/9032/9032 2964/9034/9034
f 3026/9033/9033 2964/9034/9034 3028/9035/9035
f 3028/9035/9035 2964/9034/9034 3030/9036/9036
f 3030/9036/9036 2964/9034/9034 2962/9037/9037
f 3030/9036/9036 2962/9037/9037 3032/9038/9038
f 3032/9038/9038 2962/9037/9037 2960/9039/9039
f 3032/9038/9038 2960/9039/9039 3034/9040/9040
f 3034/9040/9040 2960/9039/9039 3036/9041/9041
f 3036/9041/9041 2960/9039/9039 2958/9042/9042
f 3036/9041/9041 2958/9042/9042 3038/9043/9043
f 3038/9043/9043 2958/9042/9042 2956/9044/9044
f 3038/9043/9043 2956/9044/9044 2981/9045/9045
f 2981/9045/9045 2956/9044/9044 2954/9046/9046
f 2981/9045/9045 2954/9046/9046 2982/9047/9047
f 2982/9047/9047 2954/9046/9046 2984/9048/9048
f 2984/9048/9048 2954/9046/9046 2952/9049/9049
f 2984/9048/9048 2952/9049/9049 2986/9050/9050
f 2986/9050/9050 2952/9049/9049 2950/9051/9051
f 2986/9050/9050 2950/9051/9051 2988/9052/9052
f 2988/9052/9052 2950/9051/9051 2948/9053/9053
f 2988/9052/9052 2948/9053/9053 2990/9054/9054
f 2990/9054/9054 2948/9053/9053 2946/9055/9055
f 2990/9054/9054 2946/9055/9055 2992/9056/9056
f 2992/9056/9056 2946/9055/9055 2944/9057/9057
f 2992/9056/9056 2944/9057/9057 2994/9058/9058
f 2994/9058/9058 2944/9057/9057 2996/9059/9059
f 2996/9059/9059 2944/9057/9057 2942/9060/9060
f 2996/9059/9059 2942/9060/9060 2998/9018/9018
f 2998/9018/9018 2942/9060/9060 2940/9016/9016
f 2932/9061/9061 3007/9062/9062 2977/9063/9063
f 2977/9063/9063 3007/9062/9062 3009/9064/9064
f 2977/9063/9063 3009/9064/9064 2975/9065/9065
f 2975/9065/9065 3009/9064/9064 3011/9066/9066
f 2975/9065/9065 3011/9066/9066 2973/9067/9067
f 2973/9067/9067 3011/9066/9066 3013/9068/9068
f 2973/9067/9067 3013/9068/9068 2971/9069/9069
f 2971/9069/9069 3013/9068/9068 3015/9070/9070
f 2971/9069/9069 3015/9070/9070 2969/9071/9071
f 2969/9071/9071 3015/9070/9070 3017/9072/9072
f 2969/9071/9071 3017/9072/9072 3019/9073/9073
f 3007/9062/9062 2932/9061/9061 3005/9074/9074
f 3005/9074/9074 2932/9061/9061 2931/9075/9075
f 3005/9074/9074 2931/9075/9075 3003/9076/9076
f 3003/9076/9076 2931/9075/9075 2935/9077/9077
f 3003/9076/9076 2935/9077/9077 2937/9078/9078
f 3003/9076/9076 2937/9078/9078 3001/9079/9079
f 3001/9079/9079 2937/9078/9078 2939/9080/9080
f 3001/9079/9079 2939/9080/9080 2999/9081/9081
f 2999/9081/9081 2939/9080/9080 2997/9082/9082
f 2997/9082/9082 2939/9080/9080 2941/9083/9083
f 2997/9082/9082 2941/9083/9083 2995/9084/9084
f 2995/9084/9084 2941/9083/9083 2943/9085/9085
f 2995/9084/9084 2943/9085/9085 2993/9086/9086
f 2993/9086/9086 2943/9085/9085 2991/9087/9087
f 2991/9087/9087 2943/9085/9085 2945/9088/9088
f 2991/9087/9087 2945/9088/9088 2989/9089/9089
f 2989/9089/9089 2945/9088/9088 2947/9090/9090
f 2989/9089/9089 2947/9090/9090 2987/9091/9091
f 2987/9091/9091 2947/9090/9090 2949/9092/9092
f 2987/9091/9091 2949/9092/9092 2985/9093/9093
f 2985/9093/9093 2949/9092/9092 2951/9094/9094
f 2985/9093/9093 2951/9094/9094 2983/9095/9095
f 2983/9095/9095 2951/9094/9094 2953/9096/9096
f 2983/9095/9095 2953/9096/9096 2979/9097/9097
f 2979/9097/9097 2953/9096/9096 2980/9098/9098
f 2980/9098/9098 2953/9096/9096 2955/9099/9099
f 2980/9098/9098 2955/9099/9099 3037/9100/9100
f 3037/9100/9100 2955/9099/9099 2957/9101/9101
f 3037/9100/9100 2957/9101/9101 3035/9102/9102
f 3035/9102/9102 2957/9101/9101 2959/9103/9103
f 3035/9102/9102 2959/9103/9103 3033/9104/9104
f 3033/9104/9104 2959/9103/9103 3031/9105/9105
f 3031/9105/9105 2959/9103/9103 2961/9106/9106
f 3031/9105/9105 2961/9106/9106 3029/9107/9107
f 3029/9107/9107 2961/9106/9106 2963/9108/9108
f 3029/9107/9107 2963/9108/9108 3027/9109/9109
f 3027/9109/9109 2963/9108/9108 3025/9110/9110
f 3025/9110/9110 2963/9108/9108 2965/9111/9111
f 3025/9110/9110 2965/9111/9111 3023/9112/9112
f 3023/9112/9112 2965/9111/9111 2967/9113/9113
f 3023/9112/9112 2967/9113/9113 3021/9114/9114
f 3021/9114/9114 2967/9113/9113 3019/9073/9073
f 3019/9073/9073 2967/9113/9113 2969/9071/9071
g negro (5)

v 28.809530 -946.201810 0.100000
v 28.791550 -946.184750 0.100000
v 28.791550 -946.184750 0.140000
v 28.809530 -946.201810 0.140000
v 28.820080 -946.224850 0.100000
v 28.820080 -946.224850 0.140000
v 28.822710 -946.250630 0.100000
v 28.822710 -946.250630 0.140000
v 28.816960 -946.275920 0.100000
v 28.816960 -946.275920 0.140000
v 28.802350 -946.297480 0.100000
v 28.802350 -946.297480 0.140000
v 28.778410 -946.312070 0.100000
v 28.778410 -946.312070 0.140000
v 28.765480 -946.315170 0.100000
v 28.765480 -946.315170 0.140000
v 28.752370 -946.315650 0.100000
v 28.752370 -946.315650 0.140000
v 28.739480 -946.313570 0.100000
v 28.739480 -946.313570 0.140000
v 28.727210 -946.308990 0.100000
v 28.727210 -946.308990 0.140000
v 28.715950 -946.301960 0.100000
v 28.715950 -946.301960 0.140000
v 28.706110 -946.292560 0.100000
v 28.706110 -946.292560 0.140000
v 28.698080 -946.280830 0.100000
v 28.698080 -946.280830 0.140000
v 28.692270 -946.266840 0.100000
v 28.692270 -946.266840 0.140000
v 28.689490 -946.254310 0.100000
v 28.689490 -946.254310 0.140000
v 28.688730 -946.241680 0.100000
v 28.688730 -946.241680 0.140000
v 28.690150 -946.229260 0.100000
v 28.690150 -946.229260 0.140000
v 28.693900 -946.217380 0.100000
v 28.693900 -946.217380 0.140000
v 28.700130 -946.206350 0.100000
v 28.700130 -946.206350 0.140000
v 28.708980 -946.196490 0.100000
v 28.708980 -946.196490 0.140000
v 28.720620 -946.188120 0.100000
v 28.720620 -946.188120 0.140000
v 28.735180 -946.181550 0.100000
v 28.735180 -946.181550 0.140000
v 28.766610 -946.176920 0.100000
v 28.766610 -946.176920 0.140000
vt 0.000000 0.000000 0.000000
vt 0.024786 0.000000 0.000000
vt 0.000000 0.040000 0.000000
vt 0.024786 0.040000 0.000000
vt 0.000000 0.000000 0.000000
vt 0.025341 0.000000 0.000000
vt 0.000000 0.040000 0.000000
vt 0.025341 0.040000 0.000000
vt 0.000000 0.000000 0.000000
vt 0.025914 0.000000 0.000000
vt 0.000000 0.040000 0.000000
vt 0.025914 0.040000 0.000000
vt 0.000000 0.000000 0.000000
vt 0.025935 0.000000 0.000000
vt 0.000000 0.040000 0.000000
vt 0.025935 0.040000 0.000000
vt 0.000000 0.000000 0.000000
vt 0.026044 0.000000 0.000000
vt 0.000000 0.040000 0.000000
vt 0.026044 0.040000 0.000000
vt 0.000000 0.000000 0.000000
vt 0.028036 0.000000 0.000000
vt 0.000000 0.040000 0.000000
vt 0.028036 0.040000 0.000000
vt 0.000000 0.000000 0.000000
vt 0.013296 0.000000 0.000000
vt 0.000000 0.040000 0.000000
vt 0.013296 0.040000 0.000000
vt 0.000000 0.000000 0.000000
vt 0.013119 0.000000 0.000000
vt 0.000000 0.040000 0.000000
vt 0.013119 0.040000 0.000000
vt 0.000000 0.000000 0.000000
vt 0.013057 0.000000 0.000000
vt 0.000000 0.040000 0.000000
vt 0.013057 0.040000 0.000000
vt 0.000000 0.000000 0.000000
vt 0.013097 0.000000 0.000000
vt 0.000000 0.040000 0.000000
vt 0.013097 0.040000 0.000000
vt 0.000000 0.000000 0.000000
vt 0.013274 0.000000 0.000000
vt 0.000000 0.040000 0.000000
vt 0.013274 0.040000 0.000000
vt 0.000000 0.000000 0.000000
vt 0.013608 0.000000 0.000000
vt 0.000000 0.040000 0.000000
vt 0.013608 0.040000 0.000000
vt 0.000000 0.000000 0.000000
vt 0.014215 0.000000 0.000000
vt 0.000000 0.040000 0.000000
vt 0.014215 0.040000 0.000000
vt 0.000000 0.000000 0.000000
vt 0.015148 0.000000 0.000000
vt 0.000000 0.040000 0.000000
vt 0.015148 0.040000 0.000000
vt 0.000000 0.000000 0.000000
vt 0.012835 0.000000 0.000000
vt 0.000000 0.040000 0.000000
vt 0.012835 0.040000 0.000000
vt 0.000000 0.000000 0.000000
vt 0.012653 0.000000 0.000000
vt 0.000000 0.040000 0.000000
vt 0.012653 0.040000 0.000000
vt 0.000000 0.000000 0.000000
vt 0.012501 0.000000 0.000000
vt 0.000000 0.040000 0.000000
vt 0.012501 0.040000 0.000000
vt 0.000000 0.000000 0.000000
vt 0.012458 0.000000 0.000000
vt 0.000000 0.040000 0.000000
vt 0.012458 0.040000 0.000000
vt 0.000000 0.000000 0.000000
vt 0.012668 0.000000 0.000000
vt 0.000000 0.040000 0.000000
vt 0.012668 0.040000 0.000000
vt 0.000000 0.000000 0.000000
vt 0.013249 0.000000 0.000000
vt 0.000000 0.040000 0.000000
vt 0.013249 0.040000 0.000000
vt 0.000000 0.000000 0.000000
vt 0.014337 0.000000 0.000000
vt 0.000000 0.040000 0.000000
vt 0.014337 0.040000 0.000000
vt 0.000000 0.000000 0.000000
vt 0.015974 0.000000 0.000000
vt 0.000000 0.040000 0.000000
vt 0.015974 0.040000 0.000000
vt 0.000000 0.000000 0.000000
vt 0.031769 0.000000 0.000000
vt 0.000000 0.040000 0.000000
vt 0.031769 0.040000 0.000000
vt 0.000000 0.000000 0.000000
vt 0.026140 0.000000 0.000000
vt 0.000000 0.040000 0.000000
vt 0.026140 0.040000 0.000000
vt 0.035830 0.061535 0.000000
vt 0.010890 0.069365 0.000000
vt 0.053810 0.044475 0.000000
vt -0.020540 0.064735 0.000000
vt 0.064360 0.021435 0.000000
vt 0.066990 -0.004345 0.000000
vt -0.035100 0.058165 0.000000
vt -0.046740 0.049795 0.000000
vt -0.055590 0.039935 0.000000
vt -0.061820 0.028905 0.000000
vt -0.065570 0.017025 0.000000
vt -0.066990 0.004605 0.000000
vt -0.066230 -0.008025 0.000000
vt -0.063450 -0.020555 0.000000
vt -0.057640 -0.034545 0.000000
vt -0.049610 -0.046275 0.000000
vt -0.039770 -0.055675 0.000000
vt -0.028510 -0.062705 0.000000
vt -0.016240 -0.067285 0.000000
vt -0.003350 -0.069365 0.000000
vt 0.009760 -0.068885 0.000000
vt 0.022690 -0.065785 0.000000
vt 0.061240 -0.029635 0.000000
vt 0.046630 -0.051195 0.000000
vt -0.035830 0.061535 0.000000
vt -0.053810 0.044475 0.000000
vt -0.010890 0.069365 0.000000
vt 0.020540 0.064735 0.000000
vt -0.064360 0.021435 0.000000
vt -0.066990 -0.004345 0.000000
vt -0.061240 -0.029635 0.000000
vt -0.022690 -0.065785 0.000000
vt -0.009760 -0.068885 0.000000
vt 0.003350 -0.069365 0.000000
vt -0.046630 -0.051195 0.000000
vt 0.016240 -0.067285 0.000000
vt 0.028510 -0.062705 0.000000
vt 0.039770 -0.055675 0.000000
vt 0.049610 -0.046275 0.000000
vt 0.057640 -0.034545 0.000000
vt 0.063450 -0.020555 0.000000
vt 0.066230 -0.008025 0.000000
vt 0.066990 0.004605 0.000000
vt 0.065570 0.017025 0.000000
vt 0.061820 0.028905 0.000000
vt 0.055590 0.039935 0.000000
vt 0.046740 0.049795 0.000000
vt 0.035100 0.058165 0.000000
vn 0.688304 0.725422 -0.000000
vn 0.688304 0.725422 -0.000000
vn 0.688304 0.725422 -0.000000
vn 0.688304 0.725422 -0.000000
vn 0.909214 0.416329 -0.000000
vn 0.909214 0.416329 -0.000000
vn 0.909214 0.416329 -0.000000
vn 0.909214 0.416329 -0.000000
vn 0.994837 0.101490 -0.000000
vn 0.994837 0.101490 -0.000000
vn 0.994837 0.101490 -0.000000
vn 0.994837 0.101490 -0.000000
vn 0.975114 -0.221704 0.000000
vn 0.975114 -0.221704 0.000000
vn 0.975114 -0.221704 0.000000
vn 0.975114 -0.221704 0.000000
vn 0.827832 -0.560975 0.000000
vn 0.827832 -0.560975 0.000000
vn 0.827832 -0.560975 0.000000
vn 0.827832 -0.560975 0.000000
vn 0.520411 -0.853916 0.000000
vn 0.520411 -0.853916 0.000000
vn 0.520411 -0.853916 0.000000
vn 0.520411 -0.853916 0.000000
vn 0.233145 -0.972442 0.000000
vn 0.233145 -0.972442 0.000000
vn 0.233145 -0.972442 0.000000
vn 0.233145 -0.972442 0.000000
vn 0.036589 -0.999330 0.000000
vn 0.036589 -0.999330 0.000000
vn 0.036589 -0.999330 0.000000
vn 0.036589 -0.999330 0.000000
vn -0.159305 -0.987229 0.000000
vn -0.159305 -0.987229 0.000000
vn -0.159305 -0.987229 0.000000
vn -0.159305 -0.987229 0.000000
vn -0.349701 -0.936862 0.000000
vn -0.349701 -0.936862 0.000000
vn -0.349701 -0.936862 0.000000
vn -0.349701 -0.936862 0.000000
vn -0.529593 -0.848252 0.000000
vn -0.529593 -0.848252 0.000000
vn -0.529593 -0.848252 0.000000
vn -0.529593 -0.848252 0.000000
vn -0.690755 -0.723089 0.000000
vn -0.690755 -0.723089 0.000000
vn -0.690755 -0.723089 0.000000
vn -0.690755 -0.723089 0.000000
vn -0.825169 -0.564886 0.000000
vn -0.825169 -0.564886 0.000000
vn -0.825169 -0.564886 0.000000
vn -0.825169 -0.564886 0.000000
vn -0.923525 -0.383537 0.000000
vn -0.923525 -0.383537 0.000000
vn -0.923525 -0.383537 0.000000
vn -0.923525 -0.383537 0.000000
vn -0.976260 -0.216600 0.000000
vn -0.976260 -0.216600 0.000000
vn -0.976260 -0.216600 0.000000
vn -0.976260 -0.216600 0.000000
vn -0.998194 -0.060066 0.000000
vn -0.998194 -0.060066 0.000000
vn -0.998194 -0.060066 0.000000
vn -0.998194 -0.060066 0.000000
vn -0.993528 0.113592 0.000000
vn -0.993528 0.113592 0.000000
vn -0.993528 0.113592 0.000000
vn -0.993528 0.113592 0.000000
vn -0.953619 0.301016 0.000000
vn -0.953619 0.301016 0.000000
vn -0.953619 0.301016 0.000000
vn -0.953619 0.301016 0.000000
vn -0.870710 0.491797 0.000000
vn -0.870710 0.491797 0.000000
vn -0.870710 0.491797 0.000000
vn -0.870710 0.491797 0.000000
vn -0.744194 0.667963 0.000000
vn -0.744194 0.667963 0.000000
vn -0.744194 0.667963 0.000000
vn -0.744194 0.667963 0.000000
vn -0.583809 0.811891 0.000000
vn -0.583809 0.811891 0.000000
vn -0.583809 0.811891 0.000000
vn -0.583809 0.811891 0.000000
vn -0.411302 0.911499 0.000000
vn -0.411302 0.911499 0.000000
vn -0.411302 0.911499 0.000000
vn -0.411302 0.911499 0.000000
vn -0.145739 0.989323 0.000000
vn -0.145739 0.989323 0.000000
vn -0.145739 0.989323 0.000000
vn -0.145739 0.989323 0.000000
vn 0.299538 0.954084 -0.000000
vn 0.299538 0.954084 -0.000000
vn 0.299538 0.954084 -0.000000
vn 0.299538 0.954084 -0.000000
vn 0.000000 0.000000 1.000000
vn 0.000000 0.000000 1.000000
vn 0.000000 0.000000 1.000000
vn 0.000000 0.000000 1.000000
vn 0.000000 0.000000 1.000000
vn 0.000000 0.000000 1.000000
vn 0.000000 0.000000 1.000000
vn 0.000000 0.000000 1.000000
vn 0.000000 0.000000 1.000000
vn 0.000000 0.000000 1.000000
vn 0.000000 0.000000 1.000000
vn 0.000000 0.000000 1.000000
vn 0.000000 0.000000 1.000000
vn 0.000000 0.000000 1.000000
vn 0.000000 0.000000 1.000000
vn 0.000000 0.000000 1.000000
vn 0.000000 0.000000 1.000000
vn 0.000000 0.000000 1.000000
vn 0.000000 0.000000 1.000000
vn 0.000000 0.000000 1.000000
vn 0.000000 0.000000 1.000000
vn 0.000000 0.000000 1.000000
vn 0.000000 0.000000 1.000000
vn 0.000000 0.000000 1.000000
vn -0.000000 -0.000000 -1.000000
vn -0.000000 -0.000000 -1.000000
vn -0.000000 -0.000000 -1.000000
vn -0.000000 -0.000000 -1.000000
vn -0.000000 -0.000000 -1.000000
vn -0.000000 -0.000000 -1.000000
vn -0.000000 -0.000000 -1.000000
vn -0.000000 -0.000000 -1.000000
vn -0.000000 -0.000000 -1.000000
vn -0.000000 -0.000000 -1.000000
vn -0.000000 -0.000000 -1.000000
vn -0.000000 -0.000000 -1.000000
vn -0.000000 -0.000000 -1.000000
vn -0.000000 -0.000000 -1.000000
vn -0.000000 -0.000000 -1.000000
vn -0.000000 -0.000000 -1.000000
vn -0.000000 -0.000000 -1.000000
vn -0.000000 -0.000000 -1.000000
vn -0.000000 -0.000000 -1.000000
vn -0.000000 -0.000000 -1.000000
vn -0.000000 -0.000000 -1.000000
vn -0.000000 -0.000000 -1.000000
vn -0.000000 -0.000000 -1.000000
vn -0.000000 -0.000000 -1.000000
f 3039/9115/9115 3040/9116/9116 3042/9117/9117
f 3042/9117/9117 3040/9116/9116 3041/9118/9118
f 3043/9119/9119 3039/9120/9120 3044/9121/9121
f 3044/9121/9121 3039/9120/9120 3042/9122/9122
f 3045/9123/9123 3043/9124/9124 3046/9125/9125
f 3046/9125/9125 3043/9124/9124 3044/9126/9126
f 3047/9127/9127 3045/9128/9128 3048/9129/9129
f 3048/9129/9129 3045/9128/9128 3046/9130/9130
f 3049/9131/9131 3047/9132/9132 3050/9133/9133
f 3050/9133/9133 3047/9132/9132 3048/9134/9134
f 3051/9135/9135 3049/9136/9136 3052/9137/9137
f 3052/9137/9137 3049/9136/9136 3050/9138/9138
f 3053/9139/9139 3051/9140/9140 3054/9141/9141
f 3054/9141/9141 3051/9140/9140 3052/9142/9142
f 3055/9143/9143 3053/9144/9144 3056/9145/9145
f 3056/9145/9145 3053/9144/9144 3054/9146/9146
f 3057/9147/9147 3055/9148/9148 3058/9149/9149
f 3058/9149/9149 3055/9148/9148 3056/9150/9150
f 3059/9151/9151 3057/9152/9152 3060/9153/9153
f 3060/9153/9153 3057/9152/9152 3058/9154/9154
f 3061/9155/9155 3059/9156/9156 3062/9157/9157
f 3062/9157/9157 3059/9156/9156 3060/9158/9158
f 3063/9159/9159 3061/9160/9160 3064/9161/9161
f 3064/9161/9161 3061/9160/9160 3062/9162/9162
f 3065/9163/9163 3063/9164/9164 3066/9165/9165
f 3066/9165/9165 3063/9164/9164 3064/9166/9166
f 3067/9167/9167 3065/9168/9168 3068/9169/9169
f 3068/9169/9169 3065/9168/9168 3066/9170/9170
f 3069/9171/9171 3067/9172/9172 3070/9173/9173
f 3070/9173/9173 3067/9172/9172 3068/9174/9174
f 3071/9175/9175 3069/9176/9176 3072/9177/9177
f 3072/9177/9177 3069/9176/9176 3070/9178/9178
f 3073/9179/9179 3071/9180/9180 3074/9181/9181
f 3074/9181/9181 3071/9180/9180 3072/9182/9182
f 3075/9183/9183 3073/9184/9184 3076/9185/9185
f 3076/9185/9185 3073/9184/9184 3074/9186/9186
f 3077/9187/9187 3075/9188/9188 3078/9189/9189
f 3078/9189/9189 3075/9188/9188 3076/9190/9190
f 3079/9191/9191 3077/9192/9192 3080/9193/9193
f 3080/9193/9193 3077/9192/9192 3078/9194/9194
f 3081/9195/9195 3079/9196/9196 3082/9197/9197
f 3082/9197/9197 3079/9196/9196 3080/9198/9198
f 3083/9199/9199 3081/9200/9200 3084/9201/9201
f 3084/9201/9201 3081/9200/9200 3082/9202/9202
f 3085/9203/9203 3083/9204/9204 3086/9205/9205
f 3086/9205/9205 3083/9204/9204 3084/9206/9206
f 3040/9207/9207 3085/9208/9208 3041/9209/9209
f 3041/9209/9209 3085/9208/9208 3086/9210/9210
f 3041/9211/9211 3086/9212/9212 3042/9213/9213
f 3042/9213/9213 3086/9212/9212 3084/9214/9214
f 3042/9213/9213 3084/9214/9214 3044/9215/9215
f 3044/9215/9215 3084/9214/9214 3046/9216/9216
f 3046/9216/9216 3084/9214/9214 3082/9217/9217
f 3046/9216/9216 3082/9217/9217 3080/9218/9218
f 3080/9218/9218 3078/9219/9219 3046/9216/9216
f 3046/9216/9216 3078/9219/9219 3076/9220/9220
f 3046/9216/9216 3076/9220/9220 3074/9221/9221
f 3074/9221/9221 3072/9222/9222 3046/9216/9216
f 3046/9216/9216 3072/9222/9222 3070/9223/9223
f 3046/9216/9216 3070/9223/9223 3068/9224/9224
f 3068/9224/9224 3066/9225/9225 3046/9216/9216
f 3046/9216/9216 3066/9225/9225 3064/9226/9226
f 3046/9216/9216 3064/9226/9226 3062/9227/9227
f 3062/9227/9227 3060/9228/9228 3046/9216/9216
f 3046/9216/9216 3060/9228/9228 3058/9229/9229
f 3046/9216/9216 3058/9229/9229 3056/9230/9230
f 3056/9230/9230 3054/9231/9231 3046/9216/9216
f 3046/9216/9216 3054/9231/9231 3052/9232/9232
f 3046/9216/9216 3052/9232/9232 3048/9233/9233
f 3048/9233/9233 3052/9232/9232 3050/9234/9234
f 3040/9235/9235 3039/9236/9236 3085/9237/9237
f 3085/9237/9237 3039/9236/9236 3083/9238/9238
f 3083/9238/9238 3039/9236/9236 3043/9239/9239
f 3083/9238/9238 3043/9239/9239 3045/9240/9240
f 3047/9241/9241 3051/9242/9242 3045/9240/9240
f 3045/9240/9240 3051/9242/9242 3053/9243/9243
f 3045/9240/9240 3053/9243/9243 3055/9244/9244
f 3047/9241/9241 3049/9245/9245 3051/9242/9242
f 3055/9244/9244 3057/9246/9246 3045/9240/9240
f 3045/9240/9240 3057/9246/9246 3059/9247/9247
f 3045/9240/9240 3059/9247/9247 3061/9248/9248
f 3061/9248/9248 3063/9249/9249 3045/9240/9240
f 3045/9240/9240 3063/9249/9249 3065/9250/9250
f 3045/9240/9240 3065/9250/9250 3067/9251/9251
f 3067/9251/9251 3069/9252/9252 3045/9240/9240
f 3045/9240/9240 3069/9252/9252 3071/9253/9253
f 3045/9240/9240 3071/9253/9253 3073/9254/9254
f 3073/9254/9254 3075/9255/9255 3045/9240/9240
f 3045/9240/9240 3075/9255/9255 3077/9256/9256
f 3045/9240/9240 3077/9256/9256 3079/9257/9257
f 3079/9257/9257 3081/9258/9258 3045/9240/9240
f 3045/9240/9240 3081/9258/9258 3083/9238/9238
g blanco (4)

v 28.809530 -946.201810 0.140000
v 28.791550 -946.184750 0.140000
v 28.791550 -946.184750 0.200000
v 28.809530 -946.201810 0.200000
v 28.820080 -946.224850 0.140000
v 28.820080 -946.224850 0.200000
v 28.822710 -946.250630 0.140000
v 28.822710 -946.250630 0.200000
v 28.816960 -946.275920 0.140000
v 28.816960 -946.275920 0.200000
v 28.802350 -946.297480 0.140000
v 28.802350 -946.297480 0.200000
v 28.778410 -946.312070 0.140000
v 28.778410 -946.312070 0.200000
v 28.765480 -946.315170 0.140000
v 28.765480 -946.315170 0.200000
v 28.752370 -946.315650 0.140000
v 28.752370 -946.315650 0.200000
v 28.739480 -946.313570 0.140000
v 28.739480 -946.313570 0.200000
v 28.727210 -946.308990 0.140000
v 28.727210 -946.308990 0.200000
v 28.715950 -946.301960 0.140000
v 28.715950 -946.301960 0.200000
v 28.706110 -946.292560 0.140000
v 28.706110 -946.292560 0.200000
v 28.698080 -946.280830 0.140000
v 28.698080 -946.280830 0.200000
v 28.692270 -946.266840 0.140000
v 28.692270 -946.266840 0.200000
v 28.689490 -946.254310 0.140000
v 28.689490 -946.254310 0.200000
v 28.688730 -946.241680 0.140000
v 28.688730 -946.241680 0.200000
v 28.690150 -946.229260 0.140000
v 28.690150 -946.229260 0.200000
v 28.693900 -946.217380 0.140000
v 28.693900 -946.217380 0.200000
v 28.700130 -946.206350 0.140000
v 28.700130 -946.206350 0.200000
v 28.708980 -946.196490 0.140000
v 28.708980 -946.196490 0.200000
v 28.720620 -946.188120 0.140000
v 28.720620 -946.188120 0.200000
v 28.735180 -946.181550 0.140000
v 28.735180 -946.181550 0.200000
v 28.766610 -946.176920 0.140000
v 28.766610 -946.176920 0.200000
vt 0.000000 0.000000 0.000000
vt 0.024786 0.000000 0.000000
vt 0.000000 0.060000 0.000000
vt 0.024786 0.060000 0.000000
vt 0.000000 0.000000 0.000000
vt 0.025341 0.000000 0.000000
vt 0.000000 0.060000 0.000000
vt 0.025341 0.060000 0.000000
vt 0.000000 0.000000 0.000000
vt 0.025914 0.000000 0.000000
vt 0.000000 0.060000 0.000000
vt 0.025914 0.060000 0.000000
vt 0.000000 0.000000 0.000000
vt 0.025935 0.000000 0.000000
vt 0.000000 0.060000 0.000000
vt 0.025935 0.060000 0.000000
vt 0.000000 0.000000 0.000000
vt 0.026044 0.000000 0.000000
vt 0.000000 0.060000 0.000000
vt 0.026044 0.060000 0.000000
vt 0.000000 0.000000 0.000000
vt 0.028036 0.000000 0.000000
vt 0.000000 0.060000 0.000000
vt 0.028036 0.060000 0.000000
vt 0.000000 0.000000 0.000000
vt 0.013296 0.000000 0.000000
vt 0.000000 0.060000 0.000000
vt 0.013296 0.060000 0.000000
vt 0.000000 0.000000 0.000000
vt 0.013119 0.000000 0.000000
vt 0.000000 0.060000 0.000000
vt 0.013119 0.060000 0.000000
vt 0.000000 0.000000 0.000000
vt 0.013057 0.000000 0.000000
vt 0.000000 0.060000 0.000000
vt 0.013057 0.060000 0.000000
vt 0.000000 0.000000 0.000000
vt 0.013097 0.000000 0.000000
vt 0.000000 0.060000 0.000000
vt 0.013097 0.060000 0.000000
vt 0.000000 0.000000 0.000000
vt 0.013274 0.000000 0.000000
vt 0.000000 0.060000 0.000000
vt 0.013274 0.060000 0.000000
vt 0.000000 0.000000 0.000000
vt 0.013608 0.000000 0.000000
vt 0.000000 0.060000 0.000000
vt 0.013608 0.060000 0.000000
vt 0.000000 0.000000 0.000000
vt 0.014215 0.000000 0.000000
vt 0.000000 0.060000 0.000000
vt 0.014215 0.060000 0.000000
vt 0.000000 0.000000 0.000000
vt 0.015148 0.000000 0.000000
vt 0.000000 0.060000 0.000000
vt 0.015148 0.060000 0.000000
vt 0.000000 0.000000 0.000000
vt 0.012835 0.000000 0.000000
vt 0.000000 0.060000 0.000000
vt 0.012835 0.060000 0.000000
vt 0.000000 0.000000 0.000000
vt 0.012653 0.000000 0.000000
vt 0.000000 0.060000 0.000000
vt 0.012653 0.060000 0.000000
vt 0.000000 0.000000 0.000000
vt 0.012501 0.000000 0.000000
vt 0.000000 0.060000 0.000000
vt 0.012501 0.060000 0.000000
vt 0.000000 0.000000 0.000000
vt 0.012458 0.000000 0.000000
vt 0.000000 0.060000 0.000000
vt 0.012458 0.060000 0.000000
vt 0.000000 0.000000 0.000000
vt 0.012668 0.000000 0.000000
vt 0.000000 0.060000 0.000000
vt 0.012668 0.060000 0.000000
vt 0.000000 0.000000 0.000000
vt 0.013249 0.000000 0.000000
vt 0.000000 0.060000 0.000000
vt 0.013249 0.060000 0.000000
vt 0.000000 0.000000 0.000000
vt 0.014337 0.000000 0.000000
vt 0.000000 0.060000 0.000000
vt 0.014337 0.060000 0.000000
vt 0.000000 0.000000 0.000000
vt 0.015974 0.000000 0.000000
vt 0.000000 0.060000 0.000000
vt 0.015974 0.060000 0.000000
vt 0.000000 0.000000 0.000000
vt 0.031769 0.000000 0.000000
vt 0.000000 0.060000 0.000000
vt 0.031769 0.060000 0.000000
vt 0.000000 0.000000 0.000000
vt 0.026140 0.000000 0.000000
vt 0.000000 0.060000 0.000000
vt 0.026140 0.060000 0.000000
vt 0.035830 0.061535 0.000000
vt 0.010890 0.069365 0.000000
vt 0.053810 0.044475 0.000000
vt -0.020540 0.064735 0.000000
vt 0.064360 0.021435 0.000000
vt 0.066990 -0.004345 0.000000
vt -0.035100 0.058165 0.000000
vt -0.046740 0.049795 0.000000
vt -0.055590 0.039935 0.000000
vt -0.061820 0.028905 0.000000
vt -0.065570 0.017025 0.000000
vt -0.066990 0.004605 0.000000
vt -0.066230 -0.008025 0.000000
vt -0.063450 -0.020555 0.000000
vt -0.057640 -0.034545 0.000000
vt -0.049610 -0.046275 0.000000
vt -0.039770 -0.055675 0.000000
vt -0.028510 -0.062705 0.000000
vt -0.016240 -0.067285 0.000000
vt -0.003350 -0.069365 0.000000
vt 0.009760 -0.068885 0.000000
vt 0.022690 -0.065785 0.000000
vt 0.061240 -0.029635 0.000000
vt 0.046630 -0.051195 0.000000
vt -0.035830 0.061535 0.000000
vt -0.053810 0.044475 0.000000
vt -0.010890 0.069365 0.000000
vt 0.020540 0.064735 0.000000
vt -0.064360 0.021435 0.000000
vt -0.066990 -0.004345 0.000000
vt -0.061240 -0.029635 0.000000
vt -0.022690 -0.065785 0.000000
vt -0.009760 -0.068885 0.000000
vt 0.003350 -0.069365 0.000000
vt -0.046630 -0.051195 0.000000
vt 0.016240 -0.067285 0.000000
vt 0.028510 -0.062705 0.000000
vt 0.039770 -0.055675 0.000000
vt 0.049610 -0.046275 0.000000
vt 0.057640 -0.034545 0.000000
vt 0.063450 -0.020555 0.000000
vt 0.066230 -0.008025 0.000000
vt 0.066990 0.004605 0.000000
vt 0.065570 0.017025 0.000000
vt 0.061820 0.028905 0.000000
vt 0.055590 0.039935 0.000000
vt 0.046740 0.049795 0.000000
vt 0.035100 0.058165 0.000000
vn 0.688304 0.725422 -0.000000
vn 0.688304 0.725422 -0.000000
vn 0.688304 0.725422 -0.000000
vn 0.688304 0.725422 -0.000000
vn 0.909214 0.416329 -0.000000
vn 0.909214 0.416329 -0.000000
vn 0.909214 0.416329 -0.000000
vn 0.909214 0.416329 -0.000000
vn 0.994837 0.101490 -0.000000
vn 0.994837 0.101490 -0.000000
vn 0.994837 0.101490 -0.000000
vn 0.994837 0.101490 -0.000000
vn 0.975114 -0.221704 0.000000
vn 0.975114 -0.221704 0.000000
vn 0.975114 -0.221704 0.000000
vn 0.975114 -0.221704 0.000000
vn 0.827832 -0.560975 0.000000
vn 0.827832 -0.560975 0.000000
vn 0.827832 -0.560975 0.000000
vn 0.827832 -0.560975 0.000000
vn 0.520411 -0.853916 0.000000
vn 0.520411 -0.853916 0.000000
vn 0.520411 -0.853916 0.000000
vn 0.520411 -0.853916 0.000000
vn 0.233145 -0.972442 0.000000
vn 0.233145 -0.972442 0.000000
vn 0.233145 -0.972442 0.000000
vn 0.233145 -0.972442 0.000000
vn 0.036589 -0.999330 0.000000
vn 0.036589 -0.999330 0.000000
vn 0.036589 -0.999330 0.000000
vn 0.036589 -0.999330 0.000000
vn -0.159305 -0.987229 0.000000
vn -0.159305 -0.987229 0.000000
vn -0.159305 -0.987229 0.000000
vn -0.159305 -0.987229 0.000000
vn -0.349701 -0.936862 0.000000
vn -0.349701 -0.936862 0.000000
vn -0.349701 -0.936862 0.000000
vn -0.349701 -0.936862 0.000000
vn -0.529593 -0.848252 0.000000
vn -0.529593 -0.848252 0.000000
vn -0.529593 -0.848252 0.000000
vn -0.529593 -0.848252 0.000000
vn -0.690755 -0.723089 0.000000
vn -0.690755 -0.723089 0.000000
vn -0.690755 -0.723089 0.000000
vn -0.690755 -0.723089 0.000000
vn -0.825169 -0.564886 0.000000
vn -0.825169 -0.564886 0.000000
vn -0.825169 -0.564886 0.000000
vn -0.825169 -0.564886 0.000000
vn -0.923525 -0.383537 0.000000
vn -0.923525 -0.383537 0.000000
vn -0.923525 -0.383537 0.000000
vn -0.923525 -0.383537 0.000000
vn -0.976260 -0.216600 0.000000
vn -0.976260 -0.216600 0.000000
vn -0.976260 -0.216600 0.000000
vn -0.976260 -0.216600 0.000000
vn -0.998194 -0.060066 0.000000
vn -0.998194 -0.060066 0.000000
vn -0.998194 -0.060066 0.000000
vn -0.998194 -0.060066 0.000000
vn -0.993528 0.113592 0.000000
vn -0.993528 0.113592 0.000000
vn -0.993528 0.113592 0.000000
vn -0.993528 0.113592 0.000000
vn -0.953619 0.301016 0.000000
vn -0.953619 0.301016 0.000000
vn -0.953619 0.301016 0.000000
vn -0.953619 0.301016 0.000000
vn -0.870710 0.491797 0.000000
vn -0.870710 0.491797 0.000000
vn -0.870710 0.491797 0.000000
vn -0.870710 0.491797 0.000000
vn -0.744194 0.667963 0.000000
vn -0.744194 0.667963 0.000000
vn -0.744194 0.667963 0.000000
vn -0.744194 0.667963 0.000000
vn -0.583809 0.811891 0.000000
vn -0.583809 0.811891 0.000000
vn -0.583809 0.811891 0.000000
vn -0.583809 0.811891 0.000000
vn -0.411302 0.911499 0.000000
vn -0.411302 0.911499 0.000000
vn -0.411302 0.911499 0.000000
vn -0.411302 0.911499 0.000000
vn -0.145739 0.989323 0.000000
vn -0.145739 0.989323 0.000000
vn -0.145739 0.989323 0.000000
vn -0.145739 0.989323 0.000000
vn 0.299538 0.954084 -0.000000
vn 0.299538 0.954084 -0.000000
vn 0.299538 0.954084 -0.000000
vn 0.299538 0.954084 -0.000000
vn 0.000000 0.000000 1.000000
vn 0.000000 0.000000 1.000000
vn 0.000000 0.000000 1.000000
vn 0.000000 0.000000 1.000000
vn 0.000000 0.000000 1.000000
vn 0.000000 0.000000 1.000000
vn 0.000000 0.000000 1.000000
vn 0.000000 0.000000 1.000000
vn 0.000000 0.000000 1.000000
vn 0.000000 0.000000 1.000000
vn 0.000000 0.000000 1.000000
vn 0.000000 0.000000 1.000000
vn 0.000000 0.000000 1.000000
vn 0.000000 0.000000 1.000000
vn 0.000000 0.000000 1.000000
vn 0.000000 0.000000 1.000000
vn 0.000000 0.000000 1.000000
vn 0.000000 0.000000 1.000000
vn 0.000000 0.000000 1.000000
vn 0.000000 0.000000 1.000000
vn 0.000000 0.000000 1.000000
vn 0.000000 0.000000 1.000000
vn 0.000000 0.000000 1.000000
vn 0.000000 0.000000 1.000000
vn -0.000000 -0.000000 -1.000000
vn -0.000000 -0.000000 -1.000000
vn -0.000000 -0.000000 -1.000000
vn -0.000000 -0.000000 -1.000000
vn -0.000000 -0.000000 -1.000000
vn -0.000000 -0.000000 -1.000000
vn -0.000000 -0.000000 -1.000000
vn -0.000000 -0.000000 -1.000000
vn -0.000000 -0.000000 -1.000000
vn -0.000000 -0.000000 -1.000000
vn -0.000000 -0.000000 -1.000000
vn -0.000000 -0.000000 -1.000000
vn -0.000000 -0.000000 -1.000000
vn -0.000000 -0.000000 -1.000000
vn -0.000000 -0.000000 -1.000000
vn -0.000000 -0.000000 -1.000000
vn -0.000000 -0.000000 -1.000000
vn -0.000000 -0.000000 -1.000000
vn -0.000000 -0.000000 -1.000000
vn -0.000000 -0.000000 -1.000000
vn -0.000000 -0.000000 -1.000000
vn -0.000000 -0.000000 -1.000000
vn -0.000000 -0.000000 -1.000000
vn -0.000000 -0.000000 -1.000000
usemtl ABS_(blanco)
f 3087/9259/9259 3088/9260/9260 3090/9261/9261
f 3090/9261/9261 3088/9260/9260 3089/9262/9262
f 3091/9263/9263 3087/9264/9264 3092/9265/9265
f 3092/9265/9265 3087/9264/9264 3090/9266/9266
f 3093/9267/9267 3091/9268/9268 3094/9269/9269
f 3094/9269/9269 3091/9268/9268 3092/9270/9270
f 3095/9271/9271 3093/9272/9272 3096/9273/9273
f 3096/9273/9273 3093/9272/9272 3094/9274/9274
f 3097/9275/9275 3095/9276/9276 3098/9277/9277
f 3098/9277/9277 3095/9276/9276 3096/9278/9278
f 3099/9279/9279 3097/9280/9280 3100/9281/9281
f 3100/9281/9281 3097/9280/9280 3098/9282/9282
f 3101/9283/9283 3099/9284/9284 3102/9285/9285
f 3102/9285/9285 3099/9284/9284 3100/9286/9286
f 3103/9287/9287 3101/9288/9288 3104/9289/9289
f 3104/9289/9289 3101/9288/9288 3102/9290/9290
f 3105/9291/9291 3103/9292/9292 3106/9293/9293
f 3106/9293/9293 3103/9292/9292 3104/9294/9294
f 3107/9295/9295 3105/9296/9296 3108/9297/9297
f 3108/9297/9297 3105/9296/9296 3106/9298/9298
f 3109/9299/9299 3107/9300/9300 3110/9301/9301
f 3110/9301/9301 3107/9300/9300 3108/9302/9302
f 3111/9303/9303 3109/9304/9304 3112/9305/9305
f 3112/9305/9305 3109/9304/9304 3110/9306/9306
f 3113/9307/9307 3111/9308/9308 3114/9309/9309
f 3114/9309/9309 3111/9308/9308 3112/9310/9310
f 3115/9311/9311 3113/9312/9312 3116/9313/9313
f 3116/9313/9313 3113/9312/9312 3114/9314/9314
f 3117/9315/9315 3115/9316/9316 3118/9317/9317
f 3118/9317/9317 3115/9316/9316 3116/9318/9318
f 3119/9319/9319 3117/9320/9320 3120/9321/9321
f 3120/9321/9321 3117/9320/9320 3118/9322/9322
f 3121/9323/9323 3119/9324/9324 3122/9325/9325
f 3122/9325/9325 3119/9324/9324 3120/9326/9326
f 3123/9327/9327 3121/9328/9328 3124/9329/9329
f 3124/9329/9329 3121/9328/9328 3122/9330/9330
f 3125/9331/9331 3123/9332/9332 3126/9333/9333
f 3126/9333/9333 3123/9332/9332 3124/9334/9334
f 3127/9335/9335 3125/9336/9336 3128/9337/9337
f 3128/9337/9337 3125/9336/9336 3126/9338/9338
f 3129/9339/9339 3127/9340/9340 3130/9341/9341
f 3130/9341/9341 3127/9340/9340 3128/9342/9342
f 3131/9343/9343 3129/9344/9344 3132/9345/9345
f 3132/9345/9345 3129/9344/9344 3130/9346/9346
f 3133/9347/9347 3131/9348/9348 3134/9349/9349
f 3134/9349/9349 3131/9348/9348 3132/9350/9350
f 3088/9351/9351 3133/9352/9352 3089/9353/9353
f 3089/9353/9353 3133/9352/9352 3134/9354/9354
f 3089/9355/9355 3134/9356/9356 3090/9357/9357
f 3090/9357/9357 3134/9356/9356 3132/9358/9358
f 3090/9357/9357 3132/9358/9358 3092/9359/9359
f 3092/9359/9359 3132/9358/9358 3094/9360/9360
f 3094/9360/9360 3132/9358/9358 3130/9361/9361
f 3094/9360/9360 3130/9361/9361 3128/9362/9362
f 3128/9362/9362 3126/9363/9363 3094/9360/9360
f 3094/9360/9360 3126/9363/9363 3124/9364/9364
f 3094/9360/9360 3124/9364/9364 3122/9365/9365
f 3122/9365/9365 3120/9366/9366 3094/9360/9360
f 3094/9360/9360 3120/9366/9366 3118/9367/9367
f 3094/9360/9360 3118/9367/9367 3116/9368/9368
f 3116/9368/9368 3114/9369/9369 3094/9360/9360
f 3094/9360/9360 3114/9369/9369 3112/9370/9370
f 3094/9360/9360 3112/9370/9370 3110/9371/9371
f 3110/9371/9371 3108/9372/9372 3094/9360/9360
f 3094/9360/9360 3108/9372/9372 3106/9373/9373
f 3094/9360/9360 3106/9373/9373 3104/9374/9374
f 3104/9374/9374 3102/9375/9375 3094/9360/9360
f 3094/9360/9360 3102/9375/9375 3100/9376/9376
f 3094/9360/9360 3100/9376/9376 3096/9377/9377
f 3096/9377/9377 3100/9376/9376 3098/9378/9378
f 3088/9379/9379 3087/9380/9380 3133/9381/9381
f 3133/9381/9381 3087/9380/9380 3131/9382/9382
f 3131/9382/9382 3087/9380/9380 3091/9383/9383
f 3131/9382/9382 3091/9383/9383 3093/9384/9384
f 3095/9385/9385 3099/9386/9386 3093/9384/9384
f 3093/9384/9384 3099/9386/9386 3101/9387/9387
f 3093/9384/9384 3101/9387/9387 3103/9388/9388
f 3095/9385/9385 3097/9389/9389 3099/9386/9386
f 3103/9388/9388 3105/9390/9390 3093/9384/9384
f 3093/9384/9384 3105/9390/9390 3107/9391/9391
f 3093/9384/9384 3107/9391/9391 3109/9392/9392
f 3109/9392/9392 3111/9393/9393 3093/9384/9384
f 3093/9384/9384 3111/9393/9393 3113/9394/9394
f 3093/9384/9384 3113/9394/9394 3115/9395/9395
f 3115/9395/9395 3117/9396/9396 3093/9384/9384
f 3093/9384/9384 3117/9396/9396 3119/9397/9397
f 3093/9384/9384 3119/9397/9397 3121/9398/9398
f 3121/9398/9398 3123/9399/9399 3093/9384/9384
f 3093/9384/9384 3123/9399/9399 3125/9400/9400
f 3093/9384/9384 3125/9400/9400 3127/9401/9401
f 3127/9401/9401 3129/9402/9402 3093/9384/9384
f 3093/9384/9384 3129/9402/9402 3131/9382/9382
# 3134 vertices
# 9402 texture params
# 9402 normals
# 6224 facets

# 19 groups
